station_id,station_name,zone,state,latitude,longitude,source_type
BDHL,Badhal,NWR,Rajasthan,27.252059,75.451645,PUBLIC_COMMUNITY
XX-BECE,XX-BECE,,,,,PUBLIC_COMMUNITY
XX-BSPY,XX-BSPY,,,,,PUBLIC_COMMUNITY
YY-BPLC,YY-BPLC,,,,,PUBLIC_COMMUNITY
KHH,KICHHA,NER,Uttar Pradesh,28.913427,79.519746,PUBLIC_COMMUNITY
SRKN,Sherekan,NWR,Rajasthan,29.555198,74.434991,PUBLIC_COMMUNITY
BKKA,Bhukarka,NWR,Rajasthan,29.238227,74.751031,PUBLIC_COMMUNITY
NHR,Nohar,NWR,Rajasthan,29.192563,74.773628,PUBLIC_COMMUNITY
PRGD,Perungudi,SR,Tamil Nadu,12.975217,80.231363,PUBLIC_COMMUNITY
KNNA,Khinaniyan,NWR,Haryana,29.345637,74.717957,PUBLIC_COMMUNITY
JKR,JAULKHERA,,,21.838466,78.216684,PUBLIC_COMMUNITY
BYS,BARSALI,,,21.909813,78.031361,PUBLIC_COMMUNITY
GW,GIRWAR,,,23.838186,78.936311,PUBLIC_COMMUNITY
DGD,DANGIDHAR,,,23.871771,79.019912,PUBLIC_COMMUNITY
DOD,DHODHAR,WR,Madhya Pradesh,23.770741,75.103546,PUBLIC_COMMUNITY
GAJ,GANESHGANJ,,,23.895862,79.074633,PUBLIC_COMMUNITY
JNM,Jayanagar Majilpur Halt,ER,West Bengal,22.168635,88.415324,PUBLIC_COMMUNITY
NSD,NASIRABAD,NWR,Rajasthan,26.29446,74.716991,PUBLIC_COMMUNITY
PHA,PATHARIA,,,23.905726,79.192899,PUBLIC_COMMUNITY
NZB,NIZAMABAD,SCR,Andhra Pradesh,18.679165,78.103238,PUBLIC_COMMUNITY
RJO,RAJENDRA PUL,,,25.387447,86.010546,PUBLIC_COMMUNITY
ADT,ADUTURAI,SR,Tamil Nadu,11.009165,79.478668,PUBLIC_COMMUNITY
KMU,KUMBAKONAM,SR,Tamil Nadu,10.952962,79.388644,PUBLIC_COMMUNITY
MNM,MANAMADURAI JN,SR,Tamil Nadu,9.681539,78.45351,PUBLIC_COMMUNITY
GKP,GORAKHPUR JN,,,26.759311,83.381499,PUBLIC_COMMUNITY
BJUP,BJUP,,,,,PUBLIC_COMMUNITY
VRM,VARNAMA,,,22.184274,73.169283,PUBLIC_COMMUNITY
GKC,GORAKHPUR CANT,,,26.750649,83.416821,PUBLIC_COMMUNITY
ITA,ITOLA,,,22.149889,73.156746,PUBLIC_COMMUNITY
CIKA,CIKA,,,,,PUBLIC_COMMUNITY
XX-CPHO,XX-CPHO,,,,,PUBLIC_COMMUNITY
BTU,BARAUT,NR,Uttar Pradesh,29.09692,77.273006,PUBLIC_COMMUNITY
MOGA,Moga,NR,Punjab,30.817296,75.168467,PUBLIC_COMMUNITY
SIOB,SAMAKHIALI JN,,,23.309819,70.503394,PUBLIC_COMMUNITY
LLHW,LLHW,,,,,PUBLIC_COMMUNITY
RDK,Rasheedpura Khori,NWR,Rajasthan,27.713786,75.087121,PUBLIC_COMMUNITY
PVD,PEDDAVADIAPUDI,,,16.414205,80.612645,PUBLIC_COMMUNITY
YLM,ELLAMANCHILI,,,17.553652,82.85262,PUBLIC_COMMUNITY
CHPT,Chatrappatti,,,10.476971,77.655113,PUBLIC_COMMUNITY
JLD,JARWAL ROAD,,,27.120389,81.540406,PUBLIC_COMMUNITY
BRJN,BRAJRAJNAGAR,,,21.822718,83.923653,PUBLIC_COMMUNITY
CLJ,COLONELGANJ,,,27.137698,81.694178,PUBLIC_COMMUNITY
KTHL,KATHOLA,,,27.146556,81.855663,PUBLIC_COMMUNITY
MND,MUNDERWA,,,26.776435,82.903373,PUBLIC_COMMUNITY
SNSI,SAINAGAR SHIRDI,CR,Maharashtra,19.780792,74.480688,PUBLIC_COMMUNITY
DLJ,DHOLA JN,WR,Gujarat,21.822549,71.738273,PUBLIC_COMMUNITY
PGW,PHAGWARA JN,,,31.217556,75.765502,PUBLIC_COMMUNITY
YY-BINP,YY-BINP,,,,,PUBLIC_COMMUNITY
JUP,Jhunpa,?,Rajasthan,28.777449,75.521553,PUBLIC_COMMUNITY
XX-JSGB,XX-JSGB,,,,,PUBLIC_COMMUNITY
JSG,JHARSUGUDA JN,,,21.862274,84.017427,PUBLIC_COMMUNITY
KYW,KARCHHUE,,,26.231124,84.207154,PUBLIC_COMMUNITY
MHRN,MAHENDRANATH,,,26.000739,84.509909,PUBLIC_COMMUNITY
TKVR,TAPPA KHAJURIAY,,,25.807401,84.688889,PUBLIC_COMMUNITY
DPI,DODDAMPATTI,,,12.181346,78.42225,PUBLIC_COMMUNITY
SREE,SREE,,,,,PUBLIC_COMMUNITY
AQG,ASHAPURA GOMAT,NWR,Rajasthan,26.950232,71.892665,PUBLIC_COMMUNITY
NEA,NEYKKARAPATTI,,,11.612765,78.096697,PUBLIC_COMMUNITY
GRL,GORAUL,,,25.931049,85.318477,PUBLIC_COMMUNITY
DKJC,DKJC,,,,,PUBLIC_COMMUNITY
KHI,KURHANI,,,25.979631,85.339288,PUBLIC_COMMUNITY
VNJ,TIRUPPUR VANJIPALAYAM,,,11.117791,77.265802,PUBLIC_COMMUNITY
CBF,COIMBATORE NORTH,,,11.019937,76.954304,PUBLIC_COMMUNITY
UMB,AMBALA CANT JN,,,30.338918,76.826966,PUBLIC_COMMUNITY
SRO,SIRATHU,,,25.650642,81.31786,PUBLIC_COMMUNITY
SJT,SHUJAATPUR,,,25.605607,81.401934,PUBLIC_COMMUNITY
BDNP,BIDANPUR,,,25.585017,81.442017,PUBLIC_COMMUNITY
MTPC,MOTIPURA CHAUKI,WCR,Rajasthan,24.609338,77.0483,PUBLIC_COMMUNITY
HTZ,HATHIDAH JN,,,25.367027,85.987826,PUBLIC_COMMUNITY
TSKG,TINSUKIA GOODS,,,,,PUBLIC_COMMUNITY
DDNI,DUDHNOI,NFR,Assam,26.001459,90.76188,PUBLIC_COMMUNITY
RDE,RUNDHI,,,28.067751,77.350991,PUBLIC_COMMUNITY
IJ,ITAUNJA,NER,Uttar Pradesh,27.081067,80.891234,PUBLIC_COMMUNITY
RMX,Ramsar,NWR,Rajasthan,25.722252,70.866078,PUBLIC_COMMUNITY
PBE,PILIBHIT JN,NER,Uttar Pradesh,28.614978,79.813946,PUBLIC_COMMUNITY
RMB,Rampura Beri,NWR,Rajasthan,28.530132,75.64548,PUBLIC_COMMUNITY
MGS,MUGHAL SARAI JN,,,25.278149,83.11925,PUBLIC_COMMUNITY
RSWT,Ramgarh Shekhawati,NWR,Rajasthan,28.169397,74.993046,PUBLIC_COMMUNITY
BKNA,BAKAINA HALT,,,29.0358,78.274731,PUBLIC_COMMUNITY
HBD,HOSHANGABAD,,,22.75274,77.715594,PUBLIC_COMMUNITY
ANA,ASLANA,,,23.860522,79.319493,PUBLIC_COMMUNITY
BNI,BUDNI,,,22.787114,77.681283,PUBLIC_COMMUNITY
YY-IDHW,YY-IDHW,,,,,PUBLIC_COMMUNITY
DMGN,DHAMALGAON,NFR,Assam,27.325566,94.856569,PUBLIC_COMMUNITY
LKPL,LAKDIKAPUL,SCR,Andhra Pradesh,17.404048,78.463527,PUBLIC_COMMUNITY
BRUD,BARUD,WCR,Madhya Pradesh,22.052142,76.814085,PUBLIC_COMMUNITY
DVL,DEVLALI,,,19.897509,73.83729,PUBLIC_COMMUNITY
JRTR,Jurtara,,,22.253005,79.761272,PUBLIC_COMMUNITY
REWA,REWA,WCR,Madhya Pradesh,24.537122,81.250615,PUBLIC_COMMUNITY
DOK,DHOLKA,WR,Gujarat,22.731982,72.433842,PUBLIC_COMMUNITY
NDR,NANDESARI,,,22.418332,73.095273,PUBLIC_COMMUNITY
MYG,MIYAGAM KARJAN,,,22.050722,73.120353,PUBLIC_COMMUNITY
MBA,MAHOBA,NCR,Uttar Pradesh,25.306914,79.849079,PUBLIC_COMMUNITY
JGZ,Jamgaon,SECR,Madhya Pradesh,22.418426,80.198945,PUBLIC_COMMUNITY
BHKH,BAGHOI KUSA,,,24.839901,84.462433,PUBLIC_COMMUNITY
NOLI,NOLI,NR,Uttar Pradesh,28.746571,77.310771,PUBLIC_COMMUNITY
SUJR,SUJRA,NR,Uttar Pradesh,29.012729,77.261341,PUBLIC_COMMUNITY
AMOD,Amod,WR,Gujarat,21.990791,72.865465,PUBLIC_COMMUNITY
LKD,LAKODARA,,,21.991872,73.098994,PUBLIC_COMMUNITY
VKL,Vankal,WR,Gujarat,21.439674,73.231366,PUBLIC_COMMUNITY
BY,BYCULLA,CR,Maharashtra,18.97695,72.833211,PUBLIC_COMMUNITY
BNR,BHAGWANPUR,,,25.858317,85.30109,PUBLIC_COMMUNITY
KTY,Kotturu,SWR,Tamil Nadu,14.826788,76.213541,PUBLIC_COMMUNITY
BLMR,Bhalukmara,NFR,Assam,26.685532,94.143709,PUBLIC_COMMUNITY
ANJ,Anjangaon,CR,Maharashtra,21.1632,77.318965,PUBLIC_COMMUNITY
DEB,Debagram,ER,West Bengal,23.685277,88.306807,PUBLIC_COMMUNITY
ELP,Achalpur,CR,Maharashtra,21.277603,77.519263,PUBLIC_COMMUNITY
BTY,Bethuadahari,ER,West Bengal,23.610275,88.384597,PUBLIC_COMMUNITY
WARUD,Warud,CR,Maharashtra,20.746905,78.651419,PUBLIC_COMMUNITY
BVAC,BVAC,,,,,PUBLIC_COMMUNITY
BVBC,BVBC,,,,,PUBLIC_COMMUNITY
VLKN,Velankanni,?,Tamil Nadu,10.686877,79.846181,PUBLIC_COMMUNITY
PCU,PUTLACHERUVU,SCR,Andhra Pradesh,16.484823,81.112395,PUBLIC_COMMUNITY
BNPT,BENNIPATTI PIRAPUR,,,25.892949,85.309048,PUBLIC_COMMUNITY
JM,JALAMB JN,,,20.813007,76.573236,PUBLIC_COMMUNITY
GPJ,Gorapur,ECoR,Andhra Pradesh,18.346936,82.79406,PUBLIC_COMMUNITY
ABEO,Pattaravakkam,SR,,13.1145,80.166181,PUBLIC_COMMUNITY
SEG,SHEGAON,,,20.801724,76.690331,PUBLIC_COMMUNITY
GDU,Gudru Halt,SECR,Madhya Pradesh,22.271895,80.11634,PUBLIC_COMMUNITY
BGNA,Balgona,ER,West Bengal,23.45805,87.950456,PUBLIC_COMMUNITY
KLNP,Kalinarayanpur,ER,West Bengal,23.206506,88.573216,PUBLIC_COMMUNITY
NGZ,S K NAGJIHARI,,,20.761641,76.755353,PUBLIC_COMMUNITY
PS,PARAS,,,20.724519,76.815865,PUBLIC_COMMUNITY
BRDB,Barda,SER,West Bengal,22.152958,88.08753,PUBLIC_COMMUNITY
GAO,GAIGAON,,,20.720684,76.890093,PUBLIC_COMMUNITY
RRL,REWRAL,,,21.261121,79.468096,PUBLIC_COMMUNITY
KHAT,KHAT,,,21.242242,79.550792,PUBLIC_COMMUNITY
BRD,BHANDARA ROAD,,,21.238512,79.647523,PUBLIC_COMMUNITY
KOKA,KOKA,,,21.263021,79.712409,PUBLIC_COMMUNITY
DAO,DAGHORA,,,21.857535,83.678086,PUBLIC_COMMUNITY
HGR,HEMAGIRI,,,21.876504,83.742815,PUBLIC_COMMUNITY
NIR,Nainpur Junction,SECR,Madhya Pradesh,22.425676,80.108853,PUBLIC_COMMUNITY
NCH,NAKACHARI,NFR,Assam,26.708133,94.393913,PUBLIC_COMMUNITY
APDJ,ALIPUR DUAR JN,NFR,West Bengal,26.523279,89.534048,PUBLIC_COMMUNITY
BRE,BHARWARI,,,25.559192,81.491867,PUBLIC_COMMUNITY
JTK,Jhitkia,NFR,West Bengal,25.626133,88.052972,PUBLIC_COMMUNITY
MNJ,MANOHARGANJ,,,25.524992,81.559075,PUBLIC_COMMUNITY
SYWN,SAIYID SARAWAN,,,25.494982,81.613788,PUBLIC_COMMUNITY
MRE,MANAURI,,,25.470171,81.662491,PUBLIC_COMMUNITY
BMU,BAMHRAULI,,,25.44494,81.741641,PUBLIC_COMMUNITY
SFG,SUBEDARGANJ,,,25.439879,81.789897,PUBLIC_COMMUNITY
KLX,KOLAKALUR,,,16.295186,80.627521,PUBLIC_COMMUNITY
CLVR,CHILUVUR,,,16.379558,80.616908,PUBLIC_COMMUNITY
KVR,KOVVUR,,,17.007084,81.726495,PUBLIC_COMMUNITY
GVN,GODAVARI,,,17.007707,81.77083,PUBLIC_COMMUNITY
KJKD,KANJIKODE,,,10.800919,76.755316,PUBLIC_COMMUNITY
SNKR,Sanka,SER,West Bengal,23.52693,86.616164,PUBLIC_COMMUNITY
VNK,Binaiki,SECR,Madhya Pradesh,22.72003,79.902424,PUBLIC_COMMUNITY
GCN,Gocharan,ER,West Bengal,22.277738,88.45837,PUBLIC_COMMUNITY
SEY,Seoni,SECR,Madhya Pradesh,22.075431,79.545769,PUBLIC_COMMUNITY
SDMD,Sudamdih,SER,West Bengal,23.654478,86.44032,PUBLIC_COMMUNITY
PCLS,PCLS,,,,,PUBLIC_COMMUNITY
BJU,BARAUNI JN,,,25.461768,85.988748,PUBLIC_COMMUNITY
DMO,DAMOH,,,23.836693,79.432246,PUBLIC_COMMUNITY
ADD,ADAS ROAD,,,22.486628,73.034694,PUBLIC_COMMUNITY
CLC,Chalala,WR,Gujarat,21.415559,71.162242,PUBLIC_COMMUNITY
RNO,RANOLI,,,22.405252,73.112266,PUBLIC_COMMUNITY
HP,HARIPUR,NWR,Rajasthan,26.012397,74.024928,PUBLIC_COMMUNITY
KUGT,Kumarghat,NFR,Tripura,24.15063,92.034833,PUBLIC_COMMUNITY
AWB,AURANGABAD,SCR,Maharashtra,19.859276,75.310646,PUBLIC_COMMUNITY
BNL,BEVINAHALU,SCR,Andhra Pradesh,15.166974,77.21299,PUBLIC_COMMUNITY
VMC,VMC,,,,,PUBLIC_COMMUNITY
SMNH,SOMNATH,WR,Gujarat,20.896132,70.408254,PUBLIC_COMMUNITY
CUPJ,CUDDALORE PORT,SR,Tamil Nadu,11.715119,79.766287,PUBLIC_COMMUNITY
PLJ,PALEJ,,,21.921578,73.072387,PUBLIC_COMMUNITY
GOLE,GOLE,NWR,Rajasthan,25.891938,72.00004,PUBLIC_COMMUNITY
BDX,BDX,,,,,PUBLIC_COMMUNITY
TRO,TIRORA,,,21.415039,79.918035,PUBLIC_COMMUNITY
JMG,JAMGA,,,21.874971,83.564842,PUBLIC_COMMUNITY
JMSY,JMSY,,,,,PUBLIC_COMMUNITY
AHLR,AHALYAPUR,,,26.468381,83.824844,PUBLIC_COMMUNITY
TEL,TENALI JN,,,16.242409,80.640413,PUBLIC_COMMUNITY
TAT,Tummanamgutta,SCR,Andhra Pradesh,13.707414,78.379263,PUBLIC_COMMUNITY
CU,CHAGALLU,,,16.965077,81.690558,PUBLIC_COMMUNITY
PSDA,PASIVEDALA,,,16.99331,81.700939,PUBLIC_COMMUNITY
MBGA,Marwar Bagra,NWR,Rajasthan,25.208689,72.593761,PUBLIC_COMMUNITY
JNE,JANIYANA,NWR,Rajasthan,25.827638,72.336284,PUBLIC_COMMUNITY
SMR,SAMDHARI JN,NWR,Rajasthan,25.837202,72.573007,PUBLIC_COMMUNITY
SUT,SUTLANA,NWR,Rajasthan,25.970783,72.951414,PUBLIC_COMMUNITY
PBR,PORBANDAR,WR,Gujarat,21.643598,69.615506,PUBLIC_COMMUNITY
CKVD,Chikkandawadi,SWR,Karnataka,14.13792,76.202568,PUBLIC_COMMUNITY
BHG,Bhaton Ki Gali,NWR,Rajasthan,27.105646,75.712919,PUBLIC_COMMUNITY
HMO,Hanumangarh Town,NWR,Rajasthan,29.574221,74.331202,PUBLIC_COMMUNITY
SANR,SARDARNAGAR,,,26.700859,83.494054,PUBLIC_COMMUNITY
GRD,Giridih,ER,Jharkhand,24.182256,86.314645,PUBLIC_COMMUNITY
CC,CHAURI CHAURA,,,26.673882,83.545894,PUBLIC_COMMUNITY
KMPT,KOMATIPALLI,,,18.023547,79.515892,PUBLIC_COMMUNITY
HSP,HASANPARTHI RD,,,18.078262,79.50185,PUBLIC_COMMUNITY
GGY,Gagariya,NWR,Rajasthan,25.741083,70.734877,PUBLIC_COMMUNITY
NNPR,NONAPAR,,,26.353209,83.969786,PUBLIC_COMMUNITY
MW,MAIRWA,,,26.240309,84.151979,PUBLIC_COMMUNITY
KUY,TIRUPPUR KULIPALAYAM,,,11.144028,77.389314,PUBLIC_COMMUNITY
PLL,PARLI,,,10.800415,76.559421,PUBLIC_COMMUNITY
AGTL,Agartala,NFR,Tripura,23.792417,91.278481,PUBLIC_COMMUNITY
MNY,MANKARAI,,,10.771526,76.500232,PUBLIC_COMMUNITY
LDY,LAKKITI,,,10.753217,76.434467,PUBLIC_COMMUNITY
PLPM,PALAPPURAM,,,10.752519,76.398386,PUBLIC_COMMUNITY
OTP,OTTAPPALAM,,,10.770046,76.377993,PUBLIC_COMMUNITY
MNUR,MANNANUR,,,10.749322,76.323555,PUBLIC_COMMUNITY
ZRDE,JIRADEI,,,26.220819,84.256142,PUBLIC_COMMUNITY
SV,SIWAN JN,,,26.210724,84.359267,PUBLIC_COMMUNITY
PCK,PACHRUKHI,,,26.162628,84.415667,PUBLIC_COMMUNITY
DDA,DURAUNDHA JN,,,26.086973,84.458946,PUBLIC_COMMUNITY
CW,CHAINWA,,,26.022117,84.496496,PUBLIC_COMMUNITY
POK,POKRAN,NWR,Rajasthan,26.930571,71.923129,PUBLIC_COMMUNITY
OCH,ODHANIYA CHACHA,NWR,Rajasthan,26.972848,71.718687,PUBLIC_COMMUNITY
EKMA,EKMA,,,25.967099,84.53637,PUBLIC_COMMUNITY
DDP,DAUDPUR,,,25.90709,84.591425,PUBLIC_COMMUNITY
KPS,KOPA SAMHOTA,,,25.851866,84.652814,PUBLIC_COMMUNITY
BTHL,BITHAULI,,,25.817069,85.29179,PUBLIC_COMMUNITY
GB,GAURI BAZAR,,,26.594934,83.667801,PUBLIC_COMMUNITY
BALR,BAITALPUR,,,26.552663,83.738557,PUBLIC_COMMUNITY
DEOS,DEORIA SADAR,,,26.507681,83.781959,PUBLIC_COMMUNITY
NRA,NUNKHAR,,,26.425483,83.880179,PUBLIC_COMMUNITY
AGMN,Agomoni,,,26.225947,89.786242,PUBLIC_COMMUNITY
BND,BHANDUP,,,19.14201,72.937235,PUBLIC_COMMUNITY
ASR,AMRITSAR JN,,,31.631512,74.858025,PUBLIC_COMMUNITY
MUC,MULLURKARA,,,10.705843,76.271415,PUBLIC_COMMUNITY
WKI,WADAKANCHERI,,,10.648956,76.237041,PUBLIC_COMMUNITY
SOG,SURATGARH JN,NWR,Rajasthan,29.324152,73.907248,PUBLIC_COMMUNITY
SNV,Sondad,SECR,Maharashtra,21.079845,80.094149,PUBLIC_COMMUNITY
QMRS,Kayamsar,NWR,Rajasthan,28.125576,75.000562,PUBLIC_COMMUNITY
AYB,Aliyabad,SWR,Karnataka,16.878268,75.758306,PUBLIC_COMMUNITY
MBF,Munabao,NWR,Rajasthan,25.742614,70.276543,PUBLIC_COMMUNITY
CLDR,Chilikidara,ECoR,Orissa,21.243022,85.827112,PUBLIC_COMMUNITY
KLYT,Kolayat,NWR,Rajasthan,27.835319,72.955074,PUBLIC_COMMUNITY
CLD,CHALSA JN,NFR,West Bengal,26.882215,88.798213,PUBLIC_COMMUNITY
CRX,CARRON,NFR,West Bengal,26.880279,88.9704,PUBLIC_COMMUNITY
ETF,ITARSI F CABIN,,,22.61521,77.774856,PUBLIC_COMMUNITY
CNPI,Chandanpahari,ER,Jharkhand,24.404224,86.953082,PUBLIC_COMMUNITY
MIG,MIDGHAT,,,22.828141,77.647526,PUBLIC_COMMUNITY
BNU,BANDAKPUR,,,23.848206,79.575956,PUBLIC_COMMUNITY
COD,Chhota Gudha,NWR,Rajasthan,27.293803,75.599508,PUBLIC_COMMUNITY
CHQ,CHOKA,,,22.864326,77.638968,PUBLIC_COMMUNITY
MB,MORADABAD,,,28.831621,78.765801,PUBLIC_COMMUNITY
IRA,ISRANA,NR,Haryana,29.291379,76.85286,PUBLIC_COMMUNITY
KRCA,KARACHIYA YARD,,,22.380046,73.132981,PUBLIC_COMMUNITY
BJW,BAJVA,,,22.366223,73.143125,PUBLIC_COMMUNITY
CLN,KOLLIDAM,SR,Tamil Nadu,11.332713,79.718347,PUBLIC_COMMUNITY
OSHI,OSHI,,,,,PUBLIC_COMMUNITY
CNA,CHANDERIYA,WR,Rajasthan,24.939558,74.629979,PUBLIC_COMMUNITY
CRC,CHARKHARI ROAD,NCR,Uttar Pradesh,25.307556,79.745653,PUBLIC_COMMUNITY
BTT,BHATNI JN,,,26.381257,83.934035,PUBLIC_COMMUNITY
CSZ,Cossimbazar,ER,West Bengal,24.122264,88.266903,PUBLIC_COMMUNITY
VRE,VAREDIYA,,,21.85838,73.048979,PUBLIC_COMMUNITY
NIU,NABIPUR,,,21.807541,73.030592,PUBLIC_COMMUNITY
KTTY,KTTY,,,,,PUBLIC_COMMUNITY
CVJ,CHAVAJ,,,21.753134,73.010489,PUBLIC_COMMUNITY
AKV,ANKLESHWAR JN,,,21.623889,73.000633,PUBLIC_COMMUNITY
CNE,CHANDRANATHPUR,NFR,Assam,24.984962,92.716658,PUBLIC_COMMUNITY
PAO,PANOLI,,,21.535197,72.978371,PUBLIC_COMMUNITY
CNL,CHANDAWAL,NWR,Rajasthan,25.946543,73.868815,PUBLIC_COMMUNITY
BFY,BHESANA,NWR,Rajasthan,25.82438,73.71809,PUBLIC_COMMUNITY
HAT,HATHURAN,,,21.501091,72.969512,PUBLIC_COMMUNITY
COL,Coromandel,SWR,Karnataka,12.97518,78.257278,PUBLIC_COMMUNITY
KDSD,KUDSAD,,,21.37682,72.91648,PUBLIC_COMMUNITY
SYN,SAYAN,,,21.317203,72.890287,PUBLIC_COMMUNITY
MQP,Makrandpur,NER,Uttar Pradesh,28.213407,79.290097,PUBLIC_COMMUNITY
GTX,GOTHANGAM,,,21.294043,72.880104,PUBLIC_COMMUNITY
MGK,MULANGUNNATHUKAVU,,,10.596939,76.207809,PUBLIC_COMMUNITY
CNKP,CHANAKYAPURI,NR,Delhi NCT,28.591905,77.172004,PUBLIC_COMMUNITY
URN,UTRAN,,,21.232602,72.854796,PUBLIC_COMMUNITY
ST,SURAT,,,21.206568,72.840793,PUBLIC_COMMUNITY
UDN,UDHNA JN,,,21.171156,72.851461,PUBLIC_COMMUNITY
VRU,VALIVERU,,,16.188934,80.605456,PUBLIC_COMMUNITY
MRPL,MARAMPALLI,,,16.843925,81.633874,PUBLIC_COMMUNITY
NDD,NIDADAVOLU JN,,,16.898297,81.675504,PUBLIC_COMMUNITY
GDM,GUDMA,,,21.416128,80.287678,PUBLIC_COMMUNITY
BEF,BHUPDEOPUR,,,21.975035,83.259981,PUBLIC_COMMUNITY
RIG,RAIGARH,,,21.891289,83.39067,PUBLIC_COMMUNITY
KRL,KOTARLIA,,,21.883182,83.482238,PUBLIC_COMMUNITY
CTND,Chettinad,SR,Tamil Nadu,10.160613,78.775924,PUBLIC_COMMUNITY
SEPR,SHERPUR,NR,Uttar Pradesh,28.919358,78.25287,PUBLIC_COMMUNITY
NVS,NAVSARI,WR,Gujarat,20.946851,72.914294,PUBLIC_COMMUNITY
JBD,Jalalabad,NR,Punjab,30.60775,74.268446,PUBLIC_COMMUNITY
DDM,DAM DIM,NFR,West Bengal,26.859243,88.671333,PUBLIC_COMMUNITY
COE,CHITROD,WR,Gujarat,23.417869,70.655356,PUBLIC_COMMUNITY
COM,Chomun Samod,NWR,Rajasthan,27.158223,75.70272,PUBLIC_COMMUNITY
DKT,DHULKOT,NR,Haryana,30.395686,76.787535,PUBLIC_COMMUNITY
KUW,KANWAR,,,25.703652,81.214644,PUBLIC_COMMUNITY
CDMR,CHANDAULI MJHWR,,,25.261093,83.267724,PUBLIC_COMMUNITY
IGPX,IGPX,,,,,PUBLIC_COMMUNITY
KGA,KHAGA,,,25.761853,81.102658,PUBLIC_COMMUNITY
KTCE,KATOGHAN,,,25.730035,81.165606,PUBLIC_COMMUNITY
ASCE,ATHSARAI,,,25.678729,81.26203,PUBLIC_COMMUNITY
CRLM,Carmelaram,SWR,Karnataka,12.907633,77.706014,PUBLIC_COMMUNITY
CNR,CHANDAR,SWR,Goa,15.264834,74.047794,PUBLIC_COMMUNITY
CMDP,Chimidipalli,ECoR,Andhra Pradesh,18.262764,83.076862,PUBLIC_COMMUNITY
BDL,VINDHYACHAL,,,25.160772,82.502021,PUBLIC_COMMUNITY
TSA,TISUA,,,28.136577,79.586289,PUBLIC_COMMUNITY
TAS,Thasra,WR,Gujarat,22.797769,73.221682,PUBLIC_COMMUNITY
GHT,GHAGHARA GHAT,,,27.102683,81.503314,PUBLIC_COMMUNITY
BV,BABHNAN,,,26.938525,82.500127,PUBLIC_COMMUNITY
CLW,Chilwariya,NER,Uttar Pradesh,27.487001,81.698732,PUBLIC_COMMUNITY
OKAC,OKAC,,,,,PUBLIC_COMMUNITY
GAUR,GAUR,,,26.913411,82.561158,PUBLIC_COMMUNITY
TH,TINICH,,,26.882281,82.639707,PUBLIC_COMMUNITY
BHTR,BHATPAR RANI,,,26.310477,84.033101,PUBLIC_COMMUNITY
TUR,TURKI,,,26.034431,85.354709,PUBLIC_COMMUNITY
RD,RAM DAYALU NAGAR,,,26.097367,85.383596,PUBLIC_COMMUNITY
BTO,BHITAURA,,,28.469954,79.306506,PUBLIC_COMMUNITY
PKRA,PARSA KHERA,,,28.433371,79.341852,PUBLIC_COMMUNITY
CHTI,CHANETI,,,28.308796,79.429166,PUBLIC_COMMUNITY
BLPU,BILPUR,,,28.083668,79.625781,PUBLIC_COMMUNITY
MK,MIRANPUR KATRA,,,28.03708,79.674809,PUBLIC_COMMUNITY
MILA,MILAKPUR HALT,,,27.988261,79.717962,PUBLIC_COMMUNITY
TLH,TILHAR,,,27.972984,79.741776,PUBLIC_COMMUNITY
CQL,CHIRAKKAL,SR,Kerala,11.911049,75.353696,PUBLIC_COMMUNITY
PNQ,PUNKUNNAM,,,10.535054,76.20943,PUBLIC_COMMUNITY
TCR,THRISUR,,,10.51479,76.207919,PUBLIC_COMMUNITY
CMNR,CHAMARAJANAGAR,SWR,Karnataka,11.934891,76.932807,PUBLIC_COMMUNITY
CMJ,CHAMARAJAPURAM,SWR,Karnataka,12.29844,76.637861,PUBLIC_COMMUNITY
BKA,BARKHERA,,,22.917359,77.649646,PUBLIC_COMMUNITY
ODG,OBAIDULLA GANJ,,,22.994912,77.587299,PUBLIC_COMMUNITY
ACL,ANCHELI,WR,Gujarat,20.845167,72.944978,PUBLIC_COMMUNITY
CVR,CHORVAD ROAD,WR,Gujarat,21.055196,70.290734,PUBLIC_COMMUNITY
CTH,CHIKALTHANA,SCR,Maharashtra,19.859565,75.402851,PUBLIC_COMMUNITY
BTKD,BHARATKUND,NR,Uttar Pradesh,26.636097,82.127393,PUBLIC_COMMUNITY
DHW,Dhariwal,NR,Punjab,31.949113,75.321565,PUBLIC_COMMUNITY
SAI,SARAI,,,25.779962,85.276609,PUBLIC_COMMUNITY
CPE,Chandiposi,SER,Orissa,22.068677,84.915988,PUBLIC_COMMUNITY
CRU,CHUDAWA,SCR,Maharashtra,19.180328,77.11693,PUBLIC_COMMUNITY
DBB,DHUBRI,NFR,Assam,26.023137,89.977952,PUBLIC_COMMUNITY
PNP,PANIPAT JN,,,29.388948,76.963793,PUBLIC_COMMUNITY
CPS,CHANDPUR SIAU HALT,NR,Uttar Pradesh,29.13201,78.275855,PUBLIC_COMMUNITY
CX,CHANOL,WR,Gujarat,22.427916,70.538842,PUBLIC_COMMUNITY
CSR,CHAK SIKANDAR,ECR,Bihar,25.67672,85.365246,PUBLIC_COMMUNITY
CRQ,Charpokhari Halt,ECR,Bihar,25.361516,84.487603,PUBLIC_COMMUNITY
VNA,VARANGAON,,,21.009713,75.900658,PUBLIC_COMMUNITY
DAG,DHANG,ECR,Bihar,26.7174,85.353298,PUBLIC_COMMUNITY
CRW,Charaud,NWR,Haryana,29.009458,75.646663,PUBLIC_COMMUNITY
BTL,BORTALAO,,,21.218301,80.626207,PUBLIC_COMMUNITY
KHS,KHARSIA,,,21.99178,83.102414,PUBLIC_COMMUNITY
ROB,ROBERTSON,,,21.988744,83.182508,PUBLIC_COMMUNITY
CPK,CHAPARMUKH JN,NFR,Assam,26.202272,92.511718,PUBLIC_COMMUNITY
CTW,Chhintanwala,NR,Punjab,30.365958,76.014229,PUBLIC_COMMUNITY
CTA,Chitradurg,SWR,Karnataka,14.231154,76.386431,PUBLIC_COMMUNITY
AAV,Ambav,WR,Gujarat,,,PUBLIC_COMMUNITY
MDKU,MODUKURU,,,16.124988,80.583808,PUBLIC_COMMUNITY
TSR,TSUNDURU,,,16.157497,80.586487,PUBLIC_COMMUNITY
NBM,NAVABPALEM,,,16.831606,81.606702,PUBLIC_COMMUNITY
NMBR,N MAYURBHANJ ROAD,,,21.666901,87.038724,PUBLIC_COMMUNITY
BTS,BASTA,,,21.702924,87.063783,PUBLIC_COMMUNITY
CTD,Chhota Udepur,WR,Gujarat,22.314788,74.014286,PUBLIC_COMMUNITY
DBY,Digboi,NFR,Assam,27.383483,95.616982,PUBLIC_COMMUNITY
CWI,CHONDI,SCR,Maharashtra,19.43062,77.155667,PUBLIC_COMMUNITY
CSDR,CHANNASANDRA,SWR,Karnataka,13.010941,77.662971,PUBLIC_COMMUNITY
PGT,PALAKKAD,,,10.802091,76.641926,PUBLIC_COMMUNITY
MNHA,Mindha,NWR,Rajasthan,27.112061,75.33241,PUBLIC_COMMUNITY
DBO,DABHODA,WR,Gujarat,23.168331,72.748038,PUBLIC_COMMUNITY
DABN,DHABAN,NWR,Rajasthan,29.859997,74.54288,PUBLIC_COMMUNITY
DBI,DABLI RATHAN,NWR,Rajasthan,29.542416,74.19093,PUBLIC_COMMUNITY
SID,SIDDHPUR,WR,Gujarat,23.918067,72.367959,PUBLIC_COMMUNITY
ARGD,ARIGADA,ECR,,23.643461,85.466475,PUBLIC_COMMUNITY
CTJ,CHHATAINI,WCR,Madhya Pradesh,23.994088,81.287323,PUBLIC_COMMUNITY
KTKD,KATANGI KHURD,WCR,Madhya Pradesh,23.77587,80.486734,PUBLIC_COMMUNITY
CRL,Choral,WR,Madhya Pradesh,22.450677,75.944135,PUBLIC_COMMUNITY
ABSA,Ambassa,NFR,Tripura,23.930507,91.860783,PUBLIC_COMMUNITY
NVP,Navalpura,,,23.289155,73.199554,PUBLIC_COMMUNITY
DBKA,Dabka,SCR,Madhya Pradesh,21.361353,76.720809,PUBLIC_COMMUNITY
CQR,Champapukur,ER,West Bengal,22.656634,88.80796,PUBLIC_COMMUNITY
NDAZ,NAYA AZADPUR,,,28.714564,77.166876,PUBLIC_COMMUNITY
ANDI,ADARSH NAGAR DELHI,,,28.714205,77.166707,PUBLIC_COMMUNITY
CUR,Churu,NWR,Rajasthan,28.288281,74.966203,PUBLIC_COMMUNITY
BHD,BADLI,,,28.7468,77.137743,PUBLIC_COMMUNITY
KHKN,KHERA KALAN,,,28.769718,77.115838,PUBLIC_COMMUNITY
HUK,HOLAMBI KALAN,,,28.801187,77.102334,PUBLIC_COMMUNITY
NUR,NARELA,,,28.846886,77.085727,PUBLIC_COMMUNITY
CWA,Chhindwara Junction,SECR,Madhya Pradesh,22.058201,78.953212,PUBLIC_COMMUNITY
RDDE,RATHDHANA,,,28.904132,77.059148,PUBLIC_COMMUNITY
CTPE,Chandanattop Halt,SR,Kerala,8.932478,76.64532,PUBLIC_COMMUNITY
HNN,HARANA KALAN,,,28.945425,77.039135,PUBLIC_COMMUNITY
SNP,SONIPAT,,,28.989423,77.017343,PUBLIC_COMMUNITY
SLKN,SANDAL KALAN,,,29.063432,77.012589,PUBLIC_COMMUNITY
RUG,RAJLU GARHI,,,29.090744,77.012109,PUBLIC_COMMUNITY
GNU,GANAUR,,,29.130776,77.01075,PUBLIC_COMMUNITY
BDMJ,BHODWAL MAJRI,,,29.185209,77.008236,PUBLIC_COMMUNITY
SMK,SAMALKHA,,,29.240172,77.003034,PUBLIC_COMMUNITY
DWNA,DIWANA,,,29.318564,76.980194,PUBLIC_COMMUNITY
BBDE,BABARPUR,,,29.449652,76.966178,PUBLIC_COMMUNITY
KFU,KOHAND,,,29.494782,76.968758,PUBLIC_COMMUNITY
GRA,GHARAUNDA,,,29.541636,76.96575,PUBLIC_COMMUNITY
BZJT,BAZIDA JATAN,,,29.613391,76.965812,PUBLIC_COMMUNITY
KUN,KARNAL,,,29.694566,76.969821,PUBLIC_COMMUNITY
BZK,BHAINI KHURD,,,29.751544,76.955362,PUBLIC_COMMUNITY
TRR,TARAORI,,,29.797906,76.93858,PUBLIC_COMMUNITY
NLKR,NILOKHERI,,,29.831492,76.925491,PUBLIC_COMMUNITY
KKDE,KURUKSHETRA JN,,,29.96944,76.852795,PUBLIC_COMMUNITY
DAVM,DHANUVACHAPURAM,SR,Kerala,8.378802,77.124352,PUBLIC_COMMUNITY
CTS,CHATTRIPUT,ECoR,Orissa,18.922722,82.590027,PUBLIC_COMMUNITY
DAVJ,D.A.V.C.H. JALANDHAR,NR,Punjab,31.346977,75.56132,PUBLIC_COMMUNITY
DLPI,INDRAPURI,NR,Delhi NCT,28.628342,77.143588,PUBLIC_COMMUNITY
GRG,Guwarighat,SECR,Madhya Pradesh,23.110295,79.927613,PUBLIC_COMMUNITY
DSJ,DELHI SAFDARJUNG,NR,Delhi NCT,28.582121,77.186969,PUBLIC_COMMUNITY
DHRN,DHURANA,NR,Haryana,29.253606,76.803295,PUBLIC_COMMUNITY
DUK,DUDIA,NWR,Rajasthan,25.934458,72.902042,PUBLIC_COMMUNITY
DAJ,DUROJI,SWR,Karnataka,15.227107,76.70013,PUBLIC_COMMUNITY
BTPH,CHAKIA THERMAL HALT,,,25.401264,86.016243,PUBLIC_COMMUNITY
JDDA,JATHA,,,22.01598,82.875334,PUBLIC_COMMUNITY
JDI,JHARRADIH,,,21.999876,83.050747,PUBLIC_COMMUNITY
DKO,Devakottai Road,SR,Tamil Nadu,10.037611,78.761747,PUBLIC_COMMUNITY
DIB,DIBAI,NR,Uttar Pradesh,28.19378,78.303084,PUBLIC_COMMUNITY
CNJO,JUHI OUTER CABIN,,,26.45319,80.32391,PUBLIC_COMMUNITY
LMA,LAMBIYA,NWR,Rajasthan,25.578334,74.585615,PUBLIC_COMMUNITY
DBLG,DBLG,,,,,PUBLIC_COMMUNITY
DOHM,Devgarh Madriya,NWR,Rajasthan,25.610206,73.855552,PUBLIC_COMMUNITY
NHLG,NHLG,,,,,PUBLIC_COMMUNITY
DYE,DAYANAND NAGAR,SCR,Andhra Pradesh,17.456247,78.53135,PUBLIC_COMMUNITY
DBV,DABILPUR,SCR,Andhra Pradesh,17.674226,78.470315,PUBLIC_COMMUNITY
JGLP,JGLP,,,,,PUBLIC_COMMUNITY
BGZ,BAHADURGARH,NR,Haryana,28.700863,76.930886,PUBLIC_COMMUNITY
PNSR,PNSR,,,,,PUBLIC_COMMUNITY
DME,DAMNAGAR,WR,Gujarat,21.688346,71.509053,PUBLIC_COMMUNITY
AG,Aranghata,ER,West Bengal,23.242037,88.613551,PUBLIC_COMMUNITY
RLG,RELANGI,SCR,Andhra Pradesh,16.709921,81.64411,PUBLIC_COMMUNITY
CCAB,BMY C CABIN,,,21.209789,81.443063,PUBLIC_COMMUNITY
DNDI,DHONDI,SCR,Maharashtra,19.106268,76.736112,PUBLIC_COMMUNITY
NDO,NIDUBROLU,,,16.067904,80.557243,PUBLIC_COMMUNITY
FKA,Fazilka,NR,Punjab,30.408641,74.025417,PUBLIC_COMMUNITY
TDD,TADEPALLIGUDEM,,,16.809961,81.526314,PUBLIC_COMMUNITY
PTPU,PRATTIAPADU,,,16.820865,81.581431,PUBLIC_COMMUNITY
BDHT,Bardi Halt,SECR,Madhya Pradesh,21.621177,78.822411,PUBLIC_COMMUNITY
DJL,Dodajala Lake,SWR,Karnataka,13.183156,77.652122,PUBLIC_COMMUNITY
DIU,Dhing,NFR,Assam,26.453101,92.450865,PUBLIC_COMMUNITY
DGQ,Dugdol,NWR,Gujarat,24.631708,72.096828,PUBLIC_COMMUNITY
DAU,Dagru,NR,Punjab,30.834858,75.047442,PUBLIC_COMMUNITY
GWH,GHOSHAWAR,,,25.737421,85.243351,PUBLIC_COMMUNITY
HJP,HAJIPUR JN,,,25.702909,85.2155,PUBLIC_COMMUNITY
ENBG,ENBG,,,,,PUBLIC_COMMUNITY
PUK,PUDUKAD,,,10.420507,76.260707,PUBLIC_COMMUNITY
NYI,NELLAYI,,,10.392415,76.275994,PUBLIC_COMMUNITY
UKL,UTTUKULI,,,11.156494,77.448615,PUBLIC_COMMUNITY
TUP,TIRUPPUR,,,11.108906,77.341247,PUBLIC_COMMUNITY
SNO,SOMANUR,,,11.087247,77.18638,PUBLIC_COMMUNITY
SUU,SULUR ROAD,,,11.049634,77.11729,PUBLIC_COMMUNITY
IGU,IRUGUR,,,11.017199,77.069134,PUBLIC_COMMUNITY
SHI,SINGANALLUR,,,11.012921,77.039459,PUBLIC_COMMUNITY
PLMD,PILAMEDU,,,11.033241,76.999566,PUBLIC_COMMUNITY
CBE,COIMBATORE JN,,,10.997639,76.966298,PUBLIC_COMMUNITY
PTJ,PODANUR JN,,,10.965425,76.990125,PUBLIC_COMMUNITY
MDKI,MADUKARAI,,,10.900858,76.94295,PUBLIC_COMMUNITY
IJK,IRINJALAKUDA,,,10.339456,76.280924,PUBLIC_COMMUNITY
CKI,CHALAKUDI,,,10.301797,76.321808,PUBLIC_COMMUNITY
DINR,DIVINE NAGAR,,,10.285399,76.336314,PUBLIC_COMMUNITY
KRAN,KORATTI ANGADI,,,10.260123,76.355901,PUBLIC_COMMUNITY
KUC,KARUKKUTTY,,,10.225757,76.373077,PUBLIC_COMMUNITY
AFK,ANGAMALI,,,10.183676,76.37786,PUBLIC_COMMUNITY
CWR,CHOVVARA,,,10.133064,76.372189,PUBLIC_COMMUNITY
DJ,Darjeeling,NFR,West Bengal,27.038151,88.263326,PUBLIC_COMMUNITY
AWY,ALUVA,,,10.108163,76.356508,PUBLIC_COMMUNITY
KLMR,KALAMASSERY,,,10.061818,76.326956,PUBLIC_COMMUNITY
IPL,EDAPPALLY,,,10.034338,76.298271,PUBLIC_COMMUNITY
ERN,ERNAKULAM TOWN,,,9.991582,76.2861,PUBLIC_COMMUNITY
ETMD,ETTIMADAI,,,10.898788,76.897155,PUBLIC_COMMUNITY
WRA,WALAYAR,,,10.847181,76.837614,PUBLIC_COMMUNITY
DBN,Dhablan,NR,Punjab,30.337913,76.276918,PUBLIC_COMMUNITY
DBF,Dabpal,?,Chhattisgarh,18.92798,81.488923,PUBLIC_COMMUNITY
DBZ,Dhing Bazar,NFR,Assam,26.455873,92.481039,PUBLIC_COMMUNITY
CLMD,CHULLIMADA,,,10.837165,76.801793,PUBLIC_COMMUNITY
KTKU,KOTTEKAD,,,10.815731,76.693457,PUBLIC_COMMUNITY
DLC,DALMERA,NWR,Rajasthan,28.417832,73.65658,PUBLIC_COMMUNITY
TNU,TIRUNETTUR,,,9.933729,76.307657,PUBLIC_COMMUNITY
KUMM,KUMBALAM,,,9.906723,76.3116,PUBLIC_COMMUNITY
AROR,AROOR HALT,,,9.879103,76.302833,PUBLIC_COMMUNITY
EZP,EZHUPPUNNA,,,9.820288,76.302391,PUBLIC_COMMUNITY
TUVR,TURAVUR,,,9.772809,76.309979,PUBLIC_COMMUNITY
ERSC,ERNAKULAM JN. C,,,9.97806,76.289859,PUBLIC_COMMUNITY
DIR,DHANAPUR ORISSA,ECoR,Orissa,18.945173,82.507393,PUBLIC_COMMUNITY
DRN,DEORANIAN,NER,Uttar Pradesh,28.64478,79.476473,PUBLIC_COMMUNITY
BGS,BEGU SARAI,ECR,Bihar,25.425296,86.134476,PUBLIC_COMMUNITY
BQQ,BAKHLETA,,,23.846381,79.96972,PUBLIC_COMMUNITY
GBP,GULABPURA,NWR,Rajasthan,25.902795,74.655954,PUBLIC_COMMUNITY
REI,RITHI,,,23.904168,80.140267,PUBLIC_COMMUNITY
MBWC,MORADABAD WEST,,,28.838658,78.759634,PUBLIC_COMMUNITY
HRH,HARTHALA,,,28.871987,78.735595,PUBLIC_COMMUNITY
GOA,GOHAD ROAD,NCR,Madhya Pradesh,26.480421,78.439153,PUBLIC_COMMUNITY
DHNR,DHANORA DECCAN,SCR,Maharashtra,19.465517,78.132754,PUBLIC_COMMUNITY
ALD,ALLAHABAD JN,,,25.446241,81.828816,PUBLIC_COMMUNITY
ETAH,Etah,NCR,Uttar Pradesh,27.571173,78.653919,PUBLIC_COMMUNITY
GG,GANDHIGRAM,WR,Gujarat,23.02676,72.568831,PUBLIC_COMMUNITY
BSL,BHUSAVAL JN,,,21.047281,75.788672,PUBLIC_COMMUNITY
KOPR,KOPAR ROAD,,,19.211345,73.077841,PUBLIC_COMMUNITY
GGLE,GANGATIKURI,ER,West Bengal,23.71822,88.087286,PUBLIC_COMMUNITY
KWD,KARWANDIA,,,24.953195,84.084599,PUBLIC_COMMUNITY
GDD,Gadra Road,NWR,Rajasthan,25.743851,70.64304,PUBLIC_COMMUNITY
SSM,SASARAM,,,24.955926,84.019423,PUBLIC_COMMUNITY
DTAE,DHATRIGRAM,ER,West Bengal,23.277796,88.311822,PUBLIC_COMMUNITY
SLOR,SELOO ROAD,,,20.77665,78.714909,PUBLIC_COMMUNITY
SNI,SINDI,,,20.816446,78.883342,PUBLIC_COMMUNITY
DNUA,Dhansura,WR,Gujarat,23.351916,73.19871,PUBLIC_COMMUNITY
SGRD,SULGARE,,,22.019979,82.743775,PUBLIC_COMMUNITY
BUA,BARADWAR,,,22.011725,82.813724,PUBLIC_COMMUNITY
SKT,SAKTI,,,22.011785,82.956526,PUBLIC_COMMUNITY
EDU,ERIODU,SR,Tamil Nadu,10.515628,78.057129,PUBLIC_COMMUNITY
SUJ,SARJU,,,27.111885,81.648076,PUBLIC_COMMUNITY
GDN,GANGAIKONDAN,SR,Tamil Nadu,8.830736,77.786203,PUBLIC_COMMUNITY
LDR,LANDAURA,,,29.814493,77.941557,PUBLIC_COMMUNITY
DUN,DUGANPUR,,,28.658317,79.13019,PUBLIC_COMMUNITY
CBJ,CLUTTER BUCK GANJ,,,28.396895,79.371946,PUBLIC_COMMUNITY
BE,BAREILLY,,,28.337154,79.410844,PUBLIC_COMMUNITY
NHGJ,NHGJ,,,,,PUBLIC_COMMUNITY
DTC,DITOKCHERRA,NFR,Assam,25.090538,92.798715,PUBLIC_COMMUNITY
BPG,BADURPUR GHAT,NFR,Assam,24.872902,92.581099,PUBLIC_COMMUNITY
GIW,Girdharpur,NCR,Rajasthan,25.845508,76.794583,PUBLIC_COMMUNITY
RYS,RASURIYA,,,28.26396,79.474459,PUBLIC_COMMUNITY
NYO,NAYAGAON,,,25.763263,85.099366,PUBLIC_COMMUNITY
PMU,PARMANANDPUR,,,25.741291,85.133951,PUBLIC_COMMUNITY
GIR,Gainsari Junction,NER,Uttar Pradesh,27.526839,82.544179,PUBLIC_COMMUNITY
BPP,BAPATLA,,,15.908614,80.468425,PUBLIC_COMMUNITY
APL,APPIKATLA,,,15.970371,80.514466,PUBLIC_COMMUNITY
MCVM,MACHAVARAM,,,16.025343,80.541541,PUBLIC_COMMUNITY
CEL,CHEBROL,,,16.819948,81.396533,PUBLIC_COMMUNITY
GGH,Ghogardiha,ECR,Bihar,26.282768,86.468503,PUBLIC_COMMUNITY
BPY,BADAMPUDI,,,16.828104,81.473751,PUBLIC_COMMUNITY
ARD,AMARDA ROAD,,,21.734258,87.102374,PUBLIC_COMMUNITY
PY,PERUNDURAI,,,11.25334,77.628672,PUBLIC_COMMUNITY
FSR,FAQARSAR,NR,Punjab,30.189431,74.572572,PUBLIC_COMMUNITY
CFG,CHAKITING,NFR,Assam,26.561675,94.095655,PUBLIC_COMMUNITY
IGR,INGUR,,,11.22501,77.587299,PUBLIC_COMMUNITY
VZ,VIJAYAMANGALAM,,,11.195525,77.522231,PUBLIC_COMMUNITY
DLA,DOULTA,,,24.998509,78.429325,PUBLIC_COMMUNITY
TBT,TALBAHAT,,,25.039255,78.414552,PUBLIC_COMMUNITY
MZX,MATATILA,,,25.0851,78.40284,PUBLIC_COMMUNITY
BZY,BASAI,,,25.142923,78.394254,PUBLIC_COMMUNITY
BAB,BABINA,,,25.237832,78.451748,PUBLIC_COMMUNITY
KHJ,KHAJRAHA,,,25.304158,78.478365,PUBLIC_COMMUNITY
BJI,BIJAULI,,,25.376468,78.517746,PUBLIC_COMMUNITY
JHSA,JHANSI A CABIN,,,25.41949,78.545787,PUBLIC_COMMUNITY
JHS,JHANSI JN,,,25.443585,78.552985,PUBLIC_COMMUNITY
KRQ,KARARI,,,25.5308,78.509084,PUBLIC_COMMUNITY
DAA,DATIA,,,25.64107,78.456356,PUBLIC_COMMUNITY
SOR,SONAGIR,,,25.730668,78.409099,PUBLIC_COMMUNITY
KTRA,KOTRA,,,25.811254,78.381661,PUBLIC_COMMUNITY
DBA,DABRA,,,25.881197,78.331015,PUBLIC_COMMUNITY
SMTL,SIMARIATAL,,,25.921996,78.30426,PUBLIC_COMMUNITY
AEH,ANANT PAITH,,,25.95539,78.276132,PUBLIC_COMMUNITY
FRH,Farhatnagar,NR,Uttar Pradesh,27.081164,80.143212,PUBLIC_COMMUNITY
GATD,Gautamdhara,SER,Jharkhand,23.349881,85.632995,PUBLIC_COMMUNITY
GEG,Gir Gadhara,WR,Gujarat,20.906347,70.919246,PUBLIC_COMMUNITY
FLD,Phulad,NWR,Rajasthan,25.623979,73.813118,PUBLIC_COMMUNITY
GADM,Ganga Dham,NER,Uttar Pradesh,27.20976,81.930509,PUBLIC_COMMUNITY
DTR,Dhamtari,SECR,Chhattisgarh,20.714515,81.550321,PUBLIC_COMMUNITY
DRW,DHAREWADA,WR,Gujarat,23.960816,72.378575,PUBLIC_COMMUNITY
KZQ,KHIMEL,NWR,Rajasthan,25.300189,73.279577,PUBLIC_COMMUNITY
HDU,HARDUA,,,23.915054,80.283413,PUBLIC_COMMUNITY
HDW,HALDWANI,NER,Uttarakhand,29.215097,79.533732,PUBLIC_COMMUNITY
AKT,AKALTARA,,,22.029121,82.422049,PUBLIC_COMMUNITY
HBU,Halbarga,SCR,Karnataka,17.98847,77.298175,PUBLIC_COMMUNITY
GNH,GANGAKHER,SCR,Maharashtra,18.973377,76.755511,PUBLIC_COMMUNITY
NIA,NAILA,,,22.022964,82.564589,PUBLIC_COMMUNITY
KMGE,KUMAHU,,,24.976944,83.946305,PUBLIC_COMMUNITY
SSG,SHIU SAGAR ROAD,,,24.999465,83.895453,PUBLIC_COMMUNITY
CPH,CHAMPA,,,22.034731,82.665149,PUBLIC_COMMUNITY
GPX,Gautampura Road,WR,Madhya Pradesh,23.200889,75.68199,PUBLIC_COMMUNITY
RGQ,RAIGADH ROAD,NWR,Gujarat,23.596666,73.183592,PUBLIC_COMMUNITY
GS,GODHANESHWAR,WR,Gujarat,22.68118,72.36834,PUBLIC_COMMUNITY
GLH,Gulaothi,NR,Uttar Pradesh,28.582962,77.801799,PUBLIC_COMMUNITY
HNB,Hasanabad,ER,West Bengal,22.570155,88.912953,PUBLIC_COMMUNITY
PUA,PULLA,,,16.809911,81.324846,PUBLIC_COMMUNITY
KKRM,KAIKORAM,,,16.815341,81.364219,PUBLIC_COMMUNITY
JER,JALESWAR,,,21.79749,87.220491,PUBLIC_COMMUNITY
FYZ,FAIZULLAPUR,,,25.869213,80.893347,PUBLIC_COMMUNITY
ED,ERODE JN,,,11.327682,77.725934,PUBLIC_COMMUNITY
HR,Harpalu,NWR,Rajasthan,28.569054,75.491047,PUBLIC_COMMUNITY
RUB,RASULABAD,,,25.826999,80.977088,PUBLIC_COMMUNITY
SNIE,SATH NARAINI,,,25.795325,81.03942,PUBLIC_COMMUNITY
DUR,DESUR,SWR,Karnataka,15.754344,74.49801,PUBLIC_COMMUNITY
CNC,CHINCHLI,SWR,Karnataka,16.571697,74.855323,PUBLIC_COMMUNITY
MTB,MATLABPUR,,,28.989821,78.656727,PUBLIC_COMMUNITY
KNT,KANTH,,,29.059768,78.621471,PUBLIC_COMMUNITY
MWE,MEWA NAWADA,,,29.118385,78.613167,PUBLIC_COMMUNITY
SEO,SEOHARA,,,29.204807,78.580977,PUBLIC_COMMUNITY
CAJ,CHAKRAJ MAL,,,29.249784,78.536047,PUBLIC_COMMUNITY
DPR,DHAMPUR,,,29.305446,78.501588,PUBLIC_COMMUNITY
HBW,HABIBWALA,,,29.349034,78.478973,PUBLIC_COMMUNITY
GKD,GADHAKDA,WR,Gujarat,21.237962,71.381719,PUBLIC_COMMUNITY
PNI,PURAINI,,,29.388929,78.445574,PUBLIC_COMMUNITY
NGG,NAGINA,,,29.437919,78.424119,PUBLIC_COMMUNITY
BEK,BUNDKI,,,29.522577,78.393285,PUBLIC_COMMUNITY
GYN,GYANPUR ROAD,NER,Uttar Pradesh,25.280144,82.427288,PUBLIC_COMMUNITY
MSDR,MURSHADPUR,,,29.572395,78.375646,PUBLIC_COMMUNITY
NBD,NAJIBABAD JN,,,29.60354,78.335733,PUBLIC_COMMUNITY
FZL,FAZALPUR,,,29.593741,78.277954,PUBLIC_COMMUNITY
CNK,CHANDOK,,,29.576786,78.152782,PUBLIC_COMMUNITY
BLW,BALAWALI,,,29.627434,78.112433,PUBLIC_COMMUNITY
RSI,RAISI,,,29.692832,78.066434,PUBLIC_COMMUNITY
AAR,ADESAR,WR,Gujarat,23.552978,70.972051,PUBLIC_COMMUNITY
HRR,HARIHAR,SWR,Karnataka,14.515431,75.812314,PUBLIC_COMMUNITY
GVA,Ganguwada,ECoR,Andhra Pradesh,18.667637,84.107224,PUBLIC_COMMUNITY
GUX,Gurhi,SCR,Madhya Pradesh,21.629554,76.580745,PUBLIC_COMMUNITY
HMH,HANUMANGARH JN,NWR,Rajasthan,29.614904,74.297633,PUBLIC_COMMUNITY
AAM,Angadippuram,SR,Kerala,10.979489,76.207343,PUBLIC_COMMUNITY
PHR,PHILLAUR JN,,,31.016907,75.785761,PUBLIC_COMMUNITY
LDW,LADHOWAL,,,31.016957,75.785811,PUBLIC_COMMUNITY
LDH,LUDHIANA JN,,,30.912367,75.847873,PUBLIC_COMMUNITY
BHOI,DHANDARIKALAN BLOCK HUT,,,30.894741,75.87188,PUBLIC_COMMUNITY
HKR,Kiwar Khed,SCR,Maharashtra,21.186952,76.8767,PUBLIC_COMMUNITY
DDL,DHANDARI KALAN,,,30.874477,75.909491,PUBLIC_COMMUNITY
SNL,SANAHWAL,,,30.837436,75.9795,PUBLIC_COMMUNITY
DOA,DORAHA,,,30.804137,76.043303,PUBLIC_COMMUNITY
JSPN,JASPALON,,,30.784738,76.080152,PUBLIC_COMMUNITY
CHA,CHAWAPALL,,,30.759463,76.127465,PUBLIC_COMMUNITY
KNN,KHANNA,,,30.707973,76.225134,PUBLIC_COMMUNITY
GVG,GOVINDGARH,,,30.669483,76.297074,PUBLIC_COMMUNITY
SIR,SIRHIND JN,,,30.624222,76.383194,PUBLIC_COMMUNITY
SDY,SADHOO GARH,,,30.582863,76.448473,PUBLIC_COMMUNITY
SBJ,SARAI BANJARA,,,30.538386,76.515682,PUBLIC_COMMUNITY
RPJ,RAJPURA JN,,,30.486459,76.59402,PUBLIC_COMMUNITY
SMU,SAMBHU,,,30.429027,76.684144,PUBLIC_COMMUNITY
CDL,CHODIALA,,,29.896398,77.738546,PUBLIC_COMMUNITY
IQB,IQBALPUR,,,29.875114,77.803799,PUBLIC_COMMUNITY
RK,ROORKEE,,,29.851671,77.87417,PUBLIC_COMMUNITY
DNRA,DHANDHERA,,,29.843403,77.901923,PUBLIC_COMMUNITY
DSNI,DAUSNI,,,29.784745,77.979636,PUBLIC_COMMUNITY
CPT,CHANNAPATNA,SWR,Karnataka,12.659673,77.203824,PUBLIC_COMMUNITY
KGF,KATHGHAR,,,28.826066,78.796689,PUBLIC_COMMUNITY
DLP,DALPATPUR,,,28.820438,78.877187,PUBLIC_COMMUNITY
MPH,MUNDHA PANDE,,,28.800367,78.939038,PUBLIC_COMMUNITY
RMU,RAMPUR,,,28.778863,79.023419,PUBLIC_COMMUNITY
SAR,SHAHZAD NAGAR,,,28.750033,79.052147,PUBLIC_COMMUNITY
DAM,DHAMORA,,,28.707129,79.087745,PUBLIC_COMMUNITY
AABH,AMBIKA BHAWANI HALT,,,25.751434,84.969003,PUBLIC_COMMUNITY
DGA,DIGHWARA,,,25.743938,85.003168,PUBLIC_COMMUNITY
STLR,SITALPUR,,,25.76874,85.036638,PUBLIC_COMMUNITY
JDR,JIWDHARA,ECR,Bihar,26.581722,84.906874,PUBLIC_COMMUNITY
AWP,AGHWANPUR,,,28.939542,78.702865,PUBLIC_COMMUNITY
KIA,KHARI AMRAPUR,WR,Gujarat,23.390711,72.913948,PUBLIC_COMMUNITY
IMR,IBRAHIMPUR,SWR,Karnataka,16.802926,75.719362,PUBLIC_COMMUNITY
JND,JUNAGADH JN,WR,Gujarat,21.530606,70.457612,PUBLIC_COMMUNITY
JA,JALIYA,WR,Gujarat,21.816357,71.632491,PUBLIC_COMMUNITY
IDP,INDUPALLI,SCR,Andhra Pradesh,16.479094,80.877069,PUBLIC_COMMUNITY
DBL,DODBELE,SWR,Karnataka,13.216441,77.351193,PUBLIC_COMMUNITY
KVD,KHURMABAD ROAD,,,25.021489,83.848303,PUBLIC_COMMUNITY
JBO,Jamadobu,SER,Jharkhand,23.715139,86.410031,PUBLIC_COMMUNITY
KTQ,KUDRA,,,25.048552,83.793371,PUBLIC_COMMUNITY
PSE,PUSAULI,,,25.097235,83.72151,PUBLIC_COMMUNITY
STPT,SITAMPET,,,16.797409,81.211206,PUBLIC_COMMUNITY
JHBN,JHAMATPUR BAHARAN,ER,West Bengal,23.749987,88.098669,PUBLIC_COMMUNITY
UBC,AMBALA CITY,,,30.378497,76.763996,PUBLIC_COMMUNITY
JIT,JIRAT,ER,West Bengal,23.098255,88.461461,PUBLIC_COMMUNITY
BMD,BHIMADOLU,,,16.808482,81.261097,PUBLIC_COMMUNITY
JDD,Jerthi Dadhia,NWR,Rajasthan,27.731618,75.201077,PUBLIC_COMMUNITY
LXD,LAKSHANNATH ROAD,,,21.842011,87.250953,PUBLIC_COMMUNITY
JGJN,JUGIJAN,NFR,Assam,26.028001,92.81771,PUBLIC_COMMUNITY
JMI,JAMGURI,NFR,Assam,26.387707,93.960448,PUBLIC_COMMUNITY
CSM,CANSAULIM,SWR,Goa,15.344532,73.897226,PUBLIC_COMMUNITY
BPW,BURHPURA,,,25.211179,78.42955,PUBLIC_COMMUNITY
IDM,Indemau,NR,Uttar Pradesh,26.318344,80.767021,PUBLIC_COMMUNITY
KSR,KASTURI,,,27.139983,81.728838,PUBLIC_COMMUNITY
MIR,MAIJAPUR,,,27.141734,81.773788,PUBLIC_COMMUNITY
JNO,Junnor Deo,CR,Madhya Pradesh,22.191279,78.592052,PUBLIC_COMMUNITY
GDK,GONDA KACHAHRI,,,27.140227,81.934027,PUBLIC_COMMUNITY
BRCK,BARUACHAK,,,27.122672,82.055181,PUBLIC_COMMUNITY
JOL,Jogal,?,Orissa,21.696442,86.882714,PUBLIC_COMMUNITY
ICL,Ichauli,NCR,Uttar Pradesh,25.520955,80.178833,PUBLIC_COMMUNITY
MOTG,MOTIGANJ,,,27.101387,82.103635,PUBLIC_COMMUNITY
JLHI,JHILAHI,,,27.072604,82.172878,PUBLIC_COMMUNITY
KAU,Kachna,NFR,West Bengal,25.633738,88.024643,PUBLIC_COMMUNITY
BBHL,Bela Bela,,,26.137192,81.24876,PUBLIC_COMMUNITY
JOA,JANWAL,SCR,Maharashtra,18.55964,76.755147,PUBLIC_COMMUNITY
JADR,Jadar,WR,Gujarat,23.745814,72.952369,PUBLIC_COMMUNITY
JJW,Jojwa,WR,Gujarat,22.253213,73.642431,PUBLIC_COMMUNITY
MUR,MANKAPUR JN,,,27.039058,82.227648,PUBLIC_COMMUNITY
LKNR,LAKHPAT NAGAR,,,27.027626,82.277589,PUBLIC_COMMUNITY
MSW,MASKANWA,,,27.001379,82.35974,PUBLIC_COMMUNITY
ANU,ANANGUR,,,11.39694,77.820053,PUBLIC_COMMUNITY
POE,Pawapuri Road Halt,,,25.160225,85.512918,PUBLIC_COMMUNITY
SNC,S NARAYAN CHPLA,,,26.981002,82.396166,PUBLIC_COMMUNITY
HSB,Hasanbazar Halt,ECR,Bihar,25.266582,84.349296,PUBLIC_COMMUNITY
BNGY,BAHMAN JYOTIA,,,26.966264,82.427355,PUBLIC_COMMUNITY
PATI,PARSA TEWARI,,,26.95565,82.452155,PUBLIC_COMMUNITY
JI,JHUSI,NER,Uttar Pradesh,25.431145,81.916644,PUBLIC_COMMUNITY
GOVR,GOVINDNAGAR,,,26.864223,82.707468,PUBLIC_COMMUNITY
BST,BASTI,,,26.815678,82.770059,PUBLIC_COMMUNITY
ORW,ORWARA,,,26.802389,82.830311,PUBLIC_COMMUNITY
CRV,CHUREB,,,26.782155,82.977636,PUBLIC_COMMUNITY
MOW,MANANWALA,,,31.612827,74.966562,PUBLIC_COMMUNITY
JNL,JANDIALA,,,31.589979,75.054412,PUBLIC_COMMUNITY
TRA,TANGRA,,,31.576426,75.107232,PUBLIC_COMMUNITY
JSH,Jaswantgarh,NWR,Rajasthan,27.668988,74.443968,PUBLIC_COMMUNITY
BTR,BUTARI,,,31.556444,75.183274,PUBLIC_COMMUNITY
BBKR,BABA BAKALARAYA,,,31.541835,75.238827,PUBLIC_COMMUNITY
BEAS,BEAS,,,31.519374,75.290808,PUBLIC_COMMUNITY
DIW,DHILWAN,,,31.498953,75.335011,PUBLIC_COMMUNITY
RYM,RAMIDI HALT,,,31.465951,75.407843,PUBLIC_COMMUNITY
JKI,Kauriaa Jungle,?,Uttar Pradesh,26.881072,83.299798,PUBLIC_COMMUNITY
HMR,HAMIRA,,,31.45628,75.432702,PUBLIC_COMMUNITY
KRE,KARTARPUR,,,31.432388,75.492544,PUBLIC_COMMUNITY
SRX,SURA NUSSI,,,31.380553,75.541964,PUBLIC_COMMUNITY
POM,Punthottam,,,10.932628,79.657312,PUBLIC_COMMUNITY
LOHA,Loha,NWR,Rajasthan,28.006921,74.619424,PUBLIC_COMMUNITY
BBSL,BABA SODHAL NAGAR,,,31.35302,75.564868,PUBLIC_COMMUNITY
JUC,JALANDHAR CITY,,,31.331665,75.591499,PUBLIC_COMMUNITY
KBA,Kurabalakota,SCR,Andhra Pradesh,13.666284,78.485843,PUBLIC_COMMUNITY
JRC,JALANDHAR CANT,,,31.306235,75.632106,PUBLIC_COMMUNITY
ABE,Ambikeshwar,NCR,Madhya Pradesh,26.368567,77.963828,PUBLIC_COMMUNITY
CEU,CHIHERU,,,31.262695,75.706691,PUBLIC_COMMUNITY
MLIH,MAULI HALT,,,31.175,75.769234,PUBLIC_COMMUNITY
MAUL,MAULA ALI,,,31.17531,75.769544,PUBLIC_COMMUNITY
GRY,GORAYA,,,31.129722,75.774193,PUBLIC_COMMUNITY
JTO,Jutogh,NR,Himachal Pradesh,31.100734,77.122043,PUBLIC_COMMUNITY
JPS,Jamalpur Shaikhan,?,Punjab,29.699949,75.857438,PUBLIC_COMMUNITY
BTTN,BHATIAN,,,31.071444,75.780007,PUBLIC_COMMUNITY
PPDA,PANCHPATIA DEORIA HALT,,,25.768731,84.936129,PUBLIC_COMMUNITY
KHBV,KHARBAO,CR,Maharashtra,19.297247,72.983444,PUBLIC_COMMUNITY
KEV,KELA DEVI,WCR,Rajasthan,27.015612,77.329069,PUBLIC_COMMUNITY
KDE,KORADACHERI,SR,Tamil Nadu,10.771022,79.490035,PUBLIC_COMMUNITY
SHGN,SHRI GHASINAGAR,,,27.086515,76.626805,PUBLIC_COMMUNITY
QGT,KOLAGHAT,,,22.434331,87.879654,PUBLIC_COMMUNITY
BW,BIWAI,,,27.110623,76.696092,PUBLIC_COMMUNITY
KHM,KUSMHI,,,26.72824,83.453837,PUBLIC_COMMUNITY
NYN,NAINI,,,25.393138,81.860042,PUBLIC_COMMUNITY
CTHR,CHITAHRA,WCR,Madhya Pradesh,24.862627,80.842854,PUBLIC_COMMUNITY
STA,SATNA,WCR,Madhya Pradesh,24.568619,80.827717,PUBLIC_COMMUNITY
KALS,KALAS HALT,SWR,Karnataka,15.086447,75.389978,PUBLIC_COMMUNITY
KLPM,KAILASAPURAM,SR,Tamil Nadu,8.847387,77.99461,PUBLIC_COMMUNITY
KHNP,Khanapur Deccan,SCR,Karnataka,17.942175,77.382161,PUBLIC_COMMUNITY
KBSH,Krishna Ballabh,ER,Jharkhand,24.255819,86.482965,PUBLIC_COMMUNITY
KEMA,KUKMA,WR,Gujarat,23.217031,69.766265,PUBLIC_COMMUNITY
KKDI,Karaikkudi Junction,SR,Tamil Nadu,10.068518,78.793315,PUBLIC_COMMUNITY
JXN,JIRONA,?,Maharashtra,19.407451,77.951395,PUBLIC_COMMUNITY
KJZ,KARONJI,SECR,Chhattisgarh,23.282475,82.923013,PUBLIC_COMMUNITY
KDZ,Kandaghat,NR,Himachal Pradesh,30.965544,77.106996,PUBLIC_COMMUNITY
NPB,Nagapattinam Beach,SR,Tamil Nadu,10.764487,79.848443,PUBLIC_COMMUNITY
MNU,MUNDIKOTA,,,21.372513,79.834833,PUBLIC_COMMUNITY
JWN,Jiwa Arain,NR,Punjab,30.673761,74.355654,PUBLIC_COMMUNITY
KWN,KACHEWANI,,,21.43031,79.981657,PUBLIC_COMMUNITY
AGN,AMGAON,,,21.361293,80.374649,PUBLIC_COMMUNITY
LNMA,LNMA,,,,,PUBLIC_COMMUNITY
DURG,DURG,,,21.200327,81.291837,PUBLIC_COMMUNITY
KPNA,KAPAN,,,22.026018,82.494827,PUBLIC_COMMUNITY
KDTR,KIRODIMALNAGAR,,,21.926994,83.332507,PUBLIC_COMMUNITY
MTGE,MUTHANI,,,25.173237,83.619143,PUBLIC_COMMUNITY
SPF,STUARTPURAM,,,15.868003,80.406913,PUBLIC_COMMUNITY
EE,ELURU,,,16.717816,81.119762,PUBLIC_COMMUNITY
DEL,DENDULURU,,,16.781406,81.180472,PUBLIC_COMMUNITY
AGV,ANGUA,,,21.892582,87.269923,PUBLIC_COMMUNITY
DNT,DANTAN,,,21.930376,87.284055,PUBLIC_COMMUNITY
KHTN,Khutauna,ECR,Bihar,26.494365,86.397414,PUBLIC_COMMUNITY
BBU,BHABUA ROAD,,,25.173007,83.618913,PUBLIC_COMMUNITY
KJC,Kasganj City,NER,Uttar Pradesh,27.814972,78.658063,PUBLIC_COMMUNITY
DGO,DURGAUTI,,,25.207897,83.539684,PUBLIC_COMMUNITY
MVPM,MAVELIPALAIYAM,,,11.480914,77.899212,PUBLIC_COMMUNITY
SGE,SANKARIDURG,,,11.445732,77.870439,PUBLIC_COMMUNITY
DCX,DHANICHHA,,,25.227165,83.490837,PUBLIC_COMMUNITY
KID,KHAIRAR JN,NCR,Uttar Pradesh,25.451955,80.236073,PUBLIC_COMMUNITY
KHOH,KHOH,NCR,Uttar Pradesh,25.209491,80.979976,PUBLIC_COMMUNITY
KLI,Kauli,NR,Punjab,30.418388,76.519879,PUBLIC_COMMUNITY
KLAR,KULPAHAR,NCR,Uttar Pradesh,25.29552,79.63751,PUBLIC_COMMUNITY
KMS,KARAMNASA,,,25.239738,83.430892,PUBLIC_COMMUNITY
KHBJ,KHANNA BANJARI,WCR,Madhya Pradesh,23.897087,80.822716,PUBLIC_COMMUNITY
SYJ,SAIDRAJA,,,25.253531,83.35118,PUBLIC_COMMUNITY
GAQ,GANJ KHAWAJA,,,25.273922,83.184363,PUBLIC_COMMUNITY
FOCM,FLYOVER CABIN MUGHALSARAI,,,25.289359,83.172391,PUBLIC_COMMUNITY
KCT,Kirakat,NER,Uttar Pradesh,25.645355,82.924798,PUBLIC_COMMUNITY
KLD,KHALILABAD,,,26.77453,83.055073,PUBLIC_COMMUNITY
MHH,MAGHAR,,,26.750013,83.133741,PUBLIC_COMMUNITY
SIPR,SIHAPAR,,,26.757903,83.164872,PUBLIC_COMMUNITY
SWA,SAHJANWA,,,26.763075,83.2147,PUBLIC_COMMUNITY
MWH,MALWAN,,,26.017246,80.685594,PUBLIC_COMMUNITY
JTB,JAGATBELA,,,26.772224,83.278505,PUBLIC_COMMUNITY
KJS,Krishnarajasagar,SWR,Karnataka,12.401426,76.567029,PUBLIC_COMMUNITY
KLK,Kalka,NR,Haryana,30.837667,76.931759,PUBLIC_COMMUNITY
PNS,PILLAMSHAT,,,,,PUBLIC_COMMUNITY
KKS,KURASTI KALAN,,,25.955085,80.752455,PUBLIC_COMMUNITY
FTP,FATEHPUR,,,25.917489,80.801869,PUBLIC_COMMUNITY
DMG,DOMINGARH,,,26.765251,83.341993,PUBLIC_COMMUNITY
BTK,BANKATA,,,26.265917,84.09492,PUBLIC_COMMUNITY
KKL,KALA BAKRA,NR,Punjab,31.475181,75.630348,PUBLIC_COMMUNITY
BAGL,BARAGOPAL,,,25.765088,84.906765,PUBLIC_COMMUNITY
ATNR,AWATAR NAGAR,,,25.764396,84.956774,PUBLIC_COMMUNITY
KHKT,KHOTKHOTI,NFR,Assam,25.952483,93.754761,PUBLIC_COMMUNITY
ARI,ANTRI,,,26.035234,78.226699,PUBLIC_COMMUNITY
KDPS,KADIPUR SANI HA,NER,Uttar Pradesh,27.862753,80.779037,PUBLIC_COMMUNITY
KITN,KHIRI TOWN,NER,Uttar Pradesh,27.902944,80.788481,PUBLIC_COMMUNITY
MNF,MANDA ROAD,,,25.162718,82.236678,PUBLIC_COMMUNITY
MZP,MIRZAPUR,,,25.13435,82.569869,PUBLIC_COMMUNITY
JHG,JHINGURA,,,25.124475,82.651346,PUBLIC_COMMUNITY
PRE,PAHARA,,,25.119784,82.724782,PUBLIC_COMMUNITY
DAP,DAGMAGPUR,,,25.098881,82.800991,PUBLIC_COMMUNITY
CAR,CHUNAR,,,25.103351,82.874703,PUBLIC_COMMUNITY
KYT,KAILAHAT,,,25.155223,82.947581,PUBLIC_COMMUNITY
ARW,AHRAURA ROAD,,,25.196501,83.018883,PUBLIC_COMMUNITY
JEP,JEONATHPUR,,,25.231398,83.061895,PUBLIC_COMMUNITY
NEWC,NEW WEST CABIN,,,25.27379,83.10921,PUBLIC_COMMUNITY
PRKD,POWERKHEDA,,,22.673479,77.747363,PUBLIC_COMMUNITY
ITKL,ITAYAKALAN,,,23.049837,77.5462,PUBLIC_COMMUNITY
KOZ,KOSMA,NCR,Uttar Pradesh,27.156663,78.837282,PUBLIC_COMMUNITY
MDDP,MANDI DIP,,,23.093747,77.511077,PUBLIC_COMMUNITY
KTM,KUTRALAM,SR,Tamil Nadu,11.069825,79.557389,PUBLIC_COMMUNITY
NGN,NANDGAON,,,20.307616,74.659526,PUBLIC_COMMUNITY
KTX,KATAKHAL JN,NFR,Assam,24.83436,92.627067,PUBLIC_COMMUNITY
KRBA,Korba,SECR,Chhattisgarh,22.337584,82.713013,PUBLIC_COMMUNITY
ET,ITARSI JN,,,22.608258,77.767128,PUBLIC_COMMUNITY
KSAR,KUDALA SANGAM,SWR,Karnataka,16.306774,75.891059,PUBLIC_COMMUNITY
KIAT,KYATSANDRA,SWR,Karnataka,13.316196,77.148113,PUBLIC_COMMUNITY
KSPR,KASHIPURA SARAR,,,22.120086,73.145838,PUBLIC_COMMUNITY
CNT,CONTAI ROAD,,,22.078584,87.33984,PUBLIC_COMMUNITY
KRMD,Kuarmunda,SER,Orissa,22.286675,84.789851,PUBLIC_COMMUNITY
GEA,GHATERA,,,23.829387,79.673391,PUBLIC_COMMUNITY
KQD,KHAIRATABAD DCN,SCR,Andhra Pradesh,17.414221,78.46165,PUBLIC_COMMUNITY
MHUL,Mehuwala Halt,,,29.411154,75.314968,PUBLIC_COMMUNITY
ORKI,ORKI,NR,Rajasthan,30.091597,73.891318,PUBLIC_COMMUNITY
HYA,HADIAYA,NR,Punjab,30.337054,75.477006,PUBLIC_COMMUNITY
MLQ,Malkera Junction,SER,Jharkhand,23.779733,86.296949,PUBLIC_COMMUNITY
KOHR,Kohir Deccan,SCR,Andhra Pradesh,17.608886,77.711977,PUBLIC_COMMUNITY
HMQ,HIMMATPURA,NR,Haryana,29.750497,75.860597,PUBLIC_COMMUNITY
NBKH,NABA GRAM KANKU,ER,West Bengal,23.661572,88.10026,PUBLIC_COMMUNITY
ABKA,AMBIKA KALNA,ER,West Bengal,23.211377,88.353984,PUBLIC_COMMUNITY
KMAE,KHAMARGACHHI,ER,West Bengal,23.054229,88.44421,PUBLIC_COMMUNITY
IPPM,IPURUPALEM,,,15.851913,80.385122,PUBLIC_COMMUNITY
KNNK,Kanina Khas,NWR,Haryana,28.321249,76.300375,PUBLIC_COMMUNITY
NZD,NUZVID,,,16.649931,80.961528,PUBLIC_COMMUNITY
KNH,Konch,NCR,Uttar Pradesh,25.995106,79.157707,PUBLIC_COMMUNITY
VAT,VATLUR,,,16.69451,81.044473,PUBLIC_COMMUNITY
HOJ,HAMITONGANJ,NFR,West Bengal,26.688907,89.416841,PUBLIC_COMMUNITY
IPRA,IPRA,,,,,PUBLIC_COMMUNITY
KMKD,KHAMKHED,,,20.904161,76.122339,PUBLIC_COMMUNITY
NSI,NIKURSINI,,,22.004654,87.306186,PUBLIC_COMMUNITY
KTKL,KOTLI KALAN,NR,Punjab,30.041102,75.297551,PUBLIC_COMMUNITY
JSRD,Jhankad Sarala Road,?,Orissa,20.290186,86.304284,PUBLIC_COMMUNITY
DPT,Dalpat Singhpur,,,29.929458,73.524416,PUBLIC_COMMUNITY
BLDA,BELDA,,,22.071444,87.336914,PUBLIC_COMMUNITY
MAKR,MALKHERI,,,24.169924,78.223009,PUBLIC_COMMUNITY
DC,MAGUDANCHAVADI,,,11.55092,77.987264,PUBLIC_COMMUNITY
BJQ,BAGHORA,,,24.135877,78.260336,PUBLIC_COMMUNITY
KYE,KHURAI,,,24.051525,78.331128,PUBLIC_COMMUNITY
SMRR,SUMRERI,,,24.006945,78.399411,PUBLIC_COMMUNITY
KOY,KHEROL,WR,Gujarat,23.310434,72.934133,PUBLIC_COMMUNITY
JLM,JALIYA MATH,WR,Gujarat,23.227583,72.877596,PUBLIC_COMMUNITY
JRK,JERUWA KHERA,,,23.973745,78.478729,PUBLIC_COMMUNITY
CV,KAVERI,,,11.351027,77.760945,PUBLIC_COMMUNITY
ISH,ISARWARA,,,23.927214,78.548987,PUBLIC_COMMUNITY
CPMR,CPMR,,,,,PUBLIC_COMMUNITY
NOI,NARIAOLI,,,23.89567,78.604147,PUBLIC_COMMUNITY
KSI,Kosli,NWR,Haryana,28.411947,76.464704,PUBLIC_COMMUNITY
RTZ,RATONA,,,23.83539,78.685372,PUBLIC_COMMUNITY
SGO,SAUGOR,,,23.84735,78.74292,PUBLIC_COMMUNITY
KUV,Kundara,SR,Kerala,8.960373,76.678549,PUBLIC_COMMUNITY
DEC,DELHI CANTT,NR,Delhi NCT,28.613534,77.116577,PUBLIC_COMMUNITY
MKRN,MAKRONIA,,,23.86705,78.808077,PUBLIC_COMMUNITY
LDA,LIDHORA KHURD,,,23.852972,78.872323,PUBLIC_COMMUNITY
KYX,KARHIYA BHADELI,,,23.858464,79.504563,PUBLIC_COMMUNITY
GTY,GOLA PATI,,,23.798776,79.738652,PUBLIC_COMMUNITY
SAO,SAGONI,,,23.811896,79.811439,PUBLIC_COMMUNITY
SYA,SALAIA,,,23.846076,79.969117,PUBLIC_COMMUNITY
KMLR,Kamalur,ECoR,Chhattisgarh,18.854521,81.276887,PUBLIC_COMMUNITY
MJGP,MAJHGAWAN PHATA,,,23.883133,80.347474,PUBLIC_COMMUNITY
KMZ,KATNI MURWARA,,,23.834356,80.401484,PUBLIC_COMMUNITY
KNPS,Kendposi,SER,Jharkhand,22.294845,85.732482,PUBLIC_COMMUNITY
BKO,BINDKI ROAD,,,26.116562,80.580557,PUBLIC_COMMUNITY
KSQ,KANSPUR GUGAULI,,,26.074302,80.625838,PUBLIC_COMMUNITY
NGTN,NAGOTHANE,CR,Maharashtra,18.539932,73.140769,PUBLIC_COMMUNITY
KNF,Khanudih,SER,Jharkhand,23.820218,86.192157,PUBLIC_COMMUNITY
AGD,AGASOD,,,24.234023,78.216912,PUBLIC_COMMUNITY
KOA,KARONDA,,,24.330273,78.265477,PUBLIC_COMMUNITY
MXS,MOHASA,,,24.378687,78.2889,PUBLIC_COMMUNITY
KORI,Khori,NWR,Haryana,28.187268,76.498091,PUBLIC_COMMUNITY
DUA,DHAURA,,,24.44965,78.321791,PUBLIC_COMMUNITY
JLN,JAKHALAUN,,,24.547359,78.341911,PUBLIC_COMMUNITY
JRO,JIRON,,,24.608534,78.361937,PUBLIC_COMMUNITY
LAR,LALITPUR,,,24.688222,78.395791,PUBLIC_COMMUNITY
DWA,DAILWARA,,,24.78059,78.392945,PUBLIC_COMMUNITY
JHA,JAKHAURA,,,24.870821,78.400513,PUBLIC_COMMUNITY
GKB,GHATAKA VARANA,,,25.506883,76.160353,PUBLIC_COMMUNITY
LRD,LAR ROAD,NER,Uttar Pradesh,26.21389,83.910183,PUBLIC_COMMUNITY
LHM,LEHRA MUHABBAT,NR,Punjab,30.236037,75.162817,PUBLIC_COMMUNITY
JL,JALGAON JN,,,21.018115,75.562875,PUBLIC_COMMUNITY
ARE,ARNETHA,,,25.389778,76.018674,PUBLIC_COMMUNITY
LBG,LIMBGAON,SCR,Maharashtra,19.176458,77.206134,PUBLIC_COMMUNITY
KPTN,KESHORAI PATAN,,,25.324522,75.937733,PUBLIC_COMMUNITY
GNCN,GURLA N CABIN,,,25.29723,75.904656,PUBLIC_COMMUNITY
HPR,HIRAPUR,,,20.42454,74.93666,PUBLIC_COMMUNITY
GQLN,GURLA N,,,25.293603,75.900299,PUBLIC_COMMUNITY
MASK,MAISAR KHANA,NR,Punjab,30.099805,75.13917,PUBLIC_COMMUNITY
LKBL,LAKHABAWAL,WR,Gujarat,22.409215,69.999514,PUBLIC_COMMUNITY
GQLW,GURLA W,,,25.29033,75.884831,PUBLIC_COMMUNITY
KZY,Kayalpattinam,SR,Tamil Nadu,8.566912,78.09973,PUBLIC_COMMUNITY
GQL,GURLA,,,25.270233,75.885268,PUBLIC_COMMUNITY
SNJL,SANJALI,,,21.575809,72.988613,PUBLIC_COMMUNITY
XX-CLDO,XX-CLDO,,,,,PUBLIC_COMMUNITY
DDYX,DDYX,,,,,PUBLIC_COMMUNITY
KURO,Korari,NR,Uttar Pradesh,26.48788,80.529002,PUBLIC_COMMUNITY
XX-SUNB,XX-SUNB,,,,,PUBLIC_COMMUNITY
KSB,KOSAMBA JN,,,21.464052,72.954598,PUBLIC_COMMUNITY
KCCN,KCCN,,,25.239081,75.879265,PUBLIC_COMMUNITY
MNVL,MNVL,,,,,PUBLIC_COMMUNITY
KMNP,Kishan Manpura,NWR,Rajasthan,27.299546,75.504945,PUBLIC_COMMUNITY
STN,SITARAMPUR,,,23.723864,86.896472,PUBLIC_COMMUNITY
TNW,THAPAR NAGAR,,,23.769198,86.70137,PUBLIC_COMMUNITY
MAI,MEHSI,ECR,Bihar,26.354898,85.096319,PUBLIC_COMMUNITY
LMT,ALMATTI,SWR,Karnataka,16.3459,75.9005,PUBLIC_COMMUNITY
KXK,Kharkhauda,NR,Uttar Pradesh,28.833445,77.739043,PUBLIC_COMMUNITY
LKDU,Lankalakoderu,SCR,Andhra Pradesh,16.534517,81.681244,PUBLIC_COMMUNITY
ABKP,AMBIKAPUR,SECR,Chhattisgarh,23.137032,83.145109,PUBLIC_COMMUNITY
LM,LIMBDI,WR,Gujarat,22.56604,71.789599,PUBLIC_COMMUNITY
LGO,LalgopalGanj,NR,Uttar Pradesh,25.642195,81.630185,PUBLIC_COMMUNITY
CI,CHHAPRA KACHERI,,,25.785987,84.747095,PUBLIC_COMMUNITY
GJH,GOLDINGANJ,,,25.754174,84.827254,PUBLIC_COMMUNITY
KGWD,KAGWAD,,,,,PUBLIC_COMMUNITY
LAP,Lohapur,ER,West Bengal,24.302357,87.963719,PUBLIC_COMMUNITY
JAQ,JANDRAPETA,,,15.809517,80.333681,PUBLIC_COMMUNITY
CLX,CHIRALA,,,15.830755,80.353602,PUBLIC_COMMUNITY
VRVL,VIRAVALLI,,,16.615947,80.912201,PUBLIC_COMMUNITY
KUP,KUP,NR,Punjab,30.600732,75.852846,PUBLIC_COMMUNITY
CRWL,CHAK RAKHWAL,,,,,PUBLIC_COMMUNITY
LLJ,LalGanj,NR,Uttar Pradesh,26.172392,80.973175,PUBLIC_COMMUNITY
CKB,CHAUTH KA BARWARA,,,26.051333,76.149053,PUBLIC_COMMUNITY
CRKR,CHAURAKHERI,WCR,Rajasthan,24.567234,77.122019,PUBLIC_COMMUNITY
DXD,DIGOD,WCR,Rajasthan,25.196344,76.015396,PUBLIC_COMMUNITY
KJME,KAJORAGRAM,ER,West Bengal,23.615327,87.184665,PUBLIC_COMMUNITY
MAE,Matheran,CR,Maharashtra,18.989244,73.270911,PUBLIC_COMMUNITY
MADA,Maonda,NWR,Rajasthan,27.809478,75.827673,PUBLIC_COMMUNITY
VRPD,VIRAPANDY ROAD,,,11.59699,78.074581,PUBLIC_COMMUNITY
KBN,KARBIGWAN,,,26.200502,80.502629,PUBLIC_COMMUNITY
AUNG,AUNG,,,26.16423,80.544495,PUBLIC_COMMUNITY
LNN,LONAND,CR,Maharashtra,18.040769,74.190477,PUBLIC_COMMUNITY
SLV,SANDALPUR,,,26.113488,78.196395,PUBLIC_COMMUNITY
STLI,SITHOULI,,,26.145594,78.187004,PUBLIC_COMMUNITY
GWL,GWALIOR JN,,,26.216483,78.182292,PUBLIC_COMMUNITY
RRU,RAYARU,,,26.307454,78.129864,PUBLIC_COMMUNITY
BAO,BANMOR,,,26.355565,78.098927,PUBLIC_COMMUNITY
KXA,Kuanriya,NWR,Rajasthan,25.130668,74.000153,PUBLIC_COMMUNITY
NUB,NURABAD,,,26.406044,78.078092,PUBLIC_COMMUNITY
SANK,SANK,,,26.43052,78.059751,PUBLIC_COMMUNITY
MRA,MORENA,,,26.500504,78.003442,PUBLIC_COMMUNITY
HET,HETAMPUR,,,26.611148,77.942969,PUBLIC_COMMUNITY
GHER,GHER,,,26.666953,77.950981,PUBLIC_COMMUNITY
DHO,DHAULPUR,,,26.697592,77.906049,PUBLIC_COMMUNITY
KZB,Kurumbur,SR,Tamil Nadu,8.585755,78.03964,PUBLIC_COMMUNITY
NCU,Nallacheruvu,SCR,Andhra Pradesh,14.020565,78.177734,PUBLIC_COMMUNITY
MIA,MANIA,,,26.805806,77.91965,PUBLIC_COMMUNITY
JJ,JAJAU,,,26.934561,77.936725,PUBLIC_COMMUNITY
BFP,BILOCHPURA AGRA,,,27.202619,77.987169,PUBLIC_COMMUNITY
LWS,LUKWASA,WCR,Madhya Pradesh,25.110195,77.590102,PUBLIC_COMMUNITY
RNKA,RUNKUTA,,,27.22285,77.897935,PUBLIC_COMMUNITY
TKEC,TUGLAKABAD EAST CABIN,,,28.547701,77.276461,PUBLIC_COMMUNITY
MALA,MALA,NER,Uttar Pradesh,28.592851,79.916972,PUBLIC_COMMUNITY
MBO,Mairabari,NFR,Assam,26.450839,92.421058,PUBLIC_COMMUNITY
MAA,MAVAL,NWR,Rajasthan,24.432277,72.70044,PUBLIC_COMMUNITY
KWI,KIVARLI,NWR,Rajasthan,24.540507,72.842419,PUBLIC_COMMUNITY
SLBN,SALAI BANWA,,,24.421213,83.008895,PUBLIC_COMMUNITY
DIWR,DIWR,,,,,PUBLIC_COMMUNITY
CUKI,CUKI,,,,,PUBLIC_COMMUNITY
NKJ,NEW KATNI JN,,,23.813637,80.420454,PUBLIC_COMMUNITY
MMM,MANDAPAM,SR,Tamil Nadu,9.280516,79.157354,PUBLIC_COMMUNITY
MJHL,MAJADA HALT,NR,Uttar Pradesh,28.461762,78.743209,PUBLIC_COMMUNITY
MLMG,MALLEMADUGU,SCR,Andhra Pradesh,17.325138,80.160588,PUBLIC_COMMUNITY
RTGN,RATANGAON,,,23.836576,79.892511,PUBLIC_COMMUNITY
PTHD,PATOHAN,,,23.914017,80.190467,PUBLIC_COMMUNITY
MLSU,MALSAILU,SCR,Maharashtra,19.868049,77.123238,PUBLIC_COMMUNITY
XX-BDXO,XX-BDXO,,,,,PUBLIC_COMMUNITY
ABS,ABOHAR,NR,Punjab,30.139383,74.195686,PUBLIC_COMMUNITY
MONJ,MONGLAJHORA,NFR,Assam,26.259236,89.963309,PUBLIC_COMMUNITY
MHO,MAHPUR,NER,Uttar Pradesh,25.605166,83.246984,PUBLIC_COMMUNITY
GSPR,GOSALPUR,WCR,Madhya Pradesh,23.381806,80.059225,PUBLIC_COMMUNITY
MML,MADAN MAHAL,WCR,Madhya Pradesh,23.159475,79.920425,PUBLIC_COMMUNITY
MLP,MALLAPUR,SWR,Karnataka,15.672447,75.610219,PUBLIC_COMMUNITY
ABW,Abutara Halt,NFR,West Bengal,26.070776,89.586875,PUBLIC_COMMUNITY
VGL,VAGHLI,,,20.522649,75.074337,PUBLIC_COMMUNITY
MGB,Mudigubba,SCR,Andhra Pradesh,14.349934,77.994996,PUBLIC_COMMUNITY
MKSR,Mokalsar,NWR,Rajasthan,25.62535,72.518045,PUBLIC_COMMUNITY
MYK,MAYAKONDA,SWR,Karnataka,14.284214,76.081381,PUBLIC_COMMUNITY
DKZ,DELHI KISHANGANJ,NR,Delhi NCT,28.664732,77.201256,PUBLIC_COMMUNITY
MORA,MORAIYA,WR,Gujarat,22.946834,72.454814,PUBLIC_COMMUNITY
KRZ,KHARAWAR,NR,Haryana,28.83154,76.681044,PUBLIC_COMMUNITY
MKDD,MUKUNDWADI HALT,SCR,Maharashtra,19.859544,75.367553,PUBLIC_COMMUNITY
ABX,AMBARI,SCR,Maharashtra,19.689361,78.216685,PUBLIC_COMMUNITY
BQT,BAKTAR NAGAR,,,23.589945,87.156899,PUBLIC_COMMUNITY
RNG,RANIGANJ,,,23.602851,87.11698,PUBLIC_COMMUNITY
NMC,NIMCHA,,,23.626716,87.090288,PUBLIC_COMMUNITY
KPK,KALIPAHARI,,,23.6652,87.01593,PUBLIC_COMMUNITY
ASNE,ASANSOL EAST,,,23.686432,86.991176,PUBLIC_COMMUNITY
ASN,ASANSOL JN,,,23.691441,86.975152,PUBLIC_COMMUNITY
BCQ,BARACHAK,,,23.706726,86.928133,PUBLIC_COMMUNITY
MIAL,Milaoli,NCR,Madhya Pradesh,26.296423,78.120963,PUBLIC_COMMUNITY
ZARP,ZARAP,KR,Maharashtra,15.94768,73.734105,PUBLIC_COMMUNITY
MGI,Manigachi,ECR,Bihar,26.213719,86.146605,PUBLIC_COMMUNITY
MHN,Mahanadi,NFR,West Bengal,26.882301,88.318628,PUBLIC_COMMUNITY
MKRD,Machhakunda,ECoR,Orissa,18.566875,82.666955,PUBLIC_COMMUNITY
MHI,Manihari,NFR,Bihar,25.343215,87.619725,PUBLIC_COMMUNITY
HLG,Hillgrove,SR,Tamil Nadu,,,PUBLIC_COMMUNITY
TOU,TELAPROLU,,,16.598822,80.890556,PUBLIC_COMMUNITY
MDKD,MADHUKUNDA,SER,West Bengal,23.62663,86.869091,PUBLIC_COMMUNITY
PMPR,PAMPORE,,,26.2451,80.483542,PUBLIC_COMMUNITY
MRJ,MIRAJ JN,CR,Maharashtra,16.819946,74.638839,PUBLIC_COMMUNITY
BHA,BHANDAI,,,27.069064,77.966807,PUBLIC_COMMUNITY
MNWL,MANWAL,NR,Jammu and Kashmir,32.769105,75.132225,PUBLIC_COMMUNITY
AGC,AGRA CANTT,,,27.157992,77.990153,PUBLIC_COMMUNITY
RKM,RAJA KI MANDI,,,27.193811,77.996613,PUBLIC_COMMUNITY
KXM,KITHAM,,,27.253709,77.817054,PUBLIC_COMMUNITY
FHT,FARAH TOWN,,,27.318183,77.758086,PUBLIC_COMMUNITY
MDVL,MANDAVALLI,SCR,Andhra Pradesh,16.518809,81.160744,PUBLIC_COMMUNITY
FAR,FARAH,,,27.334474,77.743659,PUBLIC_COMMUNITY
CPLE,CHINPAI,ER,West Bengal,23.839677,87.460637,PUBLIC_COMMUNITY
BAD,BAAD,,,27.395941,77.689652,PUBLIC_COMMUNITY
VRBD,VRINDABAN ROAD,,,27.555461,77.622835,PUBLIC_COMMUNITY
AJH,AJHAI,,,27.63615,77.558423,PUBLIC_COMMUNITY
CHJ,CHATA,,,27.711992,77.502978,PUBLIC_COMMUNITY
KSV,KOSI KALAN,,,27.788551,77.445999,PUBLIC_COMMUNITY
BNCR,BANCHARI,,,27.953085,77.362553,PUBLIC_COMMUNITY
MJNL,MAJRI NANGAL,NWR,Rajasthan,28.011997,76.554869,PUBLIC_COMMUNITY
DSPT,DANISHPET,,,11.858919,78.138256,PUBLIC_COMMUNITY
SHLK,SHOLAKA,,,27.973644,77.360583,PUBLIC_COMMUNITY
PWL,PALWAL,,,28.151841,77.342232,PUBLIC_COMMUNITY
AST,ASAOTI,,,28.250878,77.323569,PUBLIC_COMMUNITY
PYLA,PIYALA BLOCK HUT,,,28.288129,77.317824,PUBLIC_COMMUNITY
BVH,BALLABGARH,,,28.340861,77.312776,PUBLIC_COMMUNITY
TNT,TINNAPPATTI,,,11.812422,78.098803,PUBLIC_COMMUNITY
KPPR,KARUPPUR,,,11.724176,78.090379,PUBLIC_COMMUNITY
FDN,FARIDABAD NEW TOWN,,,28.376248,77.309368,PUBLIC_COMMUNITY
TKDC,TUGLAKABAD CABIN,,,28.458853,77.303032,PUBLIC_COMMUNITY
TKD,TUGLAKABAD,,,28.511963,77.294046,PUBLIC_COMMUNITY
MIN,Mihinpurwa,NER,Uttar Pradesh,28.027344,81.384467,PUBLIC_COMMUNITY
MME,Mul Marora,SECR,Maharashtra,20.053466,79.658279,PUBLIC_COMMUNITY
MDPB,MADHOPUR PUNJAB,NR,Punjab,32.359168,75.594728,PUBLIC_COMMUNITY
GILA,GHIALA,NR,Punjab,32.151615,75.643939,PUBLIC_COMMUNITY
MEX,MUKERIAN,NR,Punjab,31.941873,75.611838,PUBLIC_COMMUNITY
MLC,MALKISAR,NWR,Rajasthan,28.654232,73.862645,PUBLIC_COMMUNITY
KVJ,KESHAVGANJ,NWR,Rajasthan,24.856164,73.071329,PUBLIC_COMMUNITY
NEMA,Nema Halt,?,Bihar,25.409592,85.072249,PUBLIC_COMMUNITY
MV,MAYILADUTURAI JN,SR,Tamil Nadu,11.095237,79.62868,PUBLIC_COMMUNITY
NILE,NIMTITA,ER,West Bengal,24.625338,88.00764,PUBLIC_COMMUNITY
BLRD,BALA ROAD,WR,Gujarat,22.80462,71.703754,PUBLIC_COMMUNITY
MRTY,MURTI,SCR,Maharashtra,18.681887,76.591573,PUBLIC_COMMUNITY
MCJ,MANJATTIDAL,SR,Tamil Nadu,10.792057,78.731401,PUBLIC_COMMUNITY
VG,VIRAMGAM JN,,,23.129098,72.052968,PUBLIC_COMMUNITY
RHNE,ROHINI,,,20.362871,74.859801,PUBLIC_COMMUNITY
XSK,SOKALI,,,23.103188,72.090339,PUBLIC_COMMUNITY
JKA,JAKHVADA,,,23.087208,72.135381,PUBLIC_COMMUNITY
VCN,VIROCHANNAGAR,,,23.078484,72.196184,PUBLIC_COMMUNITY
TGR2,BLOCK AND CATCH SIDING CABINE NO.2,,,19.701406,73.499954,PUBLIC_COMMUNITY
MZH,MAUHARI,SECR,Madhya Pradesh,23.118661,81.769465,PUBLIC_COMMUNITY
MVD,MULVAD,SWR,Karnataka,16.620372,75.746926,PUBLIC_COMMUNITY
NDV,NIDVANDA,SWR,Karnataka,13.245142,77.273126,PUBLIC_COMMUNITY
CE,CHHARODI,,,23.049124,72.250919,PUBLIC_COMMUNITY
MRHA,Murahara,?,Bihar,24.91338,86.934526,PUBLIC_COMMUNITY
WSE,VASAN IYAWA,,,23.026558,72.313125,PUBLIC_COMMUNITY
NANR,Naranpur,ECoR,Orissa,21.617209,85.637868,PUBLIC_COMMUNITY
SPBK,SPBK,,,,,PUBLIC_COMMUNITY
SAU,SANAND,,,23.024216,72.384749,PUBLIC_COMMUNITY
GGM,GORA GHUMA,,,23.038848,72.454405,PUBLIC_COMMUNITY
ABD,AMBLI ROAD,,,23.05437,72.494044,PUBLIC_COMMUNITY
CLDY,CHANDLODIYA,,,23.074516,72.543606,PUBLIC_COMMUNITY
NDH,Nindhar Benar,NWR,Rajasthan,27.003882,75.729096,PUBLIC_COMMUNITY
KOTA,KOTA JN,,,25.223553,75.8805,PUBLIC_COMMUNITY
SBTF,SABARMATI F CABIN,,,23.085912,72.570106,PUBLIC_COMMUNITY
MTH,MATAUNDH,NCR,Uttar Pradesh,25.418978,80.148507,PUBLIC_COMMUNITY
NAD,NAGDA JN,,,23.45592,75.412491,PUBLIC_COMMUNITY
KRSA,KHARSALIYA,,,22.705088,73.554481,PUBLIC_COMMUNITY
DRL,DEROL,,,22.630205,73.462158,PUBLIC_COMMUNITY
NDY,Nandi Halt,SWR,Karnataka,13.384142,77.712486,PUBLIC_COMMUNITY
BRC,VADODARA JN,,,22.310756,73.181065,PUBLIC_COMMUNITY
BKRL,BAKROL,,,22.588103,73.419204,PUBLIC_COMMUNITY
TNGR,THONGANUR,,,12.08227,78.358665,PUBLIC_COMMUNITY
BDY,BUDDIREDDIPPATI,,,12.044659,78.312752,PUBLIC_COMMUNITY
BQI,BOMMIDI,,,11.984698,78.246281,PUBLIC_COMMUNITY
LCR,LOKUR,,,11.927787,78.174049,PUBLIC_COMMUNITY
MZQ,MAJGAON ASSAM,NFR,Assam,26.430697,90.574137,PUBLIC_COMMUNITY
CPN,CHAMPANER RD JN,,,22.541916,73.393378,PUBLIC_COMMUNITY
LAN,LOTANA,,,22.523268,73.363557,PUBLIC_COMMUNITY
SMLA,SAMLAYA JN,,,22.483966,73.302104,PUBLIC_COMMUNITY
AIR,ALINDRA ROAD,,,22.440575,73.239854,PUBLIC_COMMUNITY
PIO,PILOL,,,22.39641,73.186675,PUBLIC_COMMUNITY
MQX,MERALGRAM,ECR,Jharkhand,24.19691,83.709634,PUBLIC_COMMUNITY
CYI,CHHAYAPURI,,,22.388284,73.179698,PUBLIC_COMMUNITY
MYE,Mandhali,NR,Punjab,31.204703,75.831855,PUBLIC_COMMUNITY
SRWN,SARASWATINAGAR,,,21.251382,81.603905,PUBLIC_COMMUNITY
MWF,MAGARDAHA,ECR,Uttar Pradesh,24.388753,82.905844,PUBLIC_COMMUNITY
MFQ,MAHROI,WCR,Madhya Pradesh,23.951414,80.919501,PUBLIC_COMMUNITY
LEK,LAKHAKHERA,WCR,Madhya Pradesh,23.7639,80.574139,PUBLIC_COMMUNITY
NDM,NIDAMANURU,SCR,Andhra Pradesh,16.507237,80.730551,PUBLIC_COMMUNITY
MTR,MOTIPUR,ECR,Bihar,26.257039,85.168197,PUBLIC_COMMUNITY
MRLI,Murli Halt,ER,Jharkhand,25.017163,87.773199,PUBLIC_COMMUNITY
MWRN,Madwarani,SECR,Chhattisgarh,22.165407,82.711553,PUBLIC_COMMUNITY
DDAC,DDAC,,,,,PUBLIC_COMMUNITY
XX-ANK,XX-ANK,,,,,PUBLIC_COMMUNITY
RXM,ROOMA,,,26.35704,80.430357,PUBLIC_COMMUNITY
NIRA,NIRA,CR,Maharashtra,18.104965,74.209082,PUBLIC_COMMUNITY
HALT,HALT,,,,,PUBLIC_COMMUNITY
ULT,KULTI,,,23.737816,86.84887,PUBLIC_COMMUNITY
MTV,Matalkunta,SCR,Andhra Pradesh,17.768291,77.56294,PUBLIC_COMMUNITY
BRR,BARAKAR,,,23.741683,86.818859,PUBLIC_COMMUNITY
KMME,KUMARDUBI,,,23.747453,86.794065,PUBLIC_COMMUNITY
MMU,MUGMA,,,23.751414,86.747614,PUBLIC_COMMUNITY
KAO,KALUBATHAN,,,23.758149,86.661294,PUBLIC_COMMUNITY
PKA,PRADHANKHUNTA,,,23.77259,86.515977,PUBLIC_COMMUNITY
MSTH,Misrikh Tirath,NR,Uttar Pradesh,27.422484,80.530303,PUBLIC_COMMUNITY
MRIJ,Murliganj,ECR,Bihar,25.888506,87.000446,PUBLIC_COMMUNITY
DOKM,DOKRA HALT,,,23.782884,86.480808,PUBLIC_COMMUNITY
DHN,DHANBAD JN,,,23.790966,86.428956,PUBLIC_COMMUNITY
MGWN,MAHGAWAN HALT,NR,Uttar Pradesh,25.817256,82.696251,PUBLIC_COMMUNITY
DDD,DHONDHA DIH,NER,Uttar Pradesh,25.672848,83.79552,PUBLIC_COMMUNITY
KHED,KHED,KR,Maharashtra,17.712059,73.408815,PUBLIC_COMMUNITY
AT,ASNOTI,KR,Karnataka,14.876286,74.147683,PUBLIC_COMMUNITY
MTM,Machilipatnam,SCR,Andhra Pradesh,16.171258,81.137763,PUBLIC_COMMUNITY
JN,JHUND,,,23.160609,71.936147,PUBLIC_COMMUNITY
SADL,SADLA,,,23.134597,71.850678,PUBLIC_COMMUNITY
BDI,BHADLI,,,21.023663,75.672912,PUBLIC_COMMUNITY
TRW,TARSOD,,,21.025557,75.633215,PUBLIC_COMMUNITY
OSA,AUSA ROAD,CR,Maharashtra,18.37723,76.407992,PUBLIC_COMMUNITY
KJ,KAJGAON,,,20.573753,75.140405,PUBLIC_COMMUNITY
NMD,NOMODA,WCR,Rajasthan,26.280074,76.57945,PUBLIC_COMMUNITY
HDGR,HADGAON ROAD,SCR,Maharashtra,19.332339,77.722863,PUBLIC_COMMUNITY
PRJ,PRANTIJ,WR,Gujarat,23.439324,72.862688,PUBLIC_COMMUNITY
CSN,CHALISGAON JN,,,20.464109,74.999049,PUBLIC_COMMUNITY
BRGZ,VADODARA E CABIN,,,22.363671,73.159395,PUBLIC_COMMUNITY
NRV,NARIYAR,ECR,Bihar,26.240376,85.217642,PUBLIC_COMMUNITY
NRY,Nyoriya Husenpur,NER,Uttar Pradesh,28.734528,79.889661,PUBLIC_COMMUNITY
PPF,PIPLAJ,NWR,Rajasthan,26.164809,74.377466,PUBLIC_COMMUNITY
APA,AMARPURA,NWR,Rajasthan,26.110973,74.249302,PUBLIC_COMMUNITY
NUQ,NAGAR UNTARI,ECR,Jharkhand,24.285735,83.514165,PUBLIC_COMMUNITY
KSE,KOSAD,,,21.255892,72.86573,PUBLIC_COMMUNITY
SBC,BANGALORE CITY JN,SWR,Karnataka,12.977595,77.568083,PUBLIC_COMMUNITY
TLD,TILDA,,,21.550734,81.794586,PUBLIC_COMMUNITY
GED,GULEDAGUDDA RD,SWR,Karnataka,16.069516,75.695659,PUBLIC_COMMUNITY
NBL,NIMBAL,SWR,Karnataka,17.118384,75.859907,PUBLIC_COMMUNITY
NVG,Nawagaon,CR,Madhya Pradesh,22.088704,78.436386,PUBLIC_COMMUNITY
NIL,Nilambur Road,SR,Kerala,11.278805,76.254779,PUBLIC_COMMUNITY
NOMD,Noamundi,SER,Jharkhand,22.15311,85.513684,PUBLIC_COMMUNITY
ACH,Achalganj,NR,Uttar Pradesh,26.444642,80.545415,PUBLIC_COMMUNITY
OSRA,Osra,WR,Madhya Pradesh,23.178262,75.779294,PUBLIC_COMMUNITY
PAGM,Pennada Agraharam,SCR,Andhra Pradesh,16.541296,81.577652,PUBLIC_COMMUNITY
NLN,NAILALUNG,NFR,Assam,25.774379,93.38881,PUBLIC_COMMUNITY
KDY,KETTANDAPATTI,,,12.626458,78.571491,PUBLIC_COMMUNITY
XX-GTLB,XX-GTLB,,,,,PUBLIC_COMMUNITY
UGD,UPPUGUNDURU,,,15.650668,80.194463,PUBLIC_COMMUNITY
XX-TNGC,XX-TNGC,,,,,PUBLIC_COMMUNITY
XX-HPTB,XX-HPTB,,,,,PUBLIC_COMMUNITY
CJM,CHINNA GANJAM,,,15.689502,80.236773,PUBLIC_COMMUNITY
KVDU,KADAVAKUDURU,,,15.722541,80.257298,PUBLIC_COMMUNITY
OTN,OATING,NFR,Assam,26.429809,93.987274,PUBLIC_COMMUNITY
NZR,NAZIRA,NFR,Assam,26.905961,94.72848,PUBLIC_COMMUNITY
NMN,Namanasamudram,SR,Tamil Nadu,10.327487,78.777507,PUBLIC_COMMUNITY
NPU,Nadiapur,NFR,Tripura,24.385641,92.204092,PUBLIC_COMMUNITY
NNX,NANAUTA,NR,Uttar Pradesh,29.712202,77.442397,PUBLIC_COMMUNITY
MTJ,MATHURA JN,,,27.480145,77.673117,PUBLIC_COMMUNITY
ITRN,Itwari Jn (Ng),,,21.156859,79.118302,PUBLIC_COMMUNITY
BTSR,BHUTESHWAR,,,27.50137,77.66784,PUBLIC_COMMUNITY
HDL,HODAL,,,27.886147,77.38869,PUBLIC_COMMUNITY
OKA,OKHLA,,,28.559332,77.264825,PUBLIC_COMMUNITY
OEL,OEL,NER,Uttar Pradesh,27.819798,80.74816,PUBLIC_COMMUNITY
PD,PHARADAHAN,NER,Uttar Pradesh,27.993457,80.631949,PUBLIC_COMMUNITY
MOLK,MOLAKARAMPATTI,,,12.466956,78.541815,PUBLIC_COMMUNITY
KEY,KAGANKARAI,,,12.412541,78.510114,PUBLIC_COMMUNITY
KNNT,KUNNATHUR,,,12.360518,78.497376,PUBLIC_COMMUNITY
SLY,SAMALPATTI,,,12.311594,78.484032,PUBLIC_COMMUNITY
DST,DASAMPATTI,,,12.251026,78.438356,PUBLIC_COMMUNITY
MAP,MORAPPUR,,,12.124073,78.393874,PUBLIC_COMMUNITY
NSA,Nishangara,NER,Uttar Pradesh,28.112457,81.311271,PUBLIC_COMMUNITY
OGM,Oorgaum,SWR,Karnataka,12.95409,78.259747,PUBLIC_COMMUNITY
NYG,Nayagarh,?,Orissa,21.839609,85.433342,PUBLIC_COMMUNITY
MHUR,Mohanpur,ER,Jharkhand,24.488461,86.785648,PUBLIC_COMMUNITY
ONR,Coonoor,SR,Tamil Nadu,11.343714,76.791337,PUBLIC_COMMUNITY
OBM,Obalapuram,SWR,Andhra Pradesh,15.009799,76.836422,PUBLIC_COMMUNITY
KPRR,KOTAPAR ROAD,ECoR,Chhattisgarh,19.041434,82.30895,PUBLIC_COMMUNITY
INDRG,INDRG,,,,,PUBLIC_COMMUNITY
GNSYM,GNSYM,,,,,PUBLIC_COMMUNITY
JTX,JATPIPLI,,,23.076354,71.702216,PUBLIC_COMMUNITY
BAJN,BAJANA,,,23.101735,71.772077,PUBLIC_COMMUNITY
VSV,VASADVA,,,23.035163,71.595284,PUBLIC_COMMUNITY
DHG,DHRANGDHRA,,,22.987165,71.479108,PUBLIC_COMMUNITY
SUK,SUKHPUR,,,23.014848,71.243815,PUBLIC_COMMUNITY
HVD,HALVAD,,,23.018516,71.182909,PUBLIC_COMMUNITY
DHNL,DHANALA,,,23.009171,71.084085,PUBLIC_COMMUNITY
DVY,DEVALIYA,,,23.027775,71.012482,PUBLIC_COMMUNITY
KHXB,KHAKHRECHI,,,23.056445,70.90346,PUBLIC_COMMUNITY
WDHR,WADHARVA,,,23.07645,70.828521,PUBLIC_COMMUNITY
MALB,MALIYA MIYANA,,,23.103167,70.754885,PUBLIC_COMMUNITY
KATR,KATARIYA,,,23.289037,70.604533,PUBLIC_COMMUNITY
VONB,VONDH,,,23.303951,70.399876,PUBLIC_COMMUNITY
BCOB,BHACHAU BG,,,23.301391,70.344972,PUBLIC_COMMUNITY
CHIB,CHIRAI BG,,,23.208801,70.242149,PUBLIC_COMMUNITY
BMSB,BHIMASAR BG,,,23.186504,70.174975,PUBLIC_COMMUNITY
GIMC,GANDHIDHAM CABIN,,,23.095023,70.150716,PUBLIC_COMMUNITY
PIP,PIPLIA,WR,Madhya Pradesh,24.203693,75.007483,PUBLIC_COMMUNITY
PNF,PANGAON,SCR,Maharashtra,18.634293,76.635315,PUBLIC_COMMUNITY
PNRA,PANIARA,NER,Uttar Pradesh,25.902065,83.525851,PUBLIC_COMMUNITY
PRLI,PARLI VAIJNATH,SCR,Maharashtra,18.853005,76.524424,PUBLIC_COMMUNITY
HRDR,HARSAR DEHRI,NR,Himachal Pradesh,32.104872,76.038491,PUBLIC_COMMUNITY
RKH,RAKHIYAL,WR,Gujarat,23.260621,72.903803,PUBLIC_COMMUNITY
PLK,PALIA KALAN,NER,Uttar Pradesh,28.426644,80.582392,PUBLIC_COMMUNITY
KVL,KIZHELUR,SR,Tamil Nadu,10.754288,79.743134,PUBLIC_COMMUNITY
SHU,SHOLINGHUR,,,13.013974,79.484589,PUBLIC_COMMUNITY
PPA,PIPRA,ECR,Bihar,26.489784,84.985735,PUBLIC_COMMUNITY
SBT,SABARMATI JN,,,23.077546,72.589282,PUBLIC_COMMUNITY
SBTA,SABARMATI A CABIN,,,23.050805,72.592931,PUBLIC_COMMUNITY
ANND,ANAND JN,,,22.561307,72.965733,PUBLIC_COMMUNITY
VXD,VADOD,,,22.515278,73.00645,PUBLIC_COMMUNITY
VDA,VASAD JN,,,22.452351,73.059991,PUBLIC_COMMUNITY
VS,VISHVAMITRI,,,22.283933,73.178656,PUBLIC_COMMUNITY
MPR,MAKARPURA,,,22.232706,73.175422,PUBLIC_COMMUNITY
BSCN,BHUSAWAL C CABIN,,,21.046545,75.821624,PUBLIC_COMMUNITY
PDL,PENDEKALLU,SCR,Andhra Pradesh,15.374513,77.647361,PUBLIC_COMMUNITY
OLR,THRISSUR OLLUR HALT,,,10.473342,76.237184,PUBLIC_COMMUNITY
BDRL,BYADARAHALLI,SWR,Karnataka,12.501953,76.752083,PUBLIC_COMMUNITY
Y,YELIYUR,SWR,Karnataka,12.510621,76.829575,PUBLIC_COMMUNITY
ACG,ACHEGAON,,,20.976217,75.934247,PUBLIC_COMMUNITY
CNBI,CHANDARI,,,26.428098,80.360645,PUBLIC_COMMUNITY
RPRL,RAPARLA HALT,,,15.619244,80.169121,PUBLIC_COMMUNITY
KPLL,KOTTA PANDILA PALLI,,,15.761414,80.281949,PUBLIC_COMMUNITY
VTM,VETAPALEMU,,,15.783376,80.30065,PUBLIC_COMMUNITY
IPPN,IPURUPALEM HALT,,,15.852303,80.385512,PUBLIC_COMMUNITY
PUU,Punalur,SR,Tamil Nadu,9.023336,76.916104,PUBLIC_COMMUNITY
HJI,HOJAI,NFR,Assam,26.001794,92.851752,PUBLIC_COMMUNITY
RHI,Rakhi,NWR,Rajasthan,25.687148,72.554469,PUBLIC_COMMUNITY
MHBG,Mahadev Buzurg,NER,Uttar Pradesh,27.451001,82.87452,PUBLIC_COMMUNITY
PGC,Panchgachia,ECR,Bihar,25.969294,86.598221,PUBLIC_COMMUNITY
GDPT,GUDAPARTI,,,17.028175,82.131139,PUBLIC_COMMUNITY
SLO,SAMALKOT JN,,,17.044827,82.168724,PUBLIC_COMMUNITY
PAP,PITHAPURAM,,,17.11087,82.257512,PUBLIC_COMMUNITY
PGP,Panduranga Pura,SCR,Andhra Pradesh,17.718238,80.76459,PUBLIC_COMMUNITY
GLP,GOLLAPROLU,,,17.151664,82.290818,PUBLIC_COMMUNITY
MVRM,MALLAVARAM,,,17.181025,82.315285,PUBLIC_COMMUNITY
DGDG,DURGADA GATE,,,17.212477,82.348994,PUBLIC_COMMUNITY
RVD,RAVIKAMPADU,,,17.230245,82.368151,PUBLIC_COMMUNITY
ANV,ANNAVARAM,,,17.269633,82.419677,PUBLIC_COMMUNITY
PRTN,Pratapnagar,WR,Gujarat,22.281143,73.210289,PUBLIC_COMMUNITY
TMPM,TIMMAPURAM,,,17.288936,82.450413,PUBLIC_COMMUNITY
RGT,RAJGHAT HALT,,,21.764462,87.155076,PUBLIC_COMMUNITY
RRJ,RAMARAJU PALLI,SCR,Andhra Pradesh,15.041948,77.617367,PUBLIC_COMMUNITY
KVTA,KARUVATTA HALT,SR,Kerala,9.316791,76.431242,PUBLIC_COMMUNITY
SMYD,SMYD,,,,,PUBLIC_COMMUNITY
PLM,PANELI MOTI,WR,Gujarat,21.874341,70.152647,PUBLIC_COMMUNITY
RTGH,Ratangarh Junction,NWR,Rajasthan,28.066587,74.623603,PUBLIC_COMMUNITY
SBI,SABARMATI JN,,,23.072985,72.587162,PUBLIC_COMMUNITY
PMH,Parao Mahna,NR,Punjab,30.811762,75.272772,PUBLIC_COMMUNITY
GI,GUDUVANCHERI,,,12.844886,80.057147,PUBLIC_COMMUNITY
UPM,URAPPAKKAM,,,12.867247,80.071751,PUBLIC_COMMUNITY
VDR,VANDALUR,,,12.89128,80.084393,PUBLIC_COMMUNITY
PRGL,PERUNGULATTUR,,,12.905451,80.095486,PUBLIC_COMMUNITY
PLSN,Palsana,NWR,Rajasthan,27.484876,75.38008,PUBLIC_COMMUNITY
RNW,Renwal,NWR,Rajasthan,27.149463,75.356234,PUBLIC_COMMUNITY
CTT,CHITRASANI,NWR,Gujarat,24.267558,72.488653,PUBLIC_COMMUNITY
IQG,IQBAL GADH,NWR,Gujarat,24.346033,72.533782,PUBLIC_COMMUNITY
SZA,SAROTRA ROAD,NWR,Gujarat,24.377144,72.592045,PUBLIC_COMMUNITY
NANA,NANA,NWR,Rajasthan,24.925895,73.110095,PUBLIC_COMMUNITY
BBQ,BASIN BRIDGE JN,,,13.102361,80.271221,PUBLIC_COMMUNITY
TMVL,TIRUMULLAIVAYIL,,,13.115549,80.137042,PUBLIC_COMMUNITY
KBT,KADAMBATTUR,,,13.099513,79.862172,PUBLIC_COMMUNITY
TO,TIRUVALANGADU,,,13.090096,79.763145,PUBLIC_COMMUNITY
EL,ELAMANUR,SR,Tamil Nadu,10.879069,78.57336,PUBLIC_COMMUNITY
SUBL,HUBLI SOUTH,,,15.332581,75.17639,PUBLIC_COMMUNITY
RR,RICHHA ROAD,NER,Uttar Pradesh,28.717269,79.488904,PUBLIC_COMMUNITY
RGH,RAMGARHWA,ECR,Bihar,26.873843,84.797149,PUBLIC_COMMUNITY
SES,SEMARI,NWR,Rajasthan,24.07001,73.841822,PUBLIC_COMMUNITY
PUC,PUDUCHATIRAM,SR,Tamil Nadu,11.54053,79.730394,PUBLIC_COMMUNITY
RHA,Ranaghat Junction,ER,West Bengal,23.173344,88.568184,PUBLIC_COMMUNITY
PVL,PASUPATIKOVIL,SR,Tamil Nadu,10.884228,79.19204,PUBLIC_COMMUNITY
RPZ,Ranapratapnagar,NWR,Rajasthan,24.582417,73.728056,PUBLIC_COMMUNITY
RAGM,RAJAGAMBIRAM,SR,Tamil Nadu,9.725053,78.409255,PUBLIC_COMMUNITY
CVD,CHAVADIPALAIYAM,SR,Tamil Nadu,11.255404,77.800933,PUBLIC_COMMUNITY
RCRA,Ramchaura,NER,Uttar Pradesh,26.997952,83.268406,PUBLIC_COMMUNITY
RJAK,RAJNAGAR,NCR,Madhya Pradesh,24.903476,79.8769,PUBLIC_COMMUNITY
DPL,DANAULI PHLWRIA,ECR,Bihar,25.420471,86.249406,PUBLIC_COMMUNITY
SFE,Sanodiya,NWR,Rajasthan,27.011244,75.279108,PUBLIC_COMMUNITY
BH,BHARUCH JN,,,21.706907,72.997689,PUBLIC_COMMUNITY
BDWD,BODWAD,,,20.903583,76.017046,PUBLIC_COMMUNITY
KLHD,KOLHADI,,,20.900243,76.058938,PUBLIC_COMMUNITY
DMD,DHARMADAM,SR,Kerala,11.778949,75.46377,PUBLIC_COMMUNITY
QLD,QUILANDI,SR,Kerala,11.446139,75.693924,PUBLIC_COMMUNITY
SK,SAKHUN,NWR,Rajasthan,26.738079,75.091189,PUBLIC_COMMUNITY
HNHL,Harnahalli,SWR,Karnataka,14.04849,75.458286,PUBLIC_COMMUNITY
AJJ,ARAKKONAM,,,13.081512,79.667991,PUBLIC_COMMUNITY
AVN,ANAVARDIKHANPET,,,13.050504,79.56735,PUBLIC_COMMUNITY
RMV,RAMAVARAPPADU,SCR,Andhra Pradesh,16.526201,80.679714,PUBLIC_COMMUNITY
GOY,GOVINDPURI,,,26.454423,80.313203,PUBLIC_COMMUNITY
JTJ,JOLARPETTAI,,,12.560852,78.57782,PUBLIC_COMMUNITY
CPNL,KANPUR C PANEL,,,26.453655,80.318069,PUBLIC_COMMUNITY
DEOR,DIYODAR,WR,Gujarat,24.113489,71.770888,PUBLIC_COMMUNITY
PFL,PIPRALA,WR,Gujarat,23.652484,71.097619,PUBLIC_COMMUNITY
GMC,KANPUR GOODS MARSHAL,,,26.452292,80.33956,PUBLIC_COMMUNITY
RMP,RAHIMATPUR,CR,Maharashtra,17.612152,74.17217,PUBLIC_COMMUNITY
RRP,Rairangpur,SER,Orissa,22.440956,86.164207,PUBLIC_COMMUNITY
RJY,RAJAMUNDRY,,,16.984159,81.783901,PUBLIC_COMMUNITY
PTPR,Pratabpur,NER,Uttar Pradesh,28.476419,79.814546,PUBLIC_COMMUNITY
RSNR,Rai Singh Nagar,NWR,Rajasthan,29.535956,73.450472,PUBLIC_COMMUNITY
RNB,Ranpura,NCR,Rajasthan,26.579427,77.44262,PUBLIC_COMMUNITY
RSA,Risama,SECR,Chhattisgarh,21.058881,81.324776,PUBLIC_COMMUNITY
TI,TIRUNINRAVUR,,,13.123744,80.026949,PUBLIC_COMMUNITY
RLX,Ramanujampalli,SCR,Andhra Pradesh,14.440531,77.87191,PUBLIC_COMMUNITY
VEU,VEPPAMPATTU,,,13.123937,79.998727,PUBLIC_COMMUNITY
PLMG,PULIYAMANGALAM,,,13.083497,79.686238,PUBLIC_COMMUNITY
KSVM,KESAVARAM,,,16.930994,81.879858,PUBLIC_COMMUNITY
DWP,DWARAPUDI,,,16.927556,81.922661,PUBLIC_COMMUNITY
AWR,ALWAR,NWR,Rajasthan,27.559273,76.621265,PUBLIC_COMMUNITY
APT,ANAPARTI,,,16.935817,81.953181,PUBLIC_COMMUNITY
BVL,BIKKAVOLU,,,16.969317,82.031148,PUBLIC_COMMUNITY
PBD,PEDABRAMADVAM,,,16.990821,82.078986,PUBLIC_COMMUNITY
MPU,MEDAPADU,,,17.005091,82.096133,PUBLIC_COMMUNITY
CRPM,CHANDRAMPALEM,,,17.08541,82.22311,PUBLIC_COMMUNITY
HVM,HAMSAVARAM,,,17.309947,82.484867,PUBLIC_COMMUNITY
TUNI,TUNI,,,17.36108,82.542462,PUBLIC_COMMUNITY
GLU,GULLIPADU,,,17.409805,82.63345,PUBLIC_COMMUNITY
NRP,NARSIPATNAM RD,,,17.452852,82.724605,PUBLIC_COMMUNITY
REG,REGUPALEM,,,17.505201,82.790267,PUBLIC_COMMUNITY
BVM,BAYYAVARAM,,,17.660147,82.930592,PUBLIC_COMMUNITY
KSK,KASIMKOTA,,,17.673315,82.963751,PUBLIC_COMMUNITY
AKP,ANAKAPALLE,,,17.695503,83.008851,PUBLIC_COMMUNITY
THY,THADI,,,17.686438,83.064292,PUBLIC_COMMUNITY
DVD,DUVVADA,,,17.703843,83.152059,PUBLIC_COMMUNITY
ROL,Rajuli,SECR,Maharashtra,20.171116,79.703505,PUBLIC_COMMUNITY
MRB,MUNIRABAD,SWR,Karnataka,15.308524,76.335537,PUBLIC_COMMUNITY
RTK,Ramtek,SECR,Maharashtra,21.400715,79.326499,PUBLIC_COMMUNITY
RIM,Rajim,SECR,Chhattisgarh,20.969475,81.867426,PUBLIC_COMMUNITY
SJNP,SUJANPUR,NR,Punjab,32.31198,75.613465,PUBLIC_COMMUNITY
SGRA,SANGARIA,NWR,Rajasthan,29.792508,74.466053,PUBLIC_COMMUNITY
TBM,TAMBARAM,,,12.926036,80.119157,PUBLIC_COMMUNITY
TBMS,TAMBARAM SANATORIUM,,,12.937978,80.131614,PUBLIC_COMMUNITY
CMP,CHROMEPET,,,12.951627,80.141157,PUBLIC_COMMUNITY
PV,PALLAVARAM,,,12.968273,80.152451,PUBLIC_COMMUNITY
JSR,JASRA,NCR,Uttar Pradesh,25.280002,81.774617,PUBLIC_COMMUNITY
SBHR,Subrahmanya Road,SWR,Karnataka,12.731272,75.557615,PUBLIC_COMMUNITY
SCL,SILCHAR,NFR,Assam,24.830338,92.786795,PUBLIC_COMMUNITY
SHM,KOLKATA SHALIMAR,SER,West Bengal,22.555508,88.315615,PUBLIC_COMMUNITY
SCO,SATUNA,SCR,Maharashtra,19.494861,76.348052,PUBLIC_COMMUNITY
SAPT,Sugapahari,ER,Jharkhand,24.27892,86.568736,PUBLIC_COMMUNITY
XX-TNAB,XX-TNAB,,,,,PUBLIC_COMMUNITY
SAF,SALKHAPUR,NR,Uttar Pradesh,25.655084,82.680471,PUBLIC_COMMUNITY
NGP,NAGPUR,,,21.153567,79.089004,PUBLIC_COMMUNITY
SKS,SALEKASA,,,21.30163,80.493224,PUBLIC_COMMUNITY
SOD,SOJAT ROAD,NWR,Rajasthan,25.862203,73.755672,PUBLIC_COMMUNITY
SMV,Sumaoli,NCR,Madhya Pradesh,26.372989,77.915462,PUBLIC_COMMUNITY
SGRL,SINGRAULI,ECR,Madhya Pradesh,24.204257,82.642735,PUBLIC_COMMUNITY
SKW,Sheikhupur,NER,Uttar Pradesh,28.003862,79.10473,PUBLIC_COMMUNITY
SAK,Sak Bahadurpur,WR,Gujarat,22.178375,73.559848,PUBLIC_COMMUNITY
SAHI,SATHI,ECR,Bihar,27.015885,84.503862,PUBLIC_COMMUNITY
SFA,SANHERA HALT,NR,Uttar Pradesh,28.903375,77.282339,PUBLIC_COMMUNITY
SFDE,SAFIDON,NR,Haryana,29.39793,76.661424,PUBLIC_COMMUNITY
SD,SIDHAULI,NER,Uttar Pradesh,27.281002,80.837587,PUBLIC_COMMUNITY
MDVE,MAHENDRA VADI,,,13.022631,79.517851,PUBLIC_COMMUNITY
AMG,ALAMNAGAR,,,26.84708,80.860312,PUBLIC_COMMUNITY
SDG,SAHADAI BUZURG,ECR,Bihar,25.661491,85.455088,PUBLIC_COMMUNITY
SGDP,Sagadapata,ECoR,Orissa,21.244692,85.909396,PUBLIC_COMMUNITY
PNK,PANKI,,,26.459172,80.236441,PUBLIC_COMMUNITY
SLGR,SIMALUGURI JN,NFR,Assam,26.917281,94.756816,PUBLIC_COMMUNITY
SG,SHAHGARH,NER,Uttar Pradesh,28.559235,80.043015,PUBLIC_COMMUNITY
MNI,MANGAON,KR,Maharashtra,18.247286,73.275679,PUBLIC_COMMUNITY
KXJ,Karimganj Junction,NFR,Assam,24.860717,92.373769,PUBLIC_COMMUNITY
HAA,HARWADA,KR,Karnataka,14.740762,74.259657,PUBLIC_COMMUNITY
ANKL,ANKOLA,KR,Karnataka,14.645347,74.332936,PUBLIC_COMMUNITY
SDC,SAIDABAD,NER,Uttar Pradesh,25.379137,82.120195,PUBLIC_COMMUNITY
MS,CHENNAI EGMORE,,,13.077678,80.260193,PUBLIC_COMMUNITY
KRV,KARAVADI,,,15.553014,80.113156,PUBLIC_COMMUNITY
ANB,AMMANABROLU,,,15.596402,80.148353,PUBLIC_COMMUNITY
KAQ,KOLANUKONDA,,,16.448173,80.604782,PUBLIC_COMMUNITY
KCC,KRISHNA CANAL,,,16.477152,80.604553,PUBLIC_COMMUNITY
SPRM,Sitapuram Halt,ECoR,Orissa,18.814443,83.982854,PUBLIC_COMMUNITY
SLPM,Shivalingapuram,ECoR,Andhra Pradesh,18.196655,83.066187,PUBLIC_COMMUNITY
BZA,VIJAYAWADA JN,,,16.518262,80.618648,PUBLIC_COMMUNITY
RYC,Rayakkottai,SWR,Tamil Nadu,12.514891,78.027508,PUBLIC_COMMUNITY
GALA,GUNADALA,,,16.537426,80.667911,PUBLIC_COMMUNITY
SBW,Shewbabudih,SER,Jharkhand,23.659482,86.390668,PUBLIC_COMMUNITY
MBD,MUSTABADA,,,16.546882,80.731768,PUBLIC_COMMUNITY
GWM,GANNAVARAM,,,16.555839,80.795715,PUBLIC_COMMUNITY
PAVP,PEDDA AVUTAPALE,,,16.562545,80.839432,PUBLIC_COMMUNITY
SDI,Sagardighi,ER,West Bengal,24.287789,88.105398,PUBLIC_COMMUNITY
SDNR,Seydunganallur,SR,Tamil Nadu,8.639358,77.834992,PUBLIC_COMMUNITY
RUT,RATNAL,WR,Gujarat,23.186898,69.897403,PUBLIC_COMMUNITY
ERS,ERNAKULAM JN,,,9.969542,76.290672,PUBLIC_COMMUNITY
DK,Dakor,WR,,22.747203,73.158592,PUBLIC_COMMUNITY
MGLI,Mangli,,,20.643536,79.666123,PUBLIC_COMMUNITY
SVH,Sonadanga,ER,West Bengal,23.636393,88.354092,PUBLIC_COMMUNITY
SMBX,SAMBA,NR,Jammu and Kashmir,32.528358,75.120256,PUBLIC_COMMUNITY
SEX,Seroni Road,NCR,Madhya Pradesh,25.943966,76.884471,PUBLIC_COMMUNITY
SOS,SOMESAR,NWR,Rajasthan,25.520226,73.450999,PUBLIC_COMMUNITY
SUKU,Suku,ECoR,Orissa,18.714329,82.726061,PUBLIC_COMMUNITY
PWU,PARANUR,,,12.7302,79.98366,PUBLIC_COMMUNITY
SKL,SINGAPERUMAL KOIL,,,12.76246,80.001059,PUBLIC_COMMUNITY
MMNK,MARAIMALAM NAGAR,,,12.79662,80.019875,PUBLIC_COMMUNITY
CTM,KATTANGULATTUR,,,12.805715,80.026118,PUBLIC_COMMUNITY
POTI,POTHERI HALT,,,12.820868,80.03693,PUBLIC_COMMUNITY
TLM,TRISULAM,,,12.98064,80.166111,PUBLIC_COMMUNITY
MN,MINAMBAKKAM,,,12.98432,80.174625,PUBLIC_COMMUNITY
PZA,PALAVANTHANGAL,,,12.990115,80.186651,PUBLIC_COMMUNITY
STM,ST THOMAS MOUNT,,,12.994906,80.199392,PUBLIC_COMMUNITY
GDY,GUINDY,,,13.007672,80.211922,PUBLIC_COMMUNITY
SP,SAIDAPET,,,13.02415,80.224183,PUBLIC_COMMUNITY
MBM,MAMBALAM,,,13.038154,80.228164,PUBLIC_COMMUNITY
MKK,KODAMBAKAM,,,13.052566,80.231305,PUBLIC_COMMUNITY
NBK,NUNGAMBAKKAM,,,13.065363,80.232742,PUBLIC_COMMUNITY
MSC,CHENNAI CHETPAT,,,13.074663,80.24337,PUBLIC_COMMUNITY
SQF,SUKRITIPUR,NFR,Assam,24.913078,92.582849,PUBLIC_COMMUNITY
SXR,SERNDANUR,SR,Tamil Nadu,11.869105,79.518251,PUBLIC_COMMUNITY
PRAR,PAROR,NR,Himachal Pradesh,32.08098,76.460155,PUBLIC_COMMUNITY
HNH,HANUMANAHALLI,SWR,Karnataka,14.358948,75.998781,PUBLIC_COMMUNITY
SPGR,SAMPIGE ROAD,SWR,Karnataka,13.270203,76.760983,PUBLIC_COMMUNITY
SPX,SAPATGRAM,NFR,Assam,26.334709,90.109558,PUBLIC_COMMUNITY
SSZ,SADDA SINGHWALA,NR,Punjab,30.028256,75.324796,PUBLIC_COMMUNITY
CWLE,CHOWRIGACHA,ER,West Bengal,23.942472,88.186451,PUBLIC_COMMUNITY
LRU,LALPUR UMRI,WCR,Rajasthan,26.429998,76.680536,PUBLIC_COMMUNITY
MXL,MOKHOLI,WCR,Rajasthan,26.160967,76.460845,PUBLIC_COMMUNITY
TNGL,TORANAGALLU,SWR,Karnataka,15.203137,76.663924,PUBLIC_COMMUNITY
SVHE,SISVINHALLI,SWR,Karnataka,15.430036,75.319362,PUBLIC_COMMUNITY
LKX,LAKSHMIPUR,ER,West Bengal,23.502512,88.302374,PUBLIC_COMMUNITY
MYGL,MIYAGAM KARJAN JUNCTION NG,,,22.050132,73.119763,PUBLIC_COMMUNITY
SWC,SHIVRAMPUR,NCR,Uttar Pradesh,25.219375,80.826783,PUBLIC_COMMUNITY
SPDM,SINGHPUR DUMRA,NCR,Madhya Pradesh,25.065781,79.896495,PUBLIC_COMMUNITY
DMLE,DUMURDAHA,ER,West Bengal,23.040053,88.432662,PUBLIC_COMMUNITY
SRZ,SARDARGARH,NWR,Rajasthan,29.364244,73.740791,PUBLIC_COMMUNITY
DL,DALADI,WR,Gujarat,22.585067,71.069304,PUBLIC_COMMUNITY
BRGY,VADODARA D CABIN,,,22.344458,73.159087,PUBLIC_COMMUNITY
CSTM,MUMBAI CST,CR,Maharashtra,18.944481,72.836903,PUBLIC_COMMUNITY
KNHN,KANTHAN JN,,,21.225502,79.238908,PUBLIC_COMMUNITY
MLD,MALIHABAD,,,26.930598,80.715032,PUBLIC_COMMUNITY
G,GONDIA JN,,,21.462435,80.190842,PUBLIC_COMMUNITY
SYF,Semai,NCR,Madhya Pradesh,26.282698,77.516308,PUBLIC_COMMUNITY
SRTE,Soorothee,NCR,Rajasthan,26.657818,77.702774,PUBLIC_COMMUNITY
DBEC,DEVBALODA CHARODA,,,21.21335,81.45049,PUBLIC_COMMUNITY
SRR,SHORANUR JN,,,10.758855,76.272196,PUBLIC_COMMUNITY
LATI,LATIA CABIN,,,22.027897,82.402106,PUBLIC_COMMUNITY
BPH,BELPAHAR,,,21.827212,83.849076,PUBLIC_COMMUNITY
DNGD,Dungarda,WR,Gujarat,,,PUBLIC_COMMUNITY
PHVP,PHVP,,,,,PUBLIC_COMMUNITY
SSI,Shirsai,CR,Maharashtra,18.314696,74.578044,PUBLIC_COMMUNITY
BSBP,BIR SHIBPUR,,,22.473359,88.053112,PUBLIC_COMMUNITY
MRGM,MAURIGRAM,,,22.580154,88.256078,PUBLIC_COMMUNITY
SPV,Sivapur,SWR,Karnataka,13.647065,75.939298,PUBLIC_COMMUNITY
SRF,Sagar Jambagaru,SWR,Karnataka,14.142728,75.154712,PUBLIC_COMMUNITY
SMPA,Shampura,WCR,Rajasthan,25.222941,75.233108,PUBLIC_COMMUNITY
DXK,DHANA KHERLI,NCR,Uttar Pradesh,26.950169,77.535779,PUBLIC_COMMUNITY
RBS,RUPBAS,NCR,Rajasthan,26.99038,77.590963,PUBLIC_COMMUNITY
FTS,FATEHPUR SIKRI,NCR,Uttar Pradesh,27.093989,77.670597,PUBLIC_COMMUNITY
PTLI,PATHAULI,NCR,Uttar Pradesh,27.156843,77.924594,PUBLIC_COMMUNITY
TNR,TANGUTURU,,,15.337535,80.033546,PUBLIC_COMMUNITY
OGL,ONGOLE,,,15.498064,80.057404,PUBLIC_COMMUNITY
RMW,ROSHAN MAU,,,26.479318,79.984729,PUBLIC_COMMUNITY
MTO,MAITHA,,,26.476492,80.025181,PUBLIC_COMMUNITY
MAO,MADGAON,KR,Goa,15.267911,73.970724,PUBLIC_COMMUNITY
SXB,SAMBRE,SWR,Karnataka,15.891068,74.593121,PUBLIC_COMMUNITY
SNE,SHENOLI,CR,Maharashtra,17.200729,74.252881,PUBLIC_COMMUNITY
SW,SEHRAMAU,NER,Uttar Pradesh,28.360763,80.296582,PUBLIC_COMMUNITY
NKB,NAGRAKOTA,NFR,West Bengal,26.885533,88.917581,PUBLIC_COMMUNITY
GRU,GAROPARA,NFR,West Bengal,26.657438,89.485262,PUBLIC_COMMUNITY
SMLG,Shimiliaguda,ECoR,Andhra Pradesh,18.30364,82.957105,PUBLIC_COMMUNITY
THP,Taherpur,ER,West Bengal,23.259379,88.543119,PUBLIC_COMMUNITY
VJM,VYASARPADI JEEVA,,,13.108338,80.256873,PUBLIC_COMMUNITY
PER,PERAMBUR,,,13.10702,80.244533,PUBLIC_COMMUNITY
ADH,ANDHERI,WR,Maharashtra,19.117429,72.846853,PUBLIC_COMMUNITY
SYE,Sindewahi,SECR,Maharashtra,20.2955,79.668805,PUBLIC_COMMUNITY
SSKL,Suskal,?,Gujarat,22.316377,73.806077,PUBLIC_COMMUNITY
SUP,Srungavarapukota,ECoR,Andhra Pradesh,18.116239,83.132531,PUBLIC_COMMUNITY
CGL,CHENGALPATTU,,,12.692864,79.981519,PUBLIC_COMMUNITY
CNP,CNP,,,,,PUBLIC_COMMUNITY
GOT,GOT,NER,Uttar Pradesh,28.870965,78.823001,PUBLIC_COMMUNITY
TKHA,TAKHA,NCR,Uttar Pradesh,27.135743,78.767259,PUBLIC_COMMUNITY
DMP,Dharampur Himachal,NR,Himachal Pradesh,30.900491,77.023914,PUBLIC_COMMUNITY
TVL,TADWAL,SWR,Maharashtra,17.393191,75.975729,PUBLIC_COMMUNITY
UDZ,UDAIPUR CITY,NWR,Rajasthan,24.566862,73.699632,PUBLIC_COMMUNITY
UMRA,UMRA,NWR,Rajasthan,24.522588,73.771734,PUBLIC_COMMUNITY
TT,TITTE,SR,Tamil Nadu,10.844904,79.1834,PUBLIC_COMMUNITY
TGB,Tangarbasuli,SER,Jharkhand,23.374032,85.063805,PUBLIC_COMMUNITY
KGMR,KANGRA MANDIR,NR,Himachal Pradesh,32.09449,76.276521,PUBLIC_COMMUNITY
TOM,TONDAMANPATTI,SR,Tamil Nadu,10.786552,78.823761,PUBLIC_COMMUNITY
KTSH,KOTMI SONAN HLT,,,22.024158,82.360215,PUBLIC_COMMUNITY
TRB,TIRUVERUMBUR,SR,Tamil Nadu,10.787167,78.776419,PUBLIC_COMMUNITY
PPI,PIPARIYA,WCR,Madhya Pradesh,22.753941,78.354538,PUBLIC_COMMUNITY
XX-BSBC,XX-BSBC,,,,,PUBLIC_COMMUNITY
MWA,MANDWA,CR,Madhya Pradesh,21.517291,76.389861,PUBLIC_COMMUNITY
NPNR,NEPANAGAR,CR,Madhya Pradesh,21.463933,76.397032,PUBLIC_COMMUNITY
UA,UPLETA,WR,Gujarat,21.746916,70.282434,PUBLIC_COMMUNITY
SAV,SAVDA,CR,Maharashtra,21.111116,75.910659,PUBLIC_COMMUNITY
HSD,HOSDURGA ROAD,SWR,Karnataka,13.863274,76.133233,PUBLIC_COMMUNITY
TKU,Tanakallu,SCR,Andhra Pradesh,13.922427,78.201224,PUBLIC_COMMUNITY
SKM,SINGARAYAKONDA,,,15.253118,80.027126,PUBLIC_COMMUNITY
AAP,AMBIAPUR,,,26.515364,79.826878,PUBLIC_COMMUNITY
TPT,TIRUPATTUR JN,,,12.497951,78.561419,PUBLIC_COMMUNITY
VLD,Vayalpad,SCR,Andhra Pradesh,13.634506,78.624967,PUBLIC_COMMUNITY
CAM,CHHOTA AMBANA,,,23.762753,86.574613,PUBLIC_COMMUNITY
PKL,PAPINAYAKNAHALI,SWR,Karnataka,15.236109,76.490876,PUBLIC_COMMUNITY
LTI,LATTERI,,,12.966994,79.065255,PUBLIC_COMMUNITY
TPQ,Topokal,ECoR,Chhattisgarh,19.00708,81.878645,PUBLIC_COMMUNITY
KVN,KAVANUR,,,12.948577,78.969273,PUBLIC_COMMUNITY
CLE,CHINTALPALLI,SCR,Andhra Pradesh,17.914856,79.701487,PUBLIC_COMMUNITY
GYM,GUDIYATTAM,,,12.937471,78.916157,PUBLIC_COMMUNITY
JJK,JHINJHAK,,,26.554994,79.734225,PUBLIC_COMMUNITY
VLT,VALATHOOR,,,12.889517,78.839324,PUBLIC_COMMUNITY
UHP,UDHAMPUR,NR,Jammu and Kashmir,32.92664,75.154881,PUBLIC_COMMUNITY
MPI,MELPATTI,,,12.859507,78.797049,PUBLIC_COMMUNITY
AB,AMBUR,,,12.782934,78.721266,PUBLIC_COMMUNITY
VGM,VINNAMANGALAM,,,12.728899,78.678716,PUBLIC_COMMUNITY
VN,VANIYAMBADI,,,12.678487,78.621651,PUBLIC_COMMUNITY
TAZ,TARGAON,CR,Maharashtra,17.514242,74.155817,PUBLIC_COMMUNITY
TLR,Tulsipur,NER,Uttar Pradesh,27.53177,82.41141,PUBLIC_COMMUNITY
SAN,SANDILA,,,27.059455,80.517354,PUBLIC_COMMUNITY
YY-DKJC,YY-DKJC,,,,,PUBLIC_COMMUNITY
TLE,Talgaria,SER,Jharkhand,23.681626,86.335511,PUBLIC_COMMUNITY
RBD,RAHIMABAD,,,26.999343,80.600639,PUBLIC_COMMUNITY
KFD,KARANJADI,KR,Maharashtra,17.998115,73.404252,PUBLIC_COMMUNITY
MEH,MELALATHUR,,,12.917803,78.875384,PUBLIC_COMMUNITY
TII,Tingrai,NFR,Assam,27.464468,95.535143,PUBLIC_COMMUNITY
UM,UMARDASHI,WR,Gujarat,24.100321,72.420563,PUBLIC_COMMUNITY
VJ,VIRINCHIPURAM,,,12.961297,79.024717,PUBLIC_COMMUNITY
GIMB,GANDHIDHAM BG,,,23.069086,70.147754,PUBLIC_COMMUNITY
MAS,CHENNAI CENTRAL,,,13.084761,80.274856,PUBLIC_COMMUNITY
PEW,PERAMBUR LOCOMOTIVE WORKS,,,13.107826,80.225105,PUBLIC_COMMUNITY
SPAM,SENJI PANAMBAKKAM,,,13.093945,79.83276,PUBLIC_COMMUNITY
THBN,THANA BHAWAN,NR,Uttar Pradesh,29.592663,77.410434,PUBLIC_COMMUNITY
TEP,Tempa,SECR,Maharashtra,20.678242,79.605223,PUBLIC_COMMUNITY
MUQ,MARUDUR,SR,Tamil Nadu,10.914737,78.450293,PUBLIC_COMMUNITY
VMD,Vadlamannadu,SCR,Andhra Pradesh,16.300176,81.098875,PUBLIC_COMMUNITY
UNDI,UNDI,SCR,Andhra Pradesh,16.580375,81.464187,PUBLIC_COMMUNITY
EKH,EKSARI HALT,ECR,Bihar,25.134973,85.889325,PUBLIC_COMMUNITY
TLS,Bettahalsoor,SWR,Karnataka,13.166876,77.606186,PUBLIC_COMMUNITY
TPY,Tadakalpudi,SCR,Andhra Pradesh,17.530163,80.532205,PUBLIC_COMMUNITY
UDGR,Udgir,SCR,Maharashtra,18.390602,77.109943,PUBLIC_COMMUNITY
KZT,KULITTHURAI,SR,Tamil Nadu,8.302348,77.218817,PUBLIC_COMMUNITY
PTM,PADALAM,,,12.590197,79.950844,PUBLIC_COMMUNITY
OV,OTIVAKKAM,,,12.623128,79.975653,PUBLIC_COMMUNITY
TRX,TIRUMANI,,,12.670639,79.988514,PUBLIC_COMMUNITY
UKH,UKHALI,SCR,Maharashtra,18.912675,76.605814,PUBLIC_COMMUNITY
VAA,Bhaga Junction,SER,Jharkhand,23.723331,86.405555,PUBLIC_COMMUNITY
SAE,SIMARIA,,,25.410723,86.013734,PUBLIC_COMMUNITY
KZJT,KAZIPET TOWN,,,17.983151,79.517705,PUBLIC_COMMUNITY
KZJE,KAZIPET E CABIN,,,17.975697,79.561183,PUBLIC_COMMUNITY
VLR,VELLORE CANT,SR,Tamil Nadu,12.910718,79.127493,PUBLIC_COMMUNITY
UGP,UGARPUR,NCR,Uttar Pradesh,27.351481,79.511652,PUBLIC_COMMUNITY
VAN,Vadhvana,WR,Gujarat,22.152185,73.487264,PUBLIC_COMMUNITY
VDL,VITHISVARANKOL,SR,Tamil Nadu,11.195825,79.703785,PUBLIC_COMMUNITY
AO,AONLA,NR,Uttar Pradesh,28.296051,79.16915,PUBLIC_COMMUNITY
DBR,DABHAURA,NCR,Uttar Pradesh,25.11793,81.303125,PUBLIC_COMMUNITY
NU,NARSINGHPUR,WCR,Madhya Pradesh,22.943112,79.214385,PUBLIC_COMMUNITY
GAR,GADARWARA,WCR,Madhya Pradesh,22.899459,78.791734,PUBLIC_COMMUNITY
JUH,JUJHARPUR,,,22.604977,77.75641,PUBLIC_COMMUNITY
KMNN,KHAMANON,,,30.775754,76.488695,PUBLIC_COMMUNITY
AMLO,AMLO,ECR,,23.768893,85.980234,PUBLIC_COMMUNITY
AMSA,AMMASANDRA,SWR,Karnataka,13.264571,76.711486,PUBLIC_COMMUNITY
GRJA,GORINJA,WR,Gujarat,22.175991,69.041194,PUBLIC_COMMUNITY
GTW,GATORA,,,22.053427,82.22767,PUBLIC_COMMUNITY
VEI,VELLIYANI,SR,Tamil Nadu,10.841,78.114795,PUBLIC_COMMUNITY
DLQ,DALELNAGAR,,,27.118537,80.419624,PUBLIC_COMMUNITY
VID,VILAVADE,KR,Maharashtra,16.785593,73.619321,PUBLIC_COMMUNITY
KT,KUMTA,KR,Karnataka,14.436871,74.420652,PUBLIC_COMMUNITY
PHD,PHAPHUND,,,26.632118,79.554255,PUBLIC_COMMUNITY
KNS,KANCHAUSI,,,26.597924,79.635426,PUBLIC_COMMUNITY
VTE,Venkatagiri Kote Halt,SWR,Karnataka,13.32831,77.73159,PUBLIC_COMMUNITY
AGI,AMGURI,NFR,Assam,26.812601,94.524011,PUBLIC_COMMUNITY
APB,ANUPPAMBATTU,,,13.304293,80.230769,PUBLIC_COMMUNITY
PON,PONNERI,,,13.332319,80.198799,PUBLIC_COMMUNITY
KVP,KAVARAIPPETTAI,,,13.36347,80.146879,PUBLIC_COMMUNITY
GPD,GUMMIDIPUNDI,,,13.409631,80.123431,PUBLIC_COMMUNITY
ELR,ELAVUR,,,13.458351,80.116178,PUBLIC_COMMUNITY
AKM,ARAMBAKKAM,,,13.532686,80.074371,PUBLIC_COMMUNITY
TADA,TADA,,,13.587948,80.035435,PUBLIC_COMMUNITY
AP,ASHOKAPURAM,SWR,Karnataka,12.273762,76.635315,PUBLIC_COMMUNITY
AKAT,AKKAMPET,,,13.649106,80.018863,PUBLIC_COMMUNITY
SPE,SULLURUPETA,,,13.696463,80.018161,PUBLIC_COMMUNITY
PEL,POLIREDDIPALEM,,,13.759491,79.980026,PUBLIC_COMMUNITY
ALY,ALLAHABAD CITY,NER,Uttar Pradesh,25.44241,81.829736,PUBLIC_COMMUNITY
DVR,DORAVARI CHATRAM,,,13.814297,79.951308,PUBLIC_COMMUNITY
VRB,VISHRAMBAG,CR,Maharashtra,16.85057,74.602231,PUBLIC_COMMUNITY
NYP,NAYADUPETA,,,13.908321,79.900898,PUBLIC_COMMUNITY
UWNR,Udwant Nagar Halt,ECR,Bihar,25.496532,84.611313,PUBLIC_COMMUNITY
PYA,PEDAPARIYA,,,14.021481,79.875372,PUBLIC_COMMUNITY
ODUR,ODUR,,,14.072185,79.855368,PUBLIC_COMMUNITY
GDR,GUDUR JN,,,14.148227,79.845121,PUBLIC_COMMUNITY
MBL,MANUBOLU,,,14.226551,79.87707,PUBLIC_COMMUNITY
KMLP,KOMMARAPUDI,,,14.257777,79.893501,PUBLIC_COMMUNITY
DIG,DUGGIRALA,,,16.327559,80.62357,PUBLIC_COMMUNITY
URR,Umred,SECR,Maharashtra,20.850672,79.330741,PUBLIC_COMMUNITY
TYM,Tirumayam,SR,Tamil Nadu,10.246016,78.759423,PUBLIC_COMMUNITY
UCR,Unchahar Junction,NR,Uttar Pradesh,25.902315,81.300143,PUBLIC_COMMUNITY
GBHA,GAROBIGHA HALT,?,,24.826792,85.467153,PUBLIC_COMMUNITY
AMX,Amlakhurd,SCR,Madhya Pradesh,21.510235,76.650685,PUBLIC_COMMUNITY
TVNL,TIRVNLNLUR ROAD,,,11.798583,79.380205,PUBLIC_COMMUNITY
KDMD,KANDAMBAKKAM,,,11.811502,79.386975,PUBLIC_COMMUNITY
VM,VILLUPURAM JN,,,11.942971,79.500101,PUBLIC_COMMUNITY
MYP,MUNDILYAMPAKKAM,,,11.99568,79.511687,PUBLIC_COMMUNITY
VVN,VIKRAVANDI,,,12.037928,79.538038,PUBLIC_COMMUNITY
PEI,PERANI,,,12.104212,79.552577,PUBLIC_COMMUNITY
NMO,NEDI MOLLYANUR,,,12.128075,79.56707,PUBLIC_COMMUNITY
MTL,MAILAM,,,12.160501,79.6022,PUBLIC_COMMUNITY
TMV,TINDIVANAM,,,12.229411,79.651335,PUBLIC_COMMUNITY
PCLM,PANCHALAM,,,12.275612,79.691931,PUBLIC_COMMUNITY
OLA,OLAKUR,,,12.306463,79.721919,PUBLIC_COMMUNITY
KSGL,KARASANGAL,,,12.333838,79.749958,PUBLIC_COMMUNITY
TZD,TOZHUPPEDU,,,12.367081,79.783575,PUBLIC_COMMUNITY
ACK,ACHARAPAKKAM,,,12.406776,79.821722,PUBLIC_COMMUNITY
MLMR,MELMARUVATTUR,,,12.429554,79.833801,PUBLIC_COMMUNITY
VPH,Vachaspati Nagar,ECR,Bihar,26.400204,86.325158,PUBLIC_COMMUNITY
PQM,PAKKAM,,,12.465125,79.850569,PUBLIC_COMMUNITY
VTL,Vadtal Swaminarayan,WR,Gujarat,22.591636,72.876748,PUBLIC_COMMUNITY
MMK,MADURANTAKAM,,,12.50442,79.893087,PUBLIC_COMMUNITY
GMN,GOREGAON,WR,Maharashtra,19.164447,72.849389,PUBLIC_COMMUNITY
WDA,WADRENGDISA,NFR,Assam,25.263973,93.177527,PUBLIC_COMMUNITY
BAF,Bap,?,Rajasthan,27.288182,72.327408,PUBLIC_COMMUNITY
AHH,AHMADGARH,NR,Punjab,30.683642,75.829518,PUBLIC_COMMUNITY
AGE,Angai,NCR,Rajasthan,26.606593,77.46692,PUBLIC_COMMUNITY
AHI,ASHTI,CR,Maharashtra,17.844737,75.40307,PUBLIC_COMMUNITY
ALP,ALAPAKAM,SR,Tamil Nadu,11.617803,79.727227,PUBLIC_COMMUNITY
BANL,BHATANGLI,?,Maharashtra,18.446007,76.678145,PUBLIC_COMMUNITY
AMW,AMAN VADI,SCR,Maharashtra,20.300507,77.065281,PUBLIC_COMMUNITY
AYM,ADIYAKKAMANGALAM,SR,Tamil Nadu,10.756748,79.68058,PUBLIC_COMMUNITY
ASV,ASARVA JN,WR,Gujarat,23.043981,72.612937,PUBLIC_COMMUNITY
AMT,AMMAPET,SR,Tamil Nadu,10.779506,79.315738,PUBLIC_COMMUNITY
ATT,ATARI,NR,Punjab,31.594934,74.607241,PUBLIC_COMMUNITY
JJA,JAJAN PATTI,WCR,Rajasthan,27.354894,77.573854,PUBLIC_COMMUNITY
ARS,ARASUR,SR,Tamil Nadu,11.270467,79.724704,PUBLIC_COMMUNITY
KNDP,KHANDIP,WCR,Rajasthan,26.641031,76.911821,PUBLIC_COMMUNITY
YDM,Yedamangala,SWR,Karnataka,12.714668,75.443085,PUBLIC_COMMUNITY
NNW,NARAYANPUR TATWAR,WCR,Rajasthan,26.344259,76.635578,PUBLIC_COMMUNITY
BA,BANDRA,WR,Maharashtra,19.054454,72.840454,PUBLIC_COMMUNITY
AEJ,ARNEJ,WR,Gujarat,22.582088,72.268322,PUBLIC_COMMUNITY
NPKM,NANDIYAMPAKKAM,,,13.268081,80.2758,PUBLIC_COMMUNITY
DDCE,DUNDI,WCR,Madhya Pradesh,23.557854,80.216657,PUBLIC_COMMUNITY
GRO,GURRA,WCR,Madhya Pradesh,22.632067,77.86729,PUBLIC_COMMUNITY
KVZ,KAVALI,,,14.915993,79.988271,PUBLIC_COMMUNITY
TTU,TETTU,,,15.042824,80.005821,PUBLIC_COMMUNITY
UPD,ULAVAPADU,,,15.167112,80.013364,PUBLIC_COMMUNITY
KTZ,KHUTWANSA,WCR,Madhya Pradesh,22.545189,77.602425,PUBLIC_COMMUNITY
KKN,KHIRKIYA,WCR,Madhya Pradesh,22.166444,76.859447,PUBLIC_COMMUNITY
BALI,Bhaili,WR,Gujarat,22.266245,73.131977,PUBLIC_COMMUNITY
ATQ,Arantangi,SR,Tamil Nadu,10.164469,78.996848,PUBLIC_COMMUNITY
AGAE,AGRADWIP,ER,West Bengal,23.58096,88.226117,PUBLIC_COMMUNITY
DSNR,DASHNAGAR,,,22.598634,88.307803,PUBLIC_COMMUNITY
TPKR,TIKIAPARA,,,22.599036,88.324322,PUBLIC_COMMUNITY
PFMA,PFMA,,,,,PUBLIC_COMMUNITY
AMLP,Amalpur,WR,Gujarat,22.161144,73.508313,PUBLIC_COMMUNITY
AUS,Anupshahr,NWR,Rajasthan,28.947951,75.21123,PUBLIC_COMMUNITY
ARVI,Arvi,CR,Maharashtra,,,PUBLIC_COMMUNITY
ARX,Areli,NER,Uttar Pradesh,,,PUBLIC_COMMUNITY
ASM,Asarma,WR,Gujarat,,,PUBLIC_COMMUNITY
ATB,Alattambadi,SR,Tamil Nadu,,,PUBLIC_COMMUNITY
ATDA,Atladara,WR,Gujarat,,,PUBLIC_COMMUNITY
ATX,Alinagar Tola,ECR,Bihar,,,PUBLIC_COMMUNITY
ASLU,Aslu,NWR,Rajasthan,28.368988,75.074842,PUBLIC_COMMUNITY
AYI,Ayingudi,SR,Tamil Nadu,,,PUBLIC_COMMUNITY
GHSR,GHASARA HALT,,,26.72284,79.360808,PUBLIC_COMMUNITY
ULD,ACHALDA,,,26.701949,79.404392,PUBLIC_COMMUNITY
AEL,Ateli,NWR,Haryana,28.100118,76.253105,PUBLIC_COMMUNITY
WTR,WATHAR,CR,Maharashtra,17.89054,74.135767,PUBLIC_COMMUNITY
WLH,VALHA,CR,Maharashtra,18.183635,74.160554,PUBLIC_COMMUNITY
BAAR,Bandar P.H.,?,West Bengal,22.052122,88.086816,PUBLIC_COMMUNITY
AE,Amreli,WR,Gujarat,21.607831,71.228012,PUBLIC_COMMUNITY
MST,MASIT,,,27.269929,80.257914,PUBLIC_COMMUNITY
BGH,BAGHAULI,,,27.228081,80.296314,PUBLIC_COMMUNITY
TPND,TALOJA PANCHAND,CR,Maharashtra,19.078901,73.087316,PUBLIC_COMMUNITY
ADVI,ADAVALI,KR,Maharashtra,16.921753,73.592514,PUBLIC_COMMUNITY
AGL,AMARGOL,SWR,Karnataka,15.411792,75.098208,PUBLIC_COMMUNITY
AS,ARJANSAR,NWR,Rajasthan,28.933796,73.871969,PUBLIC_COMMUNITY
BAKT,Barhara Kothi,ECR,Bihar,25.776942,87.096319,PUBLIC_COMMUNITY
CM,Campierganj,NER,Uttar Pradesh,27.05777,83.267384,PUBLIC_COMMUNITY
DB,Dabhoi Junction,WR,Gujarat,22.137755,73.415466,PUBLIC_COMMUNITY
ULU,ULUNDURPET,,,11.702177,79.317787,PUBLIC_COMMUNITY
AGZ,AMAGURA,ECoR,Chhattisgarh,19.068103,82.147342,PUBLIC_COMMUNITY
AGB,AMBAGAON,ECoR,Chhattisgarh,19.062527,82.239507,PUBLIC_COMMUNITY
MYKR,MATYAKHERI HALT,,,24.309449,74.951915,PUBLIC_COMMUNITY
BBLK,B L DASPURI,NCR,Uttar Pradesh,27.316999,79.363519,PUBLIC_COMMUNITY
ARV,ARNI ROAD,SR,Tamil Nadu,12.630801,79.209033,PUBLIC_COMMUNITY
BARI,Bari,NCR,Rajasthan,26.650058,77.618175,PUBLIC_COMMUNITY
BAT,Batala Junction,NR,Punjab,31.821482,75.194432,PUBLIC_COMMUNITY
BBV,BABHULGOAN,CR,Maharashtra,17.778326,75.383427,PUBLIC_COMMUNITY
ASI,Arseni,NR,Uttar Pradesh,27.243104,80.39386,PUBLIC_COMMUNITY
APE,ANDANAPPETTAI,SR,Tamil Nadu,10.758823,79.844096,PUBLIC_COMMUNITY
BEHR,BEOHARI,WCR,Madhya Pradesh,24.000269,81.379715,PUBLIC_COMMUNITY
ARNH,Arjunahalli,SWR,Karnataka,12.512857,76.391729,PUBLIC_COMMUNITY
BFG,Bagthar,NCR,Uttar Pradesh,26.796232,77.522189,PUBLIC_COMMUNITY
BBAR,BARA,WCR,Madhya Pradesh,24.001215,81.211862,PUBLIC_COMMUNITY
BDYP,Bidyadharpur,ER,West Bengal,22.425122,88.452872,PUBLIC_COMMUNITY
AKL,Anakhol,WR,Gujarat,,,PUBLIC_COMMUNITY
ASAN,ASAN,NR,Haryana,29.40129,76.882594,PUBLIC_COMMUNITY
ATUL,ATUL,WR,Gujarat,20.544593,72.927134,PUBLIC_COMMUNITY
AONI,Amoni,NFR,Assam,26.448121,92.919609,PUBLIC_COMMUNITY
BASA,Banosa,CR,Maharashtra,,,PUBLIC_COMMUNITY
BATS,Bhatsar,WR,Gujarat,,,PUBLIC_COMMUNITY
HRI,HARDOI,,,27.399414,80.147877,PUBLIC_COMMUNITY
BBE,BAGHI BARDIHA,ECR,Bihar,24.953077,85.623332,PUBLIC_COMMUNITY
BFX,BAGHI GHAUSPUR,ECR,Bihar,25.051952,85.684033,PUBLIC_COMMUNITY
BCF,Bankapasi,ER,West Bengal,,,PUBLIC_COMMUNITY
BDV,BADANAVALU,SWR,Karnataka,12.075566,76.749044,PUBLIC_COMMUNITY
BCHR,Bachar,WR,Gujarat,,,PUBLIC_COMMUNITY
BCM,Buranpudi,ECR,Bihar,,,PUBLIC_COMMUNITY
BDKE,Bhadsivni,CR,Maharashtra,,,PUBLIC_COMMUNITY
PGU,PADUGUPADU,,,14.496976,79.989954,PUBLIC_COMMUNITY
KJJ,KODAVALURU,,,14.564331,79.994908,PUBLIC_COMMUNITY
TMC,TALAMANCHI,,,14.607124,79.998171,PUBLIC_COMMUNITY
AXR,ALLURU ROAD,,,14.710541,79.989036,PUBLIC_COMMUNITY
BTTR,BITRAGUNTA,,,14.768585,79.983146,PUBLIC_COMMUNITY
SVPM,S VENKTESWRPALM,,,14.806671,79.982262,PUBLIC_COMMUNITY
KPO,KARANPURA,,,27.123047,76.778365,PUBLIC_COMMUNITY
BUDA,BHUDA,,,27.128986,76.814538,PUBLIC_COMMUNITY
MURD,MANDAWAR MAHUA RD,,,27.156098,76.850823,PUBLIC_COMMUNITY
ANDN,Anand Nagar,NER,Uttar Pradesh,27.103714,83.270698,PUBLIC_COMMUNITY
GOS,GHOSRANA,,,27.179904,76.90338,PUBLIC_COMMUNITY
DTF,DANTLA,,,27.197151,76.96107,PUBLIC_COMMUNITY
BDRN,Bhadran,WR,Gujarat,,,PUBLIC_COMMUNITY
KL,KHERLI,,,27.200257,77.036424,PUBLIC_COMMUNITY
ARK,Arakku,ECoR,Andhra Pradesh,18.333991,82.86256,PUBLIC_COMMUNITY
TBL,TARCHERRA BRLRM,,,27.205008,77.104134,PUBLIC_COMMUNITY
BF,Bagetar,NFR,Assam,,,PUBLIC_COMMUNITY
NBI,NADBAI,,,27.213674,77.208088,PUBLIC_COMMUNITY
PPEA,PAPRERA,,,27.226004,77.308829,PUBLIC_COMMUNITY
HK,HELAK,,,27.234442,77.378757,PUBLIC_COMMUNITY
BTE,BHARATPUR JN,,,27.237107,77.488613,PUBLIC_COMMUNITY
ATR,Attar,WR,Madhya Pradesh,21.998734,76.204918,PUBLIC_COMMUNITY
NHB,NOH BACHHAMDI,,,27.223369,77.546395,PUBLIC_COMMUNITY
IK,IKRAN,,,27.211065,77.608741,PUBLIC_COMMUNITY
CIK,CHIKSANA,,,27.199896,77.663925,PUBLIC_COMMUNITY
ANY,Arumuganeri,SR,Tamil Nadu,8.579144,78.091842,PUBLIC_COMMUNITY
BAKA,Banka,?,Bihar,24.865901,86.911693,PUBLIC_COMMUNITY
AH,ACHHNERA JN,,,27.18176,77.757839,PUBLIC_COMMUNITY
TDL,TUNDLA JN,,,27.207747,78.233285,PUBLIC_COMMUNITY
BAW,CHIK BANAVAR,SWR,Karnataka,13.073539,77.506341,PUBLIC_COMMUNITY
PVN,PAVUNUR,,,11.600544,79.315806,PUBLIC_COMMUNITY
BFN,Bugana,NR,Haryana,29.258822,75.827815,PUBLIC_COMMUNITY
ANF,Anandapuram,SWR,Karnataka,14.073324,75.209164,PUBLIC_COMMUNITY
BBN,Barbil,SER,Odisha,22.104577,85.369058,PUBLIC_COMMUNITY
HNG,HIRANGAON,,,27.175703,78.314619,PUBLIC_COMMUNITY
FZD,FIROZABAD,,,27.147415,78.386691,PUBLIC_COMMUNITY
MNR,MAKKHANPUR,,,27.119485,78.4715,PUBLIC_COMMUNITY
SKB,SHIKOHABAD JN,,,27.085686,78.574955,PUBLIC_COMMUNITY
KAA,KAURARA,,,27.029,78.664813,PUBLIC_COMMUNITY
BDN,BHADAN,,,26.979392,78.737495,PUBLIC_COMMUNITY
BBL,BALRAI,,,26.920502,78.82371,PUBLIC_COMMUNITY
JGR,JASWANTNAGAR,,,26.872978,78.893731,PUBLIC_COMMUNITY
SB,SARAI BHOPAT,,,26.837847,78.944709,PUBLIC_COMMUNITY
ETW,ETAWAH,,,26.78597,79.021502,PUBLIC_COMMUNITY
EKL,EKDIL,,,26.76628,79.116455,PUBLIC_COMMUNITY
BNT,BHARTHANA,,,26.750225,79.216361,PUBLIC_COMMUNITY
DBM,DABOLIM,SWR,Goa,15.389334,73.849937,PUBLIC_COMMUNITY
AUWA,AUWA,NWR,Rajasthan,25.665207,73.564613,PUBLIC_COMMUNITY
JP,JAIPUR,,,26.920203,75.786923,PUBLIC_COMMUNITY
BEB,Beldanga,ER,West Bengal,23.932059,88.242968,PUBLIC_COMMUNITY
BHLI,BOHALI,CR,Maharashtra,17.588773,75.27417,PUBLIC_COMMUNITY
BASN,BHAINSWAN,NR,Haryana,29.094392,76.680769,PUBLIC_COMMUNITY
BHNA,Bhayna,ER,West Bengal,23.312261,88.641659,PUBLIC_COMMUNITY
BHME,BHANDARIDAH,ECR,,23.756673,86.055099,PUBLIC_COMMUNITY
BCU,BHUCHCHU,NR,Punjab,30.209882,75.095186,PUBLIC_COMMUNITY
BHL,BHILWARA,NWR,Rajasthan,25.343551,74.630773,PUBLIC_COMMUNITY
KVA,KAVAS,NWR,Rajasthan,25.867466,71.538716,PUBLIC_COMMUNITY
BDW,BANDANWARA,NWR,Rajasthan,26.125301,74.691379,PUBLIC_COMMUNITY
BJV,Bijauria,NER,Uttar Pradesh,28.574785,79.655274,PUBLIC_COMMUNITY
BHJ,Barhaj Bazar,NER,Uttar Pradesh,26.283912,83.731497,PUBLIC_COMMUNITY
DRD,DAHANU ROAD,WR,Maharashtra,19.991217,72.743368,PUBLIC_COMMUNITY
BJRA,BHAJERA,,,27.100775,76.656874,PUBLIC_COMMUNITY
BDXT,BASAI DHANKOT,NR,Haryana,28.464735,76.983187,PUBLIC_COMMUNITY
BCHN,Bochasan Junction,WR,Gujarat,22.402073,72.847673,PUBLIC_COMMUNITY
BHT,Bhattu,NWR,Haryana,29.387323,75.34013,PUBLIC_COMMUNITY
SHR,SIHORA ROAD,WCR,Madhya Pradesh,23.467136,80.110265,PUBLIC_COMMUNITY
SGBJ,SURGAON BANJARI,WCR,Madhya Pradesh,21.946109,76.544215,PUBLIC_COMMUNITY
BADR,Bhader,WR,Gujarat,21.36507,70.928979,PUBLIC_COMMUNITY
TLA,TITVALA,,,19.296504,73.202714,PUBLIC_COMMUNITY
BJUD,BAJUD,WR,Gujarat,21.736131,71.827925,PUBLIC_COMMUNITY
KON,KUDALNAGAR,,,9.944876,78.108666,PUBLIC_COMMUNITY
BDSW,Budhsinghwala,NWR,Rajasthan,29.831708,74.222661,PUBLIC_COMMUNITY
BER,BEAWAR,NWR,Rajasthan,26.108908,74.314971,PUBLIC_COMMUNITY
BGDA,Bogada,?,Orissa,20.278714,86.588172,PUBLIC_COMMUNITY
AWG,Awa Garh,NCR,Uttar Pradesh,27.464247,78.4734,PUBLIC_COMMUNITY
SBK,SHAHBAZ KULI,NER,Uttar Pradesh,25.632101,83.674653,PUBLIC_COMMUNITY
ENR,ENNORE,,,13.218196,80.322124,PUBLIC_COMMUNITY
NLS,NELLORE SOUTH,,,14.444475,79.983464,PUBLIC_COMMUNITY
AVL,AMRITVEL,WR,Gujarat,21.077372,71.679671,PUBLIC_COMMUNITY
NLR,NELLORE,,,14.460592,79.989383,PUBLIC_COMMUNITY
BGR,Bhagdara,CR,Maharashtra,,,PUBLIC_COMMUNITY
BGA,BAGALIA,SER,West Bengal,23.446936,86.519046,PUBLIC_COMMUNITY
BERO,BERO,SER,West Bengal,23.548271,86.726609,PUBLIC_COMMUNITY
XX-MEJB,XX-MEJB,,,,,PUBLIC_COMMUNITY
BHHT,Barhara,?,Bihar,,,PUBLIC_COMMUNITY
DVBH,MAKUDAN VIRAPANDI BLOCK HUT,,,11.580796,78.037941,PUBLIC_COMMUNITY
AVT,Avati,SWR,Karnataka,13.299092,77.726679,PUBLIC_COMMUNITY
XX-KJMB,XX-KJMB,,,,,PUBLIC_COMMUNITY
BHOJ,Bhoj Padra,WR,Gujarat,,,PUBLIC_COMMUNITY
BIV,Bamhani Banjur,SECR,Madhya Pradesh,22.438916,80.324566,PUBLIC_COMMUNITY
BGB,Budge Budge,ER,West Bengal,22.493102,88.194692,PUBLIC_COMMUNITY
BHRD,Baghara Road,SER,,,,PUBLIC_COMMUNITY
DDBC,DDBC,,,,,PUBLIC_COMMUNITY
UMNR,UMESHNAGAR,ECR,Bihar,25.461085,86.431195,PUBLIC_COMMUNITY
BHWR,Bhitiharwa Ashram,ECR,Bihar,,,PUBLIC_COMMUNITY
BDBP,BASUDEBPUR,ER,Bihar,24.635527,87.982535,PUBLIC_COMMUNITY
MOL,MULI ROAD,WR,Gujarat,22.676562,71.43486,PUBLIC_COMMUNITY
AZA,AZARA,NFR,Assam,26.09934,91.613927,PUBLIC_COMMUNITY
BAHI,Balenahalli,SWR,Karnataka,14.250321,76.566376,PUBLIC_COMMUNITY
BDHP,BHUDPUR,NR,Uttar Pradesh,29.218094,77.291168,PUBLIC_COMMUNITY
SHW,SAMHON,,,26.734186,79.320694,PUBLIC_COMMUNITY
PATA,PATA,,,26.666619,79.479418,PUBLIC_COMMUNITY
PJY,PARA JANI HALT,,,26.596933,79.634896,PUBLIC_COMMUNITY
RURA,RURA,,,26.485377,79.908216,PUBLIC_COMMUNITY
BPU,BHAUPUR,,,26.468115,80.12429,PUBLIC_COMMUNITY
CNB,KANPUR CENTRAL,,,26.45424,80.350966,PUBLIC_COMMUNITY
CHK,CHAKERI,,,26.38116,80.406546,PUBLIC_COMMUNITY
SSL,SIRSAUL,,,26.297301,80.462852,PUBLIC_COMMUNITY
RAMA,RAMVA,,,25.891153,80.853299,PUBLIC_COMMUNITY
BKF,Bhikhna Thori,ECR,Bihar,27.333596,84.61057,PUBLIC_COMMUNITY
BGJT,Bagha Jatin,ER,West Bengal,22.482615,88.387421,PUBLIC_COMMUNITY
BGPL,Baghuapal,ECoR,Orissa,21.042219,86.013166,PUBLIC_COMMUNITY
BEHS,Bihar Sharif,ECR,Bihar,25.206116,85.539075,PUBLIC_COMMUNITY
BHRB,Bhairabi,?,Mizoram,24.19546,92.54106,PUBLIC_COMMUNITY
BDWL,BIRADHWAL,NWR,Rajasthan,29.174117,73.896516,PUBLIC_COMMUNITY
BANE,BASNI,NWR,Rajasthan,26.222963,73.010639,PUBLIC_COMMUNITY
BHZ,BIHARA,NFR,Assam,24.962818,92.689054,PUBLIC_COMMUNITY
BHI,BAHERI,NER,Uttar Pradesh,28.777391,79.500322,PUBLIC_COMMUNITY
BHB,BADLA GHAT,ECR,Bihar,25.553763,86.587144,PUBLIC_COMMUNITY
BJNR,BIJAINAGAR,NWR,Rajasthan,25.931003,74.653059,PUBLIC_COMMUNITY
BGHI,BAGAHAI ROAD,WCR,Madhya Pradesh,24.555903,81.018663,PUBLIC_COMMUNITY
BDDR,BADODAR,WR,Gujarat,21.361073,70.295846,PUBLIC_COMMUNITY
BIJ,Birnagar,ER,West Bengal,23.235875,88.551252,PUBLIC_COMMUNITY
BJO,BIJNOR,NR,Uttar Pradesh,29.38563,78.146805,PUBLIC_COMMUNITY
BHLA,BEHULA,ER,West Bengal,23.181967,88.428792,PUBLIC_COMMUNITY
BLQR,BILASPUR ROAD,NER,Uttar Pradesh,28.865601,79.254263,PUBLIC_COMMUNITY
BHLE,Barahat,ER,Bihar,24.9206,87.010084,PUBLIC_COMMUNITY
BGAE,BALAGARH,ER,West Bengal,23.121545,88.452552,PUBLIC_COMMUNITY
BJRI,BIJURI,SECR,Madhya Pradesh,23.250339,82.118946,PUBLIC_COMMUNITY
BHTA,BHATIYA,WR,Gujarat,22.088154,69.280362,PUBLIC_COMMUNITY
BKRO,BOKARO THERMAL,ECR,,23.78515,85.875578,PUBLIC_COMMUNITY
CHCR,CHACHER,,,21.241422,79.354918,PUBLIC_COMMUNITY
DNL,DHANOLI,,,21.32211,80.427591,PUBLIC_COMMUNITY
LLP,Lalitgram,ECR,Bihar,26.356665,87.012266,PUBLIC_COMMUNITY
NI,NAYDONGRI,,,20.348431,74.836633,PUBLIC_COMMUNITY
HJN,HOWRAH JN. CABIN,,,22.583533,88.342811,PUBLIC_COMMUNITY
PKE,PIMPAR KHED,,,20.307455,74.756,PUBLIC_COMMUNITY
PJN,PANJHAN,,,20.275504,74.606561,PUBLIC_COMMUNITY
HSL,HISVAHAL,,,20.283239,74.57099,PUBLIC_COMMUNITY
PNV,PANEVADI,,,20.26527,74.494903,PUBLIC_COMMUNITY
MMR,MANMAD JN,,,20.249887,74.438305,PUBLIC_COMMUNITY
TGR3,BLOCK AND CATCH SIDING CABINE NO.3,,,19.674468,73.485951,PUBLIC_COMMUNITY
BDGP,BADANAGUPPE,SWR,Karnataka,11.990316,76.861228,PUBLIC_COMMUNITY
KYN,KALYAN JN,,,19.234716,73.12974,PUBLIC_COMMUNITY
PMR,PITAMBARPUR,,,28.200105,79.538072,PUBLIC_COMMUNITY
BIQ,BANSI PAHARPUR,NCR,Rajasthan,26.93277,77.457241,PUBLIC_COMMUNITY
CTTP,CHITRAPUR HALT,KR,Karnataka,14.036148,74.536566,PUBLIC_COMMUNITY
BMDI,Brahmanwada,WR,Gujarat,,,PUBLIC_COMMUNITY
BFD,BORHAT,NFR,Assam,27.164263,95.277512,PUBLIC_COMMUNITY
BGM,BELGAUM,SWR,Karnataka,15.849243,74.509564,PUBLIC_COMMUNITY
BGU,BAIRGANIA,ECR,Bihar,26.738282,85.273334,PUBLIC_COMMUNITY
BGRM,Biggabas Ramsara,NWR,Rajasthan,28.047692,74.201547,PUBLIC_COMMUNITY
BEML,BEML Nagar,SWR,Karnataka,12.978641,78.241978,PUBLIC_COMMUNITY
BKT,BAKSHI KA TALAB,NER,Uttar Pradesh,26.983452,80.922331,PUBLIC_COMMUNITY
BFPA,Bhopatpur,NER,Uttar Pradesh,28.375464,79.805138,PUBLIC_COMMUNITY
BJP,BIJAPUR,SWR,Karnataka,16.83106,75.740001,PUBLIC_COMMUNITY
BILA,Bheslana,NWR,Rajasthan,27.065209,75.304187,PUBLIC_COMMUNITY
VJA,VEJANDLA,SCR,Andhra Pradesh,16.237226,80.519729,PUBLIC_COMMUNITY
SJL,SANGAM JAGARLAMUDI,SCR,Andhra Pradesh,16.246589,80.570521,PUBLIC_COMMUNITY
BDE,Bodeli,WR,Gujarat,22.270191,73.71658,PUBLIC_COMMUNITY
GCAB,GCAB,,,21.204608,81.431558,PUBLIC_COMMUNITY
BIA,BHILAI,,,21.202598,81.421724,PUBLIC_COMMUNITY
BPHB,BHILAI POWER HOUSE,,,21.208119,81.375901,PUBLIC_COMMUNITY
BQR,BHILAI NAGAR,,,21.201338,81.334345,PUBLIC_COMMUNITY
BADK,BARKA,NR,Uttar Pradesh,29.072565,77.273302,PUBLIC_COMMUNITY
BDKT,Badakhandita,ECoR,Orissa,20.365449,86.083836,PUBLIC_COMMUNITY
BELA,Bela,ECR,Bihar,24.97843,84.981353,PUBLIC_COMMUNITY
VDE,VEDAYAPALEM,,,14.404478,79.957106,PUBLIC_COMMUNITY
TRL,TIRUVALLUR,,,13.115764,79.913105,PUBLIC_COMMUNITY
BIDR,Bidar,SCR,Karnataka,17.911684,77.513779,PUBLIC_COMMUNITY
WCN,WIMCO NAGAR,,,13.180491,80.305807,PUBLIC_COMMUNITY
KAVM,KATHIVAKKAM,,,13.204344,80.316742,PUBLIC_COMMUNITY
VKT,VENKATACHALAM,,,14.327256,79.92732,PUBLIC_COMMUNITY
BHM,Bahram,NR,Punjab,31.197575,75.894193,PUBLIC_COMMUNITY
BGPA,Bageshapura,SWR,Karnataka,13.143803,76.229355,PUBLIC_COMMUNITY
BHRJ,Becharji,WR,Gujarat,23.516602,72.029413,PUBLIC_COMMUNITY
SDM,SURAREDDIPALEM,,,15.407571,80.045682,PUBLIC_COMMUNITY
PRH,POWERPET,,,16.713189,81.106602,PUBLIC_COMMUNITY
VGT,UNGUTURU,,,16.824498,81.42356,PUBLIC_COMMUNITY
BMGM,BRAHMANAGUDEM,,,16.930258,81.675277,PUBLIC_COMMUNITY
KYM,KADIYAN,,,16.914338,81.832674,PUBLIC_COMMUNITY
BBPM,BALABHADRAPURAM,,,16.965801,82.000376,PUBLIC_COMMUNITY
NASP,NARASINGAPALLI,,,17.606751,82.891038,PUBLIC_COMMUNITY
GPT,GOPALAPATNAM,,,17.748818,83.214877,PUBLIC_COMMUNITY
VKD,BAKHRABAD,,,22.118541,87.36345,PUBLIC_COMMUNITY
NYA,NARAYANGARH,,,22.174233,87.380456,PUBLIC_COMMUNITY
BPE,BENAPUR,,,22.271352,87.376241,PUBLIC_COMMUNITY
HIJ,HIJILLI,,,22.319921,87.320169,PUBLIC_COMMUNITY
BKL,BONA KALU,SCR,Andhra Pradesh,17.031591,80.261499,PUBLIC_COMMUNITY
BLO,BHULON,WCR,Rajasthan,24.635909,76.968812,PUBLIC_COMMUNITY
BMHR,BAMANHERI,NR,Uttar Pradesh,29.514762,77.70639,PUBLIC_COMMUNITY
BME,BARMER,NWR,Rajasthan,25.744522,71.397067,PUBLIC_COMMUNITY
BLC,BOLDA,SCR,Maharashtra,19.552032,77.273591,PUBLIC_COMMUNITY
BKWA,BAKAYANWALA,NR,Rajasthan,30.143292,73.985818,PUBLIC_COMMUNITY
BLDI,BHILDI,WR,Gujarat,24.194251,72.008187,PUBLIC_COMMUNITY
BJ,BAHJOI,NR,Uttar Pradesh,28.4015,78.631506,PUBLIC_COMMUNITY
ADIJ,AHMEDABAD JN,,,23.025715,72.601716,PUBLIC_COMMUNITY
BMSR,Bhimasar,WR,Gujarat,23.533661,70.886919,PUBLIC_COMMUNITY
BLWR,BILESHWAR,WR,Gujarat,22.382129,70.830427,PUBLIC_COMMUNITY
BKDE,BUDHAKHERA,NR,Haryana,29.378719,76.557193,PUBLIC_COMMUNITY
HCAB,BMY H CABIN,,,21.220991,81.464891,PUBLIC_COMMUNITY
KOK,KORUKKUPET JN,,,13.12049,80.278377,PUBLIC_COMMUNITY
BHY,BHAYAVADAR,WR,Gujarat,21.847837,70.236145,PUBLIC_COMMUNITY
BL,VALSAD,WR,Gujarat,20.608559,72.933529,PUBLIC_COMMUNITY
TNP,TONDIARPETTAI,,,13.12624,80.280921,PUBLIC_COMMUNITY
BNSP,BANSAPAHAR,WCR,Uttar Pradesh,25.055505,81.050022,PUBLIC_COMMUNITY
ULB,ULUBARIA,,,22.472428,88.093209,PUBLIC_COMMUNITY
BLP,Balrampur,NER,Uttar Pradesh,27.415821,82.16067,PUBLIC_COMMUNITY
VOC,V.O.C. NAGAR,,,13.140302,80.287457,PUBLIC_COMMUNITY
CTRE,CHITTERI,,,13.068172,79.597909,PUBLIC_COMMUNITY
TUG,THALANGAI,,,13.003678,79.426128,PUBLIC_COMMUNITY
APH,ANUPGARH,NWR,Rajasthan,29.196898,73.204564,PUBLIC_COMMUNITY
WJR,WALAJAH ROAD JN,,,12.970676,79.360511,PUBLIC_COMMUNITY
BJMR,BAIJNATH MANDIR,NR,Himachal Pradesh,32.052626,76.651529,PUBLIC_COMMUNITY
MCN,MUKUNDARAYAPURM,,,12.977678,79.289067,PUBLIC_COMMUNITY
TVT,TIRUVOTTIYUR,,,13.160025,80.296454,PUBLIC_COMMUNITY
BOTR,Bhavdhari,NWR,Haryana,,,PUBLIC_COMMUNITY
BOX,Bhojasar,NWR,Rajasthan,,,PUBLIC_COMMUNITY
BMR,BIKRAMPUR,WCR,Madhya Pradesh,23.082226,79.586316,PUBLIC_COMMUNITY
BPAH,Benipur Halt,ECR,Bihar,,,PUBLIC_COMMUNITY
BKH,BANKHEDI,WCR,Madhya Pradesh,22.774882,78.537997,PUBLIC_COMMUNITY
AKRA,Akra,ER,West Bengal,22.514668,88.249021,PUBLIC_COMMUNITY
BPF,BANAPURA,WCR,Madhya Pradesh,22.470358,77.480732,PUBLIC_COMMUNITY
BLKR,BALLEKERE HALT,SWR,Karnataka,13.502322,76.023514,PUBLIC_COMMUNITY
SUCH,SUCHINDRAM,SR,Tamil Nadu,8.149479,77.466792,PUBLIC_COMMUNITY
BJWS,Bojawas,NWR,Haryana,28.312786,76.252868,PUBLIC_COMMUNITY
BLGA,Belagula,SWR,Karnataka,12.385699,76.588703,PUBLIC_COMMUNITY
BLLI,BALLI,KR,Goa,15.151726,74.020976,PUBLIC_COMMUNITY
BJMD,Bara Jamda,SER,Jharkhand,22.166533,85.412392,PUBLIC_COMMUNITY
BMP,Bramhapuri,SECR,Maharashtra,20.603943,79.867537,PUBLIC_COMMUNITY
BIC,Bichia,NER,Uttar Pradesh,28.18307,81.272081,PUBLIC_COMMUNITY
BILK,Bilkha,WR,Gujarat,21.443078,70.600402,PUBLIC_COMMUNITY
BMPR,Badampahar,SER,Orissa,22.264023,86.180818,PUBLIC_COMMUNITY
BMGR,Bamangram,NFR,West Bengal,25.62214,88.191283,PUBLIC_COMMUNITY
BPN,Banpur,ER,West Bengal,23.451869,88.761855,PUBLIC_COMMUNITY
BMLL,Bamla,NWR,Haryana,28.832464,76.244079,PUBLIC_COMMUNITY
BMW,Bamhni,SECR,Maharashtra,20.922361,79.364152,PUBLIC_COMMUNITY
KOTR,KORATTUR,,,13.113345,80.184062,PUBLIC_COMMUNITY
PCW,PERAMBUR CARRIAGE WORKS,,,13.10724,80.238659,PUBLIC_COMMUNITY
VLK,VILLIVAKKAM,,,13.110062,80.209621,PUBLIC_COMMUNITY
BNHL,Bellenahalli,SWR,Karnataka,14.243859,76.554391,PUBLIC_COMMUNITY
PVM,PATTARAVKKAM,,,13.114872,80.166656,PUBLIC_COMMUNITY
ABU,AMBATTUR,,,13.114306,80.152525,PUBLIC_COMMUNITY
ANNR,ANNANUR,,,13.116018,80.126743,PUBLIC_COMMUNITY
KMSI,Kumsi,,,14.051954,75.402042,PUBLIC_COMMUNITY
AVD,AVADI,,,13.118247,80.100518,PUBLIC_COMMUNITY
HC,HINDU COLLEGE,,,13.118538,80.074903,PUBLIC_COMMUNITY
PAB,PATTABIRAM,,,13.11926,80.065424,PUBLIC_COMMUNITY
NEC,NEMILICHERRY HALT,,,13.121643,80.045378,PUBLIC_COMMUNITY
SVR,SEVVAPET ROAD,,,13.124997,79.966688,PUBLIC_COMMUNITY
PTLR,PUTLUR HALT,,,13.122922,79.9371,PUBLIC_COMMUNITY
EGT,EGATTUR HALT,,,13.106198,79.88406,PUBLIC_COMMUNITY
BJE,Bhojudih Junction,SER,Jharkhand,23.642175,86.446999,PUBLIC_COMMUNITY
MAF,MANUR,,,13.096025,79.801508,PUBLIC_COMMUNITY
MSU,MOSUR,,,13.085735,79.718841,PUBLIC_COMMUNITY
MLPM,MELPAKKAM,,,13.080671,79.659245,PUBLIC_COMMUNITY
MRLM,MARUDALAM,,,12.99726,79.399298,PUBLIC_COMMUNITY
BPZ,BAZPUR,NER,Uttarakhand,29.1579,79.146383,PUBLIC_COMMUNITY
BRY,BAREILLY,NER,Uttar Pradesh,28.337284,79.410974,PUBLIC_COMMUNITY
BQZ,BALLALPUR,ER,West Bengal,24.747459,87.912243,PUBLIC_COMMUNITY
BNN,BARNALA,NR,Punjab,30.370397,75.549247,PUBLIC_COMMUNITY
BNJL,BINJHOL HALT,NR,Haryana,29.344605,76.923781,PUBLIC_COMMUNITY
KAV,KALAMNA,,,21.168195,79.140955,PUBLIC_COMMUNITY
BNH,BHIMNATH,WR,Gujarat,22.245963,71.92503,PUBLIC_COMMUNITY
BNVD,BHANVAD,WR,Gujarat,21.933044,69.798858,PUBLIC_COMMUNITY
BRGM,Baraigram Junction,NFR,Assam,24.684059,92.344106,PUBLIC_COMMUNITY
BSPR,BISHRAMPUR,SECR,Chhattisgarh,23.179178,82.98289,PUBLIC_COMMUNITY
BRH,BAIKUNTHPUR RD,SECR,Chhattisgarh,23.317286,82.529884,PUBLIC_COMMUNITY
SAL,SALWA,,,21.236542,79.292976,PUBLIC_COMMUNITY
BTKL,Bhatkal,KR,Karnataka,13.987012,74.567302,PUBLIC_COMMUNITY
TAR,THARSA,,,21.256602,79.41467,PUBLIC_COMMUNITY
TMR,TUMSAR ROAD,,,21.342437,79.751419,PUBLIC_COMMUNITY
GJ,GANGAJHARI,,,21.443153,80.058885,PUBLIC_COMMUNITY
BNSR,BHAGWANSAR,NWR,Rajasthan,29.343806,73.859791,PUBLIC_COMMUNITY
PJB,PANIAJOB,,,21.183732,80.693768,PUBLIC_COMMUNITY
THL,TIRUVALAM,,,12.974779,79.245745,PUBLIC_COMMUNITY
BQH,Bhanohad Punjab,NR,Punjab,30.851738,75.709706,PUBLIC_COMMUNITY
SVUR,SEVUR,,,12.971785,79.189821,PUBLIC_COMMUNITY
KPD,KATPADI JN,,,12.972734,79.135341,PUBLIC_COMMUNITY
BPRA,BARIPURA,NCR,Uttar Pradesh,25.340728,79.943488,PUBLIC_COMMUNITY
PCKM,PACHACHAKUPAM,,,12.822656,78.757365,PUBLIC_COMMUNITY
BRPM,Baripur Mandala,WR,Gujarat,,,PUBLIC_COMMUNITY
BRTL,Bharthali,WR,Gujarat,,,PUBLIC_COMMUNITY
DGG,DONGARGARH,,,21.185492,80.759857,PUBLIC_COMMUNITY
BPO,Baripada,SER,Orissa,21.922741,86.73709,PUBLIC_COMMUNITY
BO,Borsad,WR,Gujarat,22.401548,72.909158,PUBLIC_COMMUNITY
JTR,JATKANHAR,,,21.1798,80.821965,PUBLIC_COMMUNITY
BS,Banisar,NWR,Rajasthan,28.067563,73.895488,PUBLIC_COMMUNITY
ATH,ANTAH,WCR,Rajasthan,25.161177,76.307268,PUBLIC_COMMUNITY
BON,BHONRA,WCR,Rajasthan,25.171061,76.197674,PUBLIC_COMMUNITY
BOV,Bhatgaon,SECR,Chhattisgarh,21.171626,81.712724,PUBLIC_COMMUNITY
MUA,MUSRA,,,21.152966,80.879372,PUBLIC_COMMUNITY
BNCE,BANGALORE EAST,SWR,Karnataka,13.00148,77.61847,PUBLIC_COMMUNITY
KNDV,KNDV,,,,,PUBLIC_COMMUNITY
BRP,Baruipur Junction,ER,West Bengal,22.366658,88.431647,PUBLIC_COMMUNITY
AAH,ITEHAR,NCR,Madhya Pradesh,26.562635,78.683783,PUBLIC_COMMUNITY
RYT,RAYAT PURA,NCR,Madhya Pradesh,26.456937,78.381881,PUBLIC_COMMUNITY
BBY,BHADROLI,NCR,Madhya Pradesh,26.30595,78.181356,PUBLIC_COMMUNITY
BAKL,BAKAL,,,21.123637,80.940946,PUBLIC_COMMUNITY
BTKB,Bathna Krittibas Halt,ER,West Bengal,23.236314,88.482669,PUBLIC_COMMUNITY
GD,GONDA JN,,,27.154613,81.978152,PUBLIC_COMMUNITY
AKZ,Akashi,SER,Jharkhand,23.385124,84.887786,PUBLIC_COMMUNITY
BR,BANDH BARETA,NCR,Rajasthan,26.910367,77.364108,PUBLIC_COMMUNITY
DAN,DHANETA,,,28.512294,79.264748,PUBLIC_COMMUNITY
CKYD,CHAKRA ROAD,NER,Uttar Pradesh,26.001213,83.672178,PUBLIC_COMMUNITY
MUP,MURHIPAR,,,21.183141,81.148154,PUBLIC_COMMUNITY
BOKE,BHOKE,KR,Maharashtra,17.049055,73.381062,PUBLIC_COMMUNITY
RSM,RASMARA,,,21.204118,81.2164,PUBLIC_COMMUNITY
PHQ,PARDHANDE,,,20.729295,75.376941,PUBLIC_COMMUNITY
PC,PACHORA JN,,,20.668385,75.34831,PUBLIC_COMMUNITY
BSKH,Basukinath,ER,Jharkhand,24.388941,87.045099,PUBLIC_COMMUNITY
BSKN,Bhesana Manknaj,WR,Gujarat,23.498757,72.331209,PUBLIC_COMMUNITY
GAA,GALAN,,,20.6096,75.277,PUBLIC_COMMUNITY
NGD,NAGARDEVLA,,,20.603002,75.198106,PUBLIC_COMMUNITY
AV,ASVALI,,,19.817371,73.751085,PUBLIC_COMMUNITY
PI,PADLI,,,19.783928,73.665733,PUBLIC_COMMUNITY
GO,GHOTI,,,19.722911,73.635944,PUBLIC_COMMUNITY
IGP,IGATPURI,,,19.694053,73.562379,PUBLIC_COMMUNITY
SHAD,SHAHAD,,,19.244702,73.158611,PUBLIC_COMMUNITY
ASE,ASAUDAH,NR,Haryana,28.736538,76.858773,PUBLIC_COMMUNITY
ABO,ASTHAL BOHAR,NR,Haryana,28.857765,76.629155,PUBLIC_COMMUNITY
KZH,KILA ZAFARGARH,NR,Haryana,29.080581,76.428953,PUBLIC_COMMUNITY
BNQL,BHANKALA HALT,NR,Uttar Pradesh,29.845591,77.474349,PUBLIC_COMMUNITY
BQA,BANKURA,SER,West Bengal,23.224387,87.074688,PUBLIC_COMMUNITY
BRLI,Barauli,NCR,Uttar Pradesh,26.552056,77.424988,PUBLIC_COMMUNITY
BPRH,Balpur Halt,SECR,Chhattisgarh,22.115136,82.694138,PUBLIC_COMMUNITY
BNKI,Banmankhi Junction,ECR,Bihar,25.885092,87.193664,PUBLIC_COMMUNITY
AIP,ATTIPPATTU,,,13.261163,80.288946,PUBLIC_COMMUNITY
MJR,MINJUR,,,13.281979,80.260192,PUBLIC_COMMUNITY
BRJ,Brace Bridge,ER,West Bengal,22.517861,88.301496,PUBLIC_COMMUNITY
BZGT,Bazurghat,NFR,Assam,24.607593,92.383418,PUBLIC_COMMUNITY
ALGP,Algapur,?,Assam,24.754753,92.595918,PUBLIC_COMMUNITY
TAN,TARANA ROAD,,,23.264582,76.067017,PUBLIC_COMMUNITY
DWO,DOIWALA,NR,Uttarakhand,30.175451,78.12218,PUBLIC_COMMUNITY
BRSQ,BRAR SQUARE,NR,Delhi NCT,28.613526,77.14079,PUBLIC_COMMUNITY
KAT,KHATAULI,NR,Uttar Pradesh,29.273712,77.736988,PUBLIC_COMMUNITY
BUB,Bissau,NWR,Rajasthan,28.240101,75.061208,PUBLIC_COMMUNITY
PQY,PABLI KHAS,NR,Uttar Pradesh,29.05601,77.698335,PUBLIC_COMMUNITY
GUH,GULDHAR,NR,Uttar Pradesh,28.703752,77.455792,PUBLIC_COMMUNITY
BRRD,BORDI ROAD,WR,Gujarat,20.122424,72.766138,PUBLIC_COMMUNITY
BRU,BHAIROGANJ,ECR,Bihar,27.151418,84.242397,PUBLIC_COMMUNITY
BTH,BETTIAH,ECR,Bihar,26.805885,84.522956,PUBLIC_COMMUNITY
MKU,MALKAPUR,,,20.891974,76.202946,PUBLIC_COMMUNITY
BSDL,BHARSENDI,WCR,Madhya Pradesh,24.036488,82.06039,PUBLIC_COMMUNITY
BSC,Bulandshahr,NR,Uttar Pradesh,28.391919,77.848242,PUBLIC_COMMUNITY
BTPG,Betheria Ghola,ER,West Bengal,22.350122,88.573321,PUBLIC_COMMUNITY
BTPD,Bethampurdi,SCR,Andhra Pradesh,17.543986,80.573657,PUBLIC_COMMUNITY
BTG,BASHARATGANJ,NR,Uttar Pradesh,28.288009,79.285196,PUBLIC_COMMUNITY
BTIC,BHATINDA CANTT,NR,Punjab,30.19088,74.954044,PUBLIC_COMMUNITY
ALL,ALAL,NR,Punjab,30.377725,75.72075,PUBLIC_COMMUNITY
WADO,WADODA,,,20.888545,76.279847,PUBLIC_COMMUNITY
KJL,KHUMGAON BURTI,,,20.866943,76.401107,PUBLIC_COMMUNITY
NN,NANDURA,,,20.838889,76.460158,PUBLIC_COMMUNITY
BTD,BOTAD JN,WR,Gujarat,22.182871,71.665597,PUBLIC_COMMUNITY
BU,BASWA,NWR,Haryana,27.149686,76.575644,PUBLIC_COMMUNITY
AK,AKOLA JN,,,20.723084,77.005497,PUBLIC_COMMUNITY
DKS,DAREKASA,,,21.271299,80.580751,PUBLIC_COMMUNITY
BUGL,Buglanwali,NWR,Rajasthan,29.791751,74.238973,PUBLIC_COMMUNITY
BSX,BASAR,SCR,Andhra Pradesh,18.86512,77.938506,PUBLIC_COMMUNITY
BWZ,Baddowal,NR,Punjab,30.862117,75.742678,PUBLIC_COMMUNITY
BSQ,BARSI TAKLI,SCR,Maharashtra,20.576054,77.060902,PUBLIC_COMMUNITY
PARH,PARAKHEDA,WCR,Madhya Pradesh,25.705583,77.642772,PUBLIC_COMMUNITY
BLNR,BIRLANAGAR,,,26.237555,78.195311,PUBLIC_COMMUNITY
BUQ,Bargi,SECR,Madhya Pradesh,22.995933,79.875125,PUBLIC_COMMUNITY
SIKD,SIKRODA KWANRI,,,26.569564,77.962853,PUBLIC_COMMUNITY
BSJ,Bhupalsagar,NWR,Rajasthan,24.847762,74.211613,PUBLIC_COMMUNITY
BRPK,Bisharpara Kodaliya,ER,West Bengal,22.676284,88.434731,PUBLIC_COMMUNITY
TY,TULUKAPATI,SR,Tamil Nadu,9.467439,77.936903,PUBLIC_COMMUNITY
BYSA,Basulyasutahata,SER,West Bengal,22.120301,88.130563,PUBLIC_COMMUNITY
BRG,BARGARH,NCR,Uttar Pradesh,25.16427,81.450058,PUBLIC_COMMUNITY
KSRA,KASARA,,,19.647159,73.472003,PUBLIC_COMMUNITY
OMB,OOMBERMALI,,,19.628026,73.422651,PUBLIC_COMMUNITY
MH,Marahra,CR,,25.100178,85.446664,PUBLIC_COMMUNITY
KE,KHARDI,,,19.579952,73.393442,PUBLIC_COMMUNITY
THS,THANSIT,,,19.549981,73.351813,PUBLIC_COMMUNITY
BSGR,Bhagsar,NR,Punjab,30.452385,74.401977,PUBLIC_COMMUNITY
ATG,ATGAON,,,19.503181,73.327691,PUBLIC_COMMUNITY
ASO,ASANGAON,,,19.439278,73.307859,PUBLIC_COMMUNITY
VSD,VASIND,,,19.406422,73.267689,PUBLIC_COMMUNITY
KDV,KHADAVLI,,,19.356219,73.21871,PUBLIC_COMMUNITY
ABY,AMBIVLI,,,19.267587,73.17171,PUBLIC_COMMUNITY
DIVA,DIVA,,,19.188394,73.041905,PUBLIC_COMMUNITY
SNRD,MUMBAI SANDHURST ROAD,CR,Maharashtra,18.962311,72.839733,PUBLIC_COMMUNITY
BXB,Banga,NR,Punjab,31.177139,75.999562,PUBLIC_COMMUNITY
TNA,THANE,,,19.185757,72.975417,PUBLIC_COMMUNITY
BVW,Bahminiwala,NR,Punjab,30.54894,74.193132,PUBLIC_COMMUNITY
MLND,MULUND,,,19.172355,72.956933,PUBLIC_COMMUNITY
KUF,KAURHA,,,27.462683,80.102675,PUBLIC_COMMUNITY
KAR,KARNA,,,27.32161,80.196235,PUBLIC_COMMUNITY
NHU,NAHUR,,,19.154646,72.946683,PUBLIC_COMMUNITY
BTQ,Betnoti,SER,Orissa,21.74134,86.843519,PUBLIC_COMMUNITY
BSN,BANASANDRA,SWR,Karnataka,13.265332,76.659317,PUBLIC_COMMUNITY
MOI,MORI BERA,NWR,Rajasthan,25.035575,73.136306,PUBLIC_COMMUNITY
BRLY,BIROLIYA,NWR,Rajasthan,25.170546,73.192517,PUBLIC_COMMUNITY
RT,ROHAT,NWR,Rajasthan,25.921476,73.095319,PUBLIC_COMMUNITY
BSRX,BAGEVADI RD,SWR,Karnataka,16.479869,75.828148,PUBLIC_COMMUNITY
AIPP,ATTIPPATTU PUDU NAGAR,,,13.249326,80.299606,PUBLIC_COMMUNITY
BZG,Bilga,NR,Punjab,31.058267,75.666841,PUBLIC_COMMUNITY
LMC,LAKHAMANCHI,WR,Gujarat,22.571812,71.148414,PUBLIC_COMMUNITY
BDME,Baidyanathdham Deoghar,ER,Jharkhand,24.489262,86.69207,PUBLIC_COMMUNITY
BTW,BARSI TOWN,CR,Maharashtra,18.240993,75.718169,PUBLIC_COMMUNITY
BWW,Barwaha,WR,Madhya Pradesh,22.255446,76.030262,PUBLIC_COMMUNITY
JWLS,JAWAN WALA SHEHAR,NR,Himachal Pradesh,32.14165,76.003772,PUBLIC_COMMUNITY
KIM,KIM,,,21.399697,72.926702,PUBLIC_COMMUNITY
CDLD,Chandlodiya,WR,Gujarat,,,PUBLIC_COMMUNITY
CDMA,Chandeshwarsthan,ECR,Bihar,,,PUBLIC_COMMUNITY
SER,SAMAYANALLUR,,,9.981546,78.035087,PUBLIC_COMMUNITY
CDD,Chandod,WR,Gujarat,21.991957,73.452182,PUBLIC_COMMUNITY
DPH,DADHAPARA,,,22.028156,82.123182,PUBLIC_COMMUNITY
JRMG,JAIRAMNAGAR,,,22.034344,82.296511,PUBLIC_COMMUNITY
UGN,UGAON,,,20.122592,74.136829,PUBLIC_COMMUNITY
BXT,Bamanhat,NFR,West Bengal,26.076284,89.627978,PUBLIC_COMMUNITY
BXK,BANDARKHAL,NFR,Assam,25.069785,92.800717,PUBLIC_COMMUNITY
BWX,BAHMAN DIWANA,NR,Punjab,30.225526,74.849153,PUBLIC_COMMUNITY
BYHA,BARYA RAM,NR,Uttar Pradesh,25.566931,82.226592,PUBLIC_COMMUNITY
CRK,CHARKHERA,WCR,Madhya Pradesh,22.367273,77.171177,PUBLIC_COMMUNITY
BUTA,BHADUTALA,SER,West Bengal,22.485657,87.3208,PUBLIC_COMMUNITY
CDGR,CHANDRAKONA RD,SER,West Bengal,22.739076,87.340588,PUBLIC_COMMUNITY
BZO,BARSOLA,NR,Haryana,29.394379,76.231711,PUBLIC_COMMUNITY
DG,DINDIGUL JN,,,10.35381,77.985472,PUBLIC_COMMUNITY
VO,VELLODU,,,10.317776,77.951415,PUBLIC_COMMUNITY
ABI,AMBATURAI,,,10.272226,77.924468,PUBLIC_COMMUNITY
KQN,KODAIKANAL ROAD,,,10.179613,77.909593,PUBLIC_COMMUNITY
VDP,VADIPPATTI,,,10.086114,77.945674,PUBLIC_COMMUNITY
CDQ,CHADOTAR,WR,Gujarat,24.183947,72.372511,PUBLIC_COMMUNITY
BWL,BAWAL,NWR,Haryana,28.070281,76.572402,PUBLIC_COMMUNITY
BVRT,BHIMAVARAM TOWN,SCR,Andhra Pradesh,16.547348,81.516853,PUBLIC_COMMUNITY
BQN,BAGRI NAGAR,NWR,Rajasthan,25.895725,73.787801,PUBLIC_COMMUNITY
KYR,KARUPPATTI,,,10.044465,77.948393,PUBLIC_COMMUNITY
SDN,SHOLAVANDAN,,,10.02227,77.965082,PUBLIC_COMMUNITY
CIO,Chikhli Road,WR,Gujarat,,,PUBLIC_COMMUNITY
BUG,BAGAHA,ECR,Bihar,27.130045,84.066991,PUBLIC_COMMUNITY
CAI,CHANPATIA,ECR,Bihar,26.94163,84.530639,PUBLIC_COMMUNITY
CAA,CHAKIA,ECR,Bihar,26.417182,85.04636,PUBLIC_COMMUNITY
CKNA,Chikna,ECR,,,,PUBLIC_COMMUNITY
BXM,BELRAYAN,NER,Uttar Pradesh,28.379381,80.915268,PUBLIC_COMMUNITY
BVQ,BHILAVDI,CR,Maharashtra,17.008048,74.516781,PUBLIC_COMMUNITY
ANR,ANARA,SER,West Bengal,23.481082,86.559763,PUBLIC_COMMUNITY
BWPL,Balwant Pura Chelasi,NWR,Rajasthan,27.910471,75.443287,PUBLIC_COMMUNITY
CATD,Chataud,SECR,,21.015051,81.73716,PUBLIC_COMMUNITY
CID,Chiraidongri,SECR,Madhya Pradesh,22.411418,80.287402,PUBLIC_COMMUNITY
KGFR,KATHGHAR RIGHT BANK,,,28.832108,78.808227,PUBLIC_COMMUNITY
KGFE,KATHGHAR EAST,,,28.832685,78.8095,PUBLIC_COMMUNITY
BHGJ,Bihariganj,ECR,Bihar,25.732599,86.992655,PUBLIC_COMMUNITY
HTGR,HATHIGADH,WR,Gujarat,21.6201,71.444628,PUBLIC_COMMUNITY
CHBN,Chandkhira Bagn,NFR,Assam,24.515852,92.287381,PUBLIC_COMMUNITY
YY-MMRX,YY-MMRX,,,,,PUBLIC_COMMUNITY
MKY,MEKKUDI,SR,Tamil Nadu,10.87109,78.628737,PUBLIC_COMMUNITY
MIL,MILAK,,,28.612475,79.164117,PUBLIC_COMMUNITY
NRS,NAGARIA SADAT,,,28.550179,79.205555,PUBLIC_COMMUNITY
BXC,Barwala,NR,Haryana,29.367534,75.887031,PUBLIC_COMMUNITY
BLM,BALAMU JN,,,27.167363,80.352497,PUBLIC_COMMUNITY
UTA,UMAR TALI,,,27.086986,80.473465,PUBLIC_COMMUNITY
CBG,Charbhuja Road,NWR,Rajasthan,25.352228,73.946241,PUBLIC_COMMUNITY
HNA,HONNAVAR,KR,Karnataka,14.316931,74.433196,PUBLIC_COMMUNITY
SEN,SENAPURA,KR,Karnataka,13.71768,74.684012,PUBLIC_COMMUNITY
CGX,Chargola,NFR,Assam,24.845884,92.416794,PUBLIC_COMMUNITY
TMP,TAMARAIPADI,,,10.402342,78.044592,PUBLIC_COMMUNITY
VDM,VADAMADURA,,,10.436336,78.10216,PUBLIC_COMMUNITY
AYR,AYYALUR,,,10.483391,78.157049,PUBLIC_COMMUNITY
KFC,KALPATTICHATRAM,,,10.518066,78.234368,PUBLIC_COMMUNITY
VPJ,VALYAMPATTI,,,10.544055,78.309814,PUBLIC_COMMUNITY
CII,CHETTIYAPATTI,,,10.575645,78.366232,PUBLIC_COMMUNITY
BYR,BHAYANDAR,WR,Maharashtra,19.311766,72.853039,PUBLIC_COMMUNITY
BHU,BHANDU MOTIDAU,WR,Gujarat,23.709061,72.389339,PUBLIC_COMMUNITY
CG,Canning,ER,West Bengal,22.313264,88.667458,PUBLIC_COMMUNITY
CGLA,Changotola,?,,22.229946,80.118789,PUBLIC_COMMUNITY
CHKB,CHAKKI BANK,NR,Punjab,32.259653,75.636651,PUBLIC_COMMUNITY
JAR,Junair Halt,,,25.273607,85.250696,PUBLIC_COMMUNITY
CH,CHANDAUSI JN,NR,Uttar Pradesh,28.458626,78.780268,PUBLIC_COMMUNITY
BSLX,BSLX,,,,,PUBLIC_COMMUNITY
DGI,DUNGRI,WR,Gujarat,20.687336,72.949119,PUBLIC_COMMUNITY
BIS,BISWA BRIDGE,,,20.885157,76.339193,PUBLIC_COMMUNITY
YAD,YEULKHED,,,20.724559,77.07497,PUBLIC_COMMUNITY
KKT,Kath Kuiyan,,,26.856802,84.047871,PUBLIC_COMMUNITY
BGN,BORGAON,,,20.729059,77.17965,PUBLIC_COMMUNITY
DDY,DUDWINDI,NR,Punjab,31.237553,75.258143,PUBLIC_COMMUNITY
KTP,KATEPURNA,,,20.723777,77.259381,PUBLIC_COMMUNITY
SUM,SUMMIT,,,20.211751,74.34313,PUBLIC_COMMUNITY
LS,LASALGAON,,,20.154848,74.225976,PUBLIC_COMMUNITY
DDN,DEHRADUN,NR,Uttarakhand,30.314038,78.033601,PUBLIC_COMMUNITY
MZR,MURTAJAPUR,,,20.736468,77.354825,PUBLIC_COMMUNITY
CDSL,CHANDRESAL,WCR,Rajasthan,25.212948,75.943986,PUBLIC_COMMUNITY
CDG,CHANDIGARH,NR,Chandigarh,30.701977,76.82208,PUBLIC_COMMUNITY
MANA,MANA,,,20.761491,77.469063,PUBLIC_COMMUNITY
MNDA,MANDURA,,,20.78015,77.522584,PUBLIC_COMMUNITY
CPJ,KAPTANGANJ JN,NER,Uttar Pradesh,26.926388,83.699907,PUBLIC_COMMUNITY
AWS,ASWANI HALT,ECR,Bihar,27.15958,84.051843,PUBLIC_COMMUNITY
KUM,KURAM,,,20.808396,77.58733,PUBLIC_COMMUNITY
TKI,TAKLI,,,20.833253,77.65695,PUBLIC_COMMUNITY
KKJ,KAKORI,,,26.885454,80.79835,PUBLIC_COMMUNITY
LNWT,LUCKNOW WEST (ALH),,,26.829443,80.909614,PUBLIC_COMMUNITY
DES,DESARI,ECR,Bihar,25.668359,85.408766,PUBLIC_COMMUNITY
NR,NIPHAD,,,20.096584,74.079481,PUBLIC_COMMUNITY
BD,BADNERA JN,,,20.856793,77.73232,PUBLIC_COMMUNITY
BKJ,BARKUR,KR,Karnataka,13.477459,74.75968,PUBLIC_COMMUNITY
BFR,BEKAL FORT,SR,Kerala,12.385524,75.042786,PUBLIC_COMMUNITY
DMK,Dilmili,ECoR,Chhattisgarh,18.987443,81.737851,PUBLIC_COMMUNITY
DGHR,Deoghar,ER,Jharkhand,24.511782,86.697121,PUBLIC_COMMUNITY
ALUR,Alur Halt,SWR,Karnataka,12.982512,75.990493,PUBLIC_COMMUNITY
TMT,TIMTALA,,,20.812496,77.79476,PUBLIC_COMMUNITY
MLR,MALKHED,,,20.821793,77.862831,PUBLIC_COMMUNITY
CND,CHANDUR,,,20.804519,77.982156,PUBLIC_COMMUNITY
DIP,DIPORE,,,20.79317,78.040981,PUBLIC_COMMUNITY
DMN,DHAMANGAON,,,20.784674,78.138054,PUBLIC_COMMUNITY
TLN,TALNI,,,20.754248,78.230026,PUBLIC_COMMUNITY
PLO,PULGAON JN,,,20.726734,78.318111,PUBLIC_COMMUNITY
KAOT,KAOTHA,,,20.737041,78.376203,PUBLIC_COMMUNITY
DAE,DAHEGAON,,,20.729315,78.463093,PUBLIC_COMMUNITY
WR,WARDHA JN,,,20.732777,78.594157,PUBLIC_COMMUNITY
SEGM,SEVAGRAM,,,20.739076,78.619225,PUBLIC_COMMUNITY
VADR,WARUD,,,20.747166,78.650671,PUBLIC_COMMUNITY
TGP,TULJAPUR,,,20.800701,78.808237,PUBLIC_COMMUNITY
BOK,BORKHEDI,,,20.860176,78.974448,PUBLIC_COMMUNITY
BTBR,BUTI BORI,,,20.918473,79.013629,PUBLIC_COMMUNITY
CBX,CHAND BHAN,NR,Punjab,30.445148,74.880021,PUBLIC_COMMUNITY
GMG,GUMGAON,,,20.993596,79.030314,PUBLIC_COMMUNITY
DEV,DEVARAYI,SWR,Karnataka,15.449479,74.571364,PUBLIC_COMMUNITY
KRI,KHAPTI,,,21.049338,79.048839,PUBLIC_COMMUNITY
AJNI,AJNI,,,21.126859,79.08252,PUBLIC_COMMUNITY
KP,KAMPTEE,,,21.21172,79.197947,PUBLIC_COMMUNITY
CGA,CHENGEL,,,22.486845,88.13891,PUBLIC_COMMUNITY
DGBZ,Dongri Buzurg,SECR,Maharashtra,21.573844,79.676645,PUBLIC_COMMUNITY
BVA,BAURIA JN,,,22.503591,88.163522,PUBLIC_COMMUNITY
NALR,NALPUR,,,22.529208,88.185699,PUBLIC_COMMUNITY
DEEG,Deeg,NCR,Rajasthan,27.486551,77.324511,PUBLIC_COMMUNITY
ABB,ABADA,,,22.547877,88.199392,PUBLIC_COMMUNITY
SEL,SANKRALL,,,22.561309,88.209074,PUBLIC_COMMUNITY
ADL,ANDUL,,,22.575169,88.239643,PUBLIC_COMMUNITY
SRC,SANTRAGACHI JN,,,22.58393,88.284011,PUBLIC_COMMUNITY
RMJ,RAMRAJATALA,,,22.587778,88.295438,PUBLIC_COMMUNITY
DGNR,Durganagar,ER,West Bengal,22.650758,88.419,PUBLIC_COMMUNITY
MPA,MANAPARAI,,,10.607562,78.417765,PUBLIC_COMMUNITY
BHGN,BHILGAON,NFR,Assam,26.354394,93.926117,PUBLIC_COMMUNITY
SMDM,SAMUDRAM,,,10.652687,78.493545,PUBLIC_COMMUNITY
KLS,KOLATUR,,,10.700678,78.547696,PUBLIC_COMMUNITY
CHB,CHABUA,NFR,Assam,27.481421,95.172058,PUBLIC_COMMUNITY
DEO,DEOKALI,NER,Uttar Pradesh,27.977317,80.705156,PUBLIC_COMMUNITY
CHNR,CHHAN ARORIAN,NR,Jammu and Kashmir,32.461311,75.359045,PUBLIC_COMMUNITY
BDHY,BUDHI,NR,Jammu and Kashmir,32.440429,75.432931,PUBLIC_COMMUNITY
CKKN,CHAK KALAN,NR,Punjab,32.083103,75.623498,PUBLIC_COMMUNITY
BNGL,BHANGALA,NR,Punjab,32.019515,75.612313,PUBLIC_COMMUNITY
CDH,Chakdaha,ER,West Bengal,23.078406,88.529672,PUBLIC_COMMUNITY
CGH,CHOLANG,NR,Punjab,31.61726,75.639894,PUBLIC_COMMUNITY
DIC,DAHISAR,WR,Maharashtra,19.250166,72.859587,PUBLIC_COMMUNITY
CHN,Chhina,NR,Punjab,31.902255,75.271993,PUBLIC_COMMUNITY
MLYA,Maliya,ER,West Bengal,22.831668,88.136281,PUBLIC_COMMUNITY
DMU,Dhamua,ER,West Bengal,22.290179,88.392178,PUBLIC_COMMUNITY
DON,DERAWAN HALT,SER,Jharkhand,23.230257,76.104438,PUBLIC_COMMUNITY
BSP,BILASPUR JN,,,22.057473,82.167585,PUBLIC_COMMUNITY
DMJ,Dharmaj,WR,Gujarat,,,PUBLIC_COMMUNITY
DLB,DAULATABAD,SCR,Maharashtra,19.916367,75.210494,PUBLIC_COMMUNITY
DHT,DHAMARA GHAT,ECR,Bihar,25.590821,86.599522,PUBLIC_COMMUNITY
DLGN,DHALGAON,CR,Maharashtra,17.120967,74.988713,PUBLIC_COMMUNITY
DKY,DHOKI,CR,Maharashtra,18.353216,76.102989,PUBLIC_COMMUNITY
DLSR,DALHOGI ROAD,?,,32.289064,75.750843,PUBLIC_COMMUNITY
DRBR,Deoraha Baba Road,NER,,26.283979,83.871091,PUBLIC_COMMUNITY
DLR,DULLAHAPUR,NER,Uttar Pradesh,25.799898,83.423264,PUBLIC_COMMUNITY
DCAB,DCAB,,,21.226612,81.477969,PUBLIC_COMMUNITY
DKE,DIHAKHO,NFR,Assam,25.427907,93.126587,PUBLIC_COMMUNITY
CABN,BHILAI CABIN,,,21.236052,81.499084,PUBLIC_COMMUNITY
DNEA,DANEA,ECR,,23.799131,85.658334,PUBLIC_COMMUNITY
DPLN,Diplana,NWR,Rajasthan,29.182573,74.881123,PUBLIC_COMMUNITY
KMI,KUMHARI,,,21.243782,81.516054,PUBLIC_COMMUNITY
DOW,Davol,WR,,22.39911,72.953112,PUBLIC_COMMUNITY
DHR,DHARNAODA,WCR,Rajasthan,24.592205,77.099253,PUBLIC_COMMUNITY
SZB,SARONA CABIN,,,21.253272,81.573616,PUBLIC_COMMUNITY
DHPR,DAPPAR,NR,Punjab,30.517641,76.80751,PUBLIC_COMMUNITY
R,RAIPUR JN,,,21.256462,81.629328,PUBLIC_COMMUNITY
WRC,W R S COLONY PH,,,21.277968,81.639183,PUBLIC_COMMUNITY
URK,URKURA,,,21.289034,81.644569,PUBLIC_COMMUNITY
DUMR,Dumra,ECR,Bihar,26.576993,85.533639,PUBLIC_COMMUNITY
DISA,DISA,WR,Gujarat,24.237125,72.1796,PUBLIC_COMMUNITY
CKV,CHERUKUVADA,SCR,Andhra Pradesh,16.589672,81.421563,PUBLIC_COMMUNITY
LKO,LUCKNOW,,,26.830675,80.925291,PUBLIC_COMMUNITY
DLI,OLD DELHI,NR,Delhi NCT,28.661816,77.228356,PUBLIC_COMMUNITY
DOLK,Dholikua,WR,Gujarat,,,PUBLIC_COMMUNITY
MDH,MANDHAR,,,21.33807,81.704606,PUBLIC_COMMUNITY
SLH,SILIARI,,,21.426336,81.755534,PUBLIC_COMMUNITY
BKTH,BAIKUNTH,,,21.497672,81.780029,PUBLIC_COMMUNITY
CHV,CHARVATTUR,SR,Kerala,12.213321,75.15435,PUBLIC_COMMUNITY
CDRA,CHANDERA,SR,Kerala,12.179818,75.168292,PUBLIC_COMMUNITY
BYL,BELHA,,,21.961973,82.077189,PUBLIC_COMMUNITY
PUG,PUNGGUDI,,,10.748083,78.620151,PUBLIC_COMMUNITY
TPJ,TIRUCHIRAPPALLI,,,10.794067,78.685355,PUBLIC_COMMUNITY
CHBT,CHAKARBHATHA,,,22.003082,82.112168,PUBLIC_COMMUNITY
DTRD,Diyatara Road,?,Rajasthan,27.733596,72.839919,PUBLIC_COMMUNITY
IB,IB,,,21.815777,83.948781,PUBLIC_COMMUNITY
DSNB,Darsana Border,?,Bangladesh,,,PUBLIC_COMMUNITY
KGP,KHARAGPUR JN,,,22.341432,87.328456,PUBLIC_COMMUNITY
FLR,PHULESWAR,,,22.477876,88.116049,PUBLIC_COMMUNITY
DHH,Dinhata,NFR,West Bengal,26.070776,89.586875,PUBLIC_COMMUNITY
DKDP,Dakshin Durgapur,ER,West Bengal,22.308871,88.399338,PUBLIC_COMMUNITY
DJRZ,To Darjeeling,NFR,West Bengal,26.852135,88.33323,PUBLIC_COMMUNITY
DJG,DULIAJAN,NFR,Assam,27.367712,95.306952,PUBLIC_COMMUNITY
DKM,DIKOM,NFR,Assam,27.464227,95.080674,PUBLIC_COMMUNITY
DHNA,Dhachna,NFR,Bihar,25.646473,87.986939,PUBLIC_COMMUNITY
JTIN,Jethian,,,24.929548,85.314128,PUBLIC_COMMUNITY
DURP,Durgapuri,NCR,Madhya Pradesh,,,PUBLIC_COMMUNITY
DMR,Dharmanagar,NFR,Tripura,24.366946,92.168247,PUBLIC_COMMUNITY
DPDP,Dhapdhapi,ER,West Bengal,22.315994,88.459855,PUBLIC_COMMUNITY
ENB,Ellenabad,NWR,Rajasthan,29.444104,74.657934,PUBLIC_COMMUNITY
DLCR,Dullabcherra,NFR,Assam,24.505297,92.477671,PUBLIC_COMMUNITY
DVH,Devi Halt,SECR,Madhya Pradesh,21.706411,78.86207,PUBLIC_COMMUNITY
DGX,Dagaon,NFR,Assam,26.444446,92.613689,PUBLIC_COMMUNITY
DKWA,Dokwa,NWR,Rajasthan,28.579787,75.323364,PUBLIC_COMMUNITY
DUH,Dudda,SWR,Karnataka,13.088422,76.204247,PUBLIC_COMMUNITY
DHI,Dhule,CR,Maharashtra,20.887752,74.768847,PUBLIC_COMMUNITY
DHU,Dhubulia,ER,West Bengal,23.483546,88.441145,PUBLIC_COMMUNITY
DOGL,Donigal,SWR,Karnataka,12.904048,75.734122,PUBLIC_COMMUNITY
DSM,DARASURAM,SR,Tamil Nadu,10.944384,79.356384,PUBLIC_COMMUNITY
DWX,DEWAS,WR,Madhya Pradesh,22.977556,76.051191,PUBLIC_COMMUNITY
DOR,DUNDARA,NWR,Rajasthan,25.895799,72.796892,PUBLIC_COMMUNITY
DMH,Dauram Madhepura,ECR,Bihar,25.908513,86.782638,PUBLIC_COMMUNITY
DPK,Dholipal,NWR,Rajasthan,29.760827,74.2516,PUBLIC_COMMUNITY
AHO,ADARSHNAGAR,NWR,Rajasthan,26.41158,74.653432,PUBLIC_COMMUNITY
DNN,Dina Nagar,NR,Punjab,32.134789,75.467351,PUBLIC_COMMUNITY
DPC,Darliput,ECoR,Orissa,18.365186,82.746519,PUBLIC_COMMUNITY
DWK,DWARKA,WR,Gujarat,22.251023,68.980434,PUBLIC_COMMUNITY
RJN,RAJ NANDGAON,,,21.101186,81.039019,PUBLIC_COMMUNITY
DWM,Darwha Moti Bagh Junction,CR,Maharashtra,,,PUBLIC_COMMUNITY
DOZ,DAURAI,NWR,Rajasthan,26.395604,74.619546,PUBLIC_COMMUNITY
PMS,PARMALKASA,,,21.140859,81.09869,PUBLIC_COMMUNITY
DOC,Daun Kalan,NR,Punjab,30.379219,76.458569,PUBLIC_COMMUNITY
MXA,MARAUDA,SECR,Chhattisgarh,21.15958,81.35973,PUBLIC_COMMUNITY
ER08,Kalinagar,ER,West Bengal,,,PUBLIC_COMMUNITY
BQF,BARAHMUAFI,WCR,Uttar Pradesh,25.039892,81.009932,PUBLIC_COMMUNITY
DOE,DEORI,WCR,Madhya Pradesh,23.298435,80.009808,PUBLIC_COMMUNITY
DRHI,DAGARHKERI,WCR,Madhya Pradesh,22.081273,76.826402,PUBLIC_COMMUNITY
DGN,DONGARGAON,CR,Madhya Pradesh,21.641314,76.364067,PUBLIC_COMMUNITY
KBSN,KASBE-SUKENE,,,20.072296,74.027149,PUBLIC_COMMUNITY
KW,KHERVADI,,,20.046948,73.973978,PUBLIC_COMMUNITY
ODHA,ODHA,,,20.01601,73.910456,PUBLIC_COMMUNITY
NK,NASIK ROAD,,,19.947627,73.841897,PUBLIC_COMMUNITY
LT,LAHAVIT,,,19.852905,73.815119,PUBLIC_COMMUNITY
KJMG,KANJUR MARG,,,19.128181,72.928041,PUBLIC_COMMUNITY
GC,GHATKOPAR,,,19.085985,72.908591,PUBLIC_COMMUNITY
LTT,LOKMANYA TILAK TERM,,,19.07032,72.891739,PUBLIC_COMMUNITY
DRB,Debari,NWR,Rajasthan,24.606987,73.805352,PUBLIC_COMMUNITY
FAP,FAKHARPUR HALT,NR,Uttar Pradesh,28.846965,77.293521,PUBLIC_COMMUNITY
DSA,DELHI SHAHDARA,NR,Delhi NCT,28.673098,77.293154,PUBLIC_COMMUNITY
GZT,GHAZIPUR GHAT,NER,Uttar Pradesh,25.60028,83.604802,PUBLIC_COMMUNITY
PGN,PERUGAMANI,SR,Tamil Nadu,10.889271,78.54751,PUBLIC_COMMUNITY
DMV,DIMAPUR,NFR,Nagaland,25.905702,93.727816,PUBLIC_COMMUNITY
DWF,DUDH SAGAR WATER FALLS,SWR,Karnataka,15.313337,74.314034,PUBLIC_COMMUNITY
FSG,PHURSUNGI,CR,Maharashtra,18.455829,74.026016,PUBLIC_COMMUNITY
FLU,Phulia,ER,West Bengal,23.229897,88.49634,PUBLIC_COMMUNITY
DPS,Dangoaposi,SER,Jharkhand,22.167964,85.59273,PUBLIC_COMMUNITY
DZKT,Durga Chak Town,SER,West Bengal,22.066831,88.136032,PUBLIC_COMMUNITY
EPR,Mumbai Elphinstone Road,WR,Maharashtra,19.00694,72.835426,PUBLIC_COMMUNITY
ELL,Eraligu,NFR,Assam,24.665398,92.332631,PUBLIC_COMMUNITY
DLN,DILDARNAGAR JN,,,25.419424,83.668324,PUBLIC_COMMUNITY
DNWH,Daniyawan Bazar Halt,?,Bihar,25.434504,85.290895,PUBLIC_COMMUNITY
AHM,AHIMANPUR,NER,Uttar Pradesh,25.252404,82.511544,PUBLIC_COMMUNITY
FA,FALNA,NWR,Rajasthan,25.235808,73.234953,PUBLIC_COMMUNITY
DODH,Dodh,NR,Punjab,30.841607,74.521937,PUBLIC_COMMUNITY
DRGJ,DARAGANJ,NER,Uttar Pradesh,25.44265,81.87999,PUBLIC_COMMUNITY
DQN,Dhanera,NWR,Gujarat,24.506528,72.032364,PUBLIC_COMMUNITY
DUMK,Dumka,ER,Jharkhand,24.289527,87.254975,PUBLIC_COMMUNITY
SRGM,SRIRANGAM,,,10.857918,78.696348,PUBLIC_COMMUNITY
GOC,PONMALAI GOLDEN ROCK,,,10.791837,78.709755,PUBLIC_COMMUNITY
DZK,Durgachak,SER,West Bengal,22.082011,88.155274,PUBLIC_COMMUNITY
TPTN,TIRUCHIRAPALI TOWN,,,10.829084,78.702834,PUBLIC_COMMUNITY
UKV,UTTAMARKOVIL,,,10.877948,78.702346,PUBLIC_COMMUNITY
BXS,PICHCHANDARKOVL,,,10.881112,78.720236,PUBLIC_COMMUNITY
VLDE,VALADI,,,10.872869,78.757917,PUBLIC_COMMUNITY
MAND,MANDURAI,,,10.873068,78.786196,PUBLIC_COMMUNITY
LLI,LALGUDI,,,10.875733,78.813672,PUBLIC_COMMUNITY
KTTR,KATTUR,,,10.895834,78.855173,PUBLIC_COMMUNITY
PMB,PULLAMBADI,,,10.940214,78.917573,PUBLIC_COMMUNITY
KKPM,KALLAKKUDI PLGH,,,10.966119,78.948759,PUBLIC_COMMUNITY
KLGM,KALLAGAM,,,11.025615,79.005426,PUBLIC_COMMUNITY
SLTH,SILLAKKUDI,,,11.095633,79.036862,PUBLIC_COMMUNITY
ALU,ARIYALUR,,,11.150035,79.068318,PUBLIC_COMMUNITY
OTK,OTTAKOVIL,,,11.222726,79.109674,PUBLIC_COMMUNITY
VER,VELLUR HALT,,,11.242453,79.13845,PUBLIC_COMMUNITY
SNDI,SENDURAI,,,11.256462,79.168778,PUBLIC_COMMUNITY
MTUR,MATHUR,,,11.318107,79.205803,PUBLIC_COMMUNITY
ICG,ICHCHANGADU,,,11.371004,79.219755,PUBLIC_COMMUNITY
PNDM,PENNADAM,,,11.397963,79.219978,PUBLIC_COMMUNITY
TLNR,TALANALLUR,,,11.436374,79.24125,PUBLIC_COMMUNITY
VRT,VRIDDHACHALM TN,,,11.482273,79.279462,PUBLIC_COMMUNITY
DPD,DOSAPADU,SCR,Andhra Pradesh,16.468807,80.938771,PUBLIC_COMMUNITY
GAMI,Gogameri,NWR,Rajasthan,29.160244,75.035076,PUBLIC_COMMUNITY
GANI,GHARNI,?,Maharashtra,18.47697,76.758368,PUBLIC_COMMUNITY
DVN,DEVTHANA,SCR,Maharashtra,19.274562,77.689981,PUBLIC_COMMUNITY
DXH,DUHAI,NR,Uttar Pradesh,28.730283,77.480363,PUBLIC_COMMUNITY
DWLE,Dhauni,ER,Bihar,25.01033,86.993041,PUBLIC_COMMUNITY
DUI,DHURI JN,NR,Punjab,30.372741,75.866603,PUBLIC_COMMUNITY
FPS,Fatehpur Shekhawati,NWR,Rajasthan,28.000728,74.971043,PUBLIC_COMMUNITY
DWJ,DWARKAGANJ,NR,Uttar Pradesh,26.316418,82.109076,PUBLIC_COMMUNITY
DI,DOMBIVILI,,,19.218218,73.0869,PUBLIC_COMMUNITY
VK,VIKHROLI,,,19.11196,72.928312,PUBLIC_COMMUNITY
VVH,VIDYAVIHAR,,,19.079258,72.897181,PUBLIC_COMMUNITY
VGN,VANGAON,WR,Maharashtra,19.882845,72.763185,PUBLIC_COMMUNITY
GALG,GoldingGanj,?,Bihar,,,PUBLIC_COMMUNITY
EKR,Ekangarsarai,ECR,Bihar,25.222482,85.232264,PUBLIC_COMMUNITY
GGN,GURGAON,NR,Haryana,28.489165,77.010739,PUBLIC_COMMUNITY
DTW,DATEWAS,NR,Punjab,29.893255,75.616682,PUBLIC_COMMUNITY
NAI,Nangi,ER,West Bengal,22.500256,88.223984,PUBLIC_COMMUNITY
FN,Farukhnagar,NR,Haryana,28.467066,76.828486,PUBLIC_COMMUNITY
GDL,GONDAL,WR,Gujarat,21.972471,70.795588,PUBLIC_COMMUNITY
GAH,Gawnaha,ECR,Bihar,27.269839,84.520176,PUBLIC_COMMUNITY
GAL,GHATLA,NWR,Rajasthan,27.731813,76.628452,PUBLIC_COMMUNITY
AI,ADIPUR,WR,Gujarat,23.077053,70.078659,PUBLIC_COMMUNITY
CHG,MUMBAI CHINCHPOKLI,CR,Maharashtra,18.986789,72.832659,PUBLIC_COMMUNITY
DWZ,Dantewara,ECoR,Chhattisgarh,18.907733,81.354536,PUBLIC_COMMUNITY
DXR,DIGSAR,WR,Gujarat,22.712403,71.499375,PUBLIC_COMMUNITY
FTD,Fatehabad Chowk Junction,WR,Madhya Pradesh,23.009106,75.673338,PUBLIC_COMMUNITY
DZB,Dahina Zainabad,NWR,Haryana,28.291079,76.391694,PUBLIC_COMMUNITY
TMLP,TIRUMALPUR,SR,Tamil Nadu,12.956333,79.673488,PUBLIC_COMMUNITY
CJE,KANCHIPURAM EAST,SR,Tamil Nadu,12.841137,79.712044,PUBLIC_COMMUNITY
DUJ,DUBRAJPUR,ER,West Bengal,23.803358,87.378973,PUBLIC_COMMUNITY
DGU,DIGARU,NFR,Assam,26.173306,91.977861,PUBLIC_COMMUNITY
BRHU,BARAHU,NFR,Assam,26.120433,92.139512,PUBLIC_COMMUNITY
DML,DHARAMTUL,NFR,Assam,26.189127,92.36716,PUBLIC_COMMUNITY
BHGP,Bhagirathpur,NER,Uttar Pradesh,27.326628,83.38771,PUBLIC_COMMUNITY
DHRY,DHALPUKHURI,NFR,Assam,25.981051,92.880626,PUBLIC_COMMUNITY
BRLF,BAR LANGFER S,NFR,Assam,25.755626,93.225136,PUBLIC_COMMUNITY
SLX,SELENG HAT,NFR,Assam,26.783438,94.482763,PUBLIC_COMMUNITY
DBRG,DIBRUGARH,NFR,Assam,27.463607,94.935258,PUBLIC_COMMUNITY
DIL,DILAWARNAGAR,,,26.960189,80.667474,PUBLIC_COMMUNITY
NDJ,NANDGANJ,NER,Uttar Pradesh,25.54457,83.396867,PUBLIC_COMMUNITY
DYU,DIYURI,NER,Uttar Pradesh,28.603253,79.87601,PUBLIC_COMMUNITY
JAT,JAMMU TAWI,NR,Jammu and Kashmir,32.706975,74.880117,PUBLIC_COMMUNITY
KNDI,KANDRORI,NR,Himachal Pradesh,32.184403,75.668807,PUBLIC_COMMUNITY
DYP,Daryapur,NR,Uttar Pradesh,26.182799,81.248588,PUBLIC_COMMUNITY
BMK,BIRANG KHERA,NWR,Punjab,29.91257,74.635864,PUBLIC_COMMUNITY
DHRR,DHIRERA,NWR,Rajasthan,28.363519,73.616355,PUBLIC_COMMUNITY
CBN,CHIT BARAGAON,NER,Uttar Pradesh,25.744109,84.00154,PUBLIC_COMMUNITY
CPR,CHHAPRA,,,25.78832,84.725004,PUBLIC_COMMUNITY
DRI,DUMRI JUARA,,,25.748425,84.869395,PUBLIC_COMMUNITY
SEE,SONPUR JN,,,25.696849,85.166851,PUBLIC_COMMUNITY
FRDH,Faridaha Halt,NER,Uttar Pradesh,25.557959,83.126022,PUBLIC_COMMUNITY
KLL,KALOL JN,WR,Gujarat,23.244576,72.50363,PUBLIC_COMMUNITY
DNW,DANGARWA,WR,Gujarat,23.401485,72.441253,PUBLIC_COMMUNITY
CHP,CHHAPI,WR,Gujarat,24.034518,72.400221,PUBLIC_COMMUNITY
SOH,SIROHI ROAD,NWR,Rajasthan,24.791042,73.039834,PUBLIC_COMMUNITY
TN,TUTICORIN,SR,Tamil Nadu,8.806109,78.155359,PUBLIC_COMMUNITY
GBA,GARHBETA,SER,West Bengal,22.844562,87.320972,PUBLIC_COMMUNITY
ELM,ELIMALA,SR,Kerala,12.068687,75.230848,PUBLIC_COMMUNITY
GARA,Garha,ECR,Bihar,26.426289,85.520966,PUBLIC_COMMUNITY
GJN,Gajner,NWR,Rajasthan,27.935852,73.061554,PUBLIC_COMMUNITY
GIA,Garia,ER,West Bengal,22.465959,88.404673,PUBLIC_COMMUNITY
ERL,ERANIEL,SR,Tamil Nadu,8.212549,77.308161,PUBLIC_COMMUNITY
VRI,VRIDHACHALAM JN,,,11.534965,79.316073,PUBLIC_COMMUNITY
MPLY,MEPPULIYUR,,,11.676385,79.306638,PUBLIC_COMMUNITY
PRKL,PARIKKAL,,,11.778527,79.370923,PUBLIC_COMMUNITY
KGZ,KARUNGUZHI,,,12.531919,79.91149,PUBLIC_COMMUNITY
PNDP,PANDILLAPALLI,SCR,Andhra Pradesh,17.171933,80.170234,PUBLIC_COMMUNITY
GLV,GULVANCHI,CR,Maharashtra,17.172707,75.05678,PUBLIC_COMMUNITY
GHH,GARHI HARSARU,NR,Haryana,28.43755,76.929697,PUBLIC_COMMUNITY
GOP,GOP JAM,WR,Gujarat,22.05397,69.908091,PUBLIC_COMMUNITY
GDZ,Gundardehi,SECR,Chhattisgarh,20.948836,81.302351,PUBLIC_COMMUNITY
GDB,GIDDARBAHA,NR,Punjab,30.201319,74.663342,PUBLIC_COMMUNITY
GJW,Gajuwala,NR,Punjab,29.585509,75.871735,PUBLIC_COMMUNITY
GMIA,GUMIA,ECR,,23.802651,85.828922,PUBLIC_COMMUNITY
GDHA,GODHA,NR,Uttar Pradesh,28.005897,78.141225,PUBLIC_COMMUNITY
GHUM,Ghoom,NFR,West Bengal,27.008643,88.254223,PUBLIC_COMMUNITY
GNPT,Ganpatpura,WR,Gujarat,,,PUBLIC_COMMUNITY
LRJ,LAKSAR JN,,,29.754038,78.019628,PUBLIC_COMMUNITY
GSDH,GARSANDA HALT,ECR,Jharkhand,25.142617,86.011307,PUBLIC_COMMUNITY
GELA,Ghadela Halt,SECR,Madhya Pradesh,21.714044,78.888017,PUBLIC_COMMUNITY
GHQ,GARHWA,ECR,Jharkhand,24.175195,83.813215,PUBLIC_COMMUNITY
GDV,GUDIVADA JN,SCR,Andhra Pradesh,16.429888,80.987594,PUBLIC_COMMUNITY
GNDI,GONDWALI,WCR,Madhya Pradesh,24.217438,82.519981,PUBLIC_COMMUNITY
KEI,KASHI,,,25.326564,83.031939,PUBLIC_COMMUNITY
BBRM,BABA BHAGWAN RAM HALT,,,25.315888,83.038406,PUBLIC_COMMUNITY
VYN,VYASNAGAR,,,25.29701,83.071351,PUBLIC_COMMUNITY
GNK,Garhnokha,ECR,Bihar,25.097244,84.122838,PUBLIC_COMMUNITY
BHBV,BLOCK HUT B,,,25.274869,83.102203,PUBLIC_COMMUNITY
BSB,VARANASI JN,,,25.327281,82.986468,PUBLIC_COMMUNITY
DKI,DHARMKUNDI,WCR,Madhya Pradesh,22.512038,77.551014,PUBLIC_COMMUNITY
NGL,NANGAL,NR,Uttar Pradesh,29.832554,77.62227,PUBLIC_COMMUNITY
MOZ,MUZAFFARNAGAR,NR,Uttar Pradesh,29.468689,77.707807,PUBLIC_COMMUNITY
DRLA,DAURALA,NR,Uttar Pradesh,29.114015,77.70616,PUBLIC_COMMUNITY
MDNR,MODINAGAR,NR,Uttar Pradesh,28.827907,77.571716,PUBLIC_COMMUNITY
BRI,BHIRINGI,WCR,Madhya Pradesh,22.227752,76.941024,PUBLIC_COMMUNITY
GEDE,Gede,ER,West Bengal,23.491197,88.786737,PUBLIC_COMMUNITY
THK,THAKRULI,,,19.225768,73.097678,PUBLIC_COMMUNITY
GHE,GHEVRA,NR,Delhi NCT,28.691982,76.998536,PUBLIC_COMMUNITY
GHA,GOLEHWALA,NR,Punjab,30.789872,74.704406,PUBLIC_COMMUNITY
GAW,Gainjahwa,NER,Uttar Pradesh,27.454656,82.245065,PUBLIC_COMMUNITY
GNZ,Gahndran Halt,NR,Punjab,31.117935,75.424279,PUBLIC_COMMUNITY
MGSO,MGSO,,,,,PUBLIC_COMMUNITY
GH,GHUGHULI,NER,Uttar Pradesh,27.053952,83.713775,PUBLIC_COMMUNITY
DLWS,DLWS,,,,,PUBLIC_COMMUNITY
SJGH,SARAI JAGDISH,NER,Uttar Pradesh,25.30009,82.365134,PUBLIC_COMMUNITY
KARD,KAMAN ROAD,CR,Maharashtra,19.33655,72.919123,PUBLIC_COMMUNITY
GOV,Govindpuri,NCR,Uttar Pradesh,,,PUBLIC_COMMUNITY
AML,AMALSAD,WR,Gujarat,20.811373,72.956092,PUBLIC_COMMUNITY
GPLG,Gopalpurgram,ER,West Bengal,,,PUBLIC_COMMUNITY
GQD,Gourdaha Halt,ER,West Bengal,,,PUBLIC_COMMUNITY
GTQ,Gumtali Halt,NR,Punjab,31.065852,75.636453,PUBLIC_COMMUNITY
GLD,Ghelda,WR,Gujarat,23.361693,72.203102,PUBLIC_COMMUNITY
LRJC,LAKSAR NORTH CABIN,,,29.767009,78.00176,PUBLIC_COMMUNITY
GCT,GHAZIPUR CITY,NER,Uttar Pradesh,25.583144,83.568045,PUBLIC_COMMUNITY
GIS,Garhi Sandra,NCR,Rajasthan,26.668256,77.76513,PUBLIC_COMMUNITY
GUV,GURUVAYUR,SR,Kerala,10.596896,76.045457,PUBLIC_COMMUNITY
EOCM,EOCM,,,25.315812,83.196038,PUBLIC_COMMUNITY
KCA,KUCHMAN,,,25.318878,83.21503,PUBLIC_COMMUNITY
SLD,SAKALDIHA,,,25.331472,83.289193,PUBLIC_COMMUNITY
TLAM,TULSI ASHRAM,,,25.342274,83.351236,PUBLIC_COMMUNITY
DHA,DHEENA,,,25.354392,83.423069,PUBLIC_COMMUNITY
DTVL,DATIVLI,CR,Maharashtra,19.187012,73.059049,PUBLIC_COMMUNITY
KLMG,KALAMBOLI GOODS,CR,Maharashtra,19.035116,73.114949,PUBLIC_COMMUNITY
BHCL,BAHORA CHANDIL,,,25.364918,83.489726,PUBLIC_COMMUNITY
ZNA,ZAMANIA,,,25.373856,83.54365,PUBLIC_COMMUNITY
DRV,DARAULI,,,25.393753,83.601802,PUBLIC_COMMUNITY
USK,USIA KHAS,,,25.434324,83.706967,PUBLIC_COMMUNITY
PEN,PEN,CR,Maharashtra,18.735604,73.086798,PUBLIC_COMMUNITY
GKA,Gokhula,ECR,Bihar,27.069813,84.539763,PUBLIC_COMMUNITY
CMC,CHEMANCHERI,SR,Kerala,11.405279,75.720039,PUBLIC_COMMUNITY
ETR,ELATTUR,SR,Kerala,11.346337,75.741119,PUBLIC_COMMUNITY
GPBN,Gandhi Park Halt,?,,18.652066,77.893393,PUBLIC_COMMUNITY
CLT,KOZHIKODE,SR,Kerala,11.246234,75.780407,PUBLIC_COMMUNITY
FK,FEROK,SR,Kerala,11.174972,75.830285,PUBLIC_COMMUNITY
PGI,PARPANANGADI,SR,Kerala,11.04591,75.861006,PUBLIC_COMMUNITY
BPZA,BHARATHAPUZHA H,,,10.758914,76.290829,PUBLIC_COMMUNITY
VTK,VALLATHOL NAGAR,,,10.731563,76.280933,PUBLIC_COMMUNITY
BWH,BHADAURA,,,25.450425,83.738354,PUBLIC_COMMUNITY
GIO,Goriyan,NWR,Rajasthan,27.547928,75.26559,PUBLIC_COMMUNITY
GLA,GARLA,SCR,Andhra Pradesh,17.487076,80.139236,PUBLIC_COMMUNITY
GOD,GIDARPINDI,NR,Punjab,31.152633,75.124514,PUBLIC_COMMUNITY
GVH,Govind Garh,NCR,Rajasthan,27.499556,76.988058,PUBLIC_COMMUNITY
GRB,GARHDHRUBESWAR,SER,West Bengal,23.509341,86.617006,PUBLIC_COMMUNITY
GNW,Gangiwara,CR,Madhya Pradesh,22.097988,78.846139,PUBLIC_COMMUNITY
PHLG,PHLG,,,,,PUBLIC_COMMUNITY
GRI,GURIYA,NWR,Rajasthan,25.998261,73.955291,PUBLIC_COMMUNITY
HBE,Habibpur,ER,West Bengal,23.211967,88.538423,PUBLIC_COMMUNITY
GWV,GOWDAVALLI,SCR,Andhra Pradesh,17.609541,78.468191,PUBLIC_COMMUNITY
GLGT,Golaghat,NFR,Assam,26.508626,93.96119,PUBLIC_COMMUNITY
MDRR,MADHAVNAGAR ROA,WCR,Madhya Pradesh,23.78661,80.394824,PUBLIC_COMMUNITY
GMD,GURAMKHEDI,WCR,Madhya Pradesh,22.682206,78.077821,PUBLIC_COMMUNITY
HGA,Hogla,ER,West Bengal,22.255044,88.452384,PUBLIC_COMMUNITY
BGTA,BAGRA TAWA,WCR,Madhya Pradesh,22.630711,77.993707,PUBLIC_COMMUNITY
AIA,AJARAKA,NWR,Rajasthan,27.959391,76.564209,PUBLIC_COMMUNITY
GNJ,GUNJI,SWR,Karnataka,15.543116,74.479367,PUBLIC_COMMUNITY
H,Venkatagiri Kote Halt,SWR,Karnataka,,,PUBLIC_COMMUNITY
GPB,GHATPRABHA,SWR,Karnataka,16.240719,74.759823,PUBLIC_COMMUNITY
GTRA,GOTRA HALT,NR,Uttar Pradesh,28.807889,77.30096,PUBLIC_COMMUNITY
GLTA,GAHLOTA,NWR,Rajasthan,26.672372,74.967557,PUBLIC_COMMUNITY
GNA,GONEANA,NR,Punjab,30.318715,74.90948,PUBLIC_COMMUNITY
GJS,Gajsinghpur,NWR,Rajasthan,29.658053,73.436739,PUBLIC_COMMUNITY
GJUT,GANGSAR JAITU,NR,Punjab,30.445082,74.879511,PUBLIC_COMMUNITY
GUS,GHUMASAN,WR,Gujarat,23.378699,72.449853,PUBLIC_COMMUNITY
GSD,Ghosunda,NWR,Rajasthan,24.871222,74.534527,PUBLIC_COMMUNITY
HBP,HARPAR BOCHAHA,ECR,Bihar,25.603437,85.757161,PUBLIC_COMMUNITY
MRLA,MARIYAL GANGAVA,,,,,PUBLIC_COMMUNITY
GLE,Gajulaguden,SCR,Andhra Pradesh,17.609727,80.657904,PUBLIC_COMMUNITY
GOPG,Gopalganj,NER,Bihar,26.454202,84.435547,PUBLIC_COMMUNITY
GOK,GOKARNA ROAD,KR,Karnataka,14.582791,74.367197,PUBLIC_COMMUNITY
CS,KANNUR SOUTH,SR,Kerala,11.866899,75.400253,PUBLIC_COMMUNITY
GNL,Gongle,SECR,Maharashtra,21.222011,80.147349,PUBLIC_COMMUNITY
ETK,ETAKKOT,SR,Kerala,11.806195,75.443797,PUBLIC_COMMUNITY
GQN,Garhani,ECR,Bihar,25.411893,84.569616,PUBLIC_COMMUNITY
GNC,Gandhinagar Capital,WR,Gujarat,23.233379,72.629162,PUBLIC_COMMUNITY
HJO,Harangajao,NFR,Assam,,,PUBLIC_COMMUNITY
GUA,Gua,SER,Jharkhand,22.218519,85.381896,PUBLIC_COMMUNITY
HKH,Haranya Kheri,WR,Madhya Pradesh,22.583661,75.776745,PUBLIC_COMMUNITY
GVL,Gudlavalleru,SCR,Andhra Pradesh,16.348371,81.046037,PUBLIC_COMMUNITY
GWYR,Greenways Road,SR,Tamil Nadu,13.020276,80.251715,PUBLIC_COMMUNITY
GSP,Gurdaspur,NR,Punjab,32.044111,75.420769,PUBLIC_COMMUNITY
HKD,Hailakandi,?,Assam,24.680276,92.56789,PUBLIC_COMMUNITY
GNPR,Gunupur,ECoR,Orissa,19.069059,83.80996,PUBLIC_COMMUNITY
GULR,GULER,NR,Himachal Pradesh,32.004278,76.151266,PUBLIC_COMMUNITY
GSW,GURSAR SHNEWALA,NWR,Punjab,30.138927,74.88612,PUBLIC_COMMUNITY
HRD,Harsud,WCR,Madhya Pradesh,,,PUBLIC_COMMUNITY
HAPA,HAPA,WR,Gujarat,22.468974,70.11814,PUBLIC_COMMUNITY
GZN,NEW GHAZIABAD,NR,Uttar Pradesh,28.674404,77.438008,PUBLIC_COMMUNITY
HSWS,Hansiawas,NWR,Rajasthan,,,PUBLIC_COMMUNITY
HPT,HOSPET JN,SWR,Karnataka,15.286807,76.38578,PUBLIC_COMMUNITY
HLZ,Haldia,SER,West Bengal,22.045284,88.06589,PUBLIC_COMMUNITY
HEM,HIMAYATNAGAR,SCR,Maharashtra,19.416709,77.868855,PUBLIC_COMMUNITY
HTD,HATUNDI,NWR,Rajasthan,26.354279,74.644566,PUBLIC_COMMUNITY
HLAR,HOLE ALUR,SWR,Karnataka,15.81959,75.646461,PUBLIC_COMMUNITY
HPP,HARPALPUR,NCR,Madhya Pradesh,25.290501,79.335461,PUBLIC_COMMUNITY
GSL,GODAPIASAL,SER,West Bengal,22.530677,87.320806,PUBLIC_COMMUNITY
HLDR,HALDAUR,NR,Uttar Pradesh,29.290082,78.27506,PUBLIC_COMMUNITY
GVD,GHOLVAD,WR,Maharashtra,20.08688,72.737991,PUBLIC_COMMUNITY
HSA,HASIMARA,NFR,West Bengal,26.72689,89.347661,PUBLIC_COMMUNITY
GTT,GOMTA,WR,Gujarat,21.873815,70.729702,PUBLIC_COMMUNITY
GTF,GUMTHAL,NR,Uttar Pradesh,28.484002,78.757645,PUBLIC_COMMUNITY
HSI,HARSAULI,NWR,Rajasthan,27.864848,76.615189,PUBLIC_COMMUNITY
HRSR,Harish Nagar Halt,ER,West Bengal,23.469777,88.777989,PUBLIC_COMMUNITY
GSO,GHASO,NR,Haryana,29.531288,76.143369,PUBLIC_COMMUNITY
HNK,HANAKERE,SWR,Karnataka,12.565639,76.979837,PUBLIC_COMMUNITY
AII,AJMER JN,NWR,Rajasthan,26.456612,74.637464,PUBLIC_COMMUNITY
HIL,Hilsa,ECR,Bihar,25.317354,85.277079,PUBLIC_COMMUNITY
GXG,Geong,NR,Haryana,29.822358,76.466397,PUBLIC_COMMUNITY
HBN,Haibargaon,NFR,Assam,26.355638,92.672506,PUBLIC_COMMUNITY
HLW,Hirnawali,NWR,Rajasthan,29.710121,74.272416,PUBLIC_COMMUNITY
HRT,Harnaut,ECR,Bihar,25.371763,85.540722,PUBLIC_COMMUNITY
HBF,Hadobhangi Halt,ECoR,Orissa,18.821937,83.941761,PUBLIC_COMMUNITY
HRF,Hathras Kila,NCR,Uttar Pradesh,27.594876,78.058018,PUBLIC_COMMUNITY
GRPA,Garhpura,ECR,Bihar,25.65472,86.209037,PUBLIC_COMMUNITY
HSR,Hisar,NWR,Haryana,29.152341,75.724305,PUBLIC_COMMUNITY
GTM,Ghatampur,NCR,Uttar Pradesh,26.151304,80.174712,PUBLIC_COMMUNITY
GRMA,Ghormara,ER,Jharkhand,24.442298,86.86392,PUBLIC_COMMUNITY
PCV,Palakkodu,SWR,Tamil Nadu,12.297418,78.072073,PUBLIC_COMMUNITY
HAH,Hosa Agrahara,SWR,Karnataka,12.57046,76.361819,PUBLIC_COMMUNITY
HPI,Harapatti,?,Bihar,25.881402,87.092628,PUBLIC_COMMUNITY
IDR,INDI ROAD,SWR,Karnataka,17.211289,75.919616,PUBLIC_COMMUNITY
HLDD,HALDI ROAD,NER,Uttarakhand,29.039597,79.459679,PUBLIC_COMMUNITY
IZN,IZZATNAGAR,NER,Uttar Pradesh,28.388266,79.421171,PUBLIC_COMMUNITY
HSQ,HUSAINPUR,NR,Punjab,31.301125,75.320851,PUBLIC_COMMUNITY
HNM,HINAUTARAMBAN,WCR,Madhya Pradesh,24.575192,80.943062,PUBLIC_COMMUNITY
HLX,HILARA,NFR,Assam,24.951767,92.620511,PUBLIC_COMMUNITY
INDR,Indira Nagar,SR,Tamil Nadu,,,PUBLIC_COMMUNITY
HYB,HYDERABAD DECCAN,SCR,Andhra Pradesh,17.393363,78.467377,PUBLIC_COMMUNITY
JCU,JAICHOLI,WCR,Rajasthan,27.131193,77.397778,PUBLIC_COMMUNITY
HTK,HATKANAGALE,CR,Maharashtra,16.748424,74.422067,PUBLIC_COMMUNITY
HMT,HIMMATNAGAR,WR,Gujarat,23.591655,72.960358,PUBLIC_COMMUNITY
JAM,JAMNAGAR,WR,Gujarat,22.493992,70.053879,PUBLIC_COMMUNITY
HGJ,HARDUAGANJ,NCR,Uttar Pradesh,27.990476,78.128026,PUBLIC_COMMUNITY
HMI,HIMMATANA,NR,Punjab,30.458736,75.867119,PUBLIC_COMMUNITY
HRNG,HARPUR NAG HALT,ECR,Bihar,26.386419,85.077136,PUBLIC_COMMUNITY
HW,HARIDWAR JN,NR,Uttarakhand,29.947787,78.154899,PUBLIC_COMMUNITY
INDM,Indore Junction MG,WR,Madhya Pradesh,22.717139,75.868072,PUBLIC_COMMUNITY
IHP,INCHHAPURI,NR,Haryana,28.319499,76.718981,PUBLIC_COMMUNITY
HWX,HABAIPUR,NFR,Assam,25.871926,92.985863,PUBLIC_COMMUNITY
HMRR,HAMARAPUR,CR,Maharashtra,18.81964,73.086161,PUBLIC_COMMUNITY
HIND,HIND,NR,Uttar Pradesh,29.530389,77.363474,PUBLIC_COMMUNITY
HTNL,HITNAL,SWR,Karnataka,15.335637,76.291469,PUBLIC_COMMUNITY
HJL,HEJJALA,SWR,Karnataka,12.848285,77.418417,PUBLIC_COMMUNITY
JGNR,Jogendranagar,NFR,Tripura,23.812162,91.310464,PUBLIC_COMMUNITY
HVR,HAVERI,SWR,Karnataka,14.7943,75.410686,PUBLIC_COMMUNITY
JDL,JAGDEVWALA,NWR,Rajasthan,28.310858,73.45575,PUBLIC_COMMUNITY
HEI,HEGGERE HALT,SWR,Karnataka,13.341342,77.048296,PUBLIC_COMMUNITY
HHL,HIREHALI,SWR,Karnataka,13.281576,77.188764,PUBLIC_COMMUNITY
JDP,Jadabpur,ER,West Bengal,22.495442,88.374697,PUBLIC_COMMUNITY
JHD,Jehanabad,ECR,Bihar,25.224705,84.989964,PUBLIC_COMMUNITY
HRM,Hadmadiya,WR,Gujarat,20.934947,70.841154,PUBLIC_COMMUNITY
HDM,Hirdamali,SECR,Maharashtra,21.342807,80.197137,PUBLIC_COMMUNITY
JJPR,Jhanjharpur Bazar Halt,?,Bihar,,,PUBLIC_COMMUNITY
JARI,Jari,NWR,Gujarat,24.587316,72.061232,PUBLIC_COMMUNITY
HTW,Hathua,NER,Bihar,26.368902,84.340253,PUBLIC_COMMUNITY
HLV,Haliyuru,SWR,Karnataka,14.222474,76.336804,PUBLIC_COMMUNITY
BETI,Bhetasi,WR,,22.421624,73.032237,PUBLIC_COMMUNITY
KMNR,Kamalnagar,SCR,Karnataka,18.240644,77.178835,PUBLIC_COMMUNITY
JKL,Jalal Khali,?,West Bengal,23.347508,88.513628,PUBLIC_COMMUNITY
HPLE,Hatpuraini,ER,Bihar,25.155826,86.98507,PUBLIC_COMMUNITY
JGN,Jagraon,NR,Punjab,30.801197,75.472759,PUBLIC_COMMUNITY
HPA,Hampapura,SWR,Karnataka,12.479685,76.394664,PUBLIC_COMMUNITY
IAM,Mai Halt,?,,25.156632,84.987819,PUBLIC_COMMUNITY
JHDC,Jehanabad Court,ECR,Bihar,25.201143,84.984156,PUBLIC_COMMUNITY
JOR,Jalor,NWR,Rajasthan,25.35418,72.63429,PUBLIC_COMMUNITY
JBP,JABALPUR,WCR,Madhya Pradesh,23.164636,79.950919,PUBLIC_COMMUNITY
IRN,Irgaon,SER,Jharkhand,23.421551,84.783251,PUBLIC_COMMUNITY
JHK,JETHUKE,NR,Punjab,30.288215,75.318381,PUBLIC_COMMUNITY
JNA,JULANA,NR,Haryana,29.120124,76.396508,PUBLIC_COMMUNITY
IDJ,IDALHOND,SWR,Karnataka,15.707929,74.518145,PUBLIC_COMMUNITY
IDL,INDALVAI,SCR,Andhra Pradesh,18.548665,78.244351,PUBLIC_COMMUNITY
JJR,JEJURI,CR,Maharashtra,18.286557,74.171451,PUBLIC_COMMUNITY
JRBM,JIRIBAM,NFR,Assam,24.798849,93.124376,PUBLIC_COMMUNITY
JRNA,Jirania,NFR,Tripura,23.827373,91.431986,PUBLIC_COMMUNITY
JCY,JIND CITY,NR,Haryana,29.309693,76.317477,PUBLIC_COMMUNITY
JDNX,JOGINDER NAGAR,NR,Himachal Pradesh,31.988433,76.788887,PUBLIC_COMMUNITY
IGL,IRINGAL,SR,Kerala,11.548117,75.608869,PUBLIC_COMMUNITY
AILM,AILAM,NR,Uttar Pradesh,29.271995,77.291535,PUBLIC_COMMUNITY
JONR,Jeonara Ph,SECR,Madhya Pradesh,22.467657,80.073534,PUBLIC_COMMUNITY
JAK,Jakanur,SWR,Karnataka,15.845019,75.650291,PUBLIC_COMMUNITY
IBL,INDRABIL,SER,West Bengal,23.445294,86.781647,PUBLIC_COMMUNITY
JOS,JOGESHWARI,WR,Maharashtra,19.136551,72.849066,PUBLIC_COMMUNITY
JDN,JAGUDAN,WR,Gujarat,23.521841,72.401649,PUBLIC_COMMUNITY
PBS,Purab Sarai,ER,Bihar,,,PUBLIC_COMMUNITY
JGG,JANGIGANJ,NER,Uttar Pradesh,25.305317,82.350672,PUBLIC_COMMUNITY
JMNR,Jamner,CR,Maharashtra,20.806428,75.774823,PUBLIC_COMMUNITY
JTG,Jatinga,NFR,Assam,25.132585,93.007958,PUBLIC_COMMUNITY
JMB,Jambusar Junction,WR,Gujarat,,,PUBLIC_COMMUNITY
JMBC,Jambusar City,WR,Gujarat,,,PUBLIC_COMMUNITY
JTP,Jetpur,WR,Gujarat,21.735313,70.615184,PUBLIC_COMMUNITY
JMRA,Jamira,?,Assam,24.307199,92.527405,PUBLIC_COMMUNITY
JONA,Jonha,SER,Jharkhand,,,PUBLIC_COMMUNITY
JPAH,Jagdishpur Halt,ECR,Bihar,,,PUBLIC_COMMUNITY
JBB,Jambur,WR,Gujarat,21.032797,70.593046,PUBLIC_COMMUNITY
ITKY,Itky,SER,Jharkhand,23.352211,85.127096,PUBLIC_COMMUNITY
JJN,Jhunjhunun,NWR,Rajasthan,28.106884,75.390179,PUBLIC_COMMUNITY
JBU,Jabugam,WR,Gujarat,22.28593,73.7605,PUBLIC_COMMUNITY
JTTN,Jorhat Town,NFR,Assam,26.750692,94.217106,PUBLIC_COMMUNITY
JBW,Jhabelwali,NR,Punjab,30.510447,74.602033,PUBLIC_COMMUNITY
JSA,Jasai,?,Rajasthan,25.716785,71.24586,PUBLIC_COMMUNITY
IDAR,Idar,WR,Gujarat,23.835435,73.01088,PUBLIC_COMMUNITY
JLLO,Jhilo,NWR,Rajasthan,27.850784,75.890113,PUBLIC_COMMUNITY
HZR,Hafizpur,NR,Uttar Pradesh,28.671653,77.785833,PUBLIC_COMMUNITY
JK,Jakolari,NR,Punjab,32.218706,75.545676,PUBLIC_COMMUNITY
JPO,Jora Alapur,NCR,Madhya Pradesh,26.344599,77.802358,PUBLIC_COMMUNITY
JPV,Jamtara Paraswara,SECR,Madhya Pradesh,23.091964,79.960351,PUBLIC_COMMUNITY
JRJ,JARGAON,NR,Uttar Pradesh,28.560472,78.768653,PUBLIC_COMMUNITY
JTRD,JATH ROAD,CR,Maharashtra,17.2166,75.110555,PUBLIC_COMMUNITY
KCB,KUSLAMB,CR,Maharashtra,18.274834,75.777193,PUBLIC_COMMUNITY
KCNR,KACHNARA ROAD,WR,Madhya Pradesh,23.829547,75.101751,PUBLIC_COMMUNITY
JWO,JAWAD ROAD,WR,Rajasthan,24.557577,74.764389,PUBLIC_COMMUNITY
JYM,JAI SAMAND ROAD,NWR,Rajasthan,24.22064,73.86827,PUBLIC_COMMUNITY
KEG,KARENGI,NR,Uttar Pradesh,28.346844,79.041353,PUBLIC_COMMUNITY
JSM,JAISALMER,NWR,Rajasthan,26.91655,70.928239,PUBLIC_COMMUNITY
JID,JAGI ROAD,NFR,Assam,26.126114,92.197461,PUBLIC_COMMUNITY
JKN,JAKHANIAN,NER,Uttar Pradesh,25.740942,83.369563,PUBLIC_COMMUNITY
KEQ,KACHHPURA,WCR,Madhya Pradesh,23.168783,79.903128,PUBLIC_COMMUNITY
JRS,JORAVASAN,WR,Gujarat,20.729778,72.96576,PUBLIC_COMMUNITY
JLR,JETALSAR JN,WR,Gujarat,21.729374,70.57391,PUBLIC_COMMUNITY
JHT,JUNEHTA,WCR,Madhya Pradesh,22.78247,78.596143,PUBLIC_COMMUNITY
KB,KHAIRATABAD,NER,Uttar Pradesh,27.521338,80.740844,PUBLIC_COMMUNITY
JIR,JIRA ROAD,WR,Gujarat,21.450312,71.345267,PUBLIC_COMMUNITY
JJT,JAI JAI WANTI,NR,Haryana,29.16948,76.369265,PUBLIC_COMMUNITY
JKP,JHAREKAPUR,NER,Uttar Pradesh,27.680642,80.728934,PUBLIC_COMMUNITY
JSB,Yamuna South Bank,NCR,Uttar Pradesh,25.902334,80.226651,PUBLIC_COMMUNITY
JPH,JHANTIPAHARI,?,West Bengal,23.353363,86.904491,PUBLIC_COMMUNITY
JNKR,Janakinagar,ECR,Bihar,25.881604,87.116949,PUBLIC_COMMUNITY
KAGR,KAGANGARH,NR,Punjab,29.83946,75.739115,PUBLIC_COMMUNITY
KFP,Kukra Khapa,SECR,Madhya Pradesh,21.825569,78.897525,PUBLIC_COMMUNITY
KALD,Kalanad,SR,Kerala,,,PUBLIC_COMMUNITY
KALN,Kalana,NWR,Rajasthan,,,PUBLIC_COMMUNITY
KAPM,Kottapalem,ECoR,Andhra Pradesh,,,PUBLIC_COMMUNITY
KBGN,Khubagaon,CR,Maharashtra,,,PUBLIC_COMMUNITY
JYP,JEYPORE,?,Orissa,18.896375,82.554679,PUBLIC_COMMUNITY
JKHI,Jakhod Khera,NWR,Haryana,29.209394,75.57373,PUBLIC_COMMUNITY
KCO,Kachhia Bridge,NER,Uttar Pradesh,27.944171,78.863805,PUBLIC_COMMUNITY
KAVI,Kavi,WR,Gujarat,22.472291,88.398084,PUBLIC_COMMUNITY
JNK,Jhinkpani,SER,Jharkhand,22.420011,85.770662,PUBLIC_COMMUNITY
KAI,KAIRLA,NWR,Rajasthan,25.847435,73.19551,PUBLIC_COMMUNITY
JPM,JIYAPURAM,?,Tamil Nadu,10.873546,78.606343,PUBLIC_COMMUNITY
KCY,Kaichar,ER,West Bengal,,,PUBLIC_COMMUNITY
KDRA,Kadampura,ECR,Bihar,,,PUBLIC_COMMUNITY
JRG,Jugpura,?,Orissa,21.668795,86.912796,PUBLIC_COMMUNITY
JOH,Juharpura,NWR,Rajasthan,28.199319,74.84733,PUBLIC_COMMUNITY
JOK,Jodhka,?,Haryana,29.493382,75.218369,PUBLIC_COMMUNITY
JTDM,Jatdumri Halt,?,,25.474493,85.095063,PUBLIC_COMMUNITY
VI,Villianur,SR,Puducherry,11.919269,79.757506,PUBLIC_COMMUNITY
JKS,Jaksi,WR,Gujarat,23.222303,72.107648,PUBLIC_COMMUNITY
KBGH,Karea Kadambagachhi,ER,West Bengal,22.705299,88.534887,PUBLIC_COMMUNITY
JRL,Jharili,NWR,Haryana,28.50653,76.374648,PUBLIC_COMMUNITY
JHWR,Jhawar,NR,Punjab,32.002349,75.377777,PUBLIC_COMMUNITY
KAJ,Kaliyaganj,NFR,West Bengal,25.6393,88.330404,PUBLIC_COMMUNITY
KBE,KUREBHAR,NR,Uttar Pradesh,26.409469,82.111598,PUBLIC_COMMUNITY
KGM,KATHGODAM,NER,Uttarakhand,29.266583,79.54633,PUBLIC_COMMUNITY
KDGI,KUDGI,SWR,Karnataka,16.530215,75.811482,PUBLIC_COMMUNITY
KHHJ,Khatkar Kalan,NR,Punjab,31.166967,76.02555,PUBLIC_COMMUNITY
KDLG,KUNDALGARH,NWR,Rajasthan,24.02828,73.81051,PUBLIC_COMMUNITY
KCF,KALCHINI,NFR,West Bengal,26.687507,89.447487,PUBLIC_COMMUNITY
JVA,JAVALE,CR,Maharashtra,17.298963,75.157805,PUBLIC_COMMUNITY
JUA,JARAUNA,NR,Uttar Pradesh,25.55713,82.399136,PUBLIC_COMMUNITY
JSP,JAYASINGPUR,CR,Maharashtra,16.791339,74.551613,PUBLIC_COMMUNITY
KBI,KAMBRGANVI,SWR,Karnataka,15.459597,74.875061,PUBLIC_COMMUNITY
KDMR,KODIYAR MANDIR,WR,Gujarat,21.739201,72.004602,PUBLIC_COMMUNITY
KIQ,Khai Phemeki,NR,Punjab,30.901617,74.551218,PUBLIC_COMMUNITY
JWP,JWALAPUR,NR,Uttarakhand,29.928457,78.120775,PUBLIC_COMMUNITY
KBR,KABRAI,NCR,Uttar Pradesh,25.385191,80.03824,PUBLIC_COMMUNITY
KCR,KHONKER,WCR,Madhya Pradesh,25.316453,77.578988,PUBLIC_COMMUNITY
KGW,KARIGANURU,SWR,Karnataka,15.251727,76.43343,PUBLIC_COMMUNITY
KBL,KOPPAL,SWR,Karnataka,15.353868,76.143959,PUBLIC_COMMUNITY
KGI,KENGERI,SWR,Karnataka,12.918047,77.48431,PUBLIC_COMMUNITY
KBU,KASU BEGU,NR,Punjab,30.856795,74.671641,PUBLIC_COMMUNITY
KGX,KANGINHAL,SWR,Karnataka,15.447817,75.719041,PUBLIC_COMMUNITY
KHAR,KHAR,WR,Maharashtra,19.069166,72.840078,PUBLIC_COMMUNITY
KILE,KANDIVLI,WR,Maharashtra,19.204551,72.852098,PUBLIC_COMMUNITY
JTY,JETHI,NWR,Gujarat,24.291967,72.507154,PUBLIC_COMMUNITY
JSD,Jaisingder,?,Rajasthan,25.755537,70.358859,PUBLIC_COMMUNITY
KIE,Khiria Khurd,NER,Uttar Pradesh,,,PUBLIC_COMMUNITY
KKGT,Kalkalighat,NFR,Assam,24.58042,92.295272,PUBLIC_COMMUNITY
BOMN,Bommagundanakere,SWR,Karnataka,14.59167,76.68023,PUBLIC_COMMUNITY
KAY,Karaimadai,SR,Tamil Nadu,11.238611,76.957617,PUBLIC_COMMUNITY
KKK,Khakharia,WR,Gujarat,21.653052,70.932064,PUBLIC_COMMUNITY
KALI,Kaili,NR,Uttar Pradesh,28.785394,77.75277,PUBLIC_COMMUNITY
KKAE,Kaikala,ER,West Bengal,22.839987,88.093379,PUBLIC_COMMUNITY
JTH,Jhoktahal Singh,NR,Punjab,30.80909,74.495544,PUBLIC_COMMUNITY
JRX,Juriagaon,NFR,Assam,26.441079,92.644475,PUBLIC_COMMUNITY
KGKD,Kang Khurd,NR,Punjab,31.126338,75.213236,PUBLIC_COMMUNITY
KARH,Kakraha Rest House,NER,Uttar Pradesh,27.998447,81.420529,PUBLIC_COMMUNITY
KLCR,Katlicherra,?,Assam,24.453018,92.547042,PUBLIC_COMMUNITY
KHGR,Kashinagar Halt,ER,West Bengal,21.905394,88.201323,PUBLIC_COMMUNITY
KCHV,Kachchanvilai,SR,Tamil Nadu,8.579344,78.022519,PUBLIC_COMMUNITY
KDBM,Khed Brahma,WR,Gujarat,24.029406,73.041259,PUBLIC_COMMUNITY
JTS,Jatusana,NWR,Haryana,28.331448,76.521104,PUBLIC_COMMUNITY
KHNM,Kunda Harnamganj,NR,Uttar Pradesh,25.714175,81.509547,PUBLIC_COMMUNITY
KI,KONDAPALLI,SCR,Andhra Pradesh,16.623242,80.546693,PUBLIC_COMMUNITY
KII,KILLE,SR,Tamil Nadu,11.43755,79.722552,PUBLIC_COMMUNITY
KLPG,KAMALPURGRAM,SECR,Chhattisgarh,23.166227,83.080298,PUBLIC_COMMUNITY
KFA,KOPARIA,ECR,Bihar,25.661041,86.59816,PUBLIC_COMMUNITY
KHDI,KHANDERI,WR,Gujarat,22.361076,70.716676,PUBLIC_COMMUNITY
KHC,KHORANA,WR,Gujarat,22.39349,70.829991,PUBLIC_COMMUNITY
KDU,KADAMBUR,SR,Tamil Nadu,9.002019,77.863633,PUBLIC_COMMUNITY
KDN,KUDATINI,SWR,Karnataka,15.21516,76.763569,PUBLIC_COMMUNITY
KKB,KARAK BEL,WCR,Madhya Pradesh,22.992315,79.341259,PUBLIC_COMMUNITY
KJG,KARAJGI,SWR,Karnataka,14.851426,75.407636,PUBLIC_COMMUNITY
KEB,KARAMBELI,WR,Gujarat,20.316435,72.901534,PUBLIC_COMMUNITY
KEZ,Kelzar,SECR,Maharashtra,19.98294,79.56394,PUBLIC_COMMUNITY
KEP,Kelanpur,WR,Gujarat,22.233139,73.277017,PUBLIC_COMMUNITY
KDHL,Kundhela,WR,Gujarat,22.227958,73.28142,PUBLIC_COMMUNITY
KESR,Kesri Singhpur,NWR,Rajasthan,29.950589,73.61854,PUBLIC_COMMUNITY
KLMC,KALAMBOLI,CR,Maharashtra,19.035625,73.114809,PUBLIC_COMMUNITY
KGQ,KASARAGOD,SR,Kerala,12.491175,74.987652,PUBLIC_COMMUNITY
KLRD,KALI ROAD,WR,Gujarat,23.097473,72.577873,PUBLIC_COMMUNITY
KNGT,KARNAWAS,NWR,Haryana,28.130539,76.590073,PUBLIC_COMMUNITY
PSL,PARISAL,NWR,Rajasthan,27.669476,76.615266,PUBLIC_COMMUNITY
AJE,ANJAR,WR,Gujarat,23.119472,70.036611,PUBLIC_COMMUNITY
KHA,Khaigaon,WCR,Madhya Pradesh,22.011786,76.481257,PUBLIC_COMMUNITY
KHLL,KETOHALLI,SWR,Karnataka,12.758926,77.335544,PUBLIC_COMMUNITY
KLNA,KOLHANA HALT,?,Bihar,24.810754,85.188728,PUBLIC_COMMUNITY
KJP,Khojeepura,NCR,Madhya Pradesh,25.918097,76.851134,PUBLIC_COMMUNITY
KMB,Kalv Amba,WR,Gujarat,,,PUBLIC_COMMUNITY
KLKR,Kalikapur,ER,West Bengal,22.412606,88.47503,PUBLIC_COMMUNITY
KNDR,Kandari,WR,Gujarat,,,PUBLIC_COMMUNITY
KNGM,Kangam,WR,Gujarat,,,PUBLIC_COMMUNITY
KLW,Kalwan Halt,ER,West Bengal,22.076525,88.256019,PUBLIC_COMMUNITY
KDRI,Kendri,SECR,Chhattisgarh,21.131542,81.729967,PUBLIC_COMMUNITY
KKNA,Khunkhuna,NWR,Rajasthan,27.277761,74.49286,PUBLIC_COMMUNITY
KNBR,Kanaibazar,NFR,Assam,24.63874,92.326722,PUBLIC_COMMUNITY
KHRA,Khachera,NWR,Rajasthan,27.53076,75.648912,PUBLIC_COMMUNITY
KLOD,Kelod,SECR,Maharashtra,21.470222,78.891017,PUBLIC_COMMUNITY
KHTU,Khatu,NWR,Rajasthan,27.116118,74.331631,PUBLIC_COMMUNITY
KFV,Kundara East,SR,Kerala,8.969608,76.691337,PUBLIC_COMMUNITY
KLZ,Keolari,SECR,Madhya Pradesh,22.374838,79.90885,PUBLIC_COMMUNITY
KLE,Kaithal,NR,Haryana,29.792735,76.397796,PUBLIC_COMMUNITY
KKNH,Karukhirharnagar Halt,ECR,,25.891166,86.616491,PUBLIC_COMMUNITY
SLHP,SULAH HIMACHAL PRADESH,NR,Himachal Pradesh,32.070953,76.475805,PUBLIC_COMMUNITY
KKZ,Kottarakara,SR,Kerala,9.000279,76.765986,PUBLIC_COMMUNITY
KIY,Kalayat,NR,Haryana,29.679484,76.228181,PUBLIC_COMMUNITY
KIJ,Kuldiha,SER,Orissa,22.333103,86.276641,PUBLIC_COMMUNITY
KMRD,KALAMB ROAD,CR,Maharashtra,18.371892,76.04934,PUBLIC_COMMUNITY
KMC,KAMAREDDI,SCR,Andhra Pradesh,18.32586,78.335858,PUBLIC_COMMUNITY
KLB,KIRAOLI,NCR,Uttar Pradesh,27.133898,77.785812,PUBLIC_COMMUNITY
KNVT,KINWAT,SCR,Maharashtra,19.618502,78.202435,PUBLIC_COMMUNITY
KJLU,KHARI JHALU,NR,Uttar Pradesh,29.331864,78.218904,PUBLIC_COMMUNITY
KHV,KARAINTHI,NR,Haryana,29.01382,76.481782,PUBLIC_COMMUNITY
KIU,KINANA,NR,Haryana,29.227482,76.336659,PUBLIC_COMMUNITY
KLWN,KALWAN,NR,Haryana,29.701333,75.952638,PUBLIC_COMMUNITY
KKP,KOT KAPURA,NR,Punjab,30.578496,74.818173,PUBLIC_COMMUNITY
KLT,KULITALAI,SR,Tamil Nadu,10.932727,78.420893,PUBLIC_COMMUNITY
KKET,KAMRUP KHETRI,NFR,Assam,26.127178,92.081877,PUBLIC_COMMUNITY
KM,KALEEM,SWR,Goa,15.293341,74.188843,PUBLIC_COMMUNITY
KNP,KHANAPUR,SWR,Karnataka,15.637934,74.499757,PUBLIC_COMMUNITY
PRSR,Paharsar,NWR,Rajasthan,28.76443,75.410384,PUBLIC_COMMUNITY
KMLI,KAMLI,WR,Gujarat,23.863182,72.375949,PUBLIC_COMMUNITY
SHIV,SHINDAWANE,CR,Maharashtra,18.434555,74.163601,PUBLIC_COMMUNITY
KKW,KANKAVALI,KR,Maharashtra,16.258777,73.719871,PUBLIC_COMMUNITY
KMQ,KUMBLA,SR,Kerala,12.590263,74.943503,PUBLIC_COMMUNITY
KNPL,Kandanur Puduvayal,SR,Tamil Nadu,,,PUBLIC_COMMUNITY
KORA,Kora,WR,Gujarat,,,PUBLIC_COMMUNITY
KORL,Kural,WR,Gujarat,,,PUBLIC_COMMUNITY
KLQ,Kilikollur,SR,Kerala,8.918295,76.632794,PUBLIC_COMMUNITY
KQV,Kinkhed,CR,Maharashtra,,,PUBLIC_COMMUNITY
KR,Kevdi,WR,Gujarat,,,PUBLIC_COMMUNITY
KNDL,Khandel,NWR,Rajasthan,26.952947,75.279878,PUBLIC_COMMUNITY
KHRK,Kharak,NWR,Haryana,28.83755,76.308694,PUBLIC_COMMUNITY
KPKD,Khapri Kheda,SECR,Maharashtra,21.279557,79.113667,PUBLIC_COMMUNITY
KOTI,Koti,NR,Himachal Pradesh,30.852821,76.994519,PUBLIC_COMMUNITY
KKTA,Kollikhutaha,ER,Bihar,25.18966,86.987831,PUBLIC_COMMUNITY
KKRL,Kakrala,NR,Punjab,30.367615,76.074534,PUBLIC_COMMUNITY
KJY,Khurja City,NR,Uttar Pradesh,28.252454,77.841161,PUBLIC_COMMUNITY
KQI,KALACHAND,NFR,Assam,25.339051,93.13312,PUBLIC_COMMUNITY
KPV,KASHIPUR,NER,Uttarakhand,29.204978,78.96071,PUBLIC_COMMUNITY
KNKT,KANAKOT,WR,Gujarat,22.488122,70.876238,PUBLIC_COMMUNITY
KODI,KODI,SCR,Maharashtra,19.710119,76.005253,PUBLIC_COMMUNITY
KNO,KUNDGOL,SWR,Karnataka,15.258352,75.250168,PUBLIC_COMMUNITY
KTHU,KATHUA,NR,Jammu and Kashmir,32.397897,75.551922,PUBLIC_COMMUNITY
KTF,KOT FATTEH,NR,Punjab,30.120716,75.087931,PUBLIC_COMMUNITY
KRH,KHAIRTHAL,NWR,Rajasthan,27.797324,76.641704,PUBLIC_COMMUNITY
KODR,Kodinar,WR,Gujarat,20.797371,70.695807,PUBLIC_COMMUNITY
KQS,Kailaras,NCR,Madhya Pradesh,26.304661,77.620659,PUBLIC_COMMUNITY
KRJN,Karanjali Halt,ER,West Bengal,,,PUBLIC_COMMUNITY
KRJT,Karanja Town,CR,Maharashtra,,,PUBLIC_COMMUNITY
KUG,KUSUGALI,SWR,Karnataka,15.392095,75.233643,PUBLIC_COMMUNITY
KSG,KISHANGARH,NWR,Rajasthan,26.588968,74.855553,PUBLIC_COMMUNITY
KRJR,KARJARA,ECR,Bihar,24.808297,85.151844,PUBLIC_COMMUNITY
KRTR,KAROTA PATRI HALT,?,,25.152409,86.037737,PUBLIC_COMMUNITY
KOL,KOLAD,KR,Maharashtra,18.392294,73.223871,PUBLIC_COMMUNITY
KRMI,KARMALI,KR,Goa,15.490213,73.924664,PUBLIC_COMMUNITY
KRMG,Kumaramangalam,SR,Tamil Nadu,10.696433,78.724107,PUBLIC_COMMUNITY
KSAI,Kosadi Halt,WR,Gujarat,,,PUBLIC_COMMUNITY
KSBG,Khusta Buzurg,CR,Maharashtra,,,PUBLIC_COMMUNITY
KPQ,KANNAPURAM,SR,Kerala,11.984076,75.31381,PUBLIC_COMMUNITY
KRHR,Kharar,NR,Punjab,30.726294,76.636042,PUBLIC_COMMUNITY
KRJA,Karanja,CR,Maharashtra,20.491826,77.481522,PUBLIC_COMMUNITY
KRON,Karona Halt,?,,25.263397,85.005411,PUBLIC_COMMUNITY
KTGM,Kayasthagram,NFR,Assam,24.721172,92.353216,PUBLIC_COMMUNITY
KNGR,Kashinagar Halt,ECoR,Orissa,18.856864,83.875696,PUBLIC_COMMUNITY
KRBO,Karaboh,SECR,Madhya Pradesh,22.05458,79.262358,PUBLIC_COMMUNITY
KPA,Kanchrapara,ER,West Bengal,22.946024,88.451231,PUBLIC_COMMUNITY
KTNI,Kapustalni,CR,Maharashtra,,,PUBLIC_COMMUNITY
KTNR,Kirtyanand Nagar,ECR,Bihar,,,PUBLIC_COMMUNITY
KRXM,Krishnamohan Halt,ER,West Bengal,22.330258,88.449759,PUBLIC_COMMUNITY
KRX,Kurud,SECR,,20.833165,81.696451,PUBLIC_COMMUNITY
KRDH,Koradih,SECR,Maharashtra,21.249152,79.101401,PUBLIC_COMMUNITY
KTPM,Kotturpuram,SR,Tamil Nadu,13.013835,80.248209,PUBLIC_COMMUNITY
KRP,Krishnapur,ER,West Bengal,24.406331,88.256132,PUBLIC_COMMUNITY
KUTL,Kuwanthal,NWR,Rajasthan,25.498041,73.918994,PUBLIC_COMMUNITY
KRKN,Karkend,SER,West Bengal,23.765615,86.369799,PUBLIC_COMMUNITY
KTBR,Kasturba Nagar,SR,Tamil Nadu,13.005609,80.248086,PUBLIC_COMMUNITY
KNAD,Kanad,WR,Gujarat,21.649251,71.92634,PUBLIC_COMMUNITY
KRC,Kiroda,NWR,Rajasthan,26.991165,74.311248,PUBLIC_COMMUNITY
KRO,KURAWAN,WCR,Madhya Pradesh,22.191568,76.888706,PUBLIC_COMMUNITY
KSAE,KOSAI,SCR,Maharashtra,19.639502,78.334546,PUBLIC_COMMUNITY
KTLA,KATKOLA JN,WR,Gujarat,21.85218,69.884136,PUBLIC_COMMUNITY
KRGA,KURANGA,WR,Gujarat,22.061244,69.171715,PUBLIC_COMMUNITY
KRCD,KHARWA CHANDA,NWR,Rajasthan,24.417763,73.794095,PUBLIC_COMMUNITY
VR,VIRAR,WR,Maharashtra,19.454407,72.811737,PUBLIC_COMMUNITY
KTI,KANTI,ECR,Bihar,26.198944,85.285092,PUBLIC_COMMUNITY
KSU,KUSHTAUR,SER,West Bengal,23.430416,86.498336,PUBLIC_COMMUNITY
KTGD,KOTH GANGAD,WR,Gujarat,22.628275,72.301689,PUBLIC_COMMUNITY
KTO,KATORA,SECR,Chhattisgarh,23.311593,82.711219,PUBLIC_COMMUNITY
KV,Kayavarohan,WR,Gujarat,,,PUBLIC_COMMUNITY
KVO,Kevdi Road,WR,Gujarat,,,PUBLIC_COMMUNITY
KSD,KESHOD,WR,Gujarat,21.297662,70.252274,PUBLIC_COMMUNITY
KSA,KHASA,NR,Punjab,31.610411,74.714584,PUBLIC_COMMUNITY
KQY,KHARIKATIA,NFR,Assam,26.615923,94.248092,PUBLIC_COMMUNITY
KS,KHETA SARAI,NR,Uttar Pradesh,25.965775,82.688664,PUBLIC_COMMUNITY
KTR,KOTHAR,NWR,Rajasthan,24.980982,73.123647,PUBLIC_COMMUNITY
KWDP,Kakdwip,ER,West Bengal,21.8796,88.193879,PUBLIC_COMMUNITY
NMT,NAMTIALI,NFR,Assam,26.851588,94.619336,PUBLIC_COMMUNITY
KRKP,KYARKOP,SWR,Karnataka,15.442249,74.967948,PUBLIC_COMMUNITY
KUD,KUDACHI,SWR,Karnataka,16.62608,74.858687,PUBLIC_COMMUNITY
KRG,KOREGAON,CR,Maharashtra,17.690976,74.147622,PUBLIC_COMMUNITY
KQK,KOTIKULAM,SR,Kerala,12.423507,75.024008,PUBLIC_COMMUNITY
KTKR,Kumtha Khurd,SCR,Maharashtra,18.421839,77.009296,PUBLIC_COMMUNITY
KTU,KUTTIPPURAM,SR,Kerala,10.845724,76.033397,PUBLIC_COMMUNITY
KRNI,KRISHNAI,NFR,Assam,26.070884,90.682568,PUBLIC_COMMUNITY
KUHI,Kuhi,SECR,Maharashtra,21.007558,79.35072,PUBLIC_COMMUNITY
KXD,Kokalda,CR,Maharashtra,,,PUBLIC_COMMUNITY
KZPB,Kazipara Barasat,ER,West Bengal,,,PUBLIC_COMMUNITY
KTAL,Kathalal,WR,Gujarat,22.899659,72.986389,PUBLIC_COMMUNITY
KUTR,Kulathur,SR,Tamil Nadu,10.572175,78.792077,PUBLIC_COMMUNITY
LAT,Lathi,WR,Gujarat,21.73935,71.386531,PUBLIC_COMMUNITY
KWF,Katwa,ER,West Bengal,23.639805,88.123575,PUBLIC_COMMUNITY
KYH,Khairah,NER,Bihar,25.861013,84.760114,PUBLIC_COMMUNITY
KYP,Kalyanpur,ER,West Bengal,22.343456,88.414597,PUBLIC_COMMUNITY
KTNA,Kathana,WR,Gujarat,22.235721,72.752631,PUBLIC_COMMUNITY
KRUR,Keeranur,SR,Tamil Nadu,10.576655,78.787292,PUBLIC_COMMUNITY
KTWS,Kathuwas,NWR,Haryana,28.133107,76.343794,PUBLIC_COMMUNITY
KRY,Kadiri,SCR,Andhra Pradesh,14.114788,78.165591,PUBLIC_COMMUNITY
KUMB,KUMARBAGH,ECR,Bihar,26.874522,84.51158,PUBLIC_COMMUNITY
LAK,LAKHO,ECR,Bihar,25.41636,86.205004,PUBLIC_COMMUNITY
KVK,KAVATHE MAHANKL,CR,Maharashtra,17.007517,74.944911,PUBLIC_COMMUNITY
KXO,KUDIKADU,SR,Tamil Nadu,10.775636,79.241642,PUBLIC_COMMUNITY
LKPR,Lakshmikantpur,ER,West Bengal,22.110055,88.321958,PUBLIC_COMMUNITY
LAL,LUSHALA,WR,Gujarat,21.391824,70.32629,PUBLIC_COMMUNITY
KWJ,KHOJEWALA,NR,Punjab,31.359247,75.474956,PUBLIC_COMMUNITY
KXH,KAPURTHALA,NR,Punjab,31.366846,75.382724,PUBLIC_COMMUNITY
LING,Ling,CR,Maharashtra,25.290392,87.361583,PUBLIC_COMMUNITY
KZS,KUAKHERA HALT,NR,Uttar Pradesh,28.546471,78.766517,PUBLIC_COMMUNITY
KVE,KAVALANDE,SWR,Karnataka,12.033304,76.799272,PUBLIC_COMMUNITY
KWM,KAMPUR,NFR,Assam,26.160601,92.657787,PUBLIC_COMMUNITY
KZW,KATAR SINGHWALA,NR,Punjab,30.15413,75.010844,PUBLIC_COMMUNITY
KZTW,KULITTURAI WEST,SR,Tamil Nadu,8.323734,77.209792,PUBLIC_COMMUNITY
LNH,Lachhmangarh Sikar,NWR,Rajasthan,27.832586,75.034114,PUBLIC_COMMUNITY
KUTI,Khumtai,NFR,Assam,26.626404,93.864273,PUBLIC_COMMUNITY
LDE,Lokdhikhera,SECR,Madhya Pradesh,21.582533,78.855877,PUBLIC_COMMUNITY
LDD,Ladkhed,CR,Maharashtra,,,PUBLIC_COMMUNITY
KZC,Kulukkalur,SR,Kerala,10.868287,76.239443,PUBLIC_COMMUNITY
LDM,Ledarmer,NWR,Rajasthan,25.055439,72.347019,PUBLIC_COMMUNITY
LFG,Lower Haflong,NFR,Assam,,,PUBLIC_COMMUNITY
LGN,Lehgaon,CR,Maharashtra,,,PUBLIC_COMMUNITY
LKKA,Lal Kuan,NER,Uttarakhand,,,PUBLIC_COMMUNITY
LMB,Limbara,WR,Gujarat,,,PUBLIC_COMMUNITY
KYI,Kalyani,ER,West Bengal,22.969219,88.467499,PUBLIC_COMMUNITY
KUDN,Kudni,NR,Punjab,29.777709,75.844701,PUBLIC_COMMUNITY
KXT,Ketti,SR,Tamil Nadu,11.381409,76.736915,PUBLIC_COMMUNITY
LIR,Lachmipur,NER,,27.25415,83.379037,PUBLIC_COMMUNITY
LIG,Linga,SECR,Madhya Pradesh,21.963575,78.936403,PUBLIC_COMMUNITY
LDK,Ladhuka,NR,Punjab,30.49849,74.119614,PUBLIC_COMMUNITY
KYBR,Khairatiya Bandh Road,NER,Uttar Pradesh,28.272292,81.081765,PUBLIC_COMMUNITY
LEDO,Ledo,NFR,Assam,27.288435,95.725374,PUBLIC_COMMUNITY
LBO,Latabor,SECR,Chhattisgarh,20.789828,81.26577,PUBLIC_COMMUNITY
KYY,Kariha,NR,Punjab,31.146278,76.068043,PUBLIC_COMMUNITY
KYS,Kusumkasa,SECR,Chhattisgarh,20.637273,81.087812,PUBLIC_COMMUNITY
KTYR,Kottaiyur,SR,Tamil Nadu,10.112077,78.786317,PUBLIC_COMMUNITY
LGL,Lalgola,ER,West Bengal,24.421152,88.257513,PUBLIC_COMMUNITY
KVH,Khambhel,WR,Gujarat,23.610866,72.042973,PUBLIC_COMMUNITY
LKN,LAKHMINIA,ECR,Bihar,25.426072,86.309269,PUBLIC_COMMUNITY
LNP,LANGARPETH,CR,Maharashtra,17.084723,74.967125,PUBLIC_COMMUNITY
LMNR,LAKSHMIBAI NAGAR,WR,Madhya Pradesh,22.742296,75.858526,PUBLIC_COMMUNITY
LHBK,LOTHAL BHURKI,WR,Gujarat,22.55299,72.222393,PUBLIC_COMMUNITY
LPNR,LAJPAT NAGAR,NR,Delhi NCT,28.57927,77.244136,PUBLIC_COMMUNITY
MCPK,Chepauk,SR,Tamil Nadu,13.061372,80.28015,PUBLIC_COMMUNITY
LSR,LASUR,SCR,Maharashtra,19.926081,75.011489,PUBLIC_COMMUNITY
LNA,LAMANA,NWR,Rajasthan,26.244934,74.46563,PUBLIC_COMMUNITY
LOG,LOHGARA,NCR,Uttar Pradesh,25.25045,81.73019,PUBLIC_COMMUNITY
DTRA,DANTRA,,,26.772569,75.149207,PUBLIC_COMMUNITY
LBTL,Lebutala,ER,West Bengal,22.666791,88.640107,PUBLIC_COMMUNITY
LTD,LATHIDAD,WR,Gujarat,22.090056,71.702802,PUBLIC_COMMUNITY
LLU,LALRU,NR,Punjab,30.479756,76.7941,PUBLIC_COMMUNITY
LPJ,LALPUR JAM,WR,Gujarat,22.194538,69.95242,PUBLIC_COMMUNITY
LPU,Lakhpuri,CR,Maharashtra,,,PUBLIC_COMMUNITY
LSN,Lasina,CR,Maharashtra,,,PUBLIC_COMMUNITY
LTA,Lamta,SECR,Madhya Pradesh,22.139038,80.124429,PUBLIC_COMMUNITY
LHA,LEHRA GAGA,NR,Punjab,29.937832,75.810079,PUBLIC_COMMUNITY
RRME,RANCHI ROAD,ECR,,23.665992,85.511603,PUBLIC_COMMUNITY
LKSH,LAKSHMINARAYANAPURAM,SCR,Andhra Pradesh,16.600703,81.592567,PUBLIC_COMMUNITY
MARD,Mavur Road,SR,Tamil Nadu,,,PUBLIC_COMMUNITY
MAX,Mangudi,SR,Tamil Nadu,,,PUBLIC_COMMUNITY
LWR,ALNAVAR JN,SWR,Karnataka,15.424244,74.738116,PUBLIC_COMMUNITY
MBH,Mobha Road,WR,Gujarat,,,PUBLIC_COMMUNITY
LKZ,LAKADIYA,WR,Gujarat,23.339664,70.586745,PUBLIC_COMMUNITY
LTR,LAKHTAR,WR,Gujarat,22.873403,71.776727,PUBLIC_COMMUNITY
LPR,LILAPUR ROAD,WR,Gujarat,22.954447,71.862567,PUBLIC_COMMUNITY
LMO,LILIYA MOTA,WR,Gujarat,21.540317,71.372863,PUBLIC_COMMUNITY
LMN,Lachhmanpur,NR,Uttar Pradesh,26.050472,81.257263,PUBLIC_COMMUNITY
LPN,LAOPANI,NFR,Assam,26.200308,92.595989,PUBLIC_COMMUNITY
LKA,LANKA,NFR,Assam,25.914426,92.958001,PUBLIC_COMMUNITY
MCPT,Chintadripet,SR,Tamil Nadu,13.07406,80.274188,PUBLIC_COMMUNITY
LKG,LAMSAKHANG,NFR,Assam,25.796536,93.046846,PUBLIC_COMMUNITY
LCT,LANGCHOLIET,NFR,Assam,25.759323,93.304636,PUBLIC_COMMUNITY
LPTA,LONGPATIA,NFR,Assam,27.079731,95.095336,PUBLIC_COMMUNITY
LHL,LAHOAL,NFR,Assam,27.4525,94.999525,PUBLIC_COMMUNITY
MANU,Manu,NFR,Tripura,23.988193,91.998932,PUBLIC_COMMUNITY
MAK,Mallikpur,ER,West Bengal,22.396985,88.433315,PUBLIC_COMMUNITY
LKW,Lakhewali,NR,Punjab,30.447834,74.341781,PUBLIC_COMMUNITY
LNO,Lohna Road,ECR,Bihar,26.220882,86.229057,PUBLIC_COMMUNITY
LHW,Loharwara,NWR,Rajasthan,27.19839,75.67687,PUBLIC_COMMUNITY
LTK,Lathikata,SER,Orissa,22.131808,84.894961,PUBLIC_COMMUNITY
LRI,Lihuri Halt,ECoR,Andhra Pradesh,18.913242,83.849833,PUBLIC_COMMUNITY
LHLL,Lahli,NWR,Haryana,28.854317,76.445338,PUBLIC_COMMUNITY
MAAR,Malhar,?,Rajasthan,27.204116,72.375536,PUBLIC_COMMUNITY
LCH,Linch,WR,Gujarat,23.526718,72.355484,PUBLIC_COMMUNITY
MDR,MADHIRA,SCR,Andhra Pradesh,16.921826,80.366849,PUBLIC_COMMUNITY
MDB,MANDOR,NWR,Rajasthan,26.350708,73.042126,PUBLIC_COMMUNITY
TUY,THIRUTHURAIYUR,SR,Tamil Nadu,11.823788,79.534813,PUBLIC_COMMUNITY
MDL,MANDAL,NWR,Rajasthan,25.439632,74.593959,PUBLIC_COMMUNITY
MDPR,MODPUR,WR,Gujarat,22.262588,69.811704,PUBLIC_COMMUNITY
MDRA,MEDRA,WR,Gujarat,23.13609,72.712778,PUBLIC_COMMUNITY
MFR,Mandla Fort,SECR,Madhya Pradesh,22.586017,80.355908,PUBLIC_COMMUNITY
MDHA,Madhada,WR,Gujarat,21.608001,71.905398,PUBLIC_COMMUNITY
MDNP,Madanpur Halt,ER,Jharkhand,,,PUBLIC_COMMUNITY
MAUR,MAUR,NR,Punjab,30.062746,75.22772,PUBLIC_COMMUNITY
MDF,MURADI,SER,West Bengal,23.593092,86.80929,PUBLIC_COMMUNITY
MDLA,MUNDLANA,NR,Haryana,29.212025,76.757452,PUBLIC_COMMUNITY
VU,VAGHPURA,,,23.781878,71.349966,PUBLIC_COMMUNITY
MEM,MAU AIMMA,NR,Uttar Pradesh,25.698324,81.91377,PUBLIC_COMMUNITY
MEQ,MALETHU KANAK,NR,Uttar Pradesh,26.60377,82.124891,PUBLIC_COMMUNITY
MBS,MADHOSINGH,NER,Uttar Pradesh,25.249931,82.552278,PUBLIC_COMMUNITY
MDVB,Mandar Vidyapith Halt,ER,Bihar,24.834403,87.020258,PUBLIC_COMMUNITY
MCF,Manik Chauree Halt,SECR,Chhattisgarh,21.004164,81.783198,PUBLIC_COMMUNITY
MCU,Mulacalacheruvu,SCR,Andhra Pradesh,13.802188,78.264829,PUBLIC_COMMUNITY
MD,MADAR,NWR,Rajasthan,26.465014,74.687227,PUBLIC_COMMUNITY
MBNL,Marwar Bhinmal,NWR,Rajasthan,25.000633,72.275398,PUBLIC_COMMUNITY
MADR,MADURE,KR,Maharashtra,15.812975,73.808967,PUBLIC_COMMUNITY
MANK,MANKI,KR,Karnataka,14.174439,74.493236,PUBLIC_COMMUNITY
MGR,Munger,ER,Bihar,,,PUBLIC_COMMUNITY
MAJN,MANGALORE JN,SR,Karnataka,12.866193,74.88006,PUBLIC_COMMUNITY
MBY,MANDI DABWALI,NWR,Haryana,29.966227,74.700155,PUBLIC_COMMUNITY
MGX,Mailongdisa,NFR,Assam,,,PUBLIC_COMMUNITY
MAHE,MAHE,SR,Puducherry,11.699227,75.546967,PUBLIC_COMMUNITY
MDD,MALAD,WR,Maharashtra,19.187089,72.84917,PUBLIC_COMMUNITY
MGKM,Mungiakami,NFR,Tripura,23.88383,91.710109,PUBLIC_COMMUNITY
MDLE,Mandar Hill,ER,Bihar,24.806078,87.026158,PUBLIC_COMMUNITY
AJL,Ajitwal,NR,Punjab,30.807611,75.339818,PUBLIC_COMMUNITY
MDBP,Madhabpur,ER,West Bengal,22.119207,88.347323,PUBLIC_COMMUNITY
AJN,Ajnod,WR,Madhya Pradesh,22.931326,75.738947,PUBLIC_COMMUNITY
MDCR,Masaudhi Court Halt,?,Bihar,25.366289,85.043906,PUBLIC_COMMUNITY
MDGR,Manendragarh,SECR,Madhya Pradesh,23.219747,82.197734,PUBLIC_COMMUNITY
MG,Modelgram,NR,Punjab,30.891527,75.836183,PUBLIC_COMMUNITY
MEE,Methai,ECR,,25.907006,86.724589,PUBLIC_COMMUNITY
MEW,Marhaura,NER,Bihar,25.969081,84.850984,PUBLIC_COMMUNITY
LYD,Layabad,SER,Jharkhand,23.773417,86.351907,PUBLIC_COMMUNITY
MIJ,Majhdia,ER,West Bengal,23.414562,88.719031,PUBLIC_COMMUNITY
MBW,Malwara,NWR,Rajasthan,24.799469,72.267008,PUBLIC_COMMUNITY
MHC,Masrakh,NER,Bihar,26.102229,84.808543,PUBLIC_COMMUNITY
MGVK,Malegaon Vyenku,SECR,Maharashtra,21.37586,78.956134,PUBLIC_COMMUNITY
MFM,MAHALAM,NR,Punjab,31.018428,74.706748,PUBLIC_COMMUNITY
MET,MALERKOTLA,NR,Punjab,30.529403,75.871692,PUBLIC_COMMUNITY
MHOW,Mhow,WR,Madhya Pradesh,22.55518,75.771097,PUBLIC_COMMUNITY
MINA,MIYANA,WCR,Madhya Pradesh,24.85653,77.472164,PUBLIC_COMMUNITY
MIQ,MIRHAKUR,NCR,Uttar Pradesh,27.151204,77.866012,PUBLIC_COMMUNITY
MLSR,Malsar,WR,Gujarat,21.889408,73.31641,PUBLIC_COMMUNITY
MKP,MANIKPUR JN,NCR,Uttar Pradesh,25.063492,81.093657,PUBLIC_COMMUNITY
MES,MADURAI EAST,SR,Tamil Nadu,9.908505,78.134188,PUBLIC_COMMUNITY
MHRL,Mahrail,ECR,Bihar,26.294081,86.284783,PUBLIC_COMMUNITY
MGLE,MANIGRAM,ER,West Bengal,24.342855,88.107882,PUBLIC_COMMUNITY
MLH,MANAKLAO,NWR,Rajasthan,26.485986,73.003204,PUBLIC_COMMUNITY
VV,VALIVADE,CR,Maharashtra,16.703574,74.298965,PUBLIC_COMMUNITY
MKI,BAPUDHAM MOTIHARI,ECR,Bihar,26.65552,84.90525,PUBLIC_COMMUNITY
MHL,MAHWAL,ECR,Bihar,26.301858,85.126314,PUBLIC_COMMUNITY
MHMB,MAHIMBA,SCR,Maharashtra,19.419885,78.076322,PUBLIC_COMMUNITY
AJP,AJJAMPUR,SWR,Karnataka,13.728333,76.009742,PUBLIC_COMMUNITY
MHDP,Mahadevpara,WR,Gujarat,23.677025,72.949202,PUBLIC_COMMUNITY
MIRA,MIRA ROAD,WR,Maharashtra,19.280299,72.856072,PUBLIC_COMMUNITY
MJO,MAJORDA,KR,Goa,15.314045,73.922408,PUBLIC_COMMUNITY
MGRR,MAGARPUR,NCR,Uttar Pradesh,25.322705,78.858785,PUBLIC_COMMUNITY
MJE,MUJNAL,NFR,West Bengal,26.693328,89.191957,PUBLIC_COMMUNITY
MKRL,Moti Koral,WR,Gujarat,,,PUBLIC_COMMUNITY
MIH,MIHRAWAN,NR,Uttar Pradesh,25.871178,82.694333,PUBLIC_COMMUNITY
MM,MUMBAI MAHIM JN,WR,Maharashtra,19.040547,72.846876,PUBLIC_COMMUNITY
MOAR,Manipur Bagan,?,Assam,24.400845,92.54072,PUBLIC_COMMUNITY
MJS,MANJESHWAR,SR,Kerala,12.724197,74.887582,PUBLIC_COMMUNITY
MGAE,Morgram,ER,West Bengal,24.304919,88.018413,PUBLIC_COMMUNITY
MNGT,MYSORE NEW GOOD,SWR,Karnataka,12.338554,76.642542,PUBLIC_COMMUNITY
MHU,Manheru,NWR,Haryana,28.701227,76.203117,PUBLIC_COMMUNITY
MJN,Makum Junction,NFR,Assam,27.485742,95.440958,PUBLIC_COMMUNITY
MLHS,Light House,SR,Tamil Nadu,13.044646,80.276539,PUBLIC_COMMUNITY
MGM,Muragacha,ER,West Bengal,23.529636,88.421243,PUBLIC_COMMUNITY
MNGV,Mota Miya Mangrol,WR,Gujarat,,,PUBLIC_COMMUNITY
MNLI,Manali Halt,SR,Tamil Nadu,,,PUBLIC_COMMUNITY
MNDY,Mandaveli,SR,Tamil Nadu,13.027861,80.260507,PUBLIC_COMMUNITY
MHAD,Mohadi Pragane Laling,CR,Maharashtra,20.863002,74.779784,PUBLIC_COMMUNITY
MIW,Mighauna,NER,Uttar Pradesh,28.24322,79.826515,PUBLIC_COMMUNITY
MIO,Molisar,NWR,Rajasthan,28.13104,74.739025,PUBLIC_COMMUNITY
MHUA,Mahudha,WR,Gujarat,22.817129,72.946947,PUBLIC_COMMUNITY
MLKH,Mulewal Khaihra,NR,Punjab,31.102966,75.299694,PUBLIC_COMMUNITY
MNME,Manamadurai East,SR,Tamil Nadu,9.697777,78.45435,PUBLIC_COMMUNITY
MNCR,Monacherra,?,,24.611951,92.550058,PUBLIC_COMMUNITY
MJV,Manjhagarh,NER,Bihar,26.417226,84.504257,PUBLIC_COMMUNITY
MOTC,MOTICHUR,NR,Uttarakhand,29.98115,78.177678,PUBLIC_COMMUNITY
MLHA,MALIYA HATINA,WR,Gujarat,21.15957,70.299701,PUBLIC_COMMUNITY
MLB,MODNIMB,CR,Maharashtra,17.916548,75.405544,PUBLIC_COMMUNITY
MNL,MINCHNAL,SWR,Karnataka,16.971395,75.822432,PUBLIC_COMMUNITY
MKH,MALAKHERA,NWR,Rajasthan,27.390236,76.618982,PUBLIC_COMMUNITY
MLG,MALHARGARH,WR,Madhya Pradesh,24.265618,74.972666,PUBLIC_COMMUNITY
MKD,MARKUNDI,WCR,Madhya Pradesh,25.017393,80.947114,PUBLIC_COMMUNITY
MUE,MUDKHED,SCR,Maharashtra,19.148087,77.509661,PUBLIC_COMMUNITY
MNDR,MANDI DHANAURA,NR,Uttar Pradesh,28.953119,78.261498,PUBLIC_COMMUNITY
MLGT,MALLAPPA GATE,SCR,Andhra Pradesh,15.225027,77.387152,PUBLIC_COMMUNITY
MNQ,MAINPURI,NCR,Uttar Pradesh,27.216507,79.034774,PUBLIC_COMMUNITY
MLSA,MALLASANDRA,SWR,Karnataka,13.335173,77.015018,PUBLIC_COMMUNITY
MKS,Muktsar,NR,Punjab,30.47821,74.514271,PUBLIC_COMMUNITY
MQW,Mallannagar,NER,Uttar Pradesh,,,PUBLIC_COMMUNITY
MRD,Manund,WR,Gujarat,,,PUBLIC_COMMUNITY
MPLR,MAHIPAL ROAD,ER,West Bengal,24.287545,88.191171,PUBLIC_COMMUNITY
MKLI,MAKRAULI,NR,Haryana,28.946971,76.62755,PUBLIC_COMMUNITY
MNO,MEHNAR ROAD,ECR,Bihar,25.654308,85.504478,PUBLIC_COMMUNITY
MRU,MUMBAI MATUNGA ROAD,WR,Maharashtra,19.028606,72.847143,PUBLIC_COMMUNITY
MMC,MAHAMANDIR,NWR,Rajasthan,26.308745,73.037935,PUBLIC_COMMUNITY
MMY,MARWAR MATHANYA,NWR,Rajasthan,26.532173,72.978778,PUBLIC_COMMUNITY
MTHP,MITHAPUR,WR,Gujarat,22.411601,69.008695,PUBLIC_COMMUNITY
MON,Modran,NWR,Rajasthan,25.187428,72.447631,PUBLIC_COMMUNITY
MNZ,MANANI,NR,Uttar Pradesh,29.884915,77.498609,PUBLIC_COMMUNITY
AJRE,AUJARI,NFR,Assam,26.144646,92.2668,PUBLIC_COMMUNITY
MLN,MAILANI,NER,Uttar Pradesh,28.284349,80.347318,PUBLIC_COMMUNITY
MNS,Manshahi,NFR,Bihar,25.475683,87.588123,PUBLIC_COMMUNITY
MRJD,Marajdwa,ECR,Bihar,27.043053,84.601916,PUBLIC_COMMUNITY
MLX,Mullanpur,NR,Punjab,30.83811,75.665016,PUBLIC_COMMUNITY
MPUR,New Madanpur,?,,24.312218,87.226329,PUBLIC_COMMUNITY
MSQ,Marwar Ratanpur,NWR,Gujarat,24.67822,72.142853,PUBLIC_COMMUNITY
MMG,Madhyamgram,ER,West Bengal,22.693938,88.452254,PUBLIC_COMMUNITY
MPML,Mohapani Mal,SECR,Madhya Pradesh,21.812143,78.910005,PUBLIC_COMMUNITY
MLTR,Melattur,SR,Kerala,11.06543,76.272805,PUBLIC_COMMUNITY
MQQ,Markahandi U Halt,SECR,Madhya Pradesh,22.049857,79.191328,PUBLIC_COMMUNITY
MQS,Malsian Shahkot,NR,Punjab,31.110293,75.354756,PUBLIC_COMMUNITY
MKDN,Morkadhana,CR,Madhya Pradesh,22.11073,78.501566,PUBLIC_COMMUNITY
MSZ,MANSA,NR,Punjab,29.989695,75.402584,PUBLIC_COMMUNITY
MPLE,MAHIPAL,ER,West Bengal,24.30631,88.162107,PUBLIC_COMMUNITY
MQL,MIRKHAL,SCR,Maharashtra,19.203641,76.915057,PUBLIC_COMMUNITY
MTJR,MOTERJHAR,NFR,Assam,26.133968,89.864509,PUBLIC_COMMUNITY
MSOD,MASODHA,NR,,26.709217,82.125339,PUBLIC_COMMUNITY
MTJL,Motijheel,NCR,Madhya Pradesh,26.249743,78.142209,PUBLIC_COMMUNITY
MSDH,MASNADIH,ECR,,26.958112,84.832613,PUBLIC_COMMUNITY
MSP,MANSURPUR,NR,Uttar Pradesh,29.355377,77.719182,PUBLIC_COMMUNITY
MVJ,MAVLI JN,NWR,Rajasthan,24.794585,73.973721,PUBLIC_COMMUNITY
NBA,Nabha,NR,Punjab,30.363819,76.146396,PUBLIC_COMMUNITY
MUT,MEERUT CANT,NR,Uttar Pradesh,29.015997,77.686937,PUBLIC_COMMUNITY
MWT,MARWAR LOHWAT,NWR,Rajasthan,26.981256,72.58927,PUBLIC_COMMUNITY
MTC,MEERUT CITY,NR,Uttar Pradesh,28.97761,77.675106,PUBLIC_COMMUNITY
MUD,MURADNAGAR,NR,Uttar Pradesh,28.759017,77.506774,PUBLIC_COMMUNITY
MSRP,MURHESI RAMPUR,WCR,Uttar Pradesh,27.412426,77.627418,PUBLIC_COMMUNITY
MTFA,MERTALA PHALEYA,ER,West Bengal,23.479666,88.319686,PUBLIC_COMMUNITY
MRL,MAROLI,WR,Gujarat,21.019949,72.889998,PUBLIC_COMMUNITY
MQ,Mannargudi,SR,Tamil Nadu,10.674541,79.455639,PUBLIC_COMMUNITY
MP,MELAPPALAIYAM,SR,Tamil Nadu,8.706718,77.701856,PUBLIC_COMMUNITY
MSD,BOMBAY MASJID,CR,Maharashtra,18.952385,72.838561,PUBLIC_COMMUNITY
MTAP,Matania Anantpur,ER,West Bengal,,,PUBLIC_COMMUNITY
MWW,MAHWA,NWR,Rajasthan,27.48372,76.608871,PUBLIC_COMMUNITY
MX,Mumbai Mahalakshmi,WR,Maharashtra,18.982103,72.823908,PUBLIC_COMMUNITY
MTT,Mutupet,SR,Tamil Nadu,,,PUBLIC_COMMUNITY
MYA,MANDYA,SWR,Karnataka,12.529176,76.897256,PUBLIC_COMMUNITY
MULK,MULKI,KR,Karnataka,13.068517,74.804962,PUBLIC_COMMUNITY
MTMY,Thirumayilai,SR,Tamil Nadu,13.03497,80.267038,PUBLIC_COMMUNITY
MRTL,MIRTHAL,NR,Punjab,32.112895,75.608482,PUBLIC_COMMUNITY
MXO,MORTHALA,NWR,Rajasthan,24.502605,72.803419,PUBLIC_COMMUNITY
MT,Matera,NER,Uttar Pradesh,27.784934,81.553447,PUBLIC_COMMUNITY
MOBD,Moabund,NFR,Assam,26.66857,94.071748,PUBLIC_COMMUNITY
MSDL,Mahisadal,SER,West Bengal,22.176299,88.010799,PUBLIC_COMMUNITY
MRG,Margherita,NFR,Assam,27.289315,95.6726,PUBLIC_COMMUNITY
MOM,Maman,NR,Uttar Pradesh,28.330372,77.861087,PUBLIC_COMMUNITY
MTCN,Triplicane,SR,Tamil Nadu,13.054862,80.280206,PUBLIC_COMMUNITY
MUPA,MUPA,NFR,Assam,25.368686,93.122747,PUBLIC_COMMUNITY
NNKR,Nanaksar,NR,Punjab,30.803353,75.419984,PUBLIC_COMMUNITY
MZRT,Murtajapur Town,CR,Maharashtra,,,PUBLIC_COMMUNITY
MPUE,MAINPURI KACHRI,NCR,Uttar Pradesh,27.227142,79.065632,PUBLIC_COMMUNITY
MUZ,MOHIUDDINPUR,NR,Uttar Pradesh,28.885405,77.621531,PUBLIC_COMMUNITY
NADA,Nada,WR,Gujarat,,,PUBLIC_COMMUNITY
NBGH,Nowbagh,CR,Maharashtra,,,PUBLIC_COMMUNITY
NEI,NEOLI,CR,Maharashtra,18.387703,76.303949,PUBLIC_COMMUNITY
NKRA,Nokhra,?,Rajasthan,27.607995,72.665402,PUBLIC_COMMUNITY
MWM,MALLESWARAM,SWR,Karnataka,13.001289,77.563207,PUBLIC_COMMUNITY
NGLT,NAGLATULA,NCR,Rajasthan,26.92382,77.421273,PUBLIC_COMMUNITY
NDLH,Nandlalee Halt,?,,,,PUBLIC_COMMUNITY
MVO,MANWATH ROAD,SCR,Maharashtra,19.358161,76.534516,PUBLIC_COMMUNITY
NGE,NAGAR,SECR,Chhattisgarh,23.315091,82.459164,PUBLIC_COMMUNITY
MXH,MAKHU,NR,Punjab,31.105935,74.983505,PUBLIC_COMMUNITY
NCR,Nagore,SR,Tamil Nadu,10.81843,79.846188,PUBLIC_COMMUNITY
MZL,MIRZAPALI,SCR,Andhra Pradesh,18.017963,78.415299,PUBLIC_COMMUNITY
KKG,KEKATUMAR,SCR,Maharashtra,20.012339,77.100811,PUBLIC_COMMUNITY
MWX,MALLANWALA KHAS,NR,Punjab,31.047005,74.813427,PUBLIC_COMMUNITY
MXY,MAHUARIYA,ECR,Uttar Pradesh,24.22774,83.310519,PUBLIC_COMMUNITY
MZHL,MAJHAOLI,WCR,Madhya Pradesh,24.136642,82.37058,PUBLIC_COMMUNITY
MYL,MALLIYALA,SCR,Andhra Pradesh,15.397805,77.776755,PUBLIC_COMMUNITY
NGR,ANNIGERI,SWR,Karnataka,15.432164,75.430851,PUBLIC_COMMUNITY
MWJ,MARWASGRAM,WCR,Madhya Pradesh,24.098212,81.836685,PUBLIC_COMMUNITY
NDNI,Nidhani,SECR,Madhya Pradesh,22.576568,80.008415,PUBLIC_COMMUNITY
MZW,MANJHWE,ECR,Bihar,24.814294,85.306631,PUBLIC_COMMUNITY
MYU,MAYANOOR,SR,Tamil Nadu,10.954704,78.236511,PUBLIC_COMMUNITY
NGA,NINGALA JN,WR,Gujarat,22.0252,71.709352,PUBLIC_COMMUNITY
NIG,NAIGAON,WR,Maharashtra,19.350875,72.845954,PUBLIC_COMMUNITY
NAN,NANDGAON ROAD,KR,Maharashtra,16.387454,73.73056,PUBLIC_COMMUNITY
MXN,MARIANI JN,NFR,Assam,26.652435,94.308203,PUBLIC_COMMUNITY
MUGN,MAHUTGAON,NFR,Assam,26.962757,94.792882,PUBLIC_COMMUNITY
NAM,NAMRUP,NFR,Assam,27.19627,95.313642,PUBLIC_COMMUNITY
MVG,MALIGURA,ECoR,Orissa,18.953175,82.638614,PUBLIC_COMMUNITY
NGX,Nigan,ER,West Bengal,,,PUBLIC_COMMUNITY
MUH,Murthiha,NER,Uttar Pradesh,28.030462,81.378147,PUBLIC_COMMUNITY
MTP,Mettupalayam,SR,Tamil Nadu,11.299729,76.934533,PUBLIC_COMMUNITY
NCP,Nishchindapur,ER,West Bengal,21.973426,88.214325,PUBLIC_COMMUNITY
NERH,Ner Halt,?,,25.017219,84.975361,PUBLIC_COMMUNITY
MYHT,Mayurhat,ER,West Bengal,23.363017,88.661013,PUBLIC_COMMUNITY
NAL,Nal Halt,?,Rajasthan,28.03859,73.217612,PUBLIC_COMMUNITY
NKL,Nalikul,ER,West Bengal,22.829713,88.166226,PUBLIC_COMMUNITY
MVC,Mavinkere,SWR,Karnataka,12.816193,76.201872,PUBLIC_COMMUNITY
NHY,NAGANAHALLI,SWR,Karnataka,12.380243,76.651081,PUBLIC_COMMUNITY
NDAE,NABADWIP DHAM,ER,West Bengal,23.396593,88.356472,PUBLIC_COMMUNITY
NPRD,NAGPUR ROAD,SECR,Chhattisgarh,23.279379,82.349049,PUBLIC_COMMUNITY
NPM,NELLAIKUPPAM,SR,Tamil Nadu,11.775944,79.664768,PUBLIC_COMMUNITY
NGNT,NEW GUNTUR,SCR,Andhra Pradesh,16.31004,80.458223,PUBLIC_COMMUNITY
NLRD,NECKLACE ROAD,SCR,Andhra Pradesh,17.423338,78.462871,PUBLIC_COMMUNITY
NBE,New Barrackpore,ER,West Bengal,22.687235,88.444755,PUBLIC_COMMUNITY
NAS,Nasrala,NR,Punjab,31.497981,75.846408,PUBLIC_COMMUNITY
NGRT,NAGROTA,NR,Himachal Pradesh,32.108728,76.388794,PUBLIC_COMMUNITY
AJTM,AJITGILL MATTA,NR,Punjab,30.483469,74.863795,PUBLIC_COMMUNITY
NID,NIDUR,SR,Tamil Nadu,11.127231,79.645074,PUBLIC_COMMUNITY
NED,HUZUR SAHIB NANDED,SCR,Maharashtra,19.160522,77.310478,PUBLIC_COMMUNITY
NDE,NANDRE,CR,Maharashtra,16.964029,74.55903,PUBLIC_COMMUNITY
NGT,NAGAPPATTINAM,SR,Tamil Nadu,10.759221,79.845998,PUBLIC_COMMUNITY
NPK,NORTH PANAKUDI,SR,Tamil Nadu,8.315971,77.582174,PUBLIC_COMMUNITY
AKE,AKANAPET,SCR,Andhra Pradesh,18.110863,78.396309,PUBLIC_COMMUNITY
NPV,Narpatganj,ECR,Bihar,,,PUBLIC_COMMUNITY
NRKE,Nari Khetri,NWR,Rajasthan,,,PUBLIC_COMMUNITY
NDPR,NANDAPUR,SCR,Maharashtra,19.594882,77.237628,PUBLIC_COMMUNITY
NMZ,NEW MAL JN,NFR,West Bengal,26.87368,88.724837,PUBLIC_COMMUNITY
NHM,NANDOL DEHEGAM,WR,Gujarat,23.17417,72.815845,PUBLIC_COMMUNITY
NEM,NEMEM,SR,Kerala,8.455233,77.009693,PUBLIC_COMMUNITY
NDU,Nadauj,ECR,Bihar,25.296539,85.017335,PUBLIC_COMMUNITY
RJU,Rajula City,WR,Gujarat,21.046575,71.455976,PUBLIC_COMMUNITY
NMKA,Namkhana,ER,West Bengal,21.772235,88.239558,PUBLIC_COMMUNITY
NRM,Nurmahal,NR,Punjab,31.081589,75.601431,PUBLIC_COMMUNITY
NBPH,New Balarampur Halt,ER,West Bengal,24.051233,88.247374,PUBLIC_COMMUNITY
PALI,Pali,NWR,Rajasthan,28.177004,76.450856,PUBLIC_COMMUNITY
NWA,Nagarwara,SECR,Madhya Pradesh,22.21072,80.123401,PUBLIC_COMMUNITY
NYM,Neyamatpur,ECR,,24.937206,84.988344,PUBLIC_COMMUNITY
ARNG,Arunnagar,,,20.708491,79.978972,PUBLIC_COMMUNITY
NNL,Narnaul,NWR,Haryana,28.044396,76.123133,PUBLIC_COMMUNITY
NGAN,Nagaon,NFR,Assam,26.356212,92.672531,PUBLIC_COMMUNITY
NRPM,Narayanpur Murli Halt,ECR,Bihar,,,PUBLIC_COMMUNITY
NVC,NAGALWANCHA,SCR,Andhra Pradesh,17.07433,80.228517,PUBLIC_COMMUNITY
NRUR,Nareshwar Road,WR,Gujarat,,,PUBLIC_COMMUNITY
NRWI,Narwasi,NWR,Rajasthan,,,PUBLIC_COMMUNITY
NRGR,NARANJIPUR,WR,Madhya Pradesh,23.047142,76.009159,PUBLIC_COMMUNITY
NSP,NALLA SOPARA,WR,Maharashtra,19.418238,72.819464,PUBLIC_COMMUNITY
NUPR,NURPUR ROAD,NR,Punjab,32.281043,75.852903,PUBLIC_COMMUNITY
NUIH,Neuri Halt,ECR,Bihar,,,PUBLIC_COMMUNITY
NXR,Nagsar,ECR,Uttar Pradesh,,,PUBLIC_COMMUNITY
PAPM,PALAT POTARAM,SCR,Andhra Pradesh,17.790092,78.454437,PUBLIC_COMMUNITY
NPT,NARASINGAMPET,SR,Tamil Nadu,11.034797,79.511398,PUBLIC_COMMUNITY
NSU,NISUI,NR,Uttar Pradesh,28.290931,79.236446,PUBLIC_COMMUNITY
NZH,Nidaghatta,?,Karnataka,,,PUBLIC_COMMUNITY
P,,?,,,,PUBLIC_COMMUNITY
NKE,NARKATIAGANJ JN,ECR,Bihar,27.105035,84.464045,PUBLIC_COMMUNITY
NMGT,NIMSHIRGAON TAMDALGE,CR,Maharashtra,16.769024,74.486113,PUBLIC_COMMUNITY
NNO,NANGLOI,NR,Delhi NCT,28.686261,77.056966,PUBLIC_COMMUNITY
NSL,NAGARSOL,SCR,Maharashtra,20.102455,74.541646,PUBLIC_COMMUNITY
NRW,NARWANA JN,NR,Haryana,29.588632,76.109286,PUBLIC_COMMUNITY
NMJ,NIDAMANGALAM,SR,Tamil Nadu,10.773564,79.412736,PUBLIC_COMMUNITY
NLH,NAULTHA,NR,Haryana,29.318788,76.889707,PUBLIC_COMMUNITY
NWB,NIWAS ROAD,WCR,Madhya Pradesh,24.053618,82.013256,PUBLIC_COMMUNITY
NPX,NARINDARPURA,NR,Punjab,29.951767,75.476271,PUBLIC_COMMUNITY
NTG,NURSRATABAD KHARKHAR,NR,Uttar Pradesh,28.775277,77.307785,PUBLIC_COMMUNITY
PASG,Panisagar,NFR,Tripura,24.27276,92.149035,PUBLIC_COMMUNITY
NLSF,NIYALISH PARA,ER,West Bengal,24.156525,88.246367,PUBLIC_COMMUNITY
PDE,Pindrai,SECR,Madhya Pradesh,22.5118,80.046204,PUBLIC_COMMUNITY
NNN,NANGUNERI,SR,Tamil Nadu,8.4891,77.662592,PUBLIC_COMMUNITY
ODM,ONDAGRAM,SER,West Bengal,23.147974,87.202275,PUBLIC_COMMUNITY
NYH,NAYANDAHALLI,SWR,Karnataka,12.941162,77.520696,PUBLIC_COMMUNITY
NNGE,NARANGI,NFR,Assam,26.182961,91.835776,PUBLIC_COMMUNITY
NTSK,NEW TINSUKIA JN,NFR,Assam,27.479748,95.334128,PUBLIC_COMMUNITY
AKI,ADARKI,CR,Maharashtra,17.918333,74.189651,PUBLIC_COMMUNITY
NMA,Nirmali,ECR,Bihar,26.305325,86.574615,PUBLIC_COMMUNITY
NS,Narasapur,SCR,Andhra Pradesh,16.445891,81.699909,PUBLIC_COMMUNITY
NLD,Nalanda,ECR,Bihar,25.122359,85.462774,PUBLIC_COMMUNITY
SSC,Shahi,NER,Uttar Pradesh,28.588173,79.691003,PUBLIC_COMMUNITY
NKX,NAKTISEMRA,ECoR,Chhattisgarh,19.062273,82.07393,PUBLIC_COMMUNITY
OTD,Ootwar,NCR,Rajasthan,27.626063,76.73256,PUBLIC_COMMUNITY
PDRA,Padra,WR,Gujarat,22.237239,73.090179,PUBLIC_COMMUNITY
OD,Od,WR,Gujarat,22.65471,73.079463,PUBLIC_COMMUNITY
NUA,Nua,NWR,Rajasthan,28.058126,75.285706,PUBLIC_COMMUNITY
TUV,Tuvvur,SR,Kerala,11.120495,76.282913,PUBLIC_COMMUNITY
NSF,Nasibpur,ER,West Bengal,22.804835,88.262036,PUBLIC_COMMUNITY
NRPR,Narendrapur Halt,ER,West Bengal,22.45342,88.41769,PUBLIC_COMMUNITY
NJA,Nagjua,SER,Jharkhand,23.378294,84.966838,PUBLIC_COMMUNITY
NNU,Nangal Mundi,NWR,Haryana,28.250468,76.499193,PUBLIC_COMMUNITY
BHJA,Bheja,ECoR,Orissa,18.472649,82.685464,PUBLIC_COMMUNITY
NTA,Netra,ER,West Bengal,22.208105,88.254095,PUBLIC_COMMUNITY
NZP,Niyazipur Halt,?,,25.143791,84.988439,PUBLIC_COMMUNITY
PDPK,PADMAPUKAR,SER,West Bengal,22.568309,88.30622,PUBLIC_COMMUNITY
PCP,PALSAP,CR,Maharashtra,18.357557,76.191169,PUBLIC_COMMUNITY
PDNR,PADNUR,SWR,Karnataka,17.32237,75.984682,PUBLIC_COMMUNITY
PARD,PATHRAD,SCR,Maharashtra,19.18427,77.39203,PUBLIC_COMMUNITY
PALR,PALUR,SR,Tamil Nadu,12.766651,79.906997,PUBLIC_COMMUNITY
PKRD,PAKARA ROAD,WCR,Madhya Pradesh,24.0512,80.505599,PUBLIC_COMMUNITY
PGR,PUGALUR,SR,Tamil Nadu,11.051702,77.990709,PUBLIC_COMMUNITY
NWR,NIWAR,WCR,Madhya Pradesh,23.720463,80.36959,PUBLIC_COMMUNITY
OKHA,OKHA,WR,Gujarat,22.47096,69.073775,PUBLIC_COMMUNITY
OKD,OKHA MADHI,WR,Gujarat,22.095642,69.103801,PUBLIC_COMMUNITY
NRO,Nakodar Junction,NR,Punjab,31.111697,75.475608,PUBLIC_COMMUNITY
NTR,NITTUR,SWR,Karnataka,13.301655,76.855872,PUBLIC_COMMUNITY
PGK,PILI BANGAN,NWR,Rajasthan,29.483825,74.079282,PUBLIC_COMMUNITY
PEE,Paterhi,NER,Bihar,25.923565,84.805488,PUBLIC_COMMUNITY
NTZ,NATHWANA,NWR,Rajasthan,28.563319,73.813703,PUBLIC_COMMUNITY
NUD,NAVAGADH,WR,Gujarat,21.764344,70.616721,PUBLIC_COMMUNITY
PKZ,PIPLI PAKHI KALAN,NR,Punjab,30.732663,74.732879,PUBLIC_COMMUNITY
PIH,Parhihara,NWR,Rajasthan,27.926801,74.559809,PUBLIC_COMMUNITY
NVRD,NAVADE ROAD,CR,Maharashtra,19.052389,73.102716,PUBLIC_COMMUNITY
OND,Aunlajori Junction,SER,Orissa,22.440956,86.164207,PUBLIC_COMMUNITY
NAND,NANDIKUR,,,13.133125,74.806474,PUBLIC_COMMUNITY
NTW,NANJANGUD TOWN,SWR,Karnataka,12.12211,76.68443,PUBLIC_COMMUNITY
PL,Mumbai Lower Parel,WR,Maharashtra,18.994919,72.82962,PUBLIC_COMMUNITY
NVL,Neyveli,SR,Tamil Nadu,11.538814,79.476223,PUBLIC_COMMUNITY
OBR,OBRA DAM,ECR,Uttar Pradesh,24.438661,82.975949,PUBLIC_COMMUNITY
PCX,Pagla Chandi,ER,West Bengal,23.743195,88.303969,PUBLIC_COMMUNITY
PDKT,Pudukkottai,SR,Tamil Nadu,10.372457,78.801946,PUBLIC_COMMUNITY
PED,Pipardahi,SECR,Madhya Pradesh,22.052145,79.41266,PUBLIC_COMMUNITY
NZT,Nazareth,SR,Tamil Nadu,8.563997,77.976271,PUBLIC_COMMUNITY
PHU,Pahur,CR,Maharashtra,,,PUBLIC_COMMUNITY
PIJ,Pij,WR,Gujarat,,,PUBLIC_COMMUNITY
PKP,Pallikkara,SR,Kerala,,,PUBLIC_COMMUNITY
PCC,Prachi Road Junction,WR,Gujarat,20.988298,70.687018,PUBLIC_COMMUNITY
PKT,Pattukottai,SR,Tamil Nadu,,,PUBLIC_COMMUNITY
AKK,Akkihebbalu,SWR,Karnataka,12.62489,76.377598,PUBLIC_COMMUNITY
PEC,Pencharthal,NFR,Tripura,24.196225,92.10823,PUBLIC_COMMUNITY
NSS,Nawanshahr Doaba Junction,NR,Punjab,31.1213,76.108571,PUBLIC_COMMUNITY
KRSW,Kohar Singhwala,NR,Punjab,30.76024,74.445824,PUBLIC_COMMUNITY
PKGM,Phakhoagram,NFR,Assam,24.641534,92.342438,PUBLIC_COMMUNITY
PJLE,Panjwara Road,ER,Bihar,24.877046,87.013684,PUBLIC_COMMUNITY
PHS,Ferozeshah,NR,Punjab,30.887454,74.78411,PUBLIC_COMMUNITY
PHX,PATHAKPUR,NR,Uttar Pradesh,28.369685,78.580494,PUBLIC_COMMUNITY
PRDP,Paradip,ECoR,Orissa,20.280364,86.620141,PUBLIC_COMMUNITY
PCR,PANCHRA,ER,West Bengal,23.77199,87.330151,PUBLIC_COMMUNITY
PMYA,PARMINIYA HALT,ECR,Bihar,25.826563,86.595042,PUBLIC_COMMUNITY
PDH,PADADHARI,WR,Gujarat,22.429596,70.605343,PUBLIC_COMMUNITY
PMI,PAIMAR,ECR,Bihar,24.806929,85.112409,PUBLIC_COMMUNITY
PG,PERGAON,SCR,Maharashtra,19.294984,76.673464,PUBLIC_COMMUNITY
PIZ,PINGLI,SCR,Maharashtra,19.218401,76.857727,PUBLIC_COMMUNITY
KRSH,KARAMGARH SDRGH,,,30.213009,74.748627,PUBLIC_COMMUNITY
PDQ,PADLA,NWR,Rajasthan,24.306135,73.778291,PUBLIC_COMMUNITY
PCT,PANCHTALAVDA ROAD,WR,Gujarat,21.662813,71.474264,PUBLIC_COMMUNITY
PGL,PAGDHAL,WCR,Madhya Pradesh,22.42054,77.351451,PUBLIC_COMMUNITY
PHI,PANIKHAITI,NFR,Assam,26.211965,91.875701,PUBLIC_COMMUNITY
PIRO,Piro,ECR,Bihar,25.321358,84.420544,PUBLIC_COMMUNITY
PML,PAPANASAM,SR,Tamil Nadu,10.922767,79.268542,PUBLIC_COMMUNITY
PMM,PARSEHRA MAL,NER,Uttar Pradesh,27.729917,80.729179,PUBLIC_COMMUNITY
PNYA,PANIAHWA,NER,,27.167486,83.933839,PUBLIC_COMMUNITY
PMK,PARAMAKKUDI,SR,Tamil Nadu,9.539071,78.591131,PUBLIC_COMMUNITY
PR,MUMBAI PAREL,CR,Maharashtra,19.009045,72.837504,PUBLIC_COMMUNITY
PBA,PIARDOBA,SER,West Bengal,22.956881,87.322164,PUBLIC_COMMUNITY
PGTN,PALGHAT TOWN,SR,Kerala,10.775389,76.652167,PUBLIC_COMMUNITY
PNVL,PANVEL,CR,Maharashtra,18.990919,73.121756,PUBLIC_COMMUNITY
PAZ,PAYANGADI,SR,Kerala,12.021508,75.2596,PUBLIC_COMMUNITY
PEU,PERSSANNUR,SR,Kerala,10.840824,76.065488,PUBLIC_COMMUNITY
PFT,Pothahi,ECR,Bihar,25.486605,85.098643,PUBLIC_COMMUNITY
PNUG,Punpun Ghat Halt,?,,25.525588,85.109912,PUBLIC_COMMUNITY
PMGN,Pimpalgaon,CR,Maharashtra,,,PUBLIC_COMMUNITY
POHE,Pohe,CR,Maharashtra,,,PUBLIC_COMMUNITY
PPV,Pratapganj,ECR,Bihar,,,PUBLIC_COMMUNITY
PLF,Piali,ER,West Bengal,22.388254,88.517441,PUBLIC_COMMUNITY
PRGT,Pargothan,CR,Maharashtra,,,PUBLIC_COMMUNITY
PRKA,Parikha,WR,Gujarat,,,PUBLIC_COMMUNITY
PRNC,Purnia Court,ECR,Bihar,,,PUBLIC_COMMUNITY
PIL,Piler,SCR,Andhra Pradesh,13.662347,78.927499,PUBLIC_COMMUNITY
PIT,Palitana,WR,Gujarat,21.538301,71.823197,PUBLIC_COMMUNITY
PNCB,Pancheberia,ER,West Bengal,23.221017,88.599435,PUBLIC_COMMUNITY
PLC,Phalodi Junction,NWR,Rajasthan,27.124794,72.366743,PUBLIC_COMMUNITY
PAVI,Pavi,WR,Gujarat,22.342282,73.840166,PUBLIC_COMMUNITY
PHWR,Pehowa Road,NR,Haryana,29.884778,76.620461,PUBLIC_COMMUNITY
PPB,Partabpura,NR,Punjab,31.052119,75.714384,PUBLIC_COMMUNITY
PLH,Parlakhemundi,ECoR,Orissa,18.786579,84.080638,PUBLIC_COMMUNITY
PDX,Payradanga,ER,West Bengal,23.128661,88.545481,PUBLIC_COMMUNITY
PDS,Pindarsi,NR,Haryana,29.918983,76.704405,PUBLIC_COMMUNITY
PCO,Palayankottai,SR,Tamil Nadu,8.709862,77.738083,PUBLIC_COMMUNITY
PMO,Pandoli,NWR,Rajasthan,24.866567,74.399397,PUBLIC_COMMUNITY
PQE,Pawapuri Road,ECR,Bihar,25.15921,85.511715,PUBLIC_COMMUNITY
PNGM,PANCHGRAM,NFR,Assam,24.864358,92.598318,PUBLIC_COMMUNITY
PLS,PIPALSANA,NER,Uttar Pradesh,28.952153,78.83533,PUBLIC_COMMUNITY
PJR,PANGRI,CR,Maharashtra,18.283703,75.866773,PUBLIC_COMMUNITY
PLMX,PALAMPUR HIMACHAL,NR,Himachal Pradesh,32.069052,76.54001,PUBLIC_COMMUNITY
PRU,PARLU,NWR,Rajasthan,25.823775,72.4319,PUBLIC_COMMUNITY
PJH,Pirjhalar,WR,Madhya Pradesh,23.260398,75.531313,PUBLIC_COMMUNITY
PPLI,PIPLI,WR,Gujarat,22.345082,69.934426,PUBLIC_COMMUNITY
PRTP,PARTAPUR,NR,Uttar Pradesh,28.925112,77.648699,PUBLIC_COMMUNITY
PYM,PANDIYAPURAM,SR,Tamil Nadu,8.855091,77.971557,PUBLIC_COMMUNITY
PJA,PAJIAN,NR,Punjab,31.264295,75.288498,PUBLIC_COMMUNITY
RAMP,Rampuri,SECR,Madhya Pradesh,22.410159,80.259304,PUBLIC_COMMUNITY
PNGR,PINGORA,WCR,Rajasthan,27.087306,77.371309,PUBLIC_COMMUNITY
PUE,Palari,SECR,Madhya Pradesh,22.301904,79.815973,PUBLIC_COMMUNITY
PUF,Pauta,NER,Uttar Pradesh,28.451603,79.811873,PUBLIC_COMMUNITY
PKDE,PILU KHERA,NR,Haryana,29.354607,76.49388,PUBLIC_COMMUNITY
PLWR,Phulwaria,NER,Uttar Pradesh,26.468803,84.255615,PUBLIC_COMMUNITY
PNJ,Padriganj,SECR,Madhya Pradesh,22.317209,80.113838,PUBLIC_COMMUNITY
RAU,Rau,WR,Madhya Pradesh,22.633145,75.80495,PUBLIC_COMMUNITY
TIK,Tik,NR,,29.850801,76.527315,PUBLIC_COMMUNITY
PRDL,Paradol,SECR,Madhya Pradesh,23.25057,82.188481,PUBLIC_COMMUNITY
TUA,TIRUNNAVAYA,SR,Kerala,10.874721,75.985675,PUBLIC_COMMUNITY
PNPR,PUNNAPURA,SR,Kerala,9.449651,76.333771,PUBLIC_COMMUNITY
PUPR,PUNNAPRA,SR,Kerala,9.423187,76.342348,PUBLIC_COMMUNITY
PLP,PHULPUR,NR,Uttar Pradesh,25.552534,82.091535,PUBLIC_COMMUNITY
PRG,PRAYAG,NR,Uttar Pradesh,25.467939,81.867081,PUBLIC_COMMUNITY
PMY,PALI MARWAR,NWR,Rajasthan,25.790692,73.327309,PUBLIC_COMMUNITY
PRNG,Pritam Nagar,WR,Madhya Pradesh,,,PUBLIC_COMMUNITY
PTG,Patna Ghat,ECR,Bihar,,,PUBLIC_COMMUNITY
PTRT,Pathrot,CR,Maharashtra,,,PUBLIC_COMMUNITY
PRTL,Pirtala,ER,West Bengal,24.359325,88.280583,PUBLIC_COMMUNITY
PMQ,Parna Nand,NR,Punjab,32.169809,75.495787,PUBLIC_COMMUNITY
PVI,Peravurani,SR,Tamil Nadu,,,PUBLIC_COMMUNITY
RAS,Ras,WR,Gujarat,,,PUBLIC_COMMUNITY
PKO,Palakollu,SCR,Andhra Pradesh,16.522244,81.717145,PUBLIC_COMMUNITY
POA,Palikona,SCR,Andhra Pradesh,16.061989,80.804351,PUBLIC_COMMUNITY
PSK,Paradsinga Halt,SECR,Madhya Pradesh,21.541244,78.854197,PUBLIC_COMMUNITY
PTKD,Patharkandi,NFR,Assam,24.604506,92.31911,PUBLIC_COMMUNITY
PKBS,Peeplee-ka-bas,NWR,Rajasthan,26.909189,75.268809,PUBLIC_COMMUNITY
PNSA,Punsia,ER,Bihar,24.953167,87.003751,PUBLIC_COMMUNITY
KRSL,Krishnashilla,ECR,Uttar Pradesh,24.155025,82.768496,PUBLIC_COMMUNITY
PTE,Patiala Cantt.,NR,Punjab,30.341138,76.379064,PUBLIC_COMMUNITY
PLT,Pirthala Llauda,NR,Haryana,29.628831,75.866432,PUBLIC_COMMUNITY
RHW,ROHIRA GHALUGHRA,NR,Punjab,30.636931,75.841666,PUBLIC_COMMUNITY
PRKH,PARKANHATTI,SWR,Karnataka,16.140169,74.695447,PUBLIC_COMMUNITY
RAKL,RETHORAKALAN,NCR,Madhya Pradesh,26.397857,78.240156,PUBLIC_COMMUNITY
RDI,KARDI,SWR,Karnataka,13.267377,76.5737,PUBLIC_COMMUNITY
RKR,RANIKUND RARAH,WCR,Rajasthan,27.324191,77.5555,PUBLIC_COMMUNITY
RMGJ,RAMGANJ,NR,Uttar Pradesh,26.049174,82.020731,PUBLIC_COMMUNITY
PT,PATLI,NR,Haryana,28.399583,76.853472,PUBLIC_COMMUNITY
POR,PIPALDA ROAD,WCR,Rajasthan,24.956611,76.616541,PUBLIC_COMMUNITY
PTRD,PATAUDI ROAD,NR,Haryana,28.350738,76.755565,PUBLIC_COMMUNITY
PSD,PARSODA,SCR,Maharashtra,19.953697,74.875135,PUBLIC_COMMUNITY
POZ,POTUL,SCR,Maharashtra,19.918567,75.121777,PUBLIC_COMMUNITY
PRKE,PURUA KHERA,NR,Uttar Pradesh,28.38702,78.948591,PUBLIC_COMMUNITY
RBK,REOTI BAHORA KHERA,NR,Uttar Pradesh,28.318709,79.107047,PUBLIC_COMMUNITY
VMU,Vemuru,SCR,Andhra Pradesh,16.178119,80.743187,PUBLIC_COMMUNITY
RDY,REDIPALAYAM,SR,Tamil Nadu,12.736973,79.94718,PUBLIC_COMMUNITY
PPKD,PAPRAKUND,ECR,Uttar Pradesh,24.42109,82.931711,PUBLIC_COMMUNITY
RAJP,RAJAPUR ROAD,KR,Maharashtra,16.635175,73.626565,PUBLIC_COMMUNITY
RANI,RANI,NWR,Rajasthan,25.347582,73.31039,PUBLIC_COMMUNITY
PPNS,PAPPINISSERY,SR,Kerala,11.941779,75.347422,PUBLIC_COMMUNITY
PRZ,Parsa,NER,Uttar Pradesh,27.435148,82.908499,PUBLIC_COMMUNITY
PSLI,Parsoli,WCR,Rajasthan,25.113462,74.875358,PUBLIC_COMMUNITY
RAL,Repalle,SCR,Andhra Pradesh,16.019794,80.828736,PUBLIC_COMMUNITY
RJQ,Rajendranagar,WR,Madhya Pradesh,22.670031,75.829546,PUBLIC_COMMUNITY
RHU,Rahon,NR,Punjab,31.059324,76.108924,PUBLIC_COMMUNITY
RAHA,Raha,NFR,Assam,26.225359,92.522244,PUBLIC_COMMUNITY
PRES,Pattabiram East,SR,Tamil Nadu,13.145848,80.068704,PUBLIC_COMMUNITY
RCTC,Raghunathpur,ECoR,Orissa,20.351679,86.149605,PUBLIC_COMMUNITY
PRBZ,Parsa Bazar,ECR,Bihar,25.550023,85.118879,PUBLIC_COMMUNITY
RGV,Rathopur,ECR,Bihar,,,PUBLIC_COMMUNITY
PRNR,Porjanpur,?,Orissa,21.789139,85.521374,PUBLIC_COMMUNITY
PPCK,Pipalwali Chowk,NCR,Madhya Pradesh,26.266253,77.470826,PUBLIC_COMMUNITY
RNIR,Rajnarainpur,NER,Uttar Pradesh,28.313863,80.418359,PUBLIC_COMMUNITY
PPN,Punpun,ECR,Bihar,25.48823,85.098768,PUBLIC_COMMUNITY
RBN,Raghubans Nagar,ECR,Bihar,25.756709,87.060056,PUBLIC_COMMUNITY
RMO,Ramakona,SECR,Madhya Pradesh,21.684349,78.826509,PUBLIC_COMMUNITY
RAH,Ramgarh,NCR,Rajasthan,27.576612,76.811256,PUBLIC_COMMUNITY
TNRI,Teneri Halt,?,,25.314606,85.025518,PUBLIC_COMMUNITY
PTRJ,PATTI RAJPURA HALT,NR,Himachal Pradesh,32.068766,76.53987,PUBLIC_COMMUNITY
PTWA,PATWARA,WCR,Madhya Pradesh,23.914307,80.413705,PUBLIC_COMMUNITY
PUY,Phulaguri,NFR,Assam,26.270537,92.592784,PUBLIC_COMMUNITY
RENH,RENHAT,WCR,Madhya Pradesh,25.979938,77.833685,PUBLIC_COMMUNITY
RE,REWARI,NWR,Haryana,28.202779,76.609414,PUBLIC_COMMUNITY
RHG,RAJGARH,NWR,Rajasthan,27.240827,76.607541,PUBLIC_COMMUNITY
RMH,RANGMAHAL,NWR,Rajasthan,29.405816,73.974734,PUBLIC_COMMUNITY
RA,RAMPARDA,WR,Gujarat,22.634966,71.352035,PUBLIC_COMMUNITY
RGLI,RANGAULI,NCR,Uttar Pradesh,25.150233,79.887282,PUBLIC_COMMUNITY
RMR,RAMNAGAR,NER,Uttarakhand,29.390223,79.122239,PUBLIC_COMMUNITY
RKI,RAMKANALI JN,SER,West Bengal,23.579891,86.762336,PUBLIC_COMMUNITY
QLM,KULEM,SWR,Goa,15.334036,74.24423,PUBLIC_COMMUNITY
RRE,Rahul Road,ECR,Bihar,25.274193,85.530934,PUBLIC_COMMUNITY
RMSR,RAMSINGHPUR,NWR,Rajasthan,29.185337,73.398866,PUBLIC_COMMUNITY
PYOL,PAYYOLI,SR,Kerala,11.516716,75.617595,PUBLIC_COMMUNITY
RPB,Rupasibari,NFR,Assam,24.855344,92.529502,PUBLIC_COMMUNITY
PUM,PALLIPPURAM,SR,Kerala,10.841374,76.11236,PUBLIC_COMMUNITY
RGD,Rajgir,ECR,Bihar,25.033069,85.414697,PUBLIC_COMMUNITY
RGS,Ringas Junction,NWR,Rajasthan,27.373379,75.563604,PUBLIC_COMMUNITY
RTBR,Ratabari,NFR,Assam,24.572086,92.416927,PUBLIC_COMMUNITY
RGJI,RANGJULI,NFR,Assam,25.988405,90.955958,PUBLIC_COMMUNITY
RPLY,Rupauli,ECR,Bihar,25.879328,87.057937,PUBLIC_COMMUNITY
PW,Pirwa,NWR,Rajasthan,27.235415,74.467274,PUBLIC_COMMUNITY
RDG,Rayadurg,SWR,Andhra Pradesh,14.705815,76.856828,PUBLIC_COMMUNITY
RPP,Ranu Pipri,WR,Gujarat,,,PUBLIC_COMMUNITY
RSMN,Ramgovindsingh Mahuli Halt,?,,25.531874,85.113231,PUBLIC_COMMUNITY
RJR,Rajaldesar,NWR,Rajasthan,28.033672,74.477712,PUBLIC_COMMUNITY
RPV,Rajapatti,NER,Bihar,26.180815,84.808383,PUBLIC_COMMUNITY
PUQ,Puranigudam,NFR,Assam,26.36319,92.786769,PUBLIC_COMMUNITY
PTRE,Patara,NCR,Uttar Pradesh,26.232168,80.203446,PUBLIC_COMMUNITY
RGJ,RaiGanj,NFR,West Bengal,25.619125,88.127696,PUBLIC_COMMUNITY
TUD,Talodhi Road,SECR,Maharashtra,20.454247,79.736073,PUBLIC_COMMUNITY
RM,Rajmane,CR,Maharashtra,20.643085,74.941672,PUBLIC_COMMUNITY
RMN,Raman,NWR,Punjab,29.959834,74.962088,PUBLIC_COMMUNITY
RPHR,Raipur Hariyana Junction,NR,Haryana,29.158401,75.772834,PUBLIC_COMMUNITY
QTP,Quatabpur,NR,Haryana,29.763968,76.349742,PUBLIC_COMMUNITY
RBJ,Raibojha,NER,Uttar Pradesh,27.971209,81.471651,PUBLIC_COMMUNITY
RWH,Rowriah Sdg,NFR,Assam,26.721887,94.172441,PUBLIC_COMMUNITY
RWL,RAIWALA,NR,Uttarakhand,30.032143,78.209877,PUBLIC_COMMUNITY
RPI,RUPAHELI,NWR,Rajasthan,25.771723,74.635807,PUBLIC_COMMUNITY
RNA,ROHANA KALAN,NR,Uttar Pradesh,29.575725,77.685758,PUBLIC_COMMUNITY
RKD,RUKADI,CR,Maharashtra,16.724872,74.356715,PUBLIC_COMMUNITY
RNE,RANJANI,SCR,Maharashtra,19.646129,76.107028,PUBLIC_COMMUNITY
RXRX,RANGAPAHAR CRS,NFR,Nagaland,25.868228,93.715179,PUBLIC_COMMUNITY
SAG,SANGRUR,NR,Punjab,30.243791,75.830517,PUBLIC_COMMUNITY
SAH,SAPHALE,WR,Maharashtra,19.576592,72.821826,PUBLIC_COMMUNITY
RUJ,RANUJ,WR,Gujarat,23.75937,72.21524,PUBLIC_COMMUNITY
RNR,RANIBENNUR,SWR,Karnataka,14.625461,75.635054,PUBLIC_COMMUNITY
RRB,BIRUR JN,SWR,Karnataka,13.591101,75.974749,PUBLIC_COMMUNITY
RIGA,RIGA,ECR,Bihar,26.644544,85.425711,PUBLIC_COMMUNITY
VMP,VALLAMPADUGAI,SR,Tamil Nadu,11.350091,79.708219,PUBLIC_COMMUNITY
RMM,RAMESWARAM,SR,Tamil Nadu,9.280973,79.306787,PUBLIC_COMMUNITY
SAZ,Samni,WR,Gujarat,21.852581,72.92457,PUBLIC_COMMUNITY
RPMN,RAMPURMANI HARA,NR,Uttar Pradesh,29.805598,77.459871,PUBLIC_COMMUNITY
SASN,SAS NAGAR MOHALI,NR,Punjab,30.666125,76.739952,PUBLIC_COMMUNITY
RNBD,RANA BORDI,WR,Gujarat,21.714732,69.791914,PUBLIC_COMMUNITY
RKX,RUKHI,NR,Haryana,29.090127,76.679535,PUBLIC_COMMUNITY
RXW,Ratangarh West,NWR,Rajasthan,28.072785,74.610204,PUBLIC_COMMUNITY
RNQ,RENUKUT,ECR,Uttar Pradesh,24.203558,83.039896,PUBLIC_COMMUNITY
ROHA,ROHA,CR,Maharashtra,18.44649,73.123577,PUBLIC_COMMUNITY
ROK,ROHTAK JN,NR,Haryana,28.890904,76.57955,PUBLIC_COMMUNITY
RLS,ROMANA ALBEL SINGH,NR,Punjab,30.510636,74.850048,PUBLIC_COMMUNITY
RRS,Raghuraj Singh,NR,Uttar Pradesh,26.255836,80.879669,PUBLIC_COMMUNITY
RUR,RANPUR,WR,Gujarat,22.359871,71.717303,PUBLIC_COMMUNITY
RVT,Revelganj Ghat,NER,Bihar,,,PUBLIC_COMMUNITY
RW,Rankua,WR,Gujarat,,,PUBLIC_COMMUNITY
SAHA,Sarahula,ECR,Uttar Pradesh,,,PUBLIC_COMMUNITY
SAD,Sonada,NFR,West Bengal,26.960337,88.273323,PUBLIC_COMMUNITY
RJ,Rawat Ganj,NER,Uttar Pradesh,26.957831,83.285875,PUBLIC_COMMUNITY
RGX,Raghunathbari,SER,West Bengal,22.353228,87.797247,PUBLIC_COMMUNITY
RNJ,Runija,WR,Madhya Pradesh,23.06077,75.376833,PUBLIC_COMMUNITY
SAKA,Simariya Kajanwada,SECR,Madhya Pradesh,22.439466,80.325116,PUBLIC_COMMUNITY
SBGR,Subhas Gram,ER,West Bengal,22.413546,88.433753,PUBLIC_COMMUNITY
RNV,Raniwara,NWR,Rajasthan,24.750455,72.204293,PUBLIC_COMMUNITY
RRW,Roranwala,NR,Punjab,30.444112,74.256203,PUBLIC_COMMUNITY
RXN,Ramsan,NWR,Gujarat,24.405871,72.035777,PUBLIC_COMMUNITY
SCA,SALCHAPRA,NFR,Assam,24.827278,92.671939,PUBLIC_COMMUNITY
RSJ,RAYSER,WCR,Madhya Pradesh,24.915226,77.549884,PUBLIC_COMMUNITY
SDPR,SARDAR PATEL ROAD,NR,Delhi NCT,28.595813,77.167107,PUBLIC_COMMUNITY
SBD,SLEEMANABAD RD,WCR,Madhya Pradesh,23.614369,80.285208,PUBLIC_COMMUNITY
SBM,SONBARSA KACHERI,ECR,Bihar,25.793808,86.595659,PUBLIC_COMMUNITY
RY,RAYAKA,WR,Gujarat,22.413053,72.023569,PUBLIC_COMMUNITY
SCN,SONDHA ROAD,NCR,Madhya Pradesh,26.498827,78.484558,PUBLIC_COMMUNITY
BMPL,BRAHMANPALLI,SCR,Andhra Pradesh,17.832928,78.450179,PUBLIC_COMMUNITY
RUPC,RUDRAPUR CITY,NER,Uttarakhand,28.969281,79.379212,PUBLIC_COMMUNITY
SALE,SALAR,ER,West Bengal,23.774579,88.111097,PUBLIC_COMMUNITY
SELU,SELU,SCR,Maharashtra,19.44806,76.433264,PUBLIC_COMMUNITY
SDGM,SARDARGRAM,WR,Gujarat,23.070758,72.641987,PUBLIC_COMMUNITY
SHBA,SAHEBTALA,ER,West Bengal,23.591585,88.200996,PUBLIC_COMMUNITY
SHRD,SAIJ SERTHA RD,WR,Gujarat,23.2126,72.520002,PUBLIC_COMMUNITY
SINR,Sinor,WR,Gujarat,21.911344,73.336129,PUBLIC_COMMUNITY
SAHR,SAHERI,NER,Uttar Pradesh,25.559103,83.449115,PUBLIC_COMMUNITY
SIU,Singur,ER,West Bengal,22.814558,88.228712,PUBLIC_COMMUNITY
RSYI,RASAYANI,CR,Maharashtra,18.894002,73.151919,PUBLIC_COMMUNITY
SED,SHEDBAL,SWR,Karnataka,16.720293,74.752769,PUBLIC_COMMUNITY
SDRN,Shendurni,CR,Maharashtra,,,PUBLIC_COMMUNITY
RSG,RAMSAGAR,SER,West Bengal,23.106248,87.277063,PUBLIC_COMMUNITY
RZJ,RAZAGANJ,NER,Uttar Pradesh,27.994397,80.632889,PUBLIC_COMMUNITY
SGBA,Sir Gurudas Banerjee Halt,ER,West Bengal,,,PUBLIC_COMMUNITY
AHMP,ADARSH MANPUR,,,25.134476,85.911063,PUBLIC_COMMUNITY
SHKY,Saharsa Kutchery Halt,ECR,Bihar,,,PUBLIC_COMMUNITY
SHRG,Sri Ramgarh Halt,NWR,Rajasthan,,,PUBLIC_COMMUNITY
SDMK,Sidmukh,NWR,Rajasthan,28.89389,75.290472,PUBLIC_COMMUNITY
SALI,SALI,NWR,Rajasthan,26.705767,75.031546,PUBLIC_COMMUNITY
SBNM,Subarnamrigi,ER,West Bengal,24.27321,88.292124,PUBLIC_COMMUNITY
SHZ,Summer Hill,NR,Himachal Pradesh,31.107469,77.138165,PUBLIC_COMMUNITY
RTR,RAMNATHPUR,NER,Uttar Pradesh,25.412362,82.017775,PUBLIC_COMMUNITY
SIPA,Singhookharia,SER,Jharkhand,22.498243,85.795126,PUBLIC_COMMUNITY
RUSD,Runnisaidpur,ECR,Bihar,26.410576,85.519694,PUBLIC_COMMUNITY
SDZ,Sindhar,NR,Punjab,31.110308,75.241169,PUBLIC_COMMUNITY
SDF,Sudsar,NWR,Rajasthan,28.012356,73.785795,PUBLIC_COMMUNITY
SIRD,Sird,?,Rajasthan,27.554421,72.596405,PUBLIC_COMMUNITY
SDLP,Sadulpur Junction,NWR,Rajasthan,28.631138,75.386989,PUBLIC_COMMUNITY
SFNR,Saifinagar Halt,WR,Madhya Pradesh,22.698715,75.853424,PUBLIC_COMMUNITY
SAWN,Sohansra,NWR,Haryana,28.407609,75.860578,PUBLIC_COMMUNITY
SJM,Sajuma,NR,Andhra Pradesh,29.726968,76.296444,PUBLIC_COMMUNITY
SEW,SEHAL,NER,Uttar Pradesh,28.918565,78.822659,PUBLIC_COMMUNITY
SGRE,SULGARE,CR,Maharashtra,16.914611,74.909935,PUBLIC_COMMUNITY
SJS,SHAMLAJI ROAD,NWR,Gujarat,23.621619,73.335655,PUBLIC_COMMUNITY
SGP,SOHAGPUR,WCR,Madhya Pradesh,22.693813,78.194338,PUBLIC_COMMUNITY
SEQ,SEKHA,NR,Punjab,30.380452,75.643764,PUBLIC_COMMUNITY
SMC,Samnapur,SECR,Madhya Pradesh,21.94191,80.156413,PUBLIC_COMMUNITY
MNHL,MAJHAIRAN HIMACHAL,NR,Himachal Pradesh,32.046378,76.602793,PUBLIC_COMMUNITY
SGLM,SENGULAM,SR,Tamil Nadu,8.607001,77.682861,PUBLIC_COMMUNITY
DUB,DABTARA,NR,Uttar Pradesh,28.368424,78.991164,PUBLIC_COMMUNITY
SHBL,SHIBLUN,ER,West Bengal,23.692561,88.082999,PUBLIC_COMMUNITY
SIZ,Shrikhanda,ER,West Bengal,,,PUBLIC_COMMUNITY
SJTR,Sojitra,WR,Gujarat,,,PUBLIC_COMMUNITY
SKHK,Sukhasan Kothi,ECR,Bihar,25.841387,87.152101,PUBLIC_COMMUNITY
SEJ,SARKHEJ,WR,Gujarat,22.981944,72.497486,PUBLIC_COMMUNITY
SHC,SAHARSA JN,ECR,Bihar,25.875208,86.594953,PUBLIC_COMMUNITY
SHTT,Silghat Town,NFR,Assam,26.608902,92.929931,PUBLIC_COMMUNITY
SGUT,SILIGURU TOWN,NFR,West Bengal,26.7073,88.429607,PUBLIC_COMMUNITY
SGUJ,SILIGURI JN,NFR,West Bengal,26.723204,88.413663,PUBLIC_COMMUNITY
SJSM,Salemgarhmasani,NWR,Rajasthan,29.550109,74.462386,PUBLIC_COMMUNITY
SCH,SACHIN,WR,Gujarat,21.077673,72.874083,PUBLIC_COMMUNITY
SCPD,SUCHIPIND,NR,Punjab,31.343172,75.621561,PUBLIC_COMMUNITY
SEV,SITHALAVAI,SR,Tamil Nadu,10.958125,78.273891,PUBLIC_COMMUNITY
SGR,SANGMESHWAR,KR,Maharashtra,17.201999,73.546234,PUBLIC_COMMUNITY
SGD,SONGADH,WR,Gujarat,21.728936,71.886759,PUBLIC_COMMUNITY
SHK,SHEIKPURA,ECR,Bihar,25.132088,85.854024,PUBLIC_COMMUNITY
SMDR,Simodara,WR,Gujarat,,,PUBLIC_COMMUNITY
SMTN,Somthan,CR,Maharashtra,,,PUBLIC_COMMUNITY
SMSR,Samaswara,SECR,Madhya Pradesh,22.048501,79.334804,PUBLIC_COMMUNITY
SIKR,Sikar Junction,NWR,Rajasthan,27.616275,75.153378,PUBLIC_COMMUNITY
SHF,Shirud,CR,Maharashtra,20.735376,74.876271,PUBLIC_COMMUNITY
SGS,Shoghi,NR,Himachal Pradesh,31.038759,77.124237,PUBLIC_COMMUNITY
SHN,Suchan Kotli,NWR,Haryana,29.515833,75.170322,PUBLIC_COMMUNITY
SJPR,Surjyapur,ER,West Bengal,22.293128,88.466557,PUBLIC_COMMUNITY
SMKR,Sham Kauria,NER,Bihar,26.035816,84.833036,PUBLIC_COMMUNITY
SGA,Shergarh,NWR,Punjab,30.080231,74.947251,PUBLIC_COMMUNITY
SLGE,SULERJAVALGE,SWR,Karnataka,17.45892,75.974841,PUBLIC_COMMUNITY
AKVD,AKIVIDU,SCR,Andhra Pradesh,16.582654,81.369055,PUBLIC_COMMUNITY
SQR,SULTANPUR LODI,NR,Punjab,31.211713,75.203016,PUBLIC_COMMUNITY
SIF,SIRLI,SCR,Maharashtra,19.508782,77.212225,PUBLIC_COMMUNITY
SKF,SAKHOTI TANDA,NR,Uttar Pradesh,29.192626,77.718049,PUBLIC_COMMUNITY
SMQL,SHAMLI,NR,Uttar Pradesh,29.444597,77.316231,PUBLIC_COMMUNITY
SMBJ,SHRI MAHABIRJI,WCR,Rajasthan,26.684155,76.967664,PUBLIC_COMMUNITY
SLU,SASALU,SWR,Karnataka,14.226683,76.108388,PUBLIC_COMMUNITY
SQK,Shankar,NR,Punjab,28.560828,77.140254,PUBLIC_COMMUNITY
SMM,SALIYAMANGALAM,SR,Tamil Nadu,10.77933,79.275262,PUBLIC_COMMUNITY
SKR,SAKHPUR,WR,Gujarat,21.748997,69.833241,PUBLIC_COMMUNITY
SONW,SONWARSA HALT,?,,25.0436,85.669157,PUBLIC_COMMUNITY
SLR,Salogra,NR,Himachal Pradesh,30.934311,77.130516,PUBLIC_COMMUNITY
SOQ,SOMPUR ROAD,SWR,Karnataka,15.421499,75.87207,PUBLIC_COMMUNITY
SJN,SANJAN,WR,Gujarat,20.19165,72.820594,PUBLIC_COMMUNITY
SKND,Sukinda Road,ECoR,Orissa,20.971268,86.05375,PUBLIC_COMMUNITY
SKVL,SANKVAL,SWR,Goa,15.370791,73.867713,PUBLIC_COMMUNITY
SL,SURATHKAL,KR,Karnataka,12.989191,74.806177,PUBLIC_COMMUNITY
SJDA,SANJUJE DA AREY,SWR,Goa,15.437494,75.596254,PUBLIC_COMMUNITY
SKNR,Shakar Nagar,SCR,Andhra Pradesh,18.659388,77.905991,PUBLIC_COMMUNITY
SOF,Saota,ER,West Bengal,,,PUBLIC_COMMUNITY
SLI,SANGLI,CR,Maharashtra,16.858669,74.588939,PUBLIC_COMMUNITY
SIW,SHIRRAVDE,CR,Maharashtra,17.360683,74.157355,PUBLIC_COMMUNITY
SLP,SALPA,CR,Maharashtra,17.963071,74.171788,PUBLIC_COMMUNITY
SOI,Sonaripur,NER,Uttar Pradesh,28.474641,80.727422,PUBLIC_COMMUNITY
SNBD,Sunderabad,WR,Madhya Pradesh,,,PUBLIC_COMMUNITY
SPS,Shripat Shrikhand,ER,West Bengal,,,PUBLIC_COMMUNITY
SQW,Sidhwalia,NER,Bihar,26.333838,84.666995,PUBLIC_COMMUNITY
SNKX,Sankra,SECR,,20.747436,81.591856,PUBLIC_COMMUNITY
SME,Shimoga,SWR,Karnataka,13.927613,75.592671,PUBLIC_COMMUNITY
SONH,Seonan Halt,?,,25.285709,85.01186,PUBLIC_COMMUNITY
SNU,Sangrampur,ER,West Bengal,22.224929,88.32876,PUBLIC_COMMUNITY
SJJ,Sanjha,ER,Bihar,25.065832,87.000851,PUBLIC_COMMUNITY
SLON,Salona,NFR,Assam,26.503913,92.990043,PUBLIC_COMMUNITY
SJPA,Sujalpur,?,West Bengal,21.763167,87.657497,PUBLIC_COMMUNITY
SILO,Silao,ECR,Bihar,25.078599,85.434638,PUBLIC_COMMUNITY
SOW,Suhsarai,ECR,Bihar,25.273946,85.530032,PUBLIC_COMMUNITY
BLND,Bolinna Doaba,NR,Punjab,31.34286,75.656972,PUBLIC_COMMUNITY
SKTN,Shakti Nagar,ECR,Uttar Pradesh,24.122899,82.704734,PUBLIC_COMMUNITY
SOY,Sukrimangela,SECR,Madhya Pradesh,22.90699,79.834297,PUBLIC_COMMUNITY
SQJ,Saila Khurd,NR,Punjab,31.292874,76.077706,PUBLIC_COMMUNITY
SNB,Satnaur Badesron,NR,Punjab,31.257426,76.110741,PUBLIC_COMMUNITY
SONR,Saoner Junction,SECR,Maharashtra,21.387489,78.925046,PUBLIC_COMMUNITY
SOJ,SAROJINI NAGAR,NR,Delhi NCT,28.58121,77.196287,PUBLIC_COMMUNITY
SPD,SUPEDI,WR,Gujarat,21.758514,70.376396,PUBLIC_COMMUNITY
SNX,SANEH ROAD,NR,Uttar Pradesh,29.689652,78.449403,PUBLIC_COMMUNITY
SRA,SEMRA,ECR,Bihar,26.711947,84.813698,PUBLIC_COMMUNITY
SRSI,Sarsi,ECR,Bihar,25.863316,87.285218,PUBLIC_COMMUNITY
SNPR,SINGARPUR,NCR,Rajasthan,27.116202,77.723707,PUBLIC_COMMUNITY
SNYN,SONIYANA,NWR,Rajasthan,25.123246,74.62566,PUBLIC_COMMUNITY
SRJ,SHANKARGARH,NCR,Madhya Pradesh,25.181301,81.619032,PUBLIC_COMMUNITY
STF,Sikta,ECR,Bihar,27.024365,84.680541,PUBLIC_COMMUNITY
SRGH,Surajgarh,NWR,Rajasthan,28.301684,75.7343,PUBLIC_COMMUNITY
SQE,SAMRLA,SCR,Maharashtra,18.921849,77.793105,PUBLIC_COMMUNITY
SRK,SAMRAU,NWR,Rajasthan,26.8662,72.721146,PUBLIC_COMMUNITY
SOHL,Sohal,NR,Punjab,31.974211,75.348341,PUBLIC_COMMUNITY
SRNK,Soron,NER,Uttar Pradesh,27.883354,78.748458,PUBLIC_COMMUNITY
SNSN,SONASAN,WR,Gujarat,23.491604,72.895784,PUBLIC_COMMUNITY
SRID,SHRIDHAM,WCR,Madhya Pradesh,23.033843,79.484397,PUBLIC_COMMUNITY
SQL,SONTALAI,WCR,Madhya Pradesh,22.613018,77.949775,PUBLIC_COMMUNITY
SPZ,SAMPLA,NR,Haryana,28.781933,76.773299,PUBLIC_COMMUNITY
SNHR,SANKHAI,WR,Gujarat,23.796393,72.177296,PUBLIC_COMMUNITY
SPK,SAPEKHATI,NFR,Assam,27.110416,95.160918,PUBLIC_COMMUNITY
SPRA,Sillipur,NCR,Rajasthan,26.081657,77.031581,PUBLIC_COMMUNITY
STC,SANTA CRUZ,WR,Maharashtra,19.082018,72.841339,PUBLIC_COMMUNITY
SSV,SASVAD ROAD,CR,Maharashtra,18.473202,73.954646,PUBLIC_COMMUNITY
SOU,Supaul,ECR,Bihar,26.117557,86.603023,PUBLIC_COMMUNITY
SOJN,SIHOR GUJARAT,WR,Gujarat,21.724798,71.957197,PUBLIC_COMMUNITY
KRNG,Kargaon Halt,,,20.800933,79.41302,PUBLIC_COMMUNITY
SNDY,SANDAI,NER,Uttar Pradesh,28.572634,79.990982,PUBLIC_COMMUNITY
SNDD,SINDHUDURG,KR,Maharashtra,16.111322,73.67934,PUBLIC_COMMUNITY
SPGL,Sarai Gopal,NR,Uttar Pradesh,25.548656,81.822277,PUBLIC_COMMUNITY
STH,Sethal,NER,Uttar Pradesh,28.543189,79.567366,PUBLIC_COMMUNITY
SRMN,Semraon,ECR,Bihar,25.395161,84.527042,PUBLIC_COMMUNITY
STPM,S NARAYANAPURAM,SCR,Andhra Pradesh,16.525488,80.647908,PUBLIC_COMMUNITY
SSP,Santoshpur,ER,West Bengal,22.524414,88.272502,PUBLIC_COMMUNITY
SNDT,Sindri Town,?,Jharkhand,23.660992,86.479883,PUBLIC_COMMUNITY
SRN,Soron,NER,Uttar Pradesh,27.883694,78.748798,PUBLIC_COMMUNITY
SNA,Sadanapura,WR,Gujarat,22.602488,73.012475,PUBLIC_COMMUNITY
WW,Wanabar,?,,25.006278,84.97751,PUBLIC_COMMUNITY
SSRD,Shasan Road,ER,West Bengal,22.34654,88.434523,PUBLIC_COMMUNITY
SMTG,Saheed Matangini,SER,West Bengal,22.301974,87.908115,PUBLIC_COMMUNITY
SOE,Sheopur Kalan,NCR,Madhya Pradesh,25.675538,76.700386,PUBLIC_COMMUNITY
SMNN,Shri Makri Nath Nagar,NWR,Rajasthan,28.179884,74.824623,PUBLIC_COMMUNITY
AKU,ANGALAKUDURU,SCR,Andhra Pradesh,16.245325,80.609091,PUBLIC_COMMUNITY
GTI,GHUTAI,NCR,Uttar Pradesh,25.28943,79.441322,PUBLIC_COMMUNITY
SWAR,SEWAR,WCR,Rajasthan,27.177901,77.425499,PUBLIC_COMMUNITY
STSN,SHAITAN SINGH NAGAR,NWR,Rajasthan,27.052218,72.468139,PUBLIC_COMMUNITY
MHTR,MALIHATI TALIBPUR ROAD,ER,West Bengal,23.79372,88.126194,PUBLIC_COMMUNITY
SRRG,SURERGOTH,NWR,Rajasthan,27.18282,76.605353,PUBLIC_COMMUNITY
SVKD,SAVAR KUNDLA,WR,Gujarat,21.335082,71.312667,PUBLIC_COMMUNITY
SSKA,SISARKA,NR,Uttar Pradesh,28.431279,78.846279,PUBLIC_COMMUNITY
SSR,SARERI,NWR,Rajasthan,25.697556,74.624105,PUBLIC_COMMUNITY
SRNT,SARNATH,NER,Uttar Pradesh,25.375998,83.032634,PUBLIC_COMMUNITY
SVW,SHIVNI SHIVAPUR,SCR,Maharashtra,20.674328,77.048971,PUBLIC_COMMUNITY
SRVX,SURAVALI,KR,Goa,15.291947,73.939328,PUBLIC_COMMUNITY
SXS,SHOBHASAN,WR,Gujarat,23.542307,72.394212,PUBLIC_COMMUNITY
STBJ,Sitabanji,ECoR,Orissa,21.500203,85.79053,PUBLIC_COMMUNITY
SVM,SANVERDAM CHUCH,SWR,Goa,15.264064,74.10866,PUBLIC_COMMUNITY
SUL,SULADHAL,SWR,Karnataka,16.001728,74.678143,PUBLIC_COMMUNITY
SURR,Surera,NWR,Rajasthan,,,PUBLIC_COMMUNITY
SVQ,SIVOK,NFR,West Bengal,26.880144,88.468742,PUBLIC_COMMUNITY
VMLD,VEMULURIPADU,,,16.309801,80.294121,PUBLIC_COMMUNITY
SWQ,Sangwi,CR,Maharashtra,,,PUBLIC_COMMUNITY
SWG,Sidhwan,NR,Punjab,31.095558,75.54695,PUBLIC_COMMUNITY
SRY,SIRARI,ECR,Bihar,25.132853,85.952587,PUBLIC_COMMUNITY
SWX,Saidanwala,NR,Punjab,30.917223,74.679664,PUBLIC_COMMUNITY
SVGA,Sivaganga,SR,Tamil Nadu,9.85297,78.499069,PUBLIC_COMMUNITY
SSA,Sirsa,NWR,Haryana,29.539153,75.034944,PUBLIC_COMMUNITY
MQA,Matoda,,,24.11526,73.00915,PUBLIC_COMMUNITY
SVB,Savni,WR,Gujarat,20.994517,70.471495,PUBLIC_COMMUNITY
SVC,Siwan Kachari,NER,Bihar,26.226705,84.348717,PUBLIC_COMMUNITY
SVV,Srivaikuntam,SR,Tamil Nadu,8.622476,77.906323,PUBLIC_COMMUNITY
SVDC,Sivadevunichkla,SCR,Andhra Pradesh,16.535629,81.658944,PUBLIC_COMMUNITY
STNL,Satnali,NWR,Haryana,28.382338,75.966232,PUBLIC_COMMUNITY
AEP,Amreli Para,WR,Gujarat,21.607981,71.228168,PUBLIC_COMMUNITY
SSF,Sirsuphal,CR,Maharashtra,18.306268,74.572957,PUBLIC_COMMUNITY
SWD,Sanawad,WR,Madhya Pradesh,22.17581,76.074567,PUBLIC_COMMUNITY
SXE,SILA KHERI HALT,NR,Haryana,29.389883,76.612939,PUBLIC_COMMUNITY
TAM,Tilaivilagam,SR,Tamil Nadu,,,PUBLIC_COMMUNITY
TKF,Taki Road,ER,West Bengal,22.587179,88.915553,PUBLIC_COMMUNITY
TNLR,Thondaimanallur,SR,Tamil Nadu,10.623543,78.746072,PUBLIC_COMMUNITY
TER,THAIR,CR,Maharashtra,18.352916,76.150037,PUBLIC_COMMUNITY
TCT,Tiruchitrambalam,SR,Tamil Nadu,,,PUBLIC_COMMUNITY
SY,SIRKAZHI,SR,Tamil Nadu,11.240305,79.726353,PUBLIC_COMMUNITY
TNX,Tarak Nagar,ER,West Bengal,23.38018,88.680184,PUBLIC_COMMUNITY
TAPA,TAPA,NR,Punjab,30.302839,75.366053,PUBLIC_COMMUNITY
SYC,SARAI CHANDI,NR,Uttar Pradesh,25.539421,81.979585,PUBLIC_COMMUNITY
THZI,Takazhi,SR,Kerala,,,PUBLIC_COMMUNITY
TJNR,Taj Nagar,NR,Haryana,,,PUBLIC_COMMUNITY
SXP,SANKOPARA,ER,West Bengal,24.717685,87.934452,PUBLIC_COMMUNITY
TBN,TIMARNI,WCR,Madhya Pradesh,22.37586,77.2294,PUBLIC_COMMUNITY
SYQ,SINHAN,WR,Gujarat,22.234625,69.729735,PUBLIC_COMMUNITY
TIBI,Tibi,NWR,Rajasthan,29.542866,74.501606,PUBLIC_COMMUNITY
TAY,TALAIYUTHU,SR,Tamil Nadu,8.784194,77.729442,PUBLIC_COMMUNITY
TEN,TIRUNELVELI,SR,Tamil Nadu,8.73636,77.707979,PUBLIC_COMMUNITY
SYH,SAIYEDPUR BHTRI,NER,Uttar Pradesh,25.539724,83.232974,PUBLIC_COMMUNITY
THN,TOLAHUNSE,SWR,Karnataka,14.399208,75.964562,PUBLIC_COMMUNITY
SZR,SARUPATHAR,NFR,Assam,26.195595,93.862021,PUBLIC_COMMUNITY
SYL,SALPURA,WCR,Rajasthan,24.773701,76.733005,PUBLIC_COMMUNITY
TIW,TIVARI,NWR,Rajasthan,26.55473,72.889577,PUBLIC_COMMUNITY
TA,TANUR,SR,Kerala,10.97954,75.880597,PUBLIC_COMMUNITY
TLI,Tulwara Jhil,NWR,Rajasthan,,,PUBLIC_COMMUNITY
TABU,Talaburu,SER,Jharkhand,22.358169,85.755942,PUBLIC_COMMUNITY
TNK,Tirunellikaval,SR,Tamil Nadu,,,PUBLIC_COMMUNITY
KGBS,Kishangarh Balawas,NWR,Haryana,28.262787,76.571554,PUBLIC_COMMUNITY
TBX,Tilbhum,NFR,Tripura,24.465833,92.245466,PUBLIC_COMMUNITY
AL,ATTILI,SCR,Andhra Pradesh,16.68015,81.61636,PUBLIC_COMMUNITY
TLX,Taldi,ER,West Bengal,22.343647,88.608759,PUBLIC_COMMUNITY
TKO,TAKKOLAM,SR,Tamil Nadu,13.023783,79.677055,PUBLIC_COMMUNITY
TEA,Taregna,ECR,Bihar,25.35523,85.038113,PUBLIC_COMMUNITY
TLMR,Teliamura,NFR,Tripura,23.861247,91.617734,PUBLIC_COMMUNITY
TELY,Telia,?,Bihar,24.805888,87.026246,PUBLIC_COMMUNITY
SZ,SALAWAS,NWR,Rajasthan,26.139957,73.014524,PUBLIC_COMMUNITY
TB,Tharbitia,ECR,Bihar,26.218533,86.657383,PUBLIC_COMMUNITY
TNGI,Tungi Halt,?,Bihar,25.171993,85.527205,PUBLIC_COMMUNITY
TCN,Tiruchendur,SR,Tamil Nadu,8.501774,78.117118,PUBLIC_COMMUNITY
TRG,Tarighat,ECR,Uttar Pradesh,25.571721,83.602105,PUBLIC_COMMUNITY
TKYR,TIKARIA,WCR,Madhya Pradesh,24.99538,80.86436,PUBLIC_COMMUNITY
TLV,TALVADYA,WCR,Madhya Pradesh,21.927299,76.443784,PUBLIC_COMMUNITY
TSD,Tahsil Bhadra,NWR,Rajasthan,29.101436,75.161454,PUBLIC_COMMUNITY
BLNK,BELANKI,CR,Maharashtra,16.848908,74.869336,PUBLIC_COMMUNITY
TR,TARU,SCR,Maharashtra,20.06888,74.590775,PUBLIC_COMMUNITY
THJ,TALHERI BUZURG,NR,Uttar Pradesh,29.766916,77.644309,PUBLIC_COMMUNITY
TIA,TILAYA,ECR,Bihar,24.821998,85.401101,PUBLIC_COMMUNITY
TTR,TIPTUR,SWR,Karnataka,13.256152,76.475987,PUBLIC_COMMUNITY
TK,TUMKUR,SWR,Karnataka,13.333033,77.102439,PUBLIC_COMMUNITY
TUN,TOHANA,NR,Haryana,29.7266,75.904581,PUBLIC_COMMUNITY
TKC,THAKURKUCHI,NFR,Assam,26.234006,91.922284,PUBLIC_COMMUNITY
TME,TUTI MELUR,SR,Tamil Nadu,8.808374,78.145808,PUBLIC_COMMUNITY
TTB,TITABAR,NFR,Assam,26.602048,94.199758,PUBLIC_COMMUNITY
TKR,TAKARI,CR,Maharashtra,17.129756,74.363376,PUBLIC_COMMUNITY
TPE,TIRUCHIRAPPALLI PALAKKARAI,SR,Tamil Nadu,10.80726,78.693664,PUBLIC_COMMUNITY
TPN,Tapona,CR,Maharashtra,,,PUBLIC_COMMUNITY
TKLE,Tikani,ER,Bihar,25.108394,86.993246,PUBLIC_COMMUNITY
TTP,Tiruturaipudi Junction,SR,Tamil Nadu,,,PUBLIC_COMMUNITY
SRPR,SARUPSAR JN,NWR,Rajasthan,29.353194,73.694891,PUBLIC_COMMUNITY
AYRN,AKSHAYWAT RAI NAGAR,ECR,Bihar,25.688768,85.315411,PUBLIC_COMMUNITY
TLGP,Talguppa,SWR,Karnataka,14.214011,74.914093,PUBLIC_COMMUNITY
TWB,Talwandi,NR,Punjab,30.861364,74.923634,PUBLIC_COMMUNITY
TQL,Theh Qalandar,NR,Punjab,30.463401,74.086947,PUBLIC_COMMUNITY
TGU,TARIGOPPULA,SCR,Andhra Pradesh,16.485676,80.836307,PUBLIC_COMMUNITY
THVM,THIVIM,KR,Goa,15.62955,73.876104,PUBLIC_COMMUNITY
TKE,Tarikere Junction,SWR,Karnataka,13.710886,75.812209,PUBLIC_COMMUNITY
TOK,THOKUR,KR,Karnataka,12.963579,74.829167,PUBLIC_COMMUNITY
TKOT,TOKKOTTU,SR,Karnataka,12.818211,74.858222,PUBLIC_COMMUNITY
TLY,THALASSERY,SR,Kerala,11.75314,75.492987,PUBLIC_COMMUNITY
TIR,TIRUR,SR,Kerala,10.917757,75.921865,PUBLIC_COMMUNITY
TRMN,Taramani,SR,Tamil Nadu,12.978438,80.240082,PUBLIC_COMMUNITY
TGRL,Tangiriapal,ECoR,Orissa,21.164083,85.925812,PUBLIC_COMMUNITY
THE,Thawe Junction,NER,Bihar,26.438991,84.394398,PUBLIC_COMMUNITY
TNDE,Thanesar City,NR,Haryana,29.966374,76.824336,PUBLIC_COMMUNITY
TTW,Titwa,SECR,Madhya Pradesh,21.995906,80.138442,PUBLIC_COMMUNITY
TMZ,Tamluk,SER,West Bengal,22.275813,87.919144,PUBLIC_COMMUNITY
TLC,Talchhapar,NWR,Rajasthan,27.824805,74.487037,PUBLIC_COMMUNITY
THR,Thara,NCR,Madhya Pradesh,26.356888,77.85074,PUBLIC_COMMUNITY
THEA,Thalera,WCR,Rajasthan,25.315277,75.737744,PUBLIC_COMMUNITY
ALJ,ALAI,NER,Uttarakhand,29.143806,78.932709,PUBLIC_COMMUNITY
UDM,UNDASA MADHAWPU,WR,Madhya Pradesh,23.087044,75.979275,PUBLIC_COMMUNITY
TZR,TURKI ROAD,WCR,Madhya Pradesh,24.548879,81.117573,PUBLIC_COMMUNITY
UPI,UPLAI,CR,Maharashtra,18.184369,75.642724,PUBLIC_COMMUNITY
TOD,TALOD,WR,Gujarat,23.351348,72.947961,PUBLIC_COMMUNITY
BNWC,Bhiwani City,NWR,Haryana,28.825698,76.144299,PUBLIC_COMMUNITY
TVR,THIRUVARUR JN,SR,Tamil Nadu,10.764347,79.633898,PUBLIC_COMMUNITY
TPZ,TAPRI JN,NR,Uttar Pradesh,29.915728,77.583272,PUBLIC_COMMUNITY
UBR,UMBARGAM ROAD,WR,Gujarat,20.153499,72.790821,PUBLIC_COMMUNITY
TZTB,Tezpore,NFR,Assam,26.617781,92.787747,PUBLIC_COMMUNITY
UTL,UTARLAI,NWR,Rajasthan,25.788344,71.443638,PUBLIC_COMMUNITY
TYMR,Tiruvanmiyur,SR,Tamil Nadu,12.989302,80.25119,PUBLIC_COMMUNITY
TPK,TIPKAI,NFR,Assam,26.295354,90.047264,PUBLIC_COMMUNITY
TNM,TIRUVANNAMALAI,SR,Tamil Nadu,12.238103,79.077782,PUBLIC_COMMUNITY
TVN,TIRUPPUVANAM,SR,Tamil Nadu,9.821457,78.258693,PUBLIC_COMMUNITY
TVI,Taradevi,NR,Himachal Pradesh,31.0758,77.139253,PUBLIC_COMMUNITY
TQN,TIKUNIA,NER,Uttar Pradesh,28.378823,80.981217,PUBLIC_COMMUNITY
TYAE,TENYA,ER,West Bengal,23.822157,88.148864,PUBLIC_COMMUNITY
UMPD,Umarpada,WR,Gujarat,,,PUBLIC_COMMUNITY
UNI,Unai Vansada Road,WR,Gujarat,,,PUBLIC_COMMUNITY
AJU,Arjuni,SECR,Maharashtra,20.816588,80.022582,PUBLIC_COMMUNITY
TPC,TIRUPPACHETTI,SR,Tamil Nadu,9.773154,78.344217,PUBLIC_COMMUNITY
TRN,TARAON,NER,Uttar Pradesh,25.526193,83.311179,PUBLIC_COMMUNITY
TTZ,Tukaithad,SCR,Maharashtra,21.427444,76.670581,PUBLIC_COMMUNITY
VB,VILLIYAMBAKKAM,SR,Tamil Nadu,12.754406,79.929175,PUBLIC_COMMUNITY
UCB,UNCHI BASSI,NR,Punjab,31.860857,75.643654,PUBLIC_COMMUNITY
UJ,UJALVAV,WR,Gujarat,21.905096,71.705115,PUBLIC_COMMUNITY
TNKU,TANUKU,SCR,Andhra Pradesh,16.752035,81.674075,PUBLIC_COMMUNITY
TNRU,TENNERU,SCR,Andhra Pradesh,16.488886,80.813991,PUBLIC_COMMUNITY
TRBE,Tarabari,NFR,Assam,26.436293,92.683367,PUBLIC_COMMUNITY
TTLA,TETELIA,NFR,Assam,26.135912,92.00541,PUBLIC_COMMUNITY
UIH,Umaria Ispa Halt,SECR,Madhya Pradesh,22.055305,79.084961,PUBLIC_COMMUNITY
ULA,Umra Nala,SECR,Madhya Pradesh,21.874783,78.879298,PUBLIC_COMMUNITY
TXM,TANDAVAPURA,SWR,Karnataka,12.168831,76.678489,PUBLIC_COMMUNITY
TSL,Taksal,NR,Himachal Pradesh,30.845271,76.954267,PUBLIC_COMMUNITY
TWV,Thuwavi,WR,Gujarat,22.153761,73.381517,PUBLIC_COMMUNITY
TSK,Tinsukia Junction,NFR,Assam,27.4864,95.356367,PUBLIC_COMMUNITY
KDRP,Kandarpur,ECoR,Orissa,20.396528,86.017399,PUBLIC_COMMUNITY
UB,Uska Bazar,NER,Uttar Pradesh,27.189993,83.12595,PUBLIC_COMMUNITY
UAM,Udagamandalam,SR,Tamil Nadu,11.404585,76.694727,PUBLIC_COMMUNITY
TPP,Toppur,SWR,Tamil Nadu,11.931538,78.070201,PUBLIC_COMMUNITY
VDV,Vadiya Devli,WR,Gujarat,21.689791,70.853196,PUBLIC_COMMUNITY
UKA,UKHRA,ER,West Bengal,23.653692,87.232537,PUBLIC_COMMUNITY
UPR,USMANPUR,SCR,Maharashtra,19.532217,76.27447,PUBLIC_COMMUNITY
UCP,UCHIPPULI,SR,Tamil Nadu,9.30813,79.015093,PUBLIC_COMMUNITY
UHR,UNCHHERA,WCR,Madhya Pradesh,24.38137,80.79457,PUBLIC_COMMUNITY
UMD,USMANABAD,CR,Maharashtra,18.248154,76.022663,PUBLIC_COMMUNITY
WGA,WAGHODA,CR,Madhya Pradesh,21.255952,76.088755,PUBLIC_COMMUNITY
UGR,UGAR KHURD,SWR,Karnataka,16.669705,74.822126,PUBLIC_COMMUNITY
VAE,Vadali,WR,Gujarat,23.948406,73.043604,PUBLIC_COMMUNITY
VASO,Vaso,WR,Gujarat,,,PUBLIC_COMMUNITY
VDGN,VADGAON NILA,SCR,Maharashtra,18.929473,76.641172,PUBLIC_COMMUNITY
VDNP,Baijnath Andoli,ECR,Bihar,,,PUBLIC_COMMUNITY
WHM,WASHIM,SCR,Maharashtra,20.103101,77.147986,PUBLIC_COMMUNITY
VEP,Velpuru Road,SCR,Andhra Pradesh,,,PUBLIC_COMMUNITY
UOI,UMROLI,WR,Maharashtra,19.754447,72.760337,PUBLIC_COMMUNITY
VLP,VILE PARLE,WR,Maharashtra,19.099274,72.84363,PUBLIC_COMMUNITY
VLC,Velachha,WR,Gujarat,,,PUBLIC_COMMUNITY
VLN,Vilegaon,CR,Maharashtra,,,PUBLIC_COMMUNITY
VMM,Valaramanikkam,SR,Tamil Nadu,,,PUBLIC_COMMUNITY
VRX,VARAHI,WR,Gujarat,23.800674,71.431296,PUBLIC_COMMUNITY
VOL,Virol,WR,Gujarat,,,PUBLIC_COMMUNITY
VAPI,VAPI,WR,Gujarat,20.374338,72.909127,PUBLIC_COMMUNITY
KRNH,Karanahalli,SWR,Karnataka,13.667161,75.934385,PUBLIC_COMMUNITY
UVD,UDVADA,WR,Gujarat,20.461236,72.918698,PUBLIC_COMMUNITY
UD,UDUPI,KR,Karnataka,13.336341,74.771733,PUBLIC_COMMUNITY
VLCY,Velachery,SR,Tamil Nadu,12.967092,80.219217,PUBLIC_COMMUNITY
VNN,BHANAUR,NR,Uttar Pradesh,25.57316,82.530022,PUBLIC_COMMUNITY
VDH,VEDCHHA,WR,Gujarat,20.874651,72.936415,PUBLIC_COMMUNITY
VAL,VADAL,WR,Gujarat,21.611243,70.492663,PUBLIC_COMMUNITY
VKA,Verka Junction,NR,Punjab,31.665699,74.931669,PUBLIC_COMMUNITY
UKN,Uklana,NR,Haryana,29.49898,75.883133,PUBLIC_COMMUNITY
VPN,VIDYAPATINAGAR,ECR,Bihar,25.601975,85.802343,PUBLIC_COMMUNITY
UPL,UPPALUR,SCR,Andhra Pradesh,16.492803,80.780125,PUBLIC_COMMUNITY
UNK,UNKAL,SWR,Karnataka,15.377159,75.124255,PUBLIC_COMMUNITY
ULL,ULLAL,SR,Karnataka,12.79132,74.854779,PUBLIC_COMMUNITY
VTJ,VARTEJ,WR,Gujarat,21.746198,72.055199,PUBLIC_COMMUNITY
UTN,Uttar Radhanagar Halt,ER,West Bengal,22.269458,88.383365,PUBLIC_COMMUNITY
VDKS,Vadanam Kurussi Halt,SR,Kerala,10.788139,76.252871,PUBLIC_COMMUNITY
UNA,Una,WR,Gujarat,20.819025,71.036053,PUBLIC_COMMUNITY
UHL,Una Himachal,NR,Himachal Pradesh,31.478782,76.27566,PUBLIC_COMMUNITY
UMH,Umreth,WR,Gujarat,22.693376,73.119782,PUBLIC_COMMUNITY
UGU,Ugu,NR,Uttar Pradesh,26.804338,80.299391,PUBLIC_COMMUNITY
VRH,VIRBHADRA,NR,Uttarakhand,30.074509,78.251864,PUBLIC_COMMUNITY
VSPR,BISHNUPRIYA,ER,West Bengal,23.413186,88.3552,PUBLIC_COMMUNITY
VRJ,Vadaj,WR,Gujarat,,,PUBLIC_COMMUNITY
VRKD,Varkhedi,CR,Maharashtra,,,PUBLIC_COMMUNITY
VSI,Vishvamitri,WR,Gujarat,,,PUBLIC_COMMUNITY
VEL,Vellanur,SR,Tamil Nadu,10.46709,78.796975,PUBLIC_COMMUNITY
YSI,YEDESHI,CR,Maharashtra,18.317378,75.97657,PUBLIC_COMMUNITY
VUL,Virul,CR,Maharashtra,,,PUBLIC_COMMUNITY
VLY,VALLIYUR,SR,Tamil Nadu,8.37616,77.61399,PUBLIC_COMMUNITY
VT,VELLORE TOWN,SR,Tamil Nadu,12.923647,79.125213,PUBLIC_COMMUNITY
VKG,Vavadi Khurd,WR,Gujarat,22.79511,73.502962,PUBLIC_COMMUNITY
WDR,WADIARAM,SCR,Andhra Pradesh,17.972607,78.455417,PUBLIC_COMMUNITY
VKP,VARAKALPATTU,SR,Tamil Nadu,11.765793,79.704026,PUBLIC_COMMUNITY
VTV,VALANTARAVAL,SR,Tamil Nadu,9.337064,78.911814,PUBLIC_COMMUNITY
VQD,VIRAMDAD,WR,Gujarat,22.197917,69.575526,PUBLIC_COMMUNITY
ABLE,AMBALE,CR,Maharashtra,18.398719,74.171511,PUBLIC_COMMUNITY
WRD,Warudkhed,CR,Maharashtra,,,PUBLIC_COMMUNITY
VTN,VAITARNA,WR,Maharashtra,19.517672,72.849578,PUBLIC_COMMUNITY
XBAC,Bachharpur Halt,ECR,Bihar,,,PUBLIC_COMMUNITY
VNR,DEVANUR,SWR,Karnataka,13.439282,76.08846,PUBLIC_COMMUNITY
VKNR,VALMIKINAGAR RD,ECR,Bihar,27.195058,84.034555,PUBLIC_COMMUNITY
WH,WEST HILL,SR,Kerala,11.28603,75.765232,PUBLIC_COMMUNITY
VVV,VAVERA,WR,Gujarat,21.062395,71.441677,PUBLIC_COMMUNITY
VLA,BAVLA,WR,Gujarat,22.833389,72.365123,PUBLIC_COMMUNITY
CAPE,KANYAKUMARI,SR,Tamil Nadu,8.088028,77.542504,PUBLIC_COMMUNITY
XSAD,SADIPUR HALT,?,,24.932654,85.596052,PUBLIC_COMMUNITY
VNB,Vaniyambalam,SR,Kerala,11.188459,76.260513,PUBLIC_COMMUNITY
VSU,BISHNUPUR,SER,West Bengal,23.065499,87.301071,PUBLIC_COMMUNITY
VLL,VELLAYIL,SR,Kerala,11.264509,75.77461,PUBLIC_COMMUNITY
VJK,VEJALKA,WR,Gujarat,22.416769,71.719118,PUBLIC_COMMUNITY
VRQ,VIRARAKKIYAM,SR,Tamil Nadu,10.939107,78.165859,PUBLIC_COMMUNITY
ABR,ABU ROAD,NWR,Rajasthan,24.470775,72.775695,PUBLIC_COMMUNITY
ZKV,Zankhvav,WR,Gujarat,21.451485,73.317839,PUBLIC_COMMUNITY
YTL,Yavatmal,CR,Maharashtra,20.387302,78.119733,PUBLIC_COMMUNITY
VPZ,Vailapuzha,SR,Kerala,10.842076,76.252495,PUBLIC_COMMUNITY
VLDR,Valadar,WR,Gujarat,20.967861,70.724646,PUBLIC_COMMUNITY
BXA,Balod,SECR,Chhattisgarh,20.740984,81.205261,PUBLIC_COMMUNITY
YDK,Yedekumeri,SWR,Karnataka,12.823403,75.622206,PUBLIC_COMMUNITY
VVM,Viravasaram,SCR,Andhra Pradesh,16.542124,81.63254,PUBLIC_COMMUNITY
VVD,Vavdi,WR,Gujarat,21.714204,70.793468,PUBLIC_COMMUNITY
YP,ERRUPALEM,SCR,Andhra Pradesh,16.825374,80.471049,PUBLIC_COMMUNITY
AHD,AHERWADI,SWR,Karnataka,17.504915,75.99559,PUBLIC_COMMUNITY
YGL,YELGUR,SCR,Andhra Pradesh,17.860901,79.747031,PUBLIC_COMMUNITY
ALMR,ALAMPUR,WR,Gujarat,21.944013,71.699156,PUBLIC_COMMUNITY
WNG,WANEGAON,SCR,Maharashtra,19.166808,77.25011,PUBLIC_COMMUNITY
WANI,WANI,CR,Maharashtra,20.06638,78.962635,PUBLIC_COMMUNITY
BDM,BADAMI,SWR,Karnataka,15.958918,75.6767,PUBLIC_COMMUNITY
BGK,BAGALKOT,SWR,Karnataka,16.178793,75.700238,PUBLIC_COMMUNITY
AFR,ASAFPUR,NR,Uttar Pradesh,28.405553,78.905957,PUBLIC_COMMUNITY
WJ,WALAJABAD,SR,Tamil Nadu,12.797321,79.81837,PUBLIC_COMMUNITY
WSA,Wadsa,SECR,Maharashtra,20.624198,79.963513,PUBLIC_COMMUNITY
BHTN,BHITONI,WCR,Madhya Pradesh,23.142728,79.674011,PUBLIC_COMMUNITY
AMA,ATAMANDA,NER,Uttar Pradesh,28.58606,79.468143,PUBLIC_COMMUNITY
ZPI,Zampini,SCR,Andhra Pradesh,16.199033,80.714008,PUBLIC_COMMUNITY
AMVA,AMARAVILA HALT,SR,Kerala,8.397109,77.100362,PUBLIC_COMMUNITY
ACLE,AZIMGANJ CITY,ER,West Bengal,24.237941,88.258871,PUBLIC_COMMUNITY
WSJ,WANSJALIYA,WR,Gujarat,21.799383,69.873569,PUBLIC_COMMUNITY
AHU,Ahirauli,NER,Uttar Pradesh,27.30686,83.034225,PUBLIC_COMMUNITY
BAY,BELLARY JN,SWR,Karnataka,15.145135,76.921995,PUBLIC_COMMUNITY
ALB,ALIA BADA,WR,Gujarat,22.44677,70.210367,PUBLIC_COMMUNITY
ATRU,ATRU,WCR,Rajasthan,24.882135,76.670219,PUBLIC_COMMUNITY
WZJ,WAZERGANJ,ECR,Bihar,24.813122,85.225637,PUBLIC_COMMUNITY
BIX,BHIND,NCR,Madhya Pradesh,26.588905,78.777435,PUBLIC_COMMUNITY
WKRC,WANKANER CITY,WR,Gujarat,22.61181,70.956182,PUBLIC_COMMUNITY
BBMN,BARI BRAHMAN,NR,Jammu and Kashmir,32.63896,74.916171,PUBLIC_COMMUNITY
WENA,Wena,ECR,Bihar,25.326624,85.531956,PUBLIC_COMMUNITY
WAB,BALWA,WR,Gujarat,21.895867,69.961069,PUBLIC_COMMUNITY
BLCA,BLOCK HUT BEAS,,,32.101414,75.614477,PUBLIC_COMMUNITY
ZB,Zahirabad,SCR,Andhra Pradesh,17.674958,77.610213,PUBLIC_COMMUNITY
ZP,Zarpur Pali,NWR,Haryana,28.281073,76.14827,PUBLIC_COMMUNITY
BJN,Bejnal,NWR,Rajasthan,24.983198,73.914959,PUBLIC_COMMUNITY
BGKT,BHAGAT KI KOTHI,NWR,Rajasthan,26.248497,73.013337,PUBLIC_COMMUNITY
KRNN,Karnauti Halt,,,25.396292,85.547049,PUBLIC_COMMUNITY
VXM,Vellipalayam,SR,Tamil Nadu,10.775837,79.843856,PUBLIC_COMMUNITY
AMDI,Amdi Halt,SECR,Maharashtra,21.35241,79.318756,PUBLIC_COMMUNITY
BISH,Bishengarh,NWR,Rajasthan,25.448874,72.575216,PUBLIC_COMMUNITY
YDV,Yadvendranagar,NER,Uttar Pradesh,25.756558,82.75141,PUBLIC_COMMUNITY
YDP,Yedapalli,SCR,Andhra Pradesh,18.678662,77.952866,PUBLIC_COMMUNITY
YEAM,Yogendra Dham Halt,NER,Uttar Pradesh,27.454598,81.728543,PUBLIC_COMMUNITY
AKW,Akora,NCR,Uttar Pradesh,25.613687,80.139995,PUBLIC_COMMUNITY
ALV,Anklav,WR,Gujarat,22.392856,72.999264,PUBLIC_COMMUNITY
BSS,BAHADUR SINGH WALA,NR,Punjab,30.319025,75.858906,PUBLIC_COMMUNITY
AZ,AZIMGANJ JN,ER,West Bengal,24.219053,88.256764,PUBLIC_COMMUNITY
ARAG,ARAG,CR,Maharashtra,16.823628,74.791164,PUBLIC_COMMUNITY
BEU,Bisheshwarganj,NER,Uttar Pradesh,27.341282,81.833817,PUBLIC_COMMUNITY
BSI,BASBARI,NFR,Assam,26.184354,89.900353,PUBLIC_COMMUNITY
BPR,BHOJIPURA JN,NER,Uttar Pradesh,28.493983,79.44724,PUBLIC_COMMUNITY
APD,Alipur Duar,NFR,West Bengal,26.479307,89.520667,PUBLIC_COMMUNITY
BHX,BULLUANA,NR,Punjab,30.217553,74.78304,PUBLIC_COMMUNITY
BIM,BILIMORA JN,WR,Gujarat,20.763319,72.970474,PUBLIC_COMMUNITY
BKC,BHIKAMKOR,NWR,Rajasthan,26.80763,72.787203,PUBLIC_COMMUNITY
BMO,BOLARUM,SCR,Andhra Pradesh,17.533549,78.515417,PUBLIC_COMMUNITY
BLZ,BUDHLADA,NR,Punjab,29.921742,75.549687,PUBLIC_COMMUNITY
BHLK,Bhalki,SCR,Karnataka,18.047011,77.228081,PUBLIC_COMMUNITY
BDU,BADNAPUR,SCR,Maharashtra,19.873979,75.722483,PUBLIC_COMMUNITY
BMQ,BHIMARLAI,NWR,Rajasthan,25.892931,71.881736,PUBLIC_COMMUNITY
BNP,BHANAPUR,SWR,Karnataka,15.386948,76.036416,PUBLIC_COMMUNITY
BLT,BALOTRA JN,NWR,Rajasthan,25.830071,72.248683,PUBLIC_COMMUNITY
BFV,BAHELIA BUZURG,NER,Uttar Pradesh,28.046924,80.512537,PUBLIC_COMMUNITY
BHBR,Bathua Bazar,NER,Uttar Pradesh,26.49683,84.232179,PUBLIC_COMMUNITY
BTKP,BHARAT KUP,NCR,Uttar Pradesh,25.217166,80.767679,PUBLIC_COMMUNITY
BIK,BHIRA KHERI,NER,Uttar Pradesh,28.334799,80.486132,PUBLIC_COMMUNITY
BAOL,BAOLI,NR,Uttar Pradesh,29.140457,77.278015,PUBLIC_COMMUNITY
BTX,BELA TAL,NCR,Uttar Pradesh,25.276786,79.554482,PUBLIC_COMMUNITY
BOM,BOMADRA,NWR,Rajasthan,25.780294,73.439425,PUBLIC_COMMUNITY
BSPX,Banspani,SER,Orissa,22.000243,85.423412,PUBLIC_COMMUNITY
BIB,Birpur,NCR,Rajasthan,26.155568,77.174223,PUBLIC_COMMUNITY
ARU,Arasalu,SWR,Karnataka,13.999309,75.314466,PUBLIC_COMMUNITY
MPC,Muttampatti,SWR,Tamil Nadu,11.984107,78.152895,PUBLIC_COMMUNITY
BAJ,Bhalej,WR,Gujarat,22.63303,73.034499,PUBLIC_COMMUNITY
AWM,Aswapuram,SCR,Andhra Pradesh,17.821267,80.80126,PUBLIC_COMMUNITY
AVP,Abhanpur Junction,SECR,Chhattisgarh,21.052203,81.744899,PUBLIC_COMMUNITY
BDXX,Bade Arapur,ECoR,Chhattisgarh,19.011494,81.837917,PUBLIC_COMMUNITY
BGRD,Beliaghata Road,ER,West Bengal,22.674548,88.607005,PUBLIC_COMMUNITY
ANI,Ajanti,WR,Madhya Pradesh,21.893954,76.285956,PUBLIC_COMMUNITY
BUT,BAYTU,NWR,Rajasthan,25.897538,71.76868,PUBLIC_COMMUNITY
BMGA,BHIMGARA,ER,West Bengal,23.738048,87.284279,PUBLIC_COMMUNITY
BLTR,BELTHARA ROAD,NER,Uttar Pradesh,26.121418,83.841719,PUBLIC_COMMUNITY
BKNG,BHAKTI NAGAR,WR,Gujarat,22.282963,70.792278,PUBLIC_COMMUNITY
DEP,Depalsar,NWR,Rajasthan,28.236857,74.920337,PUBLIC_COMMUNITY
BKD,Bhankoda,WR,Gujarat,23.270811,72.127777,PUBLIC_COMMUNITY
DHJ,DHINOJ,WR,Gujarat,23.671002,72.28188,PUBLIC_COMMUNITY
BCY,VARANASI CITY,NER,Uttar Pradesh,25.334118,83.014114,PUBLIC_COMMUNITY
BNE,BOHANI,WCR,Madhya Pradesh,22.913748,78.915977,PUBLIC_COMMUNITY
DDR,MUMBAI DADAR WEST,WR,Maharashtra,19.019731,72.843465,PUBLIC_COMMUNITY
BNC,BANGALORE CANT,SWR,Karnataka,12.993673,77.599327,PUBLIC_COMMUNITY
BSPH,BISHANPUR HARYANA,NR,Haryana,29.274012,76.323906,PUBLIC_COMMUNITY
BQY,BELERHAT,ER,West Bengal,23.519307,88.282917,PUBLIC_COMMUNITY
DGW,DHIGAWARA,NWR,Rajasthan,27.296265,76.613599,PUBLIC_COMMUNITY
BXJ,BOKAJAN,NFR,Assam,26.018426,93.779466,PUBLIC_COMMUNITY
BOJ,BHOJO,NFR,Assam,27.063598,95.032406,PUBLIC_COMMUNITY
BDTS,MUMBAI BANDRA TERMINUS,WR,Maharashtra,19.061911,72.840535,PUBLIC_COMMUNITY
BLPR,Badulipar,NFR,Assam,26.646825,93.879129,PUBLIC_COMMUNITY
BBC,Bhachhbar,NWR,Rajasthan,25.73181,71.044404,PUBLIC_COMMUNITY
BNKJ,BANKE GANJ,NER,Uttar Pradesh,28.158478,80.416286,PUBLIC_COMMUNITY
DIA,Didwana,NWR,Rajasthan,27.406108,74.557656,PUBLIC_COMMUNITY
BNV,BINNAGURI,NFR,West Bengal,26.747088,89.052391,PUBLIC_COMMUNITY
DLO,DALGAON,NFR,West Bengal,26.715384,89.136244,PUBLIC_COMMUNITY
BOKO,BOKO,NFR,Assam,25.999791,91.219674,PUBLIC_COMMUNITY
DKX,Dudhwakhara,NWR,Rajasthan,28.4587,75.165315,PUBLIC_COMMUNITY
BRW,Bariwala,NR,Punjab,30.53258,74.658953,PUBLIC_COMMUNITY
BRAM,BALARAMAPURAM,SR,Kerala,8.430107,77.051321,PUBLIC_COMMUNITY
CBU,Chinna Babu Samudram,SR,Tamil Nadu,11.919465,79.686417,PUBLIC_COMMUNITY
DKBJ,Dahar Ka Balaji,NWR,Rajasthan,26.944321,75.765669,PUBLIC_COMMUNITY
CAF,Chanda Fort,SECR,Maharashtra,19.940061,79.312258,PUBLIC_COMMUNITY
BRMP,Biramitrapur,SER,Orissa,22.397131,84.736958,PUBLIC_COMMUNITY
BJY,Bangalbaree,NFR,West Bengal,25.626454,88.229425,PUBLIC_COMMUNITY
DMW,Dalmau Junction,NR,Uttar Pradesh,26.07525,81.05365,PUBLIC_COMMUNITY
BRDT,BERIA DAULAT,NER,Uttarakhand,29.13221,79.210042,PUBLIC_COMMUNITY
DUM,DHAURMUI JAGHNA,WCR,Rajasthan,27.292281,77.536538,PUBLIC_COMMUNITY
ALK,ALAKKUDI,SR,Tamil Nadu,10.777663,79.053709,PUBLIC_COMMUNITY
BHNS,Bhansi,ECoR,Chhattisgarh,18.776902,81.265358,PUBLIC_COMMUNITY
DY,DUMARIYA,WCR,Rajasthan,26.864673,77.234121,PUBLIC_COMMUNITY
GLNA,GULANA,NWR,Rajasthan,27.10333,76.564974,PUBLIC_COMMUNITY
BWR,BARWA SAGAR,NCR,Uttar Pradesh,25.351848,78.731628,PUBLIC_COMMUNITY
CDI,CHANDNI,CR,Madhya Pradesh,21.427164,76.350657,PUBLIC_COMMUNITY
BUBT,BURAHA BHARTHA,NCR,Uttar Pradesh,27.108219,78.670329,PUBLIC_COMMUNITY
GHG,GHAGGHAR,NR,Punjab,30.611145,76.848048,PUBLIC_COMMUNITY
GGR,GANGRAR,NWR,Rajasthan,25.061279,74.624757,PUBLIC_COMMUNITY
DJA,DAOTUHAJA,NFR,Assam,25.227501,93.162162,PUBLIC_COMMUNITY
DHP,DICHPALLI,SCR,Andhra Pradesh,18.613288,78.194667,PUBLIC_COMMUNITY
DMA,DAMODAR JUNCTION,SER,West Bengal,23.651021,86.908517,PUBLIC_COMMUNITY
BYD,BYADGI,SWR,Karnataka,14.699723,75.490095,PUBLIC_COMMUNITY
ARCL,ARUNACHAL,NFR,Assam,24.855593,92.742995,PUBLIC_COMMUNITY
BZ,BHARUR,NR,Punjab,30.165007,75.81561,PUBLIC_COMMUNITY
GIN,GINIGERA,SWR,Karnataka,15.348226,76.247613,PUBLIC_COMMUNITY
BVR,BANAVAR,SWR,Karnataka,13.395699,76.140054,PUBLIC_COMMUNITY
DPRA,DHUP DHARA,NFR,Assam,25.979779,91.066009,PUBLIC_COMMUNITY
DWR,DHARWAR,SWR,Karnataka,15.440386,75.004552,PUBLIC_COMMUNITY
DNPR,Dhanpura,WR,Gujarat,23.453415,72.212366,PUBLIC_COMMUNITY
FKG,FURKATING JN,NFR,Assam,26.465652,94.002692,PUBLIC_COMMUNITY
BWB,BAGWALI,NWR,Punjab,30.033152,74.772519,PUBLIC_COMMUNITY
BVP,BHAVANAGAR PARA,WR,Gujarat,21.77089,72.118682,PUBLIC_COMMUNITY
BVC,BHAVNAGAR TERMINUS,WR,Gujarat,21.781668,72.141059,PUBLIC_COMMUNITY
DOY,Dornahalli,SWR,Karnataka,12.433086,76.42625,PUBLIC_COMMUNITY
BXY,Bordhal,CR,Madhya Pradesh,21.997011,78.348164,PUBLIC_COMMUNITY
DGHA,Digha Flag Station,?,West Bengal,21.622377,87.507655,PUBLIC_COMMUNITY
KRNR,Krishnarajanagara,SWR,Karnataka,12.44541,76.388627,PUBLIC_COMMUNITY
GTP,Ghatpuri,NER,Uttar Pradesh,28.125246,79.205936,PUBLIC_COMMUNITY
DLX,Dalimgaon,NFR,West Bengal,25.640548,88.3863,PUBLIC_COMMUNITY
BSLA,Bhasila,ER,West Bengal,22.665494,88.658545,PUBLIC_COMMUNITY
DJKR,Dolaji Ka Khera,NWR,Rajasthan,25.537166,73.882498,PUBLIC_COMMUNITY
GUU,GUNDRATIMADUGU,SCR,Andhra Pradesh,17.532281,80.079953,PUBLIC_COMMUNITY
FSP,FATEH SINGHPURA,WCR,Rajasthan,26.82161,77.146961,PUBLIC_COMMUNITY
DRA,DULARIA,WCR,Madhya Pradesh,22.575661,77.654362,PUBLIC_COMMUNITY
SKDM,SIKRODA MINA,,,26.722854,77.002212,PUBLIC_COMMUNITY
GNR,GADIGANURU,SWR,Karnataka,15.219036,76.599178,PUBLIC_COMMUNITY
DRSN,DHURWASIN,SECR,Madhya Pradesh,23.129052,81.845641,PUBLIC_COMMUNITY
GUP,GAURIPUR,NFR,Assam,26.078321,89.952056,PUBLIC_COMMUNITY
GALE,GANKAR,ER,West Bengal,24.404804,88.072894,PUBLIC_COMMUNITY
HKL,HARKIA KHAL,WR,Rajasthan,24.363234,74.919665,PUBLIC_COMMUNITY
GDPL,GUNDLA POCHAMPALLI,SCR,Andhra Pradesh,17.568097,78.488371,PUBLIC_COMMUNITY
FLM,Falimari,NFR,West Bengal,26.070776,89.586875,PUBLIC_COMMUNITY
J,JALNA,SCR,Maharashtra,19.830781,75.893142,PUBLIC_COMMUNITY
JGD,Jagadishpur,ER,Jharkhand,24.273027,86.525172,PUBLIC_COMMUNITY
GTWD,Ghatwad,WR,Gujarat,20.92654,70.749611,PUBLIC_COMMUNITY
GNB,JNANA BHARTI HALT,SWR,Karnataka,12.935329,77.511242,PUBLIC_COMMUNITY
GHNA,GOHANA,NR,Haryana,29.140297,76.689378,PUBLIC_COMMUNITY
DWI,DINGWAHI,NCR,Uttar Pradesh,25.416805,80.414159,PUBLIC_COMMUNITY
GLBN,GUJRAN BALWA,NR,Uttar Pradesh,29.406801,77.301365,PUBLIC_COMMUNITY
DSR,DHANSIRI,NFR,Nagaland,25.810836,93.613598,PUBLIC_COMMUNITY
GK,GOLA GOKARANATH,NER,Uttar Pradesh,28.084651,80.475468,PUBLIC_COMMUNITY
DZA,DASUYA,NR,Punjab,31.80853,75.657932,PUBLIC_COMMUNITY
SRPJ,SWARUPGANJ,NWR,Rajasthan,24.65817,72.931926,PUBLIC_COMMUNITY
HNS,Hansi,NWR,Haryana,29.088277,75.947241,PUBLIC_COMMUNITY
HYL,Hadyal,NWR,Rajasthan,28.526883,75.265041,PUBLIC_COMMUNITY
GDO,Goverdhan,NCR,Uttar Pradesh,27.520546,77.461643,PUBLIC_COMMUNITY
JBS,Jadoli Ka Bas,NCR,Rajasthan,27.539231,76.880759,PUBLIC_COMMUNITY
FZP,Firozpur City,NR,Punjab,30.962007,74.600792,PUBLIC_COMMUNITY
EKN,Ezhukone,SR,Kerala,8.979143,76.715068,PUBLIC_COMMUNITY
GSR,Garhshankar,NR,Punjab,31.21799,76.142417,PUBLIC_COMMUNITY
GOPA,Ghosipura,NCR,Madhya Pradesh,26.215133,78.150553,PUBLIC_COMMUNITY
URGA,Urga,SECR,Chhattisgarh,22.265792,82.736062,PUBLIC_COMMUNITY
GGV,Ghovarash Ghona,ER,West Bengal,22.651678,88.782892,PUBLIC_COMMUNITY
GRMR,Garhi Manikpur,NR,Uttar Pradesh,25.786329,81.403153,PUBLIC_COMMUNITY
DTQ,Dantarda Kalan,NCR,Madhya Pradesh,25.7633,76.714031,PUBLIC_COMMUNITY
JLQ,JALPUR,?,Uttar Pradesh,29.012364,78.870355,PUBLIC_COMMUNITY
HRV,HARRAD,SECR,Madhya Pradesh,23.161136,81.90404,PUBLIC_COMMUNITY
HRNR,HIRA NAGAR,NR,Jammu and Kashmir,32.487007,75.268733,PUBLIC_COMMUNITY
JKM,JANKAMPET JN,SCR,Andhra Pradesh,18.70264,78.05386,PUBLIC_COMMUNITY
JOC,JOYCHANDI PAHAR,SER,West Bengal,23.516393,86.680339,PUBLIC_COMMUNITY
HIR,HARINAGAR,ECR,Bihar,27.156647,84.324507,PUBLIC_COMMUNITY
JCNR,JUCHANDRA,CR,Maharashtra,19.359862,72.872451,PUBLIC_COMMUNITY
JKNI,Jharkhandi,NER,Uttar Pradesh,27.433051,82.179756,PUBLIC_COMMUNITY
HAD,HARIPPAD,SR,Kerala,9.279602,76.462229,PUBLIC_COMMUNITY
HMPR,HURMUJPUR HALT,CR,Maharashtra,25.721525,83.352275,PUBLIC_COMMUNITY
JIL,JALILA ROAD,WR,Gujarat,22.23946,71.820315,PUBLIC_COMMUNITY
ITE,Intiyathok,NER,Uttar Pradesh,27.275553,82.025442,PUBLIC_COMMUNITY
JALD,JALIYA DEVANI,WR,Gujarat,22.420183,70.399597,PUBLIC_COMMUNITY
KDQ,KADIPUR,NER,Uttar Pradesh,25.44872,83.091303,PUBLIC_COMMUNITY
IDGJ,IRADATGANJ,NCR,Uttar Pradesh,25.317889,81.819281,PUBLIC_COMMUNITY
HM,HADMATIYA JN,WR,Gujarat,22.427905,70.470438,PUBLIC_COMMUNITY
JGE,JAGANNATH TEMPLE GATE,SR,Kerala,11.737975,75.507837,PUBLIC_COMMUNITY
HATI,HATI,WCR,Madhya Pradesh,24.68924,80.843299,PUBLIC_COMMUNITY
HLK,HOLALKERE,SWR,Karnataka,14.038158,76.130054,PUBLIC_COMMUNITY
JSV,JARANDESHWAR,CR,Maharashtra,17.750767,74.07732,PUBLIC_COMMUNITY
KCI,Kallkiri,SCR,Andhra Pradesh,13.643625,78.801131,PUBLIC_COMMUNITY
KRNU,KONANUR,SWR,Karnataka,12.025334,76.809835,PUBLIC_COMMUNITY
KEX,KHEKRA,NR,Uttar Pradesh,28.8715,77.288916,PUBLIC_COMMUNITY
SWNI,Siwani,NWR,Rajasthan,28.914835,75.604067,PUBLIC_COMMUNITY
JRT,JARTI,?,Orissa,18.890456,82.665101,PUBLIC_COMMUNITY
HDK,HANDIA KHAS,NER,Uttar Pradesh,25.357472,82.18941,PUBLIC_COMMUNITY
JJP,Jhanjharpur,?,Bihar,26.228493,86.267833,PUBLIC_COMMUNITY
JRKN,Jorkian,NWR,Rajasthan,29.832524,74.222151,PUBLIC_COMMUNITY
KCV,Krishnachandrapur,SER,Orissa,21.824613,86.82005,PUBLIC_COMMUNITY
JSC,Jalesar City,NCR,Uttar Pradesh,27.459871,78.30634,PUBLIC_COMMUNITY
HRO,Harua Road,ER,West Bengal,22.661628,88.689994,PUBLIC_COMMUNITY
ASTG,Astegaon,,,21.296402,77.927221,PUBLIC_COMMUNITY
IKR,Iklehra,CR,Madhya Pradesh,22.207929,78.711385,PUBLIC_COMMUNITY
JKZ,Jitakheri,?,Haryana,29.011779,75.987371,PUBLIC_COMMUNITY
HHT,Habanghata,SWR,Karnataka,13.226849,76.249522,PUBLIC_COMMUNITY
KLM,KADLIMATTI,SWR,Karnataka,16.236489,75.796092,PUBLIC_COMMUNITY
KDHA,KARCHHA,WR,Madhya Pradesh,23.104819,75.909843,PUBLIC_COMMUNITY
KDF,KHUNDAUR,NR,Uttar Pradesh,26.020077,82.015054,PUBLIC_COMMUNITY
KJU,KUNTIGHAT,ER,West Bengal,23.016799,88.413149,PUBLIC_COMMUNITY
KTPK,KOTHA PAKKI,NR,Rajasthan,30.143767,73.966186,PUBLIC_COMMUNITY
KLWL,KILANWALI PUNJAB,NR,Punjab,30.137221,74.11242,PUBLIC_COMMUNITY
KHRS,KHARESHWAR ROAD,WR,Gujarat,23.062785,71.980472,PUBLIC_COMMUNITY
KCP,Kalgupur,SCR,Karnataka,18.163878,77.19175,PUBLIC_COMMUNITY
KJTW,KAJGAON TERHWAN,NR,Uttar Pradesh,25.685669,82.70545,PUBLIC_COMMUNITY
KIP,KHALILPUR,NR,Haryana,28.274856,76.678362,PUBLIC_COMMUNITY
KHU,KHURHAND,NCR,Uttar Pradesh,25.352584,80.49498,PUBLIC_COMMUNITY
KAW,KHAJRI,WCR,Madhya Pradesh,25.563234,77.617075,PUBLIC_COMMUNITY
KOV,KIRLOSKARVADI,CR,Maharashtra,17.084152,74.416358,PUBLIC_COMMUNITY
KDJR,Kendujhargarh,ECoR,Orissa,21.66029,85.626905,PUBLIC_COMMUNITY
TKRA,Tikra Ph,?,West Bengal,21.66408,87.531081,PUBLIC_COMMUNITY
KHMA,Khatima,NER,Uttarakhand,28.915441,79.969431,PUBLIC_COMMUNITY
KRW,KHARWA,NWR,Rajasthan,26.204384,74.42653,PUBLIC_COMMUNITY
KMDR,KARIMUDDIN PUR,NER,Uttar Pradesh,25.700369,83.860581,PUBLIC_COMMUNITY
KRD,KARAD,CR,Maharashtra,17.310011,74.215686,PUBLIC_COMMUNITY
KMAH,KAMATHE,KR,Maharashtra,17.477292,73.515552,PUBLIC_COMMUNITY
KLDI,KALDHARI,SCR,Andhra Pradesh,16.837853,81.678046,PUBLIC_COMMUNITY
KMP,KAMLAPUR,NER,Uttar Pradesh,27.378437,80.822278,PUBLIC_COMMUNITY
KN,KADALUNDI,SR,Kerala,11.133481,75.828033,PUBLIC_COMMUNITY
KFK,KATKA,NER,Uttar Pradesh,25.250251,82.634249,PUBLIC_COMMUNITY
KKLU,Kaklur,ECoR,Chhattisgarh,18.883305,81.619792,PUBLIC_COMMUNITY
JVL,Jamwala,WR,Gujarat,20.971057,70.772358,PUBLIC_COMMUNITY
KOF,Marwar Kori,NWR,Rajasthan,24.911941,72.27384,PUBLIC_COMMUNITY
JTV,Jetalvad,WR,Gujarat,21.35276,70.824718,PUBLIC_COMMUNITY
KLSX,Kaulseri,NR,Punjab,30.369503,75.941435,PUBLIC_COMMUNITY
KNJ,Krishnanagar City Junction,ER,West Bengal,23.388714,88.493636,PUBLIC_COMMUNITY
KTK,KYATANEAKERI RD,SWR,Karnataka,17.05336,75.821206,PUBLIC_COMMUNITY
LNK,LOHIAN KHAS JN,NR,Punjab,31.165462,75.196445,PUBLIC_COMMUNITY
LSD,LUSADIYA,NWR,Gujarat,23.68541,73.421111,PUBLIC_COMMUNITY
SPPR,SHUDNIPUR,NR,Uttar Pradesh,25.626255,82.640498,PUBLIC_COMMUNITY
LGT,LANGTING,NFR,Assam,25.49759,93.110265,PUBLIC_COMMUNITY
KRR,KARUR,SR,Tamil Nadu,10.965642,78.085087,PUBLIC_COMMUNITY
KWMD,KUMBHAWAS MUNDA,NR,Haryana,28.255391,76.660871,PUBLIC_COMMUNITY
KU,KULIKARAI,SR,Tamil Nadu,10.766395,79.579324,PUBLIC_COMMUNITY
KRTL,Kartauli,NER,Uttar Pradesh,28.311044,79.427618,PUBLIC_COMMUNITY
KUND,Kund,NWR,Haryana,28.145184,76.398481,PUBLIC_COMMUNITY
MCQ,MIRCHADHORI,ECR,Madhya Pradesh,24.291847,82.793413,PUBLIC_COMMUNITY
BDO,Bahalda Road,SER,Orissa,,,PUBLIC_COMMUNITY
KSNR,KHUSHAL NAGAR,NER,Uttar Pradesh,26.987775,83.698393,PUBLIC_COMMUNITY
KYNT,KALYANKOT,NWR,Rajasthan,29.298805,73.637024,PUBLIC_COMMUNITY
LXR,LUNSERIYA,WR,Gujarat,22.585491,71.036258,PUBLIC_COMMUNITY
LP,LALAPET,SR,Tamil Nadu,10.95132,78.339233,PUBLIC_COMMUNITY
KQL,KANDHLA,NR,Uttar Pradesh,29.324701,77.293239,PUBLIC_COMMUNITY
KZI,KHANDRAWALI,NR,Uttar Pradesh,29.382585,77.293885,PUBLIC_COMMUNITY
KXL,KAMARBANDHA ALI,NFR,Assam,26.529561,94.056352,PUBLIC_COMMUNITY
LGH,LALGARH JN,NWR,Rajasthan,28.043638,73.313909,PUBLIC_COMMUNITY
LH,LAHING,NFR,Assam,26.741201,94.437149,PUBLIC_COMMUNITY
KRKD,KARAKKAD,SR,Kerala,10.782804,76.227856,PUBLIC_COMMUNITY
LMP,LAKHIMPUR,NER,Uttar Pradesh,27.947414,80.777625,PUBLIC_COMMUNITY
MBB,Murshidabad,ER,West Bengal,24.176964,88.281598,PUBLIC_COMMUNITY
KUX,Khirsadoh Junction,CR,Madhya Pradesh,22.14045,78.798394,PUBLIC_COMMUNITY
KWGN,Kawargaon,ECoR,Chhattisgarh,18.896086,81.533522,PUBLIC_COMMUNITY
LBW,Laiburwa Halt,NER,Uttar Pradesh,27.526042,82.468345,PUBLIC_COMMUNITY
MLGH,Mandalgarh,WCR,Rajasthan,25.194176,75.08094,PUBLIC_COMMUNITY
LAU,Ladnun,NWR,Rajasthan,27.64255,74.4056,PUBLIC_COMMUNITY
MLKA,Maluka,SER,Jharkhand,22.202912,85.672936,PUBLIC_COMMUNITY
MLZ,MALARNA,WCR,Rajasthan,26.231078,76.534634,PUBLIC_COMMUNITY
MPJ,Madanpur,ER,West Bengal,23.005928,88.489717,PUBLIC_COMMUNITY
MPT,Mangalampeta,SCR,Andhra Pradesh,13.568344,79.074022,PUBLIC_COMMUNITY
MCV,MACHARYA,NR,Uttar Pradesh,28.772575,78.803702,PUBLIC_COMMUNITY
MDSA,Modasa,WR,Gujarat,23.451923,73.304944,PUBLIC_COMMUNITY
MFJ,Muftiganj,NER,Uttar Pradesh,25.700913,82.827774,PUBLIC_COMMUNITY
MOMU,Molakalmuru,SWR,Karnataka,14.709669,76.745727,PUBLIC_COMMUNITY
MOT,MALOUT,NR,Punjab,30.184671,74.495508,PUBLIC_COMMUNITY
MMP,MAMBALAPPATTU JN,SR,Tamil Nadu,11.952233,79.373905,PUBLIC_COMMUNITY
MFX,MADARAHA,NCR,Uttar Pradesh,25.273637,81.764284,PUBLIC_COMMUNITY
MJHR,MAJHIARI,NCR,Uttar Pradesh,25.178984,81.518833,PUBLIC_COMMUNITY
MJG,MAJHAGAWAN,WCR,Madhya Pradesh,24.913389,80.811656,PUBLIC_COMMUNITY
MQZ,MOTA JADRA,WR,Gujarat,21.082538,71.704462,PUBLIC_COMMUNITY
MNKN,MANIKALAN HALT,NR,Uttar Pradesh,25.917549,82.691157,PUBLIC_COMMUNITY
MOG,MOHIUDDINNAGAR,ECR,Bihar,25.606296,85.703323,PUBLIC_COMMUNITY
MGC,MUGAT,SCR,Maharashtra,19.17485,77.427262,PUBLIC_COMMUNITY
MVI,MORBI,WR,Gujarat,22.825342,70.829277,PUBLIC_COMMUNITY
MOB,MANOHARABAD,SCR,Andhra Pradesh,17.75573,78.454396,PUBLIC_COMMUNITY
MLW,Mallanwan,NR,Uttar Pradesh,27.036238,80.158335,PUBLIC_COMMUNITY
MPN,Madhyampur,ER,West Bengal,22.619981,88.896007,PUBLIC_COMMUNITY
MDLL,MUDDALINGAHALLI,SWR,Karnataka,13.239144,77.30474,PUBLIC_COMMUNITY
MAQ,MANGALORE CNTL,SR,Karnataka,12.862325,74.844068,PUBLIC_COMMUNITY
MBP,MOHIBULLAPUR,NER,Uttar Pradesh,26.909235,80.938923,PUBLIC_COMMUNITY
MANW,MANWA,NER,Uttar Pradesh,27.218852,80.849604,PUBLIC_COMMUNITY
MGLP,MANGOLPURI,NR,Delhi NCT,28.683246,77.090574,PUBLIC_COMMUNITY
MLAR,MALANPUR,NCR,Madhya Pradesh,26.413118,78.272811,PUBLIC_COMMUNITY
MHF,Mohari Junction,NCR,Rajasthan,26.700553,77.553785,PUBLIC_COMMUNITY
MEJ,VANCHIMANIYACHI,SR,Tamil Nadu,8.882103,77.890651,PUBLIC_COMMUNITY
MTPR,Raimehatpur,NR,Himachal Pradesh,31.405747,76.324311,PUBLIC_COMMUNITY
MNSR,MANAKSAR,NWR,Rajasthan,29.680074,74.383621,PUBLIC_COMMUNITY
MRZA,MIRZA,NFR,Assam,26.072751,91.517401,PUBLIC_COMMUNITY
MJ,MARWAR JN,NWR,Rajasthan,25.720479,73.609301,PUBLIC_COMMUNITY
MRDD,Mordar,SCR,Madhya Pradesh,21.74264,76.449244,PUBLIC_COMMUNITY
MWK,Mordad Tanda,CR,Maharashtra,20.68819,74.904782,PUBLIC_COMMUNITY
MHRG,Mahendragarh,NWR,Haryana,28.281433,76.14863,PUBLIC_COMMUNITY
MUV,MANDUADIH,NER,Uttar Pradesh,25.300001,82.972079,PUBLIC_COMMUNITY
MKT,Mukhtiar Balwar,WR,Madhya Pradesh,22.398362,75.973751,PUBLIC_COMMUNITY
MEKM,Melakkonnakkulam,SR,Tamil Nadu,9.724593,78.466557,PUBLIC_COMMUNITY
MJZ,Majhola Pakarya,NER,Uttarakhand,28.831681,79.899341,PUBLIC_COMMUNITY
MGWD,Mahngarwal Doaba,NR,Punjab,31.325405,76.088969,PUBLIC_COMMUNITY
MKM,Marikuppam,SWR,Karnataka,12.918968,78.263789,PUBLIC_COMMUNITY
MVW,Mallividu,ECoR,Andhra Pradesh,17.971931,83.172858,PUBLIC_COMMUNITY
MYD,MANDERDISA,NFR,Assam,25.707319,93.123109,PUBLIC_COMMUNITY
NKD,NEKONDA,SCR,Andhra Pradesh,17.794878,79.804593,PUBLIC_COMMUNITY
NRNR,Nurnagar,NR,Uttar Pradesh,28.915414,77.712989,PUBLIC_COMMUNITY
PBW,PANTNAGAR,NER,Uttarakhand,29.017708,79.51778,PUBLIC_COMMUNITY
NDBT,NANDPUR BHATAULI,NR,Himachal Pradesh,32.013177,76.115499,PUBLIC_COMMUNITY
NRVR,NARAINA VIHAR,NR,Delhi NCT,28.637679,77.141597,PUBLIC_COMMUNITY
MXR,MAHUR,NFR,Assam,25.187996,93.126299,PUBLIC_COMMUNITY
MZGI,MANZURGARHI,NCR,Uttar Pradesh,27.96429,78.10663,PUBLIC_COMMUNITY
SURI,SIURI,ER,West Bengal,23.890185,87.5327,PUBLIC_COMMUNITY
MTA,MATHELA,WCR,Madhya Pradesh,21.880256,76.389971,PUBLIC_COMMUNITY
NLI,NAMLI,WR,Madhya Pradesh,23.455521,75.067161,PUBLIC_COMMUNITY
NBH,NIMBAHERA,WR,Rajasthan,24.623252,74.694312,PUBLIC_COMMUNITY
NNE,NONERA,NCR,Madhya Pradesh,26.437569,78.333363,PUBLIC_COMMUNITY
NCJ,NAGERCOIL JN,SR,Tamil Nadu,8.17385,77.44347,PUBLIC_COMMUNITY
NB,NIMBHORA,CR,Maharashtra,21.160781,75.975186,PUBLIC_COMMUNITY
NEW,NIVARI,NCR,Uttar Pradesh,25.328061,78.82007,PUBLIC_COMMUNITY
RSWN,RAMESHWAR NAGAR,,,26.980403,84.520106,PUBLIC_COMMUNITY
NVF,NAGAVANGALA,SWR,Karnataka,13.661093,75.987163,PUBLIC_COMMUNITY
MZA,MEZENGA S,NFR,Assam,26.884475,94.679344,PUBLIC_COMMUNITY
NWH,Nawalgarh,NWR,Rajasthan,27.844017,75.246083,PUBLIC_COMMUNITY
NHK,NAHARKATIYA,NFR,Assam,27.289403,95.329775,PUBLIC_COMMUNITY
NDW,Nadwan,ECR,Bihar,25.396687,85.065674,PUBLIC_COMMUNITY
MUGR,Manuguru,SCR,Andhra Pradesh,17.925272,80.799034,PUBLIC_COMMUNITY
NNNL,NANDANI LAGUNIA,ECR,Bihar,25.625408,85.631375,PUBLIC_COMMUNITY
MTNL,MUTTARASANALLUR,SR,Tamil Nadu,10.86586,78.648401,PUBLIC_COMMUNITY
NRI,NARAINA,NWR,Rajasthan,26.796464,75.193029,PUBLIC_COMMUNITY
NIDI,NIDI,CR,Maharashtra,18.472247,73.106567,PUBLIC_COMMUNITY
NTU,NIGATPUR,NER,Uttar Pradesh,25.251216,82.758511,PUBLIC_COMMUNITY
NIV,NIVASAR,KR,Maharashtra,16.946588,73.454552,PUBLIC_COMMUNITY
PDD,PADUBIDRI,KR,Karnataka,13.197027,74.768165,PUBLIC_COMMUNITY
NBU,NARASAMBUDHI,SWR,Karnataka,12.104692,76.701805,PUBLIC_COMMUNITY
NAG,NAGARGALI,SWR,Karnataka,15.424554,74.621353,PUBLIC_COMMUNITY
NGW,Nauganwan,WR,Madhya Pradesh,23.414388,75.189265,PUBLIC_COMMUNITY
NUH,Naugarh,NER,Uttar Pradesh,27.27503,83.088299,PUBLIC_COMMUNITY
PDPH,Padapahar Junction,SER,Jharkhand,22.156555,85.545961,PUBLIC_COMMUNITY
NIP,Nizampur,NWR,Rajasthan,27.966768,76.010787,PUBLIC_COMMUNITY
PPY,PAPATAPALLI,SCR,Andhra Pradesh,17.373688,80.175744,PUBLIC_COMMUNITY
PHRH,PANCH RUKHI,NR,Himachal Pradesh,32.056252,76.564492,PUBLIC_COMMUNITY
PUL,RAMPURA PHUL,NR,Punjab,30.269357,75.23738,PUBLIC_COMMUNITY
RBGJ,ROBERTS GANJ,NCR,Uttar Pradesh,24.683136,83.077822,PUBLIC_COMMUNITY
POKL,PEOKOL,NER,Uttar Pradesh,26.340803,83.930204,PUBLIC_COMMUNITY
RDD,RIKHABDEV ROAD,NWR,Rajasthan,23.997173,73.748055,PUBLIC_COMMUNITY
PPC,PIPRAICH,NER,Uttar Pradesh,26.828307,83.535848,PUBLIC_COMMUNITY
RGO,ROTEGAON,SCR,Maharashtra,19.956132,74.75787,PUBLIC_COMMUNITY
RMJK,RAM NAGAR J K,NR,Jammu and Kashmir,32.863528,75.145426,PUBLIC_COMMUNITY
PRL,POLUR,SR,Tamil Nadu,12.511327,79.130558,PUBLIC_COMMUNITY
PMKT,PIMPALKHUTI,CR,Maharashtra,19.829473,78.581025,PUBLIC_COMMUNITY
PRT,PANRUTI,SR,Tamil Nadu,11.773239,79.555153,PUBLIC_COMMUNITY
PAD,PARDI,WR,Gujarat,20.513153,72.924311,PUBLIC_COMMUNITY
PFM,PHAPHAMAU JN,NR,Uttar Pradesh,25.524256,81.866406,PUBLIC_COMMUNITY
PDV,PANDARAVADAI,SR,Tamil Nadu,10.913696,79.242126,PUBLIC_COMMUNITY
PNHI,PANHAI,NCR,Uttar Pradesh,25.081679,81.189495,PUBLIC_COMMUNITY
NWMS,NOAPARA MAHISHA,ER,West Bengal,24.323279,88.137274,PUBLIC_COMMUNITY
PNB,PANBARI,NFR,Assam,26.226727,91.951417,PUBLIC_COMMUNITY
ODB,OODLABARI,NFR,West Bengal,26.866793,88.624639,PUBLIC_COMMUNITY
PNU,PALANPUR JN,WR,Gujarat,24.174433,72.430172,PUBLIC_COMMUNITY
PLSG,Palasingi,ECoR,Andhra Pradesh,19.014074,83.805056,PUBLIC_COMMUNITY
PUX,Parasia,CR,Madhya Pradesh,22.193186,78.76432,PUBLIC_COMMUNITY
PKQ,Pattikkad,SR,Kerala,11.020627,76.231795,PUBLIC_COMMUNITY
PDSN,Peddasana,ECoR,Andhra Pradesh,18.593147,84.184485,PUBLIC_COMMUNITY
PTD,Petlad Junction,WR,Gujarat,22.545291,72.929473,PUBLIC_COMMUNITY
PCLI,Palachauri,CR,Madhya Pradesh,22.201012,78.659087,PUBLIC_COMMUNITY
PLA,Palia,WR,Madhya Pradesh,22.829589,75.79985,PUBLIC_COMMUNITY
SB04,Mana,?,Chhattisgarh,21.21457,81.689931,PUBLIC_COMMUNITY
RHN,ROSHANPUR,NER,Uttar Pradesh,29.046556,78.887727,PUBLIC_COMMUNITY
RNT,RANTHAMBHORE,WCR,Rajasthan,26.093063,76.410001,PUBLIC_COMMUNITY
SAGM,SAGMA,WCR,Madhya Pradesh,24.622107,80.828347,PUBLIC_COMMUNITY
RUI,Rukni,SER,West Bengal,23.551806,86.548025,PUBLIC_COMMUNITY
RV,RAVER,CR,Maharashtra,21.222201,76.044594,PUBLIC_COMMUNITY
SBV,SIMRI BHAKHTIYARPUR,ECR,Bihar,25.72086,86.597384,PUBLIC_COMMUNITY
RJW,RAJEVADI,CR,Maharashtra,18.384143,74.155129,PUBLIC_COMMUNITY
KMM,KANNAMANGALAM,,,12.753547,79.161135,PUBLIC_COMMUNITY
SDHR,Sandhanidhar,WR,Gujarat,20.942193,70.713698,PUBLIC_COMMUNITY
SAHP,SAHIJPUR,WR,Gujarat,23.061366,72.631634,PUBLIC_COMMUNITY
RMRB,Ramnagar Bengal,?,West Bengal,21.677451,87.55405,PUBLIC_COMMUNITY
SGF,SANGAT,NWR,Punjab,30.088059,74.83253,PUBLIC_COMMUNITY
SAC,SANICHARA,NCR,Madhya Pradesh,26.363371,78.198369,PUBLIC_COMMUNITY
RORA,RORA,NCR,Uttar Pradesh,25.293896,79.236769,PUBLIC_COMMUNITY
SAPE,SAPE WAMNE,KR,Maharashtra,18.085549,73.356471,PUBLIC_COMMUNITY
RJS,RAJIYASAR,NWR,Rajasthan,29.067493,73.842164,PUBLIC_COMMUNITY
SET,SETTIHALLY,SWR,Karnataka,12.644228,77.141918,PUBLIC_COMMUNITY
RMF,RAMNA,ECR,Jharkhand,24.239748,83.605713,PUBLIC_COMMUNITY
SGKM,Srungavruksham,SCR,Andhra Pradesh,16.543756,81.601906,PUBLIC_COMMUNITY
RGA,Rajgoda,SER,West Bengal,22.324313,87.866472,PUBLIC_COMMUNITY
RVK,RAJA BHAT KHAWA,NFR,West Bengal,26.620144,89.528605,PUBLIC_COMMUNITY
RTB,RAJA TALAB,NER,Uttar Pradesh,25.263907,82.850729,PUBLIC_COMMUNITY
PYD,PALLIYADI,SR,Tamil Nadu,8.26515,77.259683,PUBLIC_COMMUNITY
SASG,Sasan Gir,WR,Gujarat,21.168995,70.602443,PUBLIC_COMMUNITY
SGV,Sargachhi,ER,West Bengal,24.01772,88.244037,PUBLIC_COMMUNITY
RJL,Rajmahal,ER,Jharkhand,25.052535,87.831451,PUBLIC_COMMUNITY
RS,Risia,NER,Uttar Pradesh,27.688822,81.605514,PUBLIC_COMMUNITY
RCA,Rentachintala,SCR,Andhra Pradesh,16.545259,79.549492,PUBLIC_COMMUNITY
RAK,Ramkot,NR,Uttar Pradesh,27.534312,80.597408,PUBLIC_COMMUNITY
PXR,Palpara,ER,West Bengal,23.059458,88.520722,PUBLIC_COMMUNITY
SDGH,Sri Dungargarh,NWR,Rajasthan,28.070311,74.008011,PUBLIC_COMMUNITY
SCE,Senchoa Junction,NFR,Assam,26.311613,92.642482,PUBLIC_COMMUNITY
SBL,Sabalgarh,NCR,Madhya Pradesh,26.251275,77.408742,PUBLIC_COMMUNITY
SKJ,SAHIBPUR KAMAL JN,ECR,Bihar,25.427037,86.400129,PUBLIC_COMMUNITY
SRM,Sarna,NR,Punjab,32.252678,75.578528,PUBLIC_COMMUNITY
SRW,Shri Karanpur,NWR,Rajasthan,29.844419,73.458716,PUBLIC_COMMUNITY
SKX,SARKARA,NER,Uttarakhand,29.166922,79.083308,PUBLIC_COMMUNITY
SMP,SHAMBHUPURA,WR,Rajasthan,24.771439,74.641918,PUBLIC_COMMUNITY
SUX,SUDIYUR,SR,Tamil Nadu,9.602939,78.482345,PUBLIC_COMMUNITY
SNRR,SANSARPUR,WCR,Madhya Pradesh,23.67897,80.347307,PUBLIC_COMMUNITY
SVD,SARWARI,SCR,Maharashtra,19.764637,75.939699,PUBLIC_COMMUNITY
SZK,SUR KHAND KA KHEDA,NWR,Rajasthan,24.118095,73.879823,PUBLIC_COMMUNITY
STZ,Satraon,NER,Uttar Pradesh,26.283587,83.821379,PUBLIC_COMMUNITY
SPLE,SUJNIPARA,ER,West Bengal,24.571584,88.036797,PUBLIC_COMMUNITY
CHOK,Chowk,,,18.902861,73.239613,PUBLIC_COMMUNITY
SRT,SATUR,SR,Tamil Nadu,9.357545,77.92157,PUBLIC_COMMUNITY
APRH,Alehpur Halt,,,26.209465,84.788986,PUBLIC_COMMUNITY
SOAE,SOMRA BAZAR,ER,West Bengal,23.13916,88.433032,PUBLIC_COMMUNITY
SJQ,SURAJPUR ROAD,SECR,Chhattisgarh,23.289233,82.880146,PUBLIC_COMMUNITY
SR,SABLI ROAD,WR,Gujarat,23.034807,71.952643,PUBLIC_COMMUNITY
SOL,Solan,NR,Himachal Pradesh,30.907937,77.097531,PUBLIC_COMMUNITY
SGRR,SANGAR,NR,Jammu and Kashmir,32.80617,75.044078,PUBLIC_COMMUNITY
SMF,SAMAR GOPALPUR,NR,Haryana,28.960889,76.518645,PUBLIC_COMMUNITY
STP,SITAPUR,NER,Uttar Pradesh,27.558728,80.697762,PUBLIC_COMMUNITY
STDR,Satadhar,WR,Gujarat,21.283916,70.721182,PUBLIC_COMMUNITY
SJF,SAJANVAR ROAD,WR,Gujarat,21.07527,71.608408,PUBLIC_COMMUNITY
SHH,SHAPUR JN,WR,Gujarat,21.478281,70.371057,PUBLIC_COMMUNITY
SMX,Simurali,ER,West Bengal,23.041337,88.510164,PUBLIC_COMMUNITY
SNAR,Srinagar Rajasthan,WCR,Rajasthan,25.364047,75.569091,PUBLIC_COMMUNITY
SMNE,SOMTANE,CR,Maharashtra,18.952233,73.145524,PUBLIC_COMMUNITY
SRGT,SURENDRANAGAR GATE,WR,Gujarat,22.734565,71.636053,PUBLIC_COMMUNITY
SWV,SAWANTWADI ROAD,KR,Maharashtra,15.866512,73.785308,PUBLIC_COMMUNITY
SIM,SHRI AMIRGADH,NWR,Rajasthan,24.405948,72.643675,PUBLIC_COMMUNITY
SLHA,SALHANA,WCR,Madhya Pradesh,23.820462,80.656721,PUBLIC_COMMUNITY
SRMT,Sirmuttra,NCR,Rajasthan,26.518904,77.375168,PUBLIC_COMMUNITY
SLM,Somalapuram,SWR,Andhra Pradesh,14.914015,76.868856,PUBLIC_COMMUNITY
SNMY,Sindri Marshalling Yard,ECR,Jharkhand,23.667035,86.466176,PUBLIC_COMMUNITY
SRSL,Sirsala,NWR,Rajasthan,28.426675,75.129488,PUBLIC_COMMUNITY
SGPA,Sugapahari,ER,Jharkhand,24.279024,86.578049,PUBLIC_COMMUNITY
SVO,Sanvrad,NWR,Rajasthan,27.521887,74.518574,PUBLIC_COMMUNITY
SJV,Sanjhauli Halt,ECR,Bihar,25.143892,84.191034,PUBLIC_COMMUNITY
SNZ,Sherganj,NER,Uttar Pradesh,28.380489,79.804862,PUBLIC_COMMUNITY
SMET,Shimoga Town,SWR,Karnataka,13.943037,75.583174,PUBLIC_COMMUNITY
SSNR,Satsang Nagar Halt,ER,Jharkhand,24.490307,86.681681,PUBLIC_COMMUNITY
SKSO,Sikosa,SECR,Chhattisgarh,20.868216,81.285568,PUBLIC_COMMUNITY
TIL,TILRATH,ECR,Bihar,25.441179,86.068531,PUBLIC_COMMUNITY
UMM,UMRAM,SCR,Andhra Pradesh,19.661586,78.437342,PUBLIC_COMMUNITY
TDR,TIRUVIDAIMARUTHUR,SR,Tamil Nadu,10.990634,79.453706,PUBLIC_COMMUNITY
TKH,Thakurtola,SER,Orissa,21.651992,86.970717,PUBLIC_COMMUNITY
TRPL,TRIPAL HALT,NR,Himachal Pradesh,32.00601,76.204696,PUBLIC_COMMUNITY
TLRA,TALARA,NR,Himachal Pradesh,32.239023,75.903937,PUBLIC_COMMUNITY
TMD,TALMADLA,SCR,Andhra Pradesh,18.239215,78.356638,PUBLIC_COMMUNITY
BHKL,BHAKRAULI,NR,Uttar Pradesh,28.308471,78.474665,PUBLIC_COMMUNITY
TRWT,TARAVATA,WCR,Madhya Pradesh,24.74613,77.381391,PUBLIC_COMMUNITY
WKR,WANKANER JN,WR,Gujarat,22.622552,70.965617,PUBLIC_COMMUNITY
SWE,SIWAITH,NR,Uttar Pradesh,25.577038,81.869261,PUBLIC_COMMUNITY
TGE,THEKERAGURI,NFR,Assam,26.199171,92.403859,PUBLIC_COMMUNITY
TSAH,Tata Sijua Halt,SER,Jharkhand,23.774511,86.33167,PUBLIC_COMMUNITY
TGL,TUGGALI,SCR,Andhra Pradesh,15.310975,77.530146,PUBLIC_COMMUNITY
UBL,HUBLI JN,SWR,Karnataka,15.350302,75.148104,PUBLIC_COMMUNITY
TID,TAGDI,WR,Gujarat,22.296445,71.948621,PUBLIC_COMMUNITY
ARGP,ARALAGUPPE,SWR,Karnataka,13.253132,76.615439,PUBLIC_COMMUNITY
UCA,UCHANA,NR,Haryana,29.466064,76.178544,PUBLIC_COMMUNITY
TAK,Tarakeswar,ER,West Bengal,22.882582,88.013437,PUBLIC_COMMUNITY
UMN,AMBLIYASAN,WR,Gujarat,23.447386,72.423181,PUBLIC_COMMUNITY
SZP,Shahjahanpur,NER,Uttar Pradesh,27.893402,79.904536,PUBLIC_COMMUNITY
TTQ,Thathankulam,SR,Tamil Nadu,8.627298,77.875152,PUBLIC_COMMUNITY
TJH,Tajgadh,WR,Gujarat,22.350958,73.904788,PUBLIC_COMMUNITY
UKC,UKSHI,KR,Maharashtra,17.12976,73.455942,PUBLIC_COMMUNITY
UAA,UPPALA,SR,Kerala,12.6698,74.906488,PUBLIC_COMMUNITY
TKQ,TRIKARPUR,SR,Kerala,12.142185,75.176143,PUBLIC_COMMUNITY
VAPM,VALAPATTANAM,SR,Kerala,11.927728,75.346365,PUBLIC_COMMUNITY
TUNG,Tung,NFR,West Bengal,26.921803,88.294811,PUBLIC_COMMUNITY
TKT,TIKKOTTI,SR,Kerala,11.490426,75.626246,PUBLIC_COMMUNITY
UGWE,Ugwe,SCR,Maharashtra,20.806249,77.009265,PUBLIC_COMMUNITY
TRDI,Tirodi,SECR,Madhya Pradesh,21.688066,79.724564,PUBLIC_COMMUNITY
TQA,Takia,NR,Uttar Pradesh,26.311679,80.782017,PUBLIC_COMMUNITY
TPU,Tanakpur,NER,Uttarakhand,29.067103,80.109045,PUBLIC_COMMUNITY
DHL,Devanhalli,SWR,Karnataka,13.246834,77.704631,PUBLIC_COMMUNITY
TAV,Talala Junction,WR,Gujarat,21.04184,70.522164,PUBLIC_COMMUNITY
TPO,Tantpur,NCR,Rajasthan,26.831935,77.47803,PUBLIC_COMMUNITY
THKU,Thallak,SWR,Karnataka,14.450854,76.675366,PUBLIC_COMMUNITY
VD,VAGDIYA,WR,Gujarat,22.614176,71.29169,PUBLIC_COMMUNITY
YGA,Yerra Goppa Halt,SWR,Karnataka,15.905354,75.648078,PUBLIC_COMMUNITY
AGQ,ASIRGARH ROAD,CR,Madhya Pradesh,21.378418,76.268065,PUBLIC_COMMUNITY
AA,ATARIA,NER,Uttar Pradesh,27.172457,80.861033,PUBLIC_COMMUNITY
WSD,WASUD,CR,Maharashtra,17.377406,75.147653,PUBLIC_COMMUNITY
AED,AULENDA,NCR,Uttar Pradesh,27.029152,77.612583,PUBLIC_COMMUNITY
ARH,AMHERA,NR,Uttar Pradesh,29.262238,78.285802,PUBLIC_COMMUNITY
SWDE,SIWAHA,NR,Haryana,29.340294,76.456292,PUBLIC_COMMUNITY
BHWA,BECHHIWARA,NWR,Rajasthan,23.787792,73.535256,PUBLIC_COMMUNITY
VRV,VIRAVADA,NWR,Gujarat,23.612331,73.07903,PUBLIC_COMMUNITY
YLG,YALVIGI,SWR,Karnataka,15.034254,75.409401,PUBLIC_COMMUNITY
ADHL,ADIHALLI,SWR,Karnataka,13.28342,76.347284,PUBLIC_COMMUNITY
WRGN,WARIGAON NEWADA,NR,Uttar Pradesh,25.586146,82.568316,PUBLIC_COMMUNITY
APTA,APTA,CR,Maharashtra,18.863471,73.152629,PUBLIC_COMMUNITY
WC,WADHWAN CITY,WR,Gujarat,22.702931,71.67236,PUBLIC_COMMUNITY
ADRA,ADRA JN,SER,West Bengal,23.495992,86.674665,PUBLIC_COMMUNITY
AKOT,Akot,SCR,Maharashtra,21.095661,77.047217,PUBLIC_COMMUNITY
BHUJ,BHUJ,WR,Gujarat,23.266022,69.677828,PUBLIC_COMMUNITY
VLI,VALLIKUNNU,SR,Kerala,11.09046,75.851651,PUBLIC_COMMUNITY
ATRR,ATRAURA,NER,Uttar Pradesh,25.316112,82.314016,PUBLIC_COMMUNITY
VPU,VELPURU,SCR,Andhra Pradesh,16.725964,81.662635,PUBLIC_COMMUNITY
VJPJ,VIJAYPUR JAMMU,NR,Jammu and Kashmir,32.57197,75.020996,PUBLIC_COMMUNITY
ZNP,Zindpura,NER,Uttar Pradesh,28.191347,79.849699,PUBLIC_COMMUNITY
BHRL,BHAROLI JUNCTION,NR,Punjab,32.271048,75.616373,PUBLIC_COMMUNITY
PQT,Puniyavant,WR,Gujarat,22.332118,73.957331,PUBLIC_COMMUNITY
VRA,Valavanur,SR,Tamil Nadu,11.917402,79.573803,PUBLIC_COMMUNITY
XBKJ,Bikramganj,ECR,Bihar,25.218914,84.273731,PUBLIC_COMMUNITY
VTG,Bhetaguri,NFR,West Bengal,26.302968,89.66531,PUBLIC_COMMUNITY
ATKS,Atwa Kursath,NR,Uttar Pradesh,27.13457,80.26721,PUBLIC_COMMUNITY
WDJ,Wanderjatana,NR,Punjab,30.564802,74.740729,PUBLIC_COMMUNITY
AMI,Amravati,CR,Maharashtra,20.930083,77.757786,PUBLIC_COMMUNITY
BIPR,Bheempura,NWR,Rajasthan,25.129644,72.392249,PUBLIC_COMMUNITY
ARP,Atrampur,NR,Uttar Pradesh,25.572021,81.745663,PUBLIC_COMMUNITY
WEL,Wellington,SR,Tamil Nadu,11.3559,76.786078,PUBLIC_COMMUNITY
ARKA,Arkha,NR,Uttar Pradesh,25.867316,81.331277,PUBLIC_COMMUNITY
BAMA,BIRAMBAD,NCR,Rajasthan,26.922783,77.32494,PUBLIC_COMMUNITY
AUR,ATRAULI ROAD,NR,Uttar Pradesh,28.097188,78.220108,PUBLIC_COMMUNITY
BCB,Bhowra Junction,SER,Jharkhand,23.67077,86.417009,PUBLIC_COMMUNITY
BHBK,BODHADI BUJRUG,SCR,Maharashtra,19.496276,78.195249,PUBLIC_COMMUNITY
BDHA,BADHADA,WR,Gujarat,21.2703,71.337414,PUBLIC_COMMUNITY
BHET,BHESTAN,WR,Gujarat,21.127883,72.861313,PUBLIC_COMMUNITY
BFZ,BHANDARTIKURI,ER,West Bengal,23.433192,88.329817,PUBLIC_COMMUNITY
BATL,BAIHATOLA,SECR,Madhya Pradesh,23.231204,82.05862,PUBLIC_COMMUNITY
BGQ,BHONGAON,NCR,Uttar Pradesh,27.259042,79.165723,PUBLIC_COMMUNITY
BGHU,Borraguhallu,ECoR,Andhra Pradesh,18.275624,83.040289,PUBLIC_COMMUNITY
BELD,BELKHERA,WCR,Madhya Pradesh,22.981891,79.299879,PUBLIC_COMMUNITY
BIF,BHAIRONPUR,WCR,Madhya Pradesh,22.432086,77.420409,PUBLIC_COMMUNITY
BAU,BURHANPUR,CR,Madhya Pradesh,21.334398,76.198679,PUBLIC_COMMUNITY
BJK,BIJORA,WCR,Rajasthan,25.145112,76.395699,PUBLIC_COMMUNITY
BDT,BORDUBI ROAD,NFR,Assam,27.399181,95.314595,PUBLIC_COMMUNITY
BPRS,BHOGPUR SIRWAL,NR,Punjab,31.556594,75.645223,PUBLIC_COMMUNITY
BIP,BAHILPURWA,NCR,Uttar Pradesh,25.137088,80.998599,PUBLIC_COMMUNITY
BGWD,BAGEWADI,SWR,Karnataka,16.307771,74.7536,PUBLIC_COMMUNITY
BGAN,Bangain,NER,Uttar Pradesh,27.238993,81.905924,PUBLIC_COMMUNITY
BID,BIDADI,SWR,Karnataka,12.800425,77.390298,PUBLIC_COMMUNITY
BNDI,Barundini,WCR,Rajasthan,25.173406,74.930101,PUBLIC_COMMUNITY
BDCR,Bhadrachalam Road,SCR,Andhra Pradesh,17.550365,80.616024,PUBLIC_COMMUNITY
KISN,KALISEN,,,23.1816,87.162499,PUBLIC_COMMUNITY
AYU,ABHAYAPURI ASSAM,NFR,Assam,26.356599,90.641696,PUBLIC_COMMUNITY
BFT,Bhabta,ER,West Bengal,23.986968,88.241584,PUBLIC_COMMUNITY
BHLP,BHULANPUR,NER,Uttar Pradesh,25.287875,82.957519,PUBLIC_COMMUNITY
BAHP,Band Hamirpur,NR,Uttar Pradesh,26.32975,80.744382,PUBLIC_COMMUNITY
BLSD,Balsamand,NWR,Rajasthan,27.581307,74.473873,PUBLIC_COMMUNITY
BEE,Bebejia,NFR,Assam,26.310185,92.640956,PUBLIC_COMMUNITY
BAA,Barala,ER,West Bengal,24.300532,88.039851,PUBLIC_COMMUNITY
BDZ,Badkulla,ER,West Bengal,23.304666,88.526557,PUBLIC_COMMUNITY
BIGA,Bigga,NWR,Rajasthan,28.047453,74.20137,PUBLIC_COMMUNITY
BAYD,Beyad,WR,Gujarat,23.216364,73.207326,PUBLIC_COMMUNITY
BBLA,Bhyabla Halt,ER,West Bengal,22.65426,88.854932,PUBLIC_COMMUNITY
BHAN,Bhoyani,WR,Gujarat,23.358779,72.234682,PUBLIC_COMMUNITY
BK,Bakra Road,NWR,Rajasthan,25.213052,72.487603,PUBLIC_COMMUNITY
BBJ,Babaganj,NER,Uttar Pradesh,27.96429,81.568611,PUBLIC_COMMUNITY
BBT,Birati,ER,West Bengal,22.66472,88.427613,PUBLIC_COMMUNITY
AWH,Alewahi,SECR,Maharashtra,20.38793,79.710147,PUBLIC_COMMUNITY
BDMA,Budhma,ECR,Bihar,25.902768,86.857009,PUBLIC_COMMUNITY
BGLI,Bargolai,NFR,Assam,27.287486,95.703548,PUBLIC_COMMUNITY
BLAX,BARLAI,WR,Madhya Pradesh,22.894163,75.962109,PUBLIC_COMMUNITY
BSAE,BANSH BARIA,ER,West Bengal,22.957288,88.395641,PUBLIC_COMMUNITY
BRHL,BARYAL HIMACHAL,NR,Himachal Pradesh,32.025465,76.100072,PUBLIC_COMMUNITY
CHKE,Challakere,SWR,Karnataka,14.315154,76.660017,PUBLIC_COMMUNITY
BRND,BORIDAND,SECR,Madhya Pradesh,23.267799,82.178765,PUBLIC_COMMUNITY
CHRM,Chirmiri,SECR,Chhattisgarh,23.189485,82.349551,PUBLIC_COMMUNITY
BPKA,BHOPALKA,WR,Gujarat,22.12278,69.368741,PUBLIC_COMMUNITY
BNKH,BHAIRANAYAKANAH,SWR,Karnataka,13.194258,77.383393,PUBLIC_COMMUNITY
ALN,ALANDI,CR,Maharashtra,18.451229,74.093095,PUBLIC_COMMUNITY
BRLA,BRAYLA CHAURASI,WR,Madhya Pradesh,23.555683,75.092761,PUBLIC_COMMUNITY
BQG,Bhagwangola,ER,West Bengal,24.333178,88.309816,PUBLIC_COMMUNITY
BQM,Barelipur,CR,Madhya Pradesh,22.051583,78.407732,PUBLIC_COMMUNITY
BNA,BANNI KOPPA,SWR,Karnataka,15.406627,75.941809,PUBLIC_COMMUNITY
BKU,BHIKNUR,SCR,Andhra Pradesh,18.164491,78.399151,PUBLIC_COMMUNITY
BLSA,BOLSA,SCR,Maharashtra,19.001291,77.702921,PUBLIC_COMMUNITY
BMBE,BIMBARI,SCR,Maharashtra,19.164065,77.631226,PUBLIC_COMMUNITY
BOKR,BHOKAR,SCR,Maharashtra,19.213965,77.666535,PUBLIC_COMMUNITY
CAG,CHHABRA GUGOR,WCR,Rajasthan,24.680339,76.850989,PUBLIC_COMMUNITY
CJW,CHAJAWA,WCR,Rajasthan,25.008594,76.580569,PUBLIC_COMMUNITY
BKTW,Baikunth,,,21.489691,81.777975,PUBLIC_COMMUNITY
ADB,ADILABAD,SCR,Andhra Pradesh,19.680104,78.535285,PUBLIC_COMMUNITY
BPM,BAGPAT ROAD,NR,Uttar Pradesh,28.957503,77.272589,PUBLIC_COMMUNITY
CIV,Chinnaravuru,SCR,Andhra Pradesh,16.224011,80.655843,PUBLIC_COMMUNITY
CHI,CHIPLUN,KR,Maharashtra,17.542507,73.522429,PUBLIC_COMMUNITY
CAN,KANNUR,SR,Kerala,11.870694,75.368327,PUBLIC_COMMUNITY
BNG,Barnagar,WR,Madhya Pradesh,23.030412,75.611121,PUBLIC_COMMUNITY
MPL,Madanapalle Road,SCR,Andhra Pradesh,13.644442,78.554424,PUBLIC_COMMUNITY
BRQ,BAGRAKOT,NFR,West Bengal,26.870632,88.585962,PUBLIC_COMMUNITY
BNQ,BANARHAT,NFR,West Bengal,26.797885,89.025682,PUBLIC_COMMUNITY
BMJ,Bridgemanganj,NER,Uttar Pradesh,27.195537,83.197098,PUBLIC_COMMUNITY
BRK,Bahraich,NER,Uttar Pradesh,27.581536,81.607518,PUBLIC_COMMUNITY
BRMX,Barmi,NR,Uttar Pradesh,27.489413,80.560821,PUBLIC_COMMUNITY
BNW,Bhiwani,NWR,Haryana,28.798426,76.12558,PUBLIC_COMMUNITY
BNSA,Banbasa,NER,Uttarakhand,28.991685,80.07321,PUBLIC_COMMUNITY
BSHT,Basirhat,ER,West Bengal,22.650516,88.86896,PUBLIC_COMMUNITY
CHRU,CHAMRUA,NER,Uttarakhand,28.796206,79.138988,PUBLIC_COMMUNITY
ANP,ANANDTANDAVPUR,SR,Tamil Nadu,11.143966,79.657675,PUBLIC_COMMUNITY
ANGR,ANGADGERI HALT,SWR,Karnataka,16.451874,75.845891,PUBLIC_COMMUNITY
AAY,ARALVAYMOZHI,SR,Tamil Nadu,8.249451,77.529265,PUBLIC_COMMUNITY
ALNP,Akelahanspur Halt,NER,Uttar Pradesh,28.34054,80.315571,PUBLIC_COMMUNITY
BAH,BHABHAR,WR,Gujarat,24.06528,71.615774,PUBLIC_COMMUNITY
AON,ARAON,NCR,Uttar Pradesh,27.114343,78.692248,PUBLIC_COMMUNITY
BZLE,BAZARSAU,ER,West Bengal,23.875793,88.182879,PUBLIC_COMMUNITY
CHPD,CHEPPAD HALT,SR,Kerala,9.232679,76.476742,PUBLIC_COMMUNITY
CGO,CHHIDGAON,WCR,Madhya Pradesh,22.406953,77.314105,PUBLIC_COMMUNITY
AJM,Adraj Moti,WR,Gujarat,23.258801,72.565608,PUBLIC_COMMUNITY
CKR,CHIKODI ROAD,SWR,Karnataka,16.369048,74.769494,PUBLIC_COMMUNITY
BSR,VASAI ROAD,WR,Maharashtra,19.382449,72.832222,PUBLIC_COMMUNITY
ABGT,ARBAGATTA HALT,SWR,Karnataka,13.907468,76.134971,PUBLIC_COMMUNITY
BTJ,BISHNATHGANJ,NR,Uttar Pradesh,25.801897,81.935379,PUBLIC_COMMUNITY
BUS,BADAUSA,NCR,Uttar Pradesh,25.248423,80.651011,PUBLIC_COMMUNITY
ANCR,ANCHURI,SER,West Bengal,23.283904,86.993174,PUBLIC_COMMUNITY
BSZ,Bharwa Sumerpur,NCR,Uttar Pradesh,25.825413,80.167419,PUBLIC_COMMUNITY
BSW,Baneswar,NFR,West Bengal,26.388205,89.494466,PUBLIC_COMMUNITY
PTN,PATAN,WR,Gujarat,23.853292,72.131672,PUBLIC_COMMUNITY
ABZ,Adgaon Buzurg,SCR,Maharashtra,21.123876,76.955924,PUBLIC_COMMUNITY
ADE,ADARI ROAD,WR,Gujarat,20.986795,70.330818,PUBLIC_COMMUNITY
AMC,Amritapura,SWR,Karnataka,14.139549,76.245563,PUBLIC_COMMUNITY
CDA,CHUDA,WR,Gujarat,22.495211,71.750098,PUBLIC_COMMUNITY
AKS,ANKUSPUR,NER,Uttar Pradesh,25.571319,83.494012,PUBLIC_COMMUNITY
ANO,ANJANI,KR,Maharashtra,17.620605,73.399308,PUBLIC_COMMUNITY
APDC,Alipur Duar Court,NFR,West Bengal,26.499255,89.526808,PUBLIC_COMMUNITY
CDK,CHANDKHERA ROAD,WR,Gujarat,23.111868,72.563224,PUBLIC_COMMUNITY
CGHD,CHINNADAGUDI,SWR,Karnataka,12.084594,76.732445,PUBLIC_COMMUNITY
CJS,CHARAMULA KUSUM,ECoR,Chhattisgarh,19.020403,82.401044,PUBLIC_COMMUNITY
BTGH,Bettadnagenhali,SWR,Karnataka,14.17383,76.259335,PUBLIC_COMMUNITY
ADR,Mandi Adampur,NWR,Haryana,29.283136,75.468851,PUBLIC_COMMUNITY
BSUR,Bisalpur,NER,Uttar Pradesh,28.290516,79.812599,PUBLIC_COMMUNITY
ANC,Annechakanahali,SWR,Karnataka,12.7379,76.282814,PUBLIC_COMMUNITY
CCI,Chinnekuntapali,SCR,Andhra Pradesh,14.442788,77.842056,PUBLIC_COMMUNITY
BTRI,Bitrol,NER,Uttar Pradesh,27.984069,78.92398,PUBLIC_COMMUNITY
AGCI,Angadi,WR,Gujarat,22.806751,73.282558,PUBLIC_COMMUNITY
ALS,Amlori Sarsar,NER,Bihar,26.294714,84.345578,PUBLIC_COMMUNITY
BFE,BAHAWAL BASI,NR,Punjab,30.147265,74.279311,PUBLIC_COMMUNITY
AXK,ASOKHAR,NCR,Madhya Pradesh,26.525539,78.555854,PUBLIC_COMMUNITY
AXA,AMARSAR,WR,Gujarat,22.585991,70.91711,PUBLIC_COMMUNITY
BENL,BENL,SWR,Karnataka,16.384407,75.882249,PUBLIC_COMMUNITY
BBW,BODARWAR,NER,Uttar Pradesh,26.878,83.638191,PUBLIC_COMMUNITY
BAJE,Bajakare Halt,SWR,Karnataka,12.720476,75.508955,PUBLIC_COMMUNITY
AMQ,AMMUGUDA,SCR,Andhra Pradesh,17.487039,78.527215,PUBLIC_COMMUNITY
BBA,BABRALA,NR,Uttar Pradesh,28.266493,78.403414,PUBLIC_COMMUNITY
ALW,ALWAL,SCR,Andhra Pradesh,17.505779,78.515006,PUBLIC_COMMUNITY
ATE,ATARRA,NCR,Uttar Pradesh,25.291367,80.576491,PUBLIC_COMMUNITY
AWL,ALAWALPUR,NR,Punjab,31.425164,75.642236,PUBLIC_COMMUNITY
AZP,AYYAMPET,SR,Tamil Nadu,10.896267,79.206701,PUBLIC_COMMUNITY
ASK,ARSIKERE JN,SWR,Karnataka,13.314425,76.252085,PUBLIC_COMMUNITY
BAL,BUDALUR,SR,Tamil Nadu,10.782843,78.981443,PUBLIC_COMMUNITY
BAZ,BARAN,WCR,Rajasthan,25.09677,76.505128,PUBLIC_COMMUNITY
AVRD,ARAVALI ROAD,KR,Maharashtra,17.316531,73.53816,PUBLIC_COMMUNITY
BBGN,Barua Bamungaon,NFR,Assam,26.662157,93.944693,PUBLIC_COMMUNITY
ANT,Anantnag,NR,Jammu and Kashmir,33.738534,75.107131,PUBLIC_COMMUNITY
BDPA,Badalpur Ph,?,West Bengal,21.710487,87.616227,PUBLIC_COMMUNITY
AVS,Auvaneeswaram,SR,Kerala,9.036513,76.852807,PUBLIC_COMMUNITY
BDHN,Bodhan,SCR,Andhra Pradesh,18.645933,77.888166,PUBLIC_COMMUNITY
BED,Baseri,NCR,Uttar Pradesh,26.746992,77.543015,PUBLIC_COMMUNITY
BDBG,Badhai Balamgarh Halt,NR,Punjab,30.459894,74.460168,PUBLIC_COMMUNITY
AVK,Aravankadu,SR,Tamil Nadu,11.359124,76.769203,PUBLIC_COMMUNITY
ATW,Atwa Muthia Halt,NR,Uttar Pradesh,27.27399,80.415479,PUBLIC_COMMUNITY
BGMU,Bangarmau,NR,Uttar Pradesh,26.891816,80.22206,PUBLIC_COMMUNITY
BCHL,Bacheli,ECoR,Chhattisgarh,18.703461,81.238534,PUBLIC_COMMUNITY
BBHT,Barabar Halt,?,Bihar,25.05586,84.974368,PUBLIC_COMMUNITY
BFJ,Bhoras Budrukh,CR,Maharashtra,20.538301,75.014292,PUBLIC_COMMUNITY
BARL,Baral,NR,Uttar Pradesh,28.494092,77.809975,PUBLIC_COMMUNITY
BDBA,Badabandha Road,ECoR,Orissa,20.276721,86.519951,PUBLIC_COMMUNITY
BGD,Bara Gudah,NWR,Haryana,29.697657,75.001641,PUBLIC_COMMUNITY
BLA,BAJALTA,NR,Jammu and Kashmir,32.762368,74.953339,PUBLIC_COMMUNITY
BHTL,BHATEL,WR,Gujarat,22.164096,69.493629,PUBLIC_COMMUNITY
TSS,TALLI SAIDASAHU,NR,Punjab,31.03264,74.748404,PUBLIC_COMMUNITY
BDWS,BADARWAS,WCR,Madhya Pradesh,24.98334,77.561828,PUBLIC_COMMUNITY
BJPL,BAIJNATH PAPROLA,NR,Himachal Pradesh,32.050369,76.632508,PUBLIC_COMMUNITY
BLL,BANTANAHAL,SCR,Andhra Pradesh,15.1629,77.275724,PUBLIC_COMMUNITY
BMA,BAGMAR,CR,Madhya Pradesh,21.737129,76.361602,PUBLIC_COMMUNITY
BLWD,BOLWAD,CR,Maharashtra,16.823851,74.719998,PUBLIC_COMMUNITY
BMNI,BAMANI,CR,Maharashtra,17.512801,75.237643,PUBLIC_COMMUNITY
BNY,Barhni,NER,Uttar Pradesh,27.495795,82.791834,PUBLIC_COMMUNITY
BDVT,Bhadravati,SWR,Karnataka,13.842429,75.702832,PUBLIC_COMMUNITY
BMKI,BAPUDHAM MOTIHARI,ECR,Bihar,26.655733,84.90529,PUBLIC_COMMUNITY
BIRD,BHIWANDI ROAD,CR,Maharashtra,19.268544,73.045654,PUBLIC_COMMUNITY
BI,BARI SADRI,NWR,Rajasthan,24.411465,74.468715,PUBLIC_COMMUNITY
BLD,BHILAD,WR,Gujarat,20.275323,72.887446,PUBLIC_COMMUNITY
ALMW,ALMAW,NER,Uttar Pradesh,25.259915,82.489941,PUBLIC_COMMUNITY
BGX,BAGRI SAJJANPUR,NWR,Rajasthan,25.916759,73.821842,PUBLIC_COMMUNITY
VTP,VASTRAPUR,WR,Gujarat,23.00802,72.517982,PUBLIC_COMMUNITY
BNTH,BANDHNATH,WR,Gujarat,21.434145,70.356879,PUBLIC_COMMUNITY
BIJR,BIJOOR,KR,Karnataka,13.822196,74.642054,PUBLIC_COMMUNITY
BNS,BANAS,NWR,Rajasthan,24.713164,72.988726,PUBLIC_COMMUNITY
BILP,Bhilpur,WR,Gujarat,22.196155,73.323477,PUBLIC_COMMUNITY
BGPR,BHAGWANPURA,NWR,Rajasthan,25.419012,73.363312,PUBLIC_COMMUNITY
BGG,BANTA RAGHUNATHGARH,NWR,Rajasthan,25.601807,73.527382,PUBLIC_COMMUNITY
BJPR,Bijaipur Road,NCR,Madhya Pradesh,26.196877,77.305586,PUBLIC_COMMUNITY
BMY,Bamiana,NER,Uttar Pradesh,28.263124,79.329106,PUBLIC_COMMUNITY
BNHR,Banbihari Gwalipur,ECoR,Orissa,20.339027,86.205033,PUBLIC_COMMUNITY
BHAT,Bhatpura,NCR,Madhya Pradesh,26.327284,77.674711,PUBLIC_COMMUNITY
BINR,Brij Nagar,NCR,Rajasthan,27.439639,77.089708,PUBLIC_COMMUNITY
BKS,Balikotia,NFR,Assam,26.468309,92.570443,PUBLIC_COMMUNITY
BIR,Bir,WCR,Madhya Pradesh,22.05264,76.547232,PUBLIC_COMMUNITY
BHDR,Bhadri,NR,Uttar Pradesh,25.676658,81.567755,PUBLIC_COMMUNITY
BEDM,Bedham,NCR,Rajasthan,27.453929,77.209461,PUBLIC_COMMUNITY
BPB,BADARPUR JN,NFR,Assam,24.865177,92.556323,PUBLIC_COMMUNITY
GTU,GHAT NANDUR,SCR,Maharashtra,18.722978,76.563483,PUBLIC_COMMUNITY
BNTL,Bantawala,SWR,Karnataka,12.878545,75.034456,PUBLIC_COMMUNITY
BRBL,Birahalli,SWR,Karnataka,12.667132,76.385196,PUBLIC_COMMUNITY
BSCK,BASUCHAK,NER,Uttar Pradesh,25.531408,83.348223,PUBLIC_COMMUNITY
AND,ANDAMPALIAM,SR,Tamil Nadu,12.088426,79.168985,PUBLIC_COMMUNITY
BRZ,BARETA,NR,Punjab,29.859334,75.692403,PUBLIC_COMMUNITY
BRGW,BARGAWAN,WCR,Madhya Pradesh,24.197002,82.455989,PUBLIC_COMMUNITY
BSY,BARSATHI,NR,Uttar Pradesh,25.564133,82.473946,PUBLIC_COMMUNITY
BUF,Bimlagarh Junction,SER,Orissa,21.964332,85.017326,PUBLIC_COMMUNITY
BSKR,BASI KIRATPUR,NR,Uttar Pradesh,29.497228,78.213283,PUBLIC_COMMUNITY
CDS,CHANDISAR,WR,Gujarat,24.206491,72.312816,PUBLIC_COMMUNITY
BTI,BHATINDA JN,NR,Punjab,30.209488,74.932083,PUBLIC_COMMUNITY
BTZ,BALIMARA,NFR,Assam,27.236868,95.333576,PUBLIC_COMMUNITY
PTK,PATHANKOT,NR,Punjab,32.271804,75.644427,PUBLIC_COMMUNITY
BVNR,BHAVANI NAGAR,CR,Maharashtra,17.156895,74.312946,PUBLIC_COMMUNITY
BQP,Bighapur,NR,Uttar Pradesh,26.355147,80.693454,PUBLIC_COMMUNITY
AMLR,AMALA NAGAR,SR,Kerala,10.561834,76.171838,PUBLIC_COMMUNITY
BTC,Balaghat Junction,SECR,Madhya Pradesh,21.811629,80.199885,PUBLIC_COMMUNITY
BOTI,Baori Thikria,NWR,Rajasthan,27.414549,75.511335,PUBLIC_COMMUNITY
BOF,Barog,NR,Himachal Pradesh,30.890853,77.08297,PUBLIC_COMMUNITY
BSTP,Basantapur,ECoR,Orissa,21.548768,85.67659,PUBLIC_COMMUNITY
BTM,Battulapuram,SCR,Andhra Pradesh,13.747595,78.305802,PUBLIC_COMMUNITY
BSWA,Baiswara,NR,Uttar Pradesh,26.284843,80.834712,PUBLIC_COMMUNITY
AMJ,Amin Gaon,NFR,Assam,,,PUBLIC_COMMUNITY
AMNR,Ammanur,SR,Tamil Nadu,,,PUBLIC_COMMUNITY
BPC,Berhampore Court,ER,West Bengal,24.089084,88.263642,PUBLIC_COMMUNITY
AMM,Atirampattinam,SR,Tamil Nadu,10.332285,79.385808,PUBLIC_COMMUNITY
CRWA,Chirawa,NWR,Rajasthan,28.223341,75.650685,PUBLIC_COMMUNITY
ANKI,Anakhi,WR,Gujarat,,,PUBLIC_COMMUNITY
ANW,Anawal,WR,Gujarat,,,PUBLIC_COMMUNITY
BWC,Banwali,NWR,Rajasthan,29.919979,74.029894,PUBLIC_COMMUNITY
BT,Barasat,ER,West Bengal,22.72388,88.483483,PUBLIC_COMMUNITY
BYP,Baijnathpur,ECR,Bihar,25.901014,86.653766,PUBLIC_COMMUNITY
BPD,Bahadurpur,ER,West Bengal,23.438519,88.463379,PUBLIC_COMMUNITY
BXF,Barsuan,SER,Odisha,21.847398,85.119799,PUBLIC_COMMUNITY
AMO,Amolwa,ECR,Bihar,27.211161,84.478487,PUBLIC_COMMUNITY
BXN,BAYANA JN,WCR,Rajasthan,26.916354,77.297131,PUBLIC_COMMUNITY
SKEN,Sukhshena,?,,25.790577,87.111962,PUBLIC_COMMUNITY
DNRP,DUNGARPUR,NWR,Rajasthan,23.867175,73.695462,PUBLIC_COMMUNITY
CHBR,CHAURE BAZAR,NR,Uttar Pradesh,26.469531,82.118735,PUBLIC_COMMUNITY
DDW,DUDWA,NER,Uttar Pradesh,28.50831,80.672161,PUBLIC_COMMUNITY
CKE,CHOKI SORATH,WR,Gujarat,21.659142,70.525813,PUBLIC_COMMUNITY
CIH,Chilhia,NER,Uttar Pradesh,27.35207,82.990864,PUBLIC_COMMUNITY
DGLE,DHULIAN GANGA,ER,West Bengal,24.672086,87.937644,PUBLIC_COMMUNITY
CDM,CHIDAMBARAM,SR,Tamil Nadu,11.391471,79.703341,PUBLIC_COMMUNITY
COO,CHHOTI ODAI,WCR,Rajasthan,26.558703,76.805294,PUBLIC_COMMUNITY
CAMU,CHAMUA,ECR,Bihar,27.137702,84.400834,PUBLIC_COMMUNITY
DHLI,Dethli,WR,Gujarat,23.486172,72.103051,PUBLIC_COMMUNITY
DHAE,DAINHAT,ER,West Bengal,23.60191,88.170269,PUBLIC_COMMUNITY
DAD,DEVARGUDDA,SWR,Karnataka,14.66779,75.576141,PUBLIC_COMMUNITY
DEW,Dewalgaon,SECR,Maharashtra,20.89116,80.079267,PUBLIC_COMMUNITY
BWSN,BIJWASAN,NR,Delhi NCT,28.5367,77.051292,PUBLIC_COMMUNITY
DBS,DOBBSPET,SWR,Karnataka,13.23318,77.249155,PUBLIC_COMMUNITY
DCK,DHANDHUKA,WR,Gujarat,22.384024,71.975613,PUBLIC_COMMUNITY
COB,Cooch Behar,NFR,West Bengal,26.302968,89.66531,PUBLIC_COMMUNITY
CQA,Cherukara,SR,Kerala,10.929228,76.228119,PUBLIC_COMMUNITY
DEE,DELHI SARAI ROHILLA,NR,Delhi NCT,28.662992,77.187106,PUBLIC_COMMUNITY
DBSI,DAYA BASTI,NR,Delhi NCT,28.667329,77.17139,PUBLIC_COMMUNITY
CWN,Charawan,NR,Punjab,30.501187,74.578082,PUBLIC_COMMUNITY
DOB,Dundlodh Mukundgarh,NWR,Rajasthan,27.938799,75.237354,PUBLIC_COMMUNITY
BWK,Bawani Khera,NWR,Haryana,28.939509,76.032707,PUBLIC_COMMUNITY
BARU,Baharu,ER,West Bengal,22.205278,88.44446,PUBLIC_COMMUNITY
DOX,DOHNA,NER,Uttar Pradesh,28.434064,79.432729,PUBLIC_COMMUNITY
DKJ,DORNAKAL JN,SCR,Andhra Pradesh,17.445987,80.153157,PUBLIC_COMMUNITY
GGC,GANGAPUR CITY,WCR,Rajasthan,26.468979,76.727708,PUBLIC_COMMUNITY
DMPR,DHARAMPUR,NR,Uttar Pradesh,28.150306,78.265728,PUBLIC_COMMUNITY
DJI,DHORAJI,WR,Gujarat,21.72217,70.44478,PUBLIC_COMMUNITY
DLD,DALAUDA,WR,Madhya Pradesh,23.948637,75.105361,PUBLIC_COMMUNITY
TKRU,TAKHRAU,NCR,Uttar Pradesh,27.274196,79.212452,PUBLIC_COMMUNITY
DSK,DUSKHEDA,CR,Maharashtra,21.073708,75.839083,PUBLIC_COMMUNITY
DING,Ding,NWR,Haryana,29.461054,75.260605,PUBLIC_COMMUNITY
DHPD,DHAPARA DHAM,ER,West Bengal,24.195866,88.246087,PUBLIC_COMMUNITY
DNE,DHAMNI,SCR,Maharashtra,19.647058,77.177888,PUBLIC_COMMUNITY
DHRJ,DHIRGANJ,NR,Uttar Pradesh,25.745642,81.924339,PUBLIC_COMMUNITY
GDG,GADAG JN,SWR,Karnataka,15.437048,75.642481,PUBLIC_COMMUNITY
DNJ,DAUNDAJ,CR,Maharashtra,18.230007,74.176781,PUBLIC_COMMUNITY
DVG,DAVANGERE,SWR,Karnataka,14.467834,75.92229,PUBLIC_COMMUNITY
DRGM,DEORAGRAM,WCR,Madhya Pradesh,24.096925,82.352464,PUBLIC_COMMUNITY
DMYA,DAMOY,WCR,Madhya Pradesh,23.971208,80.996787,PUBLIC_COMMUNITY
DRU,KADUR,SWR,Karnataka,13.552501,76.008846,PUBLIC_COMMUNITY
DTN,DHAMTAN SAHIB,NR,Haryana,29.688827,76.004006,PUBLIC_COMMUNITY
FDK,FARIDKOT,NR,Punjab,30.682857,74.76138,PUBLIC_COMMUNITY
DULP,Daulatpur Haryana,NR,Haryana,29.452123,75.88859,PUBLIC_COMMUNITY
DPSR,Dapsaura,NCR,Uttar Pradesh,25.983503,80.202954,PUBLIC_COMMUNITY
DMF,Dumerta,SER,Orissa,22.185683,84.914683,PUBLIC_COMMUNITY
DPJ,Dharmapuri,SWR,Tamil Nadu,12.126595,78.154742,PUBLIC_COMMUNITY
DVA,Delvada,WR,Gujarat,20.773429,71.041529,PUBLIC_COMMUNITY
DKU,Dumri Khurd,SECR,Maharashtra,21.310416,79.312269,PUBLIC_COMMUNITY
DNX,Dhansu,NR,Haryana,29.211731,75.801658,PUBLIC_COMMUNITY
DIBL,Dholi Bhal,WR,Gujarat,22.44572,72.0826,PUBLIC_COMMUNITY
DSPN,Deshpran Ph,?,West Bengal,22.029347,87.817047,PUBLIC_COMMUNITY
DTJ,Detroj,WR,Gujarat,23.332028,72.176546,PUBLIC_COMMUNITY
GRN,GURNAY,NR,Punjab,29.874367,75.804677,PUBLIC_COMMUNITY
GILL,GILL,NR,Punjab,30.840521,75.848169,PUBLIC_COMMUNITY
DTL,DARRITOLA,SECR,Chhattisgarh,23.289638,82.395751,PUBLIC_COMMUNITY
DWT,Dewan Hat,NFR,West Bengal,26.302968,89.66531,PUBLIC_COMMUNITY
FNO,FUNGO HALT,ECR,Bihar,25.61873,86.604476,PUBLIC_COMMUNITY
FRD,FARHEDI,NR,Uttar Pradesh,28.711717,78.793716,PUBLIC_COMMUNITY
GKJ,GOLAKGANJ,NFR,Assam,26.108359,89.83065,PUBLIC_COMMUNITY
FTC,Fatehpur Chursi,NR,Uttar Pradesh,26.843511,80.26179,PUBLIC_COMMUNITY
GNGL,Gangauli,NER,Uttar Pradesh,25.668107,82.863093,PUBLIC_COMMUNITY
GKK,GOKAK ROAD,SWR,Karnataka,16.205164,74.738839,PUBLIC_COMMUNITY
GRRG,GURLI RAMGARHWA,NER,Uttar Pradesh,27.185739,83.771432,PUBLIC_COMMUNITY
FKB,FAKHRABAD,SCR,Andhra Pradesh,18.824644,77.974481,PUBLIC_COMMUNITY
GPR,GHORPURI,CR,Maharashtra,18.527821,73.893448,PUBLIC_COMMUNITY
GHL,GOLHALLI,SWR,Karnataka,13.148289,77.413983,PUBLIC_COMMUNITY
FSW,Fateh Singhwala,NWR,Rajasthan,29.919979,74.029894,PUBLIC_COMMUNITY
DYK,DUDHIA KHURD,NER,Uttar Pradesh,28.46474,80.197805,PUBLIC_COMMUNITY
GND,Govindgarh Malikpur,NWR,Rajasthan,27.240582,75.645001,PUBLIC_COMMUNITY
GNO,GOREGAON ROAD,KR,Maharashtra,18.162498,73.30253,PUBLIC_COMMUNITY
DWV,DIWANKHAVATI,KR,Maharashtra,17.855413,73.418174,PUBLIC_COMMUNITY
GMDN,GIRIMAIDAN,SER,West Bengal,22.340478,87.306151,PUBLIC_COMMUNITY
GSB,GARNA SAHIB,NR,Punjab,31.780562,75.653492,PUBLIC_COMMUNITY
GKL,GOKULPUR,SER,West Bengal,22.375923,87.293716,PUBLIC_COMMUNITY
GLMA,GULMA,NFR,West Bengal,26.802802,88.403784,PUBLIC_COMMUNITY
EN,ISAND,WR,Gujarat,23.294039,72.484975,PUBLIC_COMMUNITY
DXN,DUDDHINAGAR,ECR,Uttar Pradesh,24.209032,83.216792,PUBLIC_COMMUNITY
GAJB,GAJARA BAHARA,WCR,Madhya Pradesh,24.05344,82.311761,PUBLIC_COMMUNITY
GMM,Gumman,NR,Himachal Pradesh,30.842438,76.97194,PUBLIC_COMMUNITY
GBRI,Gobarwahi,SECR,Maharashtra,21.514747,79.723237,PUBLIC_COMMUNITY
DRZ,Dalli Rajhara,SECR,Chhattisgarh,20.586729,81.067973,PUBLIC_COMMUNITY
GRHM,Gir Hadmatiya,WR,Gujarat,20.988488,70.687208,PUBLIC_COMMUNITY
GRKN,Gorakhnath,ECoR,Orissa,20.308158,86.260098,PUBLIC_COMMUNITY
BGL,Bagula,ER,West Bengal,23.335465,88.646404,PUBLIC_COMMUNITY
GHS,Guru Harsahai,NR,Punjab,30.715001,74.399987,PUBLIC_COMMUNITY
GEB,Garh Baruari,ECR,Bihar,26.019349,86.605596,PUBLIC_COMMUNITY
GAD,Gevra Road,SECR,Chhattisgarh,22.348524,82.64566,PUBLIC_COMMUNITY
GHRI,Ghori Halt,NR,Uttar Pradesh,27.373959,80.503293,PUBLIC_COMMUNITY
GJMB,Ganjmuradabad,NR,Uttar Pradesh,26.987889,80.177008,PUBLIC_COMMUNITY
GAJU,Gaju Halt,NR,Uttar Pradesh,27.204231,80.372973,PUBLIC_COMMUNITY
GNN,GANGINENI,SCR,Andhra Pradesh,16.781754,80.498954,PUBLIC_COMMUNITY
HRW,HARRAWALA,NR,Uttarakhand,30.260892,78.097705,PUBLIC_COMMUNITY
NGRS,NAGROTA SURIYAM,NR,Himachal Pradesh,32.051899,76.09101,PUBLIC_COMMUNITY
HLN,Hole Narsipur,SWR,Karnataka,12.786495,76.24646,PUBLIC_COMMUNITY
HGL,HARANGUL,CR,Maharashtra,18.385198,76.480912,PUBLIC_COMMUNITY
HBL,HOMBAL,SWR,Karnataka,15.520136,75.576122,PUBLIC_COMMUNITY
HD,HARDA,WCR,Madhya Pradesh,22.338414,77.10084,PUBLIC_COMMUNITY
HTL,HATIKHALI,NFR,Assam,25.61107,93.090848,PUBLIC_COMMUNITY
JAO,JAORA,WR,Madhya Pradesh,23.627773,75.115632,PUBLIC_COMMUNITY
HMK,HINDUMALKOTE,NR,Rajasthan,30.147103,73.925834,PUBLIC_COMMUNITY
GUNS,GHUNAS,NR,Punjab,30.320113,75.420592,PUBLIC_COMMUNITY
HA,HARGAON,NER,Uttar Pradesh,27.769192,80.728229,PUBLIC_COMMUNITY
HMG,HAMIRGARH,NWR,Rajasthan,25.187264,74.616939,PUBLIC_COMMUNITY
HGI,HAGARI,SCR,Karnataka,15.151239,77.051747,PUBLIC_COMMUNITY
HPRD,HAPA ROAD,WR,Gujarat,23.540458,72.938107,PUBLIC_COMMUNITY
PTB,PATTAMBI,SR,Kerala,10.801933,76.181337,PUBLIC_COMMUNITY
PBJM,Pabnawa Jasmahinder Halt,NR,Haryana,29.895696,76.652718,PUBLIC_COMMUNITY
HDD,HADDINAGUNDU,SCR,Karnataka,15.153264,76.979148,PUBLIC_COMMUNITY
JMS,JAMSAR,?,Rajasthan,28.24751,73.398985,PUBLIC_COMMUNITY
GLPT,GOALPARA TOWN,NFR,Assam,26.126535,90.620659,PUBLIC_COMMUNITY
HBS,HEBSUR,SWR,Karnataka,15.42206,75.283878,PUBLIC_COMMUNITY
GUK,GUNTAKONDURU,SCR,Andhra Pradesh,16.45715,81.077533,PUBLIC_COMMUNITY
JAL,JAWALI,NWR,Rajasthan,25.462722,73.396871,PUBLIC_COMMUNITY
HZN,Hazrat Nagar Halt,NR,Uttar Pradesh,28.633331,78.665909,PUBLIC_COMMUNITY
HLD,Haludpukur,SER,Jharkhand,22.742821,86.260765,PUBLIC_COMMUNITY
GSGJ,Ghausganj,NR,Uttar Pradesh,27.135127,80.291827,PUBLIC_COMMUNITY
JMV,Jambara,CR,Madhya Pradesh,21.943048,78.251975,PUBLIC_COMMUNITY
HAS,Hassan Junction,SWR,Karnataka,13.003182,76.117359,PUBLIC_COMMUNITY
HHR,Hridaypur,ER,West Bengal,22.711098,88.470282,PUBLIC_COMMUNITY
HER,Her,SCR,Maharashtra,18.426903,76.971306,PUBLIC_COMMUNITY
JRKT,JADARAMA KUNTE,SWR,Karnataka,16.284267,75.838661,PUBLIC_COMMUNITY
JGW,JOGIWALA,NR,Punjab,31.093842,75.067432,PUBLIC_COMMUNITY
IKK,IKKAR,NR,Uttarakhand,29.891989,78.099997,PUBLIC_COMMUNITY
JCH,JETHA CHANDAN,NWR,Rajasthan,26.999949,71.308307,PUBLIC_COMMUNITY
QSR,KANSRAO,NR,Uttarakhand,30.07857,78.141795,PUBLIC_COMMUNITY
JSKA,JATAULA SAMPHKA,NR,Haryana,28.372602,76.799492,PUBLIC_COMMUNITY
JWS,JHARWASAA,NWR,Rajasthan,26.210097,74.7074,PUBLIC_COMMUNITY
JMKR,JAWLMUKHI ROAD,NR,Himachal Pradesh,32.015744,76.226427,PUBLIC_COMMUNITY
KAWL,KANDWAL HALT,NR,Himachal Pradesh,32.282959,75.769823,PUBLIC_COMMUNITY
KAYR,KAYAR,?,Maharashtra,19.90643,78.907292,PUBLIC_COMMUNITY
JTW,JAITWAR,WCR,Madhya Pradesh,24.740226,80.863876,PUBLIC_COMMUNITY
JUK,JAULKA,SCR,Maharashtra,20.285443,77.075909,PUBLIC_COMMUNITY
JKE,JUKEHI,WCR,Madhya Pradesh,23.986873,80.432389,PUBLIC_COMMUNITY
KANO,Kanoh,NR,Himachal Pradesh,30.992083,77.118006,PUBLIC_COMMUNITY
JIND,JIND JN,NR,Haryana,29.328876,76.289617,PUBLIC_COMMUNITY
JDH,JAM JODHPUR JN,WR,Gujarat,21.906659,70.031387,PUBLIC_COMMUNITY
JKB,Jakhalabandha,NFR,Assam,26.563801,92.991109,PUBLIC_COMMUNITY
JVT,JIVANTI HALT,ER,West Bengal,24.080517,88.192446,PUBLIC_COMMUNITY
JMK,JAMUNAMUKH,NFR,Assam,26.108194,92.741306,PUBLIC_COMMUNITY
KDL,Kankroli,NWR,Rajasthan,25.049119,73.909586,PUBLIC_COMMUNITY
JRQ,JHAROKHAS,ECR,Uttar Pradesh,24.179616,83.164151,PUBLIC_COMMUNITY
JEA,Nakaha Jungle,NER,Uttar Pradesh,26.803135,83.360755,PUBLIC_COMMUNITY
JOBA,JOBA,WCR,Madhya Pradesh,24.096599,81.762682,PUBLIC_COMMUNITY
JMN,JAMUAWAN,?,Bihar,24.81523,85.292477,PUBLIC_COMMUNITY
JRLI,Jaroli,?,Orissa,21.952769,85.419294,PUBLIC_COMMUNITY
JSS,JASIA,?,Haryana,29.005749,76.649455,PUBLIC_COMMUNITY
KASU,KASU,CR,Maharashtra,18.64059,73.079446,PUBLIC_COMMUNITY
KAL,Kallai,SR,Tamil Nadu,9.977293,78.670312,PUBLIC_COMMUNITY
KAWR,KARWAR,KR,Karnataka,14.821387,74.183139,PUBLIC_COMMUNITY
IPR,Islampur,ECR,Bihar,25.138577,85.217301,PUBLIC_COMMUNITY
JDB,JAGDALPUR,ECoR,Chhattisgarh,19.066004,82.013757,PUBLIC_COMMUNITY
CGKP,CHANDAGIRIKOPAL,SWR,Karnataka,12.478702,76.716049,PUBLIC_COMMUNITY
JWB,JAWAI BANDH,NWR,Rajasthan,25.114043,73.147325,PUBLIC_COMMUNITY
JJJ,Jaijon Doaba,NR,Punjab,31.349656,76.134971,PUBLIC_COMMUNITY
JJG,JiaGanj,ER,West Bengal,24.244268,88.27698,PUBLIC_COMMUNITY
NGRI,New Garia,,,22.4727,88.397713,PUBLIC_COMMUNITY
HSRA,Hosur,SWR,Tamil Nadu,12.717606,77.822839,PUBLIC_COMMUNITY
KBK,Khamil Ghat,NWR,Rajasthan,25.626813,73.864884,PUBLIC_COMMUNITY
JCN,Junichavand,WR,Gujarat,21.385151,70.683667,PUBLIC_COMMUNITY
KANS,Kansiya Nes,WR,Gujarat,21.244102,70.640042,PUBLIC_COMMUNITY
KDM,KESAMUDRAM,SCR,Andhra Pradesh,17.686252,79.896471,PUBLIC_COMMUNITY
CNHL,CHINK HILL,CR,Maharashtra,18.099269,75.454685,PUBLIC_COMMUNITY
KD,KUNDARKHI,NR,Uttar Pradesh,28.680444,78.788065,PUBLIC_COMMUNITY
COA,Kakinada Port,SCR,Andhra Pradesh,16.955204,82.240057,PUBLIC_COMMUNITY
JRLE,JANGIPUR ROAD,ER,West Bengal,24.459515,88.04076,PUBLIC_COMMUNITY
CKTD,CHITRAKUTDHAM KARWI,NCR,Uttar Pradesh,25.217611,80.922775,PUBLIC_COMMUNITY
KCM,Kalasumudram,SCR,Andhra Pradesh,14.21716,78.099683,PUBLIC_COMMUNITY
KDK,KOHDAD,CR,Madhya Pradesh,21.702623,76.365478,PUBLIC_COMMUNITY
CHU,Champion,SWR,Karnataka,12.936251,78.262564,PUBLIC_COMMUNITY
CJR,CHAMARAJ,WR,Gujarat,22.735539,71.555883,PUBLIC_COMMUNITY
CJL,CHAJLI,NR,Punjab,30.042986,75.812286,PUBLIC_COMMUNITY
KEK,KARKHELI,SCR,Maharashtra,18.944571,77.7382,PUBLIC_COMMUNITY
CNPR,CHAINPUR,ECR,,23.729821,85.582933,PUBLIC_COMMUNITY
KDI,KUNDLI,WR,Gujarat,22.278844,71.683949,PUBLIC_COMMUNITY
CIA,CHHEHARTA,NR,Punjab,31.621878,74.794278,PUBLIC_COMMUNITY
CNO,CANCONA,KR,Goa,15.006906,74.039454,PUBLIC_COMMUNITY
CJA,CHONGAJAN,NFR,Assam,26.062329,93.818104,PUBLIC_COMMUNITY
CLR,CASTLE ROCK,SWR,Karnataka,15.397879,74.334484,PUBLIC_COMMUNITY
KDO,KADAKOLA,SWR,Karnataka,12.190407,76.663729,PUBLIC_COMMUNITY
JPZ,JOGIGHOPA,NFR,Assam,26.241537,90.576384,PUBLIC_COMMUNITY
CMK,Chamak,CR,Maharashtra,,,PUBLIC_COMMUNITY
KGN,Kurseong,NFR,West Bengal,26.877401,88.277001,PUBLIC_COMMUNITY
CKMI,Chhotaki Masaudhi Halt,?,,25.330397,85.031751,PUBLIC_COMMUNITY
KAWT,Kanwat,NWR,Rajasthan,27.589521,75.676266,PUBLIC_COMMUNITY
CNN,Chintaman Ganes,WR,Madhya Pradesh,23.145849,75.741029,PUBLIC_COMMUNITY
CMA,Cinnamara,NFR,Assam,26.715527,94.169432,PUBLIC_COMMUNITY
CMW,Chima Pahad,SCR,Andhra Pradesh,17.516012,80.463656,PUBLIC_COMMUNITY
CHTT,Chitta Halt,NCR,Uttar Pradesh,17.823439,77.537077,PUBLIC_COMMUNITY
CKD,Charkhi Dadri,NWR,Haryana,28.600799,76.279921,PUBLIC_COMMUNITY
CKSR,Chak Safaura Halt,NER,Uttar Pradesh,28.211203,79.842478,PUBLIC_COMMUNITY
CHWT,Chhaprawat,NR,Uttar Pradesh,28.54197,77.799891,PUBLIC_COMMUNITY
KDBA,Kodimbala Halt,SWR,Karnataka,12.718252,75.476631,PUBLIC_COMMUNITY
KEMR,KEMRI,NER,Uttar Pradesh,28.809864,79.197796,PUBLIC_COMMUNITY
KHTX,KHED TEMPLE HALT,NWR,Rajasthan,25.886234,72.109226,PUBLIC_COMMUNITY
CPU,CHOPAN,ECR,Uttar Pradesh,24.51403,83.025843,PUBLIC_COMMUNITY
DAC,DAHINSARA JN,WR,Gujarat,22.955607,70.618291,PUBLIC_COMMUNITY
PTZ,Patsul,SCR,Maharashtra,21.0022,77.038231,PUBLIC_COMMUNITY
KJA,KHAJURHAT,NR,Uttar Pradesh,26.525308,82.126813,PUBLIC_COMMUNITY
DBD,DEOBAND,NR,Uttar Pradesh,29.680032,77.670873,PUBLIC_COMMUNITY
CRG,CHURAMAN NAGRI,WCR,Rajasthan,27.40119,77.61767,PUBLIC_COMMUNITY
COR,CHITTAURGARH,WR,Rajasthan,24.874341,74.623687,PUBLIC_COMMUNITY
CVB,CAVALRY BARRCKS,SCR,Andhra Pradesh,17.494734,78.518694,PUBLIC_COMMUNITY
CUK,CHURK,NCR,Uttar Pradesh,24.649679,83.103201,PUBLIC_COMMUNITY
KIN,Kapasan,NWR,Rajasthan,24.86221,74.312762,PUBLIC_COMMUNITY
KHRY,KHAIRAHI,NCR,Uttar Pradesh,24.802037,82.985774,PUBLIC_COMMUNITY
DAB,DHARMABAD,SCR,Maharashtra,18.88826,77.849342,PUBLIC_COMMUNITY
CRD,MUMBAI CURREY ROAD,CR,Maharashtra,18.9937,72.83266,PUBLIC_COMMUNITY
CTHT,CHATAR HALT,ECR,Bihar,24.842144,85.495374,PUBLIC_COMMUNITY
CRND,Choranda Junction,WR,Gujarat,,,PUBLIC_COMMUNITY
KLAD,KALANAD HALT,SR,Kerala,12.467679,74.998515,PUBLIC_COMMUNITY
DAS,DHASA JN,WR,Gujarat,21.782545,71.518008,PUBLIC_COMMUNITY
KHD,KHODIYAR,WR,Gujarat,23.156554,72.548244,PUBLIC_COMMUNITY
CTRL,CHHATRAL,WR,Gujarat,23.26246,72.468518,PUBLIC_COMMUNITY
CTKT,Choti Khatu,NWR,Rajasthan,27.155534,74.35723,PUBLIC_COMMUNITY
KKD,Kalkund,WR,Madhya Pradesh,22.47801,75.85927,PUBLIC_COMMUNITY
DAVC,Jalalabad DAV College,NR,Punjab,,,PUBLIC_COMMUNITY
CRE,Charghat Piparia,SECR,Madhya Pradesh,23.044097,79.929889,PUBLIC_COMMUNITY
D,Deula,ER,West Bengal,22.214924,88.281483,PUBLIC_COMMUNITY
KJV,Khijadiya Junction,WR,Gujarat,21.740875,71.275556,PUBLIC_COMMUNITY
DARI,Dhari Junction,WR,Gujarat,21.326767,71.027594,PUBLIC_COMMUNITY
DEA,Diara,ER,West Bengal,22.798157,88.280471,PUBLIC_COMMUNITY
CRN,Charegaon,SECR,Madhya Pradesh,22.042038,80.140115,PUBLIC_COMMUNITY
CTL,Chital,WR,Gujarat,21.745689,71.218128,PUBLIC_COMMUNITY
DPUR,Dadpur,,,19.972516,83.250076,PUBLIC_COMMUNITY
KHRI,Kharkhari,SER,Jharkhand,23.760124,86.234894,PUBLIC_COMMUNITY
KFH,Katphal,CR,Maharashtra,18.232551,74.596032,PUBLIC_COMMUNITY
KJPD,Kurinjipadi,SR,Tamil Nadu,11.572583,79.595999,PUBLIC_COMMUNITY
KLH,Khemli,NWR,Rajasthan,24.690834,73.842386,PUBLIC_COMMUNITY
KLNK,Kalanaur Kalan,NWR,Haryana,28.834924,76.389612,PUBLIC_COMMUNITY
DDK,Dhindsa,NR,Punjab,30.895838,74.738503,PUBLIC_COMMUNITY
KMT,KHAMMAM,SCR,Andhra Pradesh,17.249347,80.138491,PUBLIC_COMMUNITY
DEU,Devsana,WR,Gujarat,,,PUBLIC_COMMUNITY
DEWA,Dewa,WR,Gujarat,,,PUBLIC_COMMUNITY
KTHA,KHUTAHA,WCR,Madhya Pradesh,24.802248,80.86085,PUBLIC_COMMUNITY
DGJ,DUNGAR JN,WR,Gujarat,21.078274,71.553226,PUBLIC_COMMUNITY
KMA,KAIMA,WCR,Madhya Pradesh,24.611085,80.845912,PUBLIC_COMMUNITY
KNRG,KANHARGAON NAKA,SCR,Maharashtra,19.943971,77.146226,PUBLIC_COMMUNITY
KMLM,Kelamangalam,SWR,Tamil Nadu,12.6162,77.865703,PUBLIC_COMMUNITY
KTLR,KANTHALIYA ROAD,ER,West Bengal,23.991771,88.179001,PUBLIC_COMMUNITY
KRPR,KAREPUR,SCR,Maharashtra,18.589152,76.681135,PUBLIC_COMMUNITY
KNW,KHANDWA,CR,Madhya Pradesh,21.823596,76.353227,PUBLIC_COMMUNITY
KNG,Kathunangal,NR,Punjab,31.7287,75.015194,PUBLIC_COMMUNITY
DH,Diamond Harbour,ER,West Bengal,22.191902,88.189916,PUBLIC_COMMUNITY
DHY,DHARODI,NR,Haryana,29.639924,76.055975,PUBLIC_COMMUNITY
KNAR,KHANPUR AHIR,NWR,Rajasthan,27.911754,76.589847,PUBLIC_COMMUNITY
KOP,C SHAHU M RAJ KOLHAPUR TERM,CR,Maharashtra,16.70257,74.237695,PUBLIC_COMMUNITY
KOLI,KESHOLI,WCR,Rajasthan,24.727194,76.790369,PUBLIC_COMMUNITY
DGPP,DHENGLI PP GOAN,SCR,Maharashtra,19.406622,76.49169,PUBLIC_COMMUNITY
KTHD,Kothari Road,SECR,Chhattisgarh,22.156964,82.70858,PUBLIC_COMMUNITY
KMBL,KHAMBHALIYA,WR,Gujarat,22.217513,69.657344,PUBLIC_COMMUNITY
KRDL,Kirandul,ECoR,Chhattisgarh,18.757486,81.258131,PUBLIC_COMMUNITY
KNLS,KANALAS JN,WR,Gujarat,22.319955,69.896549,PUBLIC_COMMUNITY
KODN,KODUMUNDA,SR,Kerala,10.816931,76.142879,PUBLIC_COMMUNITY
KSDE,KARSINDHU,NR,Haryana,29.392008,76.731866,PUBLIC_COMMUNITY
KSC,KASHI CHAK,ECR,Bihar,25.070799,85.718754,PUBLIC_COMMUNITY
DGNH,DERGAON HALT,?,,25.088974,85.751319,PUBLIC_COMMUNITY
KRYA,KURRAIYA,NER,Uttar Pradesh,28.416819,80.244212,PUBLIC_COMMUNITY
KRJD,KARJODA,NWR,Gujarat,24.218469,72.455671,PUBLIC_COMMUNITY
KPKI,QASIMPUR KHERI,NR,Uttar Pradesh,29.18277,77.28593,PUBLIC_COMMUNITY
KMSD,Kumar Sadra,ECoR,Chhattisgarh,18.912986,81.671506,PUBLIC_COMMUNITY
KPE,Kauwapur,NER,Uttar Pradesh,27.515822,82.297902,PUBLIC_COMMUNITY
KSUA,Kashipura,WR,Gujarat,23.120701,73.170262,PUBLIC_COMMUNITY
KRA,Karepalli,SCR,Andhra Pradesh,17.511408,80.271865,PUBLIC_COMMUNITY
KTRD,Katosan Road,WR,Gujarat,23.409181,72.246237,PUBLIC_COMMUNITY
DHK,Dhakuria,ER,West Bengal,22.51554,88.371504,PUBLIC_COMMUNITY
KNL,Kalanwali,NWR,Haryana,29.835057,74.97985,PUBLIC_COMMUNITY
LHU,Loharu,NWR,Haryana,28.427051,75.801613,PUBLIC_COMMUNITY
DNHK,DHINDHORA HKMKD,WCR,Rajasthan,26.803925,77.103482,PUBLIC_COMMUNITY
LKY,LAKHMAPUR,SWR,Karnataka,15.870282,75.627712,PUBLIC_COMMUNITY
LPW,Loharpurwa,NER,Uttar Pradesh,27.082641,83.268484,PUBLIC_COMMUNITY
LNS,LUNSU HALT,NR,Himachal Pradesh,32.018944,76.1797,PUBLIC_COMMUNITY
LER,Lehra,NER,Uttar Pradesh,27.161243,83.234142,PUBLIC_COMMUNITY
MKRA,MAKRERA,NWR,Rajasthan,26.310925,74.533372,PUBLIC_COMMUNITY
LHN,LACHYAN,SWR,Maharashtra,17.279574,75.971701,PUBLIC_COMMUNITY
LAUL,LAUL,CR,Maharashtra,18.033873,75.39501,PUBLIC_COMMUNITY
KVC,KAPARPURA,ECR,Bihar,26.179892,85.309233,PUBLIC_COMMUNITY
LDCY,LODI COLONY,NR,Delhi NCT,28.579455,77.216548,PUBLIC_COMMUNITY
MDPA,MANDPIYA,NWR,Rajasthan,25.261369,74.635713,PUBLIC_COMMUNITY
KTE,KATNI,WCR,Madhya Pradesh,23.833385,80.400543,PUBLIC_COMMUNITY
KY,KARELI,WCR,Madhya Pradesh,22.932344,79.066765,PUBLIC_COMMUNITY
LMD,LINGANENIDODDI,SCR,Andhra Pradesh,15.399929,77.703397,PUBLIC_COMMUNITY
KXX,KATA ROAD,SCR,Maharashtra,20.187339,77.11088,PUBLIC_COMMUNITY
KURJ,KHAJURAHO,NCR,Madhya Pradesh,24.796984,79.890022,PUBLIC_COMMUNITY
LKT,HULKOTI,SWR,Karnataka,15.434667,75.531958,PUBLIC_COMMUNITY
LAD,Lohardaga,SER,Jharkhand,23.445967,84.70733,PUBLIC_COMMUNITY
KVS,KALSUR,SWR,Karnataka,14.888042,75.400957,PUBLIC_COMMUNITY
KZPR,KAZIPARA,ER,West Bengal,23.909854,88.188491,PUBLIC_COMMUNITY
LMG,LUMDING JN,NFR,Assam,25.750036,93.1766,PUBLIC_COMMUNITY
LR,LADPURA,NWR,Rajasthan,26.504385,74.728726,PUBLIC_COMMUNITY
KZX,KHUDDA KORALA,NR,Punjab,31.729693,75.647484,PUBLIC_COMMUNITY
MHJ,MAHAJAN,NWR,Rajasthan,28.793007,73.853666,PUBLIC_COMMUNITY
LKS,LUNKARANSAR,NWR,Rajasthan,28.493395,73.743155,PUBLIC_COMMUNITY
MJBT,MAJBAT,,,26.784587,92.287814,PUBLIC_COMMUNITY
LUNI,LUNI JN,NWR,Rajasthan,26.001256,73.003175,PUBLIC_COMMUNITY
KTRR,Kathara Road,NCR,Uttar Pradesh,26.310011,80.228735,PUBLIC_COMMUNITY
KWW,Kuswa,NCR,Uttar Pradesh,27.473814,78.403697,PUBLIC_COMMUNITY
KUDL,KUDAL,KR,Maharashtra,16.017651,73.67813,PUBLIC_COMMUNITY
KUL,KALLAYI,SR,Kerala,11.234607,75.788884,PUBLIC_COMMUNITY
KVM,Kavutaram,SCR,Andhra Pradesh,16.32892,81.069608,PUBLIC_COMMUNITY
DNZ,Dhanori,CR,Maharashtra,,,PUBLIC_COMMUNITY
MAD,MADDUR,SWR,Karnataka,12.604742,77.049522,PUBLIC_COMMUNITY
KUPR,Khurdpur,NR,Punjab,31.424854,75.72317,PUBLIC_COMMUNITY
BDYR,Bidyadabri,,,26.271855,89.767506,PUBLIC_COMMUNITY
MAH,Madhoganj,NR,Uttar Pradesh,27.117963,80.135457,PUBLIC_COMMUNITY
LOV,Lovedale,SR,Tamil Nadu,11.382403,76.704285,PUBLIC_COMMUNITY
LKQ,Laukaha Bazar,ECR,Bihar,26.543198,86.463013,PUBLIC_COMMUNITY
KVLR,Karuvalli,SWR,Tamil Nadu,11.831114,78.027912,PUBLIC_COMMUNITY
LSG,Lawa Sardargarh,NWR,Rajasthan,25.272756,73.948453,PUBLIC_COMMUNITY
MJL,MAJHOWLIA,ECR,Bihar,26.802772,84.619139,PUBLIC_COMMUNITY
JML,Jumnal,,,16.723002,75.714134,PUBLIC_COMMUNITY
MNKB,MIYONKA BARA,NWR,Rajasthan,25.872727,72.728511,PUBLIC_COMMUNITY
MBG,MAIBANG,NFR,Assam,25.30497,93.135371,PUBLIC_COMMUNITY
MKR,MADDIKERA,SCR,Andhra Pradesh,15.256635,77.411496,PUBLIC_COMMUNITY
MC,MANDAPAM CAMP,SR,Tamil Nadu,9.281533,79.134997,PUBLIC_COMMUNITY
LUR,LATUR,CR,Maharashtra,18.429166,76.556049,PUBLIC_COMMUNITY
MJPB,Manjhra Purab,NER,Uttar Pradesh,28.300646,81.160402,PUBLIC_COMMUNITY
LTRR,LATUR ROAD,SCR,Maharashtra,18.506494,76.845289,PUBLIC_COMMUNITY
MKHR,MARWAR KHARA,NWR,Rajasthan,27.060569,72.130072,PUBLIC_COMMUNITY
MABD,MAHBUBABAD,SCR,Andhra Pradesh,17.597561,79.999792,PUBLIC_COMMUNITY
MGG,MANGLIYA GAON,WR,Madhya Pradesh,22.815074,75.918051,PUBLIC_COMMUNITY
MGL,MANGELA,?,Karnataka,16.223191,75.749383,PUBLIC_COMMUNITY
MDS,MANDASOR,WR,Madhya Pradesh,24.075937,75.076343,PUBLIC_COMMUNITY
MAKH,MOKHAMPURA,NWR,Rajasthan,26.030315,74.68323,PUBLIC_COMMUNITY
MAY,MARIAHU,NR,Uttar Pradesh,25.597006,82.598166,PUBLIC_COMMUNITY
MLDE,MADLAUDA,NR,Haryana,29.399824,76.809711,PUBLIC_COMMUNITY
MED,MEDCHAL,SCR,Andhra Pradesh,17.639335,78.474557,PUBLIC_COMMUNITY
ME,MASAIPET,SCR,Andhra Pradesh,17.880537,78.466957,PUBLIC_COMMUNITY
MDVR,MADHAVNAGAR,CR,Maharashtra,16.886605,74.575493,PUBLIC_COMMUNITY
KDRD,KHULDIL ROAD,ECR,Uttar Pradesh,24.368372,82.86161,PUBLIC_COMMUNITY
MLI,MANGALIYAWAS,NWR,Rajasthan,26.278197,74.492705,PUBLIC_COMMUNITY
MDT,MADARIHAT,NFR,West Bengal,26.694551,89.274559,PUBLIC_COMMUNITY
DWDI,Dighwa Dubauli,NER,Bihar,26.26523,84.743249,PUBLIC_COMMUNITY
MHV,MAHUVA JN,WR,Gujarat,21.09412,71.756011,PUBLIC_COMMUNITY
MHBZ,Mahtha Bazar,NER,Uttar Pradesh,27.391561,82.957379,PUBLIC_COMMUNITY
MIM,Maniram,NER,Uttar Pradesh,26.838267,83.342407,PUBLIC_COMMUNITY
MBV,Mirzapur Bachhaud,NWR,Haryana,28.077937,76.198447,PUBLIC_COMMUNITY
MDDG,Malad Gaon,CR,Maharashtra,18.36212,74.596581,PUBLIC_COMMUNITY
MNJR,Manjhlepur,NR,Uttar Pradesh,25.994578,81.178625,PUBLIC_COMMUNITY
MGF,Mandagere,SWR,Karnataka,12.730158,76.378905,PUBLIC_COMMUNITY
GADH,Goaldih,?,Orissa,21.726323,85.546265,PUBLIC_COMMUNITY
MDE,Makhdumpur Gaya,ECR,Bihar,25.077131,84.979105,PUBLIC_COMMUNITY
MHQ,Mahuda,SER,Jharkhand,23.747481,86.270783,PUBLIC_COMMUNITY
MMD,Maheshmunda,ER,Jharkhand,24.232416,86.389033,PUBLIC_COMMUNITY
MRHT,MORANHAT,NFR,Assam,27.182978,94.919308,PUBLIC_COMMUNITY
MTMI,MOTIMARI,SCR,Andhra Pradesh,16.956602,80.320896,PUBLIC_COMMUNITY
MVN,MILAVITTAN,SR,Tamil Nadu,8.811577,78.087335,PUBLIC_COMMUNITY
MQC,MUNDKA,NR,Delhi NCT,28.688491,77.028569,PUBLIC_COMMUNITY
MRV,MARSUL,SCR,Maharashtra,19.233398,77.098156,PUBLIC_COMMUNITY
MY,MALLIYAM,SR,Tamil Nadu,11.079116,79.595866,PUBLIC_COMMUNITY
MOPR,MOHANPURA,NR,Rajasthan,29.992445,73.845031,PUBLIC_COMMUNITY
MSR,MASUR,CR,Maharashtra,17.404241,74.144209,PUBLIC_COMMUNITY
MPLM,MARTHIPALAYAM,SR,Tamil Nadu,11.021579,78.023359,PUBLIC_COMMUNITY
NRD,NARODA,WR,Gujarat,23.085662,72.658017,PUBLIC_COMMUNITY
MUUA,MAHUAWA KHURD,NER,Uttar Pradesh,26.854361,83.593922,PUBLIC_COMMUNITY
MSH,MAHESANA JN,WR,Gujarat,23.602623,72.388708,PUBLIC_COMMUNITY
NIIJ,NILAJE,CR,Maharashtra,19.155062,73.079908,PUBLIC_COMMUNITY
MUKE,MUKKALI,SR,Kerala,11.68423,75.550362,PUBLIC_COMMUNITY
MVF,MANABAR,ECoR,Orissa,18.839732,82.695903,PUBLIC_COMMUNITY
MYS,MYSORE JN,SWR,Karnataka,12.318946,76.646013,PUBLIC_COMMUNITY
MRF,Marpalli,SCR,Andhra Pradesh,17.54542,77.771485,PUBLIC_COMMUNITY
MSS,Masarahalli,SWR,Karnataka,13.804192,75.735905,PUBLIC_COMMUNITY
MPE,Malatipur,ER,West Bengal,22.651892,88.762823,PUBLIC_COMMUNITY
NPS,Napasar,NWR,Rajasthan,27.980942,73.56399,PUBLIC_COMMUNITY
MZU,Marandahalli,SWR,Tamil Nadu,12.388944,78.017329,PUBLIC_COMMUNITY
MXP,Malupota,NR,Punjab,31.184014,75.965393,PUBLIC_COMMUNITY
MPG,Manpur Nagaria,NER,Uttar Pradesh,27.908304,78.818201,PUBLIC_COMMUNITY
MTND,Mattagajpur,ECoR,Orissa,20.441552,85.946128,PUBLIC_COMMUNITY
PAW,PANDABESWAR,ER,West Bengal,23.711965,87.277416,PUBLIC_COMMUNITY
MYR,MAIHAR,WCR,Madhya Pradesh,24.255485,80.763148,PUBLIC_COMMUNITY
NBUE,NIBKARORI,NCR,Uttar Pradesh,27.328749,79.40996,PUBLIC_COMMUNITY
PBN,PARBHANI JN,SCR,Maharashtra,19.25746,76.774119,PUBLIC_COMMUNITY
PAU,PURNA JN,SCR,Maharashtra,19.180527,77.024985,PUBLIC_COMMUNITY
OSN,OSIYAN,NWR,Rajasthan,26.729223,72.899779,PUBLIC_COMMUNITY
NGTG,New Gitaldaha,NFR,West Bengal,26.070776,89.586875,PUBLIC_COMMUNITY
PBM,PAMBAN JN,SR,Tamil Nadu,9.279729,79.213482,PUBLIC_COMMUNITY
ORDI,ORDI,WR,Rajasthan,24.835767,74.63042,PUBLIC_COMMUNITY
NM,Naimisharanya,NR,Uttar Pradesh,27.355137,80.484435,PUBLIC_COMMUNITY
PALM,PALAIYAM,SR,Tamil Nadu,10.718615,78.129081,PUBLIC_COMMUNITY
PHC,PANCHOT,WR,Gujarat,23.635162,72.339879,PUBLIC_COMMUNITY
NVLN,NAWALGOHAN,SCR,Maharashtra,19.798635,77.123272,PUBLIC_COMMUNITY
NLE,NILESHWAR,SR,Kerala,12.255885,75.13575,PUBLIC_COMMUNITY
NWD,NAWADIH,ECR,Bihar,24.886758,85.548645,PUBLIC_COMMUNITY
NNGL,Naya Nangal,NR,Punjab,31.378961,76.354211,PUBLIC_COMMUNITY
JMM,JAIMURTINAGAR F,,,26.836932,85.066065,PUBLIC_COMMUNITY
NAU,NADAPURAM ROAD,SR,Kerala,11.639509,75.575581,PUBLIC_COMMUNITY
NHF,Nihasta Halt,NR,Uttar Pradesh,26.212313,80.925035,PUBLIC_COMMUNITY
PANP,PANDAVAPURA,SWR,Karnataka,12.463018,76.681387,PUBLIC_COMMUNITY
NVU,NAVALUR,SWR,Karnataka,15.415518,75.055491,PUBLIC_COMMUNITY
NYY,NEYYATTINKARA,SR,Kerala,8.41041,77.08111,PUBLIC_COMMUNITY
NLQ,Nangal Pathani Halt,NWR,Haryana,28.364489,76.496786,PUBLIC_COMMUNITY
NRJ,Narimogaru,SWR,Karnataka,12.746386,75.292427,PUBLIC_COMMUNITY
GNV,Gandevi,WR,Gujarat,,,PUBLIC_COMMUNITY
NRKP,Narkopi,SER,Jharkhand,23.37562,85.015624,PUBLIC_COMMUNITY
GNS,Ghonsor,SECR,Madhya Pradesh,22.658083,79.95091,PUBLIC_COMMUNITY
NNP,Nanpara Junction,NER,Uttar Pradesh,27.859887,81.512594,PUBLIC_COMMUNITY
NMGY,Numaligarh,NFR,Assam,26.601184,93.865713,PUBLIC_COMMUNITY
NPR,Nepalganj Road,NER,Uttar Pradesh,28.010872,81.60073,PUBLIC_COMMUNITY
NKR,Nimar Kheri,WR,Madhya Pradesh,22.11119,76.150998,PUBLIC_COMMUNITY
NTV,Nautanwa,NER,Uttar Pradesh,27.42688,83.421297,PUBLIC_COMMUNITY
NTM,Narthamalai,SR,Tamil Nadu,10.506577,78.78914,PUBLIC_COMMUNITY
PAQ,PADIYA NAQLA,NER,Uttarakhand,29.085837,78.90761,PUBLIC_COMMUNITY
PKNA,PAKHNA,NCR,Uttar Pradesh,27.302522,79.304318,PUBLIC_COMMUNITY
PO,PARANGIPETTAI,SR,Tamil Nadu,11.476847,79.736045,PUBLIC_COMMUNITY
PPH,PIPRI DIH,NER,Uttar Pradesh,25.879046,83.500574,PUBLIC_COMMUNITY
PPU,PIPARPUR,NR,Uttar Pradesh,26.137823,82.038949,PUBLIC_COMMUNITY
PSLP,PASALAPUDI,SCR,Andhra Pradesh,16.470923,81.095153,PUBLIC_COMMUNITY
OTR,MOTURU,SCR,Andhra Pradesh,16.439969,81.051142,PUBLIC_COMMUNITY
PDZ,PILIODA,WCR,Rajasthan,26.606366,76.864382,PUBLIC_COMMUNITY
PJK,PANJ KOSI,NR,Rajasthan,30.137676,74.057408,PUBLIC_COMMUNITY
PKK,PAKKI,NR,Punjab,30.164759,74.355504,PUBLIC_COMMUNITY
NVT,NAVIPET,SCR,Andhra Pradesh,18.770457,78.013194,PUBLIC_COMMUNITY
PGG,PENGANGA,SCR,Maharashtra,19.960321,77.123045,PUBLIC_COMMUNITY
PBV,Paliba,ECoR,Orissa,18.659915,82.695712,PUBLIC_COMMUNITY
PDG,PARADGAON,SCR,Maharashtra,19.629143,76.147387,PUBLIC_COMMUNITY
PPDE,PANDU PINDARA,NR,Haryana,29.307976,76.371308,PUBLIC_COMMUNITY
PCL,Pulicherla,SCR,Andhra Pradesh,13.598983,79.040396,PUBLIC_COMMUNITY
BNDA,BANDA JN,NCR,Uttar Pradesh,25.477677,80.336246,PUBLIC_COMMUNITY
QRP,KILA RAIPUR,NR,Punjab,30.759177,75.827486,PUBLIC_COMMUNITY
PLCJ,PHALODI JN,NWR,Rajasthan,27.124914,72.366863,PUBLIC_COMMUNITY
PDR,Payagpur,NER,Uttar Pradesh,27.407067,81.776186,PUBLIC_COMMUNITY
PRDG,PORADANGA HALT,ER,West Bengal,24.260273,88.226165,PUBLIC_COMMUNITY
PAS,PASUR,SR,Tamil Nadu,11.236641,77.857087,PUBLIC_COMMUNITY
PSAE,PURBASTHALI,ER,West Bengal,23.453302,88.323896,PUBLIC_COMMUNITY
PNVT,PANCHARATNA,NFR,Assam,26.158866,90.555996,PUBLIC_COMMUNITY
HFG,Haflong Hill,NFR,Assam,,,PUBLIC_COMMUNITY
PPW,Pachperwa,NER,Uttar Pradesh,27.528038,82.657808,PUBLIC_COMMUNITY
PKB,PATHARKHOLA S,NFR,Assam,25.778931,93.102978,PUBLIC_COMMUNITY
PNT,PANITOLA,NFR,Assam,27.496751,95.249942,PUBLIC_COMMUNITY
PNGI,Panangudi,SR,Tamil Nadu,9.921169,78.612621,PUBLIC_COMMUNITY
PCH,PACHHAPUR,SWR,Karnataka,16.093145,74.672174,PUBLIC_COMMUNITY
PLV,PALSI,CR,Maharashtra,17.812195,74.111907,PUBLIC_COMMUNITY
PRSP,PRASADPUR,NER,Uttar Pradesh,28.54694,80.081172,PUBLIC_COMMUNITY
PJ,Peppeganj,NER,Uttar Pradesh,26.930569,83.294438,PUBLIC_COMMUNITY
PN,PANSAR,WR,Gujarat,23.307875,72.47975,PUBLIC_COMMUNITY
PDY,Puducherry,SR,Puducherry,11.925446,79.828127,PUBLIC_COMMUNITY
PIS,Piska,SER,Jharkhand,23.329543,85.206102,PUBLIC_COMMUNITY
PFU,Padua,ECoR,Orissa,18.396744,82.687882,PUBLIC_COMMUNITY
NUJ,Nujella,SCR,Andhra Pradesh,16.386599,81.022402,PUBLIC_COMMUNITY
HT,Hotar,ER,West Bengal,22.308541,88.399008,PUBLIC_COMMUNITY
PRSL,Pandrasali,SER,Jharkhand,22.63341,85.806909,PUBLIC_COMMUNITY
PHM,Patapatnam,ECoR,Andhra Pradesh,18.740753,84.08147,PUBLIC_COMMUNITY
PM,PALAM,NR,Delhi NCT,28.585656,77.09295,PUBLIC_COMMUNITY
PTAE,PATULI,ER,West Bengal,23.547585,88.251714,PUBLIC_COMMUNITY
BKIT,BINKADAKATTI,,,15.436714,75.595474,PUBLIC_COMMUNITY
PVR,PANDHARPUR,CR,Maharashtra,17.66849,75.319283,PUBLIC_COMMUNITY
ROS,RAJOSI,NWR,Rajasthan,26.312897,74.671814,PUBLIC_COMMUNITY
RJT,RAJKOT JN,WR,Gujarat,22.312206,70.803446,PUBLIC_COMMUNITY
INDB,INDORE JN BG,WR,Madhya Pradesh,22.71757,75.868429,PUBLIC_COMMUNITY
RGI,RAMGIRI,SWR,Karnataka,13.950145,76.125454,PUBLIC_COMMUNITY
RBG,RAYBAG,SWR,Karnataka,16.483375,74.806826,PUBLIC_COMMUNITY
SBNR,SHRI VIJAINAGAR,NWR,Rajasthan,29.240494,73.523389,PUBLIC_COMMUNITY
PNHR,PANIHAR,WCR,Madhya Pradesh,26.099221,78.014931,PUBLIC_COMMUNITY
KRBR,KERKHABARI,,,26.300344,90.625041,PUBLIC_COMMUNITY
PVZ,Parvezpur,NWR,Rajasthan,28.510828,75.728178,PUBLIC_COMMUNITY
PP,PURANPUR,NER,Uttar Pradesh,28.514911,80.150951,PUBLIC_COMMUNITY
RKZ,RAJKIAWAS,NWR,Rajasthan,25.75038,73.523536,PUBLIC_COMMUNITY
RMGM,RAMANAGARAM,SWR,Karnataka,12.720096,77.283451,PUBLIC_COMMUNITY
RKY,KOTHARIYA,WR,Gujarat,22.176807,70.814382,PUBLIC_COMMUNITY
RBR,RIBADA,WR,Gujarat,22.124961,70.800952,PUBLIC_COMMUNITY
CKA,Chak Pakhhewala,NR,Punjab,30.434234,74.19716,PUBLIC_COMMUNITY
RN,RATNAGIRI,KR,Maharashtra,17.002793,73.356938,PUBLIC_COMMUNITY
MIX,Manipuram Cabin,,,16.29953,80.45759,PUBLIC_COMMUNITY
REJ,Rejinagar,ER,West Bengal,23.85009,88.259255,PUBLIC_COMMUNITY
RHMA,Rahama,ECoR,Orissa,20.298605,86.405224,PUBLIC_COMMUNITY
RMPH,Rampahari,NCR,Madhya Pradesh,26.2365,77.357146,PUBLIC_COMMUNITY
RDV,Radha Balampur,NR,Uttar Pradesh,26.083856,81.107034,PUBLIC_COMMUNITY
PUW,Patuwas Mehrana,NWR,Haryana,28.557035,76.333688,PUBLIC_COMMUNITY
RGU,Ragaul,NCR,Uttar Pradesh,25.686945,80.129683,PUBLIC_COMMUNITY
PTYR,Patiyara,NR,Uttar Pradesh,26.627948,80.476502,PUBLIC_COMMUNITY
PUMU,Penumarru,SCR,Andhra Pradesh,16.131433,80.77586,PUBLIC_COMMUNITY
RNGG,Rangaliting,NFR,Assam,26.656417,93.918286,PUBLIC_COMMUNITY
RYP,RAYANAPAD,SCR,Andhra Pradesh,16.577504,80.562937,PUBLIC_COMMUNITY
RMD,RAMANATHAPURAM,SR,Tamil Nadu,9.358387,78.836862,PUBLIC_COMMUNITY
SFPR,Safipur,NR,Uttar Pradesh,26.744344,80.354767,PUBLIC_COMMUNITY
RSH,Ratan Shahr,NWR,Rajasthan,28.158119,75.523981,PUBLIC_COMMUNITY
JLY,Jhilmili,SECR,Madhya Pradesh,22.054052,79.154333,PUBLIC_COMMUNITY
SDD,SINDHAWADAR,WR,Gujarat,22.546528,70.894135,PUBLIC_COMMUNITY
SII,SITIMANI,SWR,Karnataka,16.31992,75.865598,PUBLIC_COMMUNITY
SHSK,SAHARSRAKUND,SCR,Maharashtra,19.402665,78.007953,PUBLIC_COMMUNITY
SFM,SUNAM,NR,Punjab,30.130335,75.808761,PUBLIC_COMMUNITY
SBLT,SHRI BHADRIYA LATHI,NWR,Rajasthan,27.030421,71.515941,PUBLIC_COMMUNITY
SBZ,SISWA BAZAR,NER,Uttar Pradesh,27.149567,83.756349,PUBLIC_COMMUNITY
SGL,SAGAULI JN,ECR,Bihar,26.758187,84.73934,PUBLIC_COMMUNITY
SGW,SINGWAL,NWR,Rajasthan,26.061015,74.682759,PUBLIC_COMMUNITY
SDH,SARADHNA,NWR,Rajasthan,26.340426,74.566205,PUBLIC_COMMUNITY
SBH,SULEBHAVI,SWR,Karnataka,15.912563,74.641724,PUBLIC_COMMUNITY
SDT,SADAT,NER,Uttar Pradesh,25.673309,83.308384,PUBLIC_COMMUNITY
SHAN,SRINIVASA NAGAR,SCR,Andhra Pradesh,17.909956,78.461921,PUBLIC_COMMUNITY
SCP,SIRNAPALLI,SCR,Andhra Pradesh,18.487478,78.271132,PUBLIC_COMMUNITY
RJI,RAJAWARI,NER,Uttar Pradesh,25.497689,83.130772,PUBLIC_COMMUNITY
SEU,SENDRA,NWR,Rajasthan,26.077974,74.194143,PUBLIC_COMMUNITY
SKLR,Sakleshpur,SWR,Karnataka,12.945368,75.778745,PUBLIC_COMMUNITY
SHV,SHIVANI,SWR,Karnataka,13.81114,76.058236,PUBLIC_COMMUNITY
RWO,RANAVAV,WR,Gujarat,21.698214,69.726078,PUBLIC_COMMUNITY
SHMI,SHIROOR,KR,Karnataka,13.930712,74.593966,PUBLIC_COMMUNITY
S,SHRIRANGAPATNA,SWR,Karnataka,12.4247,76.678033,PUBLIC_COMMUNITY
RXL,RAXAUL JN,ECR,Bihar,26.987018,84.844564,PUBLIC_COMMUNITY
SDS,Sadulshahr,NWR,Rajasthan,29.902641,74.172704,PUBLIC_COMMUNITY
SMPR,Shri Madhopur,NWR,Rajasthan,27.457628,75.598294,PUBLIC_COMMUNITY
SCQ,Sham Chaurasi,NR,Punjab,31.45851,75.76642,PUBLIC_COMMUNITY
NDRT,Nangal Degrota,,,28.367897,76.067464,PUBLIC_COMMUNITY
SDBH,Sindri Block Hut,ECR,Jharkhand,23.692944,86.447091,PUBLIC_COMMUNITY
JWKA,Jandwala Kharta,,,30.357634,74.029054,PUBLIC_COMMUNITY
SMLT,SAMLOTI,NR,Himachal Pradesh,32.098872,76.360945,PUBLIC_COMMUNITY
SKGH,SAKTESGARH,NCR,Uttar Pradesh,24.999741,82.821887,PUBLIC_COMMUNITY
SNGR,SANGANAPUR,SCR,Maharashtra,19.188596,76.7364,PUBLIC_COMMUNITY
SPDR,SHEOPRASADNAGER,SECR,Chhattisgarh,23.303628,82.789857,PUBLIC_COMMUNITY
SRU,SALEMPUR JN,NER,Uttar Pradesh,26.298048,83.923271,PUBLIC_COMMUNITY
SNAP,SONA ARJUNPUR,NR,Uttar Pradesh,29.758281,77.452528,PUBLIC_COMMUNITY
SQD,SATTIRAKKUDI,SR,Tamil Nadu,9.400229,78.704868,PUBLIC_COMMUNITY
SNKG,SANKARAGUMMANUR HALT,SCR,Andhra Pradesh,15.167166,77.235523,PUBLIC_COMMUNITY
SONI,SONI,NCR,Madhya Pradesh,26.527305,78.555226,PUBLIC_COMMUNITY
SMAE,SAMUDRAGARH,ER,West Bengal,23.335767,88.324967,PUBLIC_COMMUNITY
SFX,SAFILGUDA,SCR,Andhra Pradesh,17.461671,78.53311,PUBLIC_COMMUNITY
SLGH,SHELGOAN H,SCR,Maharashtra,19.080131,77.588391,PUBLIC_COMMUNITY
SNH,SAUNSHI,SWR,Karnataka,15.206786,75.295781,PUBLIC_COMMUNITY
SSGJ,SURSARAIGHAT JH,WCR,Madhya Pradesh,24.023428,82.124918,PUBLIC_COMMUNITY
PAV,Pedana,SCR,Andhra Pradesh,16.252107,81.143792,PUBLIC_COMMUNITY
SJPM,SUJATA PURAM HALT,SWR,Karnataka,12.140253,76.675521,PUBLIC_COMMUNITY
STR,SATARA,CR,Maharashtra,17.688361,74.063727,PUBLIC_COMMUNITY
SRVN,Sravanur,SWR,Karnataka,12.743443,76.355604,PUBLIC_COMMUNITY
SKU,Sikroda,NCR,Madhya Pradesh,26.336915,77.732363,PUBLIC_COMMUNITY
SLB,SALBONI,SER,West Bengal,22.640971,87.321899,PUBLIC_COMMUNITY
SRJM,SIRJAM,SER,West Bengal,23.403864,86.835097,PUBLIC_COMMUNITY
SSB,SHAKURBASTI,NR,Delhi NCT,28.680227,77.129912,PUBLIC_COMMUNITY
SML,Shimla,NR,Himachal Pradesh,31.102794,77.159932,PUBLIC_COMMUNITY
KARO,Khario P.H.,?,,23.835655,86.192092,PUBLIC_COMMUNITY
SN,Sukna,NFR,West Bengal,26.790887,88.363493,PUBLIC_COMMUNITY
SMKT,Somankatti,SWR,Karnataka,15.766716,75.632594,PUBLIC_COMMUNITY
SIRA,Sirhi Itara,NCR,Uttar Pradesh,26.367008,80.215235,PUBLIC_COMMUNITY
SOT,Shohratgarh,NER,Uttar Pradesh,27.374711,82.969293,PUBLIC_COMMUNITY
SRMP,Sirsi Mukhdumpr,NR,Uttar Pradesh,28.633209,78.635169,PUBLIC_COMMUNITY
SURP,Suratpura,NWR,Rajasthan,28.661958,75.406758,PUBLIC_COMMUNITY
PTS,Patansaongi,SECR,Maharashtra,21.344445,79.010677,PUBLIC_COMMUNITY
SIY,Sirry,SECR,Chhattisgarh,20.990441,81.731233,PUBLIC_COMMUNITY
KBPR,Kabakaputtur,SWR,Karnataka,12.768396,75.204502,PUBLIC_COMMUNITY
SWO,Sonwara,NR,Himachal Pradesh,30.894075,77.004229,PUBLIC_COMMUNITY
SRTN,SIBSAGAR TOWN,NFR,Assam,26.989968,94.643517,PUBLIC_COMMUNITY
JMD,Jamdha,CR,Maharashtra,20.574085,74.985547,PUBLIC_COMMUNITY
THAN,THAN JN,WR,Gujarat,22.57896,71.206533,PUBLIC_COMMUNITY
TIP,TATTAPPARAI,SR,Tamil Nadu,8.828581,78.022486,PUBLIC_COMMUNITY
TJ,THANJAVUR,SR,Tamil Nadu,10.778085,79.138296,PUBLIC_COMMUNITY
THPR,TIPPAPUR,SCR,Andhra Pradesh,18.194122,78.37738,PUBLIC_COMMUNITY
SUNR,SURENDRANAGAR,WR,Gujarat,22.7443,71.630056,PUBLIC_COMMUNITY
TLMG,TALMADUGU,?,Andhra Pradesh,19.641776,78.396354,PUBLIC_COMMUNITY
TL,TILONIYA,NWR,Rajasthan,26.652675,74.934194,PUBLIC_COMMUNITY
SUNM,SUNAMAI HALT,NR,Uttar Pradesh,28.097372,78.220525,PUBLIC_COMMUNITY
THM,THALYAT HAMIRA,NWR,Rajasthan,26.992726,71.077426,PUBLIC_COMMUNITY
TGT,TINAI GHAT,SWR,Karnataka,15.449132,74.404471,PUBLIC_COMMUNITY
SVL,Sevaliya,WR,Gujarat,22.807897,73.344328,PUBLIC_COMMUNITY
THX,TOVALAI,SR,Tamil Nadu,8.228258,77.506216,PUBLIC_COMMUNITY
THW,THARWAI,NR,Uttar Pradesh,25.539219,81.914693,PUBLIC_COMMUNITY
SVNR,SAVANUR,SWR,Karnataka,14.961709,75.406319,PUBLIC_COMMUNITY
STE,Sagarkatte,SWR,Karnataka,12.423382,76.478877,PUBLIC_COMMUNITY
TBTN,THANA BHAWAN TN,NR,Uttar Pradesh,29.58113,77.402047,PUBLIC_COMMUNITY
TIC,TIMMACHIPURAM,SR,Tamil Nadu,10.952368,78.37531,PUBLIC_COMMUNITY
TDO,TANDA URMAR,NR,Punjab,31.672179,75.637595,PUBLIC_COMMUNITY
SZN,Shahbaznagar,NER,Uttar Pradesh,27.928906,79.88703,PUBLIC_COMMUNITY
SZV,Sivadi,SWR,Tamil Nadu,12.039872,78.118844,PUBLIC_COMMUNITY
TBA,Timba Road,WR,Gujarat,22.781628,73.385859,PUBLIC_COMMUNITY
SUBR,Subhagpur,NER,Uttar Pradesh,27.26251,82.017643,PUBLIC_COMMUNITY
SRBA,Saragbundia,SECR,Chhattisgarh,22.212297,82.732324,PUBLIC_COMMUNITY
SZY,Silak Jhori,ECoR,Chhattisgarh,18.982188,81.672904,PUBLIC_COMMUNITY
TKP,Takipur,ER,West Bengal,24.303242,87.920594,PUBLIC_COMMUNITY
SRJN,Sirajnagar Halt,ER,West Bengal,23.818591,88.27076,PUBLIC_COMMUNITY
SXC,Sondalia,ER,West Bengal,22.682186,88.582275,PUBLIC_COMMUNITY
TBD,Telibandha,SECR,Chhattisgarh,21.235642,81.67053,PUBLIC_COMMUNITY
TNUE,TINDAULI,NCR,Uttar Pradesh,27.183053,78.92129,PUBLIC_COMMUNITY
TRM,TIRUNAGESVARAM,SR,Tamil Nadu,10.975208,79.428212,PUBLIC_COMMUNITY
TWL,TILWARA,NWR,Rajasthan,25.893262,72.078131,PUBLIC_COMMUNITY
TTI,TURTIPAR,NER,Uttar Pradesh,26.16121,83.890841,PUBLIC_COMMUNITY
UPW,UPPALAVAI,SCR,Andhra Pradesh,18.424892,78.316108,PUBLIC_COMMUNITY
URPR,UGRASENPUR,NR,Uttar Pradesh,25.568212,82.189171,PUBLIC_COMMUNITY
VBN,VALLABHNAGAR,NWR,Rajasthan,24.690424,74.018709,PUBLIC_COMMUNITY
TUWA,Tuwa,WR,Gujarat,22.800702,73.463163,PUBLIC_COMMUNITY
UJA,UNJHA,WR,Gujarat,23.796456,72.381669,PUBLIC_COMMUNITY
VND,VENDRA,SCR,Andhra Pradesh,16.578434,81.569095,PUBLIC_COMMUNITY
VP,VIRAPUR,SCR,Andhra Pradesh,15.158976,77.131692,PUBLIC_COMMUNITY
TVG,TAVARGATTI,SWR,Karnataka,15.414854,74.662875,PUBLIC_COMMUNITY
TP,TIRUCHIRAPPALLI FORT,SR,Tamil Nadu,10.825594,78.688891,PUBLIC_COMMUNITY
UNLA,UNAULA,NER,Uttar Pradesh,26.788432,83.471435,PUBLIC_COMMUNITY
KPB,KHARPOKHRA,ECR,,27.142566,84.152693,PUBLIC_COMMUNITY
VRL,VERAVAL,WR,Gujarat,20.913351,70.370689,PUBLIC_COMMUNITY
VEER,VEER,KR,Maharashtra,18.113402,73.330077,PUBLIC_COMMUNITY
VBW,VAIBHAVWADI RD,KR,Maharashtra,16.512013,73.707645,PUBLIC_COMMUNITY
THA,Tehta,ECR,Bihar,25.113068,84.985023,PUBLIC_COMMUNITY
VEN,VERNA,KR,Goa,15.353587,73.912519,PUBLIC_COMMUNITY
TPB,Trilokpur,NER,Uttar Pradesh,27.50819,82.701077,PUBLIC_COMMUNITY
DBNR,Dibnapur,NER,Uttar Pradesh,28.524363,79.51619,PUBLIC_COMMUNITY
TMKA,Tomka,ECoR,Orissa,21.107333,85.975352,PUBLIC_COMMUNITY
UJH,Ujhani,NER,Uttar Pradesh,27.995236,79.01491,PUBLIC_COMMUNITY
UBN,Ubarni,NR,Uttar Pradesh,26.118214,81.163629,PUBLIC_COMMUNITY
TMS,Tumsar Town,SECR,Maharashtra,21.383833,79.741784,PUBLIC_COMMUNITY
TXD,Tyada,ECoR,Andhra Pradesh,18.217967,83.04219,PUBLIC_COMMUNITY
UMG,Uttangal Mangalam,SR,Tamil Nadu,11.535044,79.419161,PUBLIC_COMMUNITY
MPKT,CHENNAI PARK TOWN,SR,Tamil Nadu,13.07995,80.275985,PUBLIC_COMMUNITY
WL,WARANGAL,SCR,Andhra Pradesh,17.972477,79.604929,PUBLIC_COMMUNITY
MRPR,MAU RANIPUR,NCR,Uttar Pradesh,25.261271,79.136793,PUBLIC_COMMUNITY
VVA,VARVALA,WR,Gujarat,22.299503,68.967841,PUBLIC_COMMUNITY
MGO,MAHISGAON,CR,Maharashtra,18.111324,75.501817,PUBLIC_COMMUNITY
ZW,ZAWAR,NWR,Rajasthan,24.358621,73.731959,PUBLIC_COMMUNITY
WRS,WARIS ALEGANJ,ECR,Bihar,25.015425,85.642177,PUBLIC_COMMUNITY
VZPH,Vazeerpur Halt,NER,Uttar Pradesh,28.148542,79.863989,PUBLIC_COMMUNITY
WTJ,JAM WANTHALI,WR,Gujarat,22.429409,70.321802,PUBLIC_COMMUNITY
PRI,PATHRI,NR,Uttarakhand,29.851996,78.076506,PUBLIC_COMMUNITY
VPG,VENTRAPRAGADA,SCR,Andhra Pradesh,16.473819,80.914447,PUBLIC_COMMUNITY
VVKP,VIVEKANAND PURI HALT,NR,Delhi NCT,28.664098,77.183702,PUBLIC_COMMUNITY
PUS,PHUSRO,ECR,,23.767489,86.01025,PUBLIC_COMMUNITY
VSG,VASCO DA GAMA,SWR,Goa,15.397241,73.813425,PUBLIC_COMMUNITY
VLTR,Vadali Luter Road,WR,Gujarat,23.078738,73.135398,PUBLIC_COMMUNITY
LOD,Lekoda,WR,Madhya Pradesh,23.075768,75.698491,PUBLIC_COMMUNITY
VJR,VIJAYANAGAR,SWR,Maharashtra,16.777812,74.69629,PUBLIC_COMMUNITY
VRR,VIRPUR,WR,Gujarat,21.848343,70.707212,PUBLIC_COMMUNITY
OREH,Ore Halt,?,,24.915065,84.991898,PUBLIC_COMMUNITY
YFP,YUSUFPUR,NER,Uttar Pradesh,25.639006,83.748684,PUBLIC_COMMUNITY
VJD,VIJPADI ROAD,WR,Gujarat,21.17981,71.449442,PUBLIC_COMMUNITY
MVS,MANAVASI,SR,Tamil Nadu,10.934013,78.220496,PUBLIC_COMMUNITY
VINH,VINHERE,KR,Maharashtra,17.907649,73.38401,PUBLIC_COMMUNITY
MRDW,MURDESHWAR,KR,Karnataka,14.100277,74.505247,PUBLIC_COMMUNITY
KUDA,KUNDAPURA,KR,Karnataka,13.612909,74.728366,PUBLIC_COMMUNITY
KZE,KANHANGAD,SR,Kerala,12.320268,75.085248,PUBLIC_COMMUNITY
NROD,NARI ROAD,WR,Gujarat,21.758482,72.081434,PUBLIC_COMMUNITY
WDG,Wadegaon,SECR,Maharashtra,20.76451,79.981617,PUBLIC_COMMUNITY
VSW,Visavadar,WR,Gujarat,21.341738,70.755622,PUBLIC_COMMUNITY
NRPD,Narayanpet Road,SCR,Karnataka,,,PUBLIC_COMMUNITY
SBY,Solan Brewery,NR,Himachal Pradesh,,,PUBLIC_COMMUNITY
KSJF,Kasganj Mg,NER,Uttar Pradesh,27.801268,78.64517,PUBLIC_COMMUNITY
WND,Wan Road,SCR,Maharashtra,21.21501,76.820433,PUBLIC_COMMUNITY
VLU,Vadalur,SR,Tamil Nadu,11.557655,79.547974,PUBLIC_COMMUNITY
VLV,Vallivedu,SCR,Andhra Pradesh,13.528576,79.068221,PUBLIC_COMMUNITY
MANI,Mani Halt,ECR,Bihar,25.173994,84.231268,PUBLIC_COMMUNITY
TAA,TADLA PUSAPALLI,SCR,Andhra Pradesh,17.626313,79.954184,PUBLIC_COMMUNITY
CHRG,CHORGI,SWR,Karnataka,17.175077,75.869711,PUBLIC_COMMUNITY
SNAD,Saniyad,WR,Gujarat,,,PUBLIC_COMMUNITY
SRDR,Sardarshahr,NWR,Rajasthan,28.439591,74.479058,PUBLIC_COMMUNITY
SRGR,Saraygarh,ECR,Bihar,,,PUBLIC_COMMUNITY
PTU,PARTUR,SCR,Maharashtra,19.575715,76.212767,PUBLIC_COMMUNITY
AGY,AGORI KHAS,NCR,Uttar Pradesh,24.59896,83.056105,PUBLIC_COMMUNITY
SVPI,SHIVPURI,WCR,Madhya Pradesh,25.438444,77.638246,PUBLIC_COMMUNITY
MUO,MASANGAON,WCR,Madhya Pradesh,22.272733,77.005257,PUBLIC_COMMUNITY
KWAE,KATWA,ER,West Bengal,23.640315,88.124085,PUBLIC_COMMUNITY
VNRD,VANI ROAD,WR,Gujarat,23.095062,72.003529,PUBLIC_COMMUNITY
JAN,JARANGDIH,ECR,,23.769553,85.92881,PUBLIC_COMMUNITY
BOR,BOISAR,WR,Maharashtra,19.798527,72.761899,PUBLIC_COMMUNITY
WGI,Waghai,WR,Gujarat,20.772638,73.500474,PUBLIC_COMMUNITY
BMF,BASMAT,SCR,Maharashtra,19.333472,77.151778,PUBLIC_COMMUNITY
CGF,CHARALI,NFR,Assam,27.449666,95.350951,PUBLIC_COMMUNITY
CJ,KANCHIPURAM,SR,Tamil Nadu,12.848947,79.703149,PUBLIC_COMMUNITY
CKDL,CHAKDAYALA,NR,Jammu and Kashmir,32.478914,75.304858,PUBLIC_COMMUNITY
CJN,CHHATNA,SER,West Bengal,23.305386,86.975734,PUBLIC_COMMUNITY
SVX,SAVARDA,KR,Maharashtra,17.405007,73.515528,PUBLIC_COMMUNITY
URP,Udairampur,ER,West Bengal,22.100085,88.273732,PUBLIC_COMMUNITY
STD,Satrod,NWR,Haryana,29.108936,75.82118,PUBLIC_COMMUNITY
CHHU,Chhanva,SER,Orissa,22.335577,86.194643,PUBLIC_COMMUNITY
PASA,PARASHSHALA,SR,Kerala,8.33984,77.16549,PUBLIC_COMMUNITY
KDPA,KHADAPA,ECoR,,19.00582,82.445719,PUBLIC_COMMUNITY
NMK,Nim Ka Thana,NWR,Rajasthan,27.741573,75.779691,PUBLIC_COMMUNITY
KLAT,Khelpatta,,,21.274489,77.872524,PUBLIC_COMMUNITY
MUHI,Murhari Halt,,,25.341408,85.533014,PUBLIC_COMMUNITY
SZH,Saonga Halt,SECR,Madhya Pradesh,21.520105,78.871166,PUBLIC_COMMUNITY
DDC,Dum Dum Cantt.,ER,West Bengal,22.636349,88.411641,PUBLIC_COMMUNITY
PLY,Plassey,ER,West Bengal,23.777986,88.28447,PUBLIC_COMMUNITY
CKX,Chakur,SCR,Maharashtra,18.487561,76.884028,PUBLIC_COMMUNITY
PCMK,Pacharmalikpura,NWR,Rajasthan,27.201471,75.389317,PUBLIC_COMMUNITY
BCRD,Barchi Road,CR,Madhya Pradesh,21.951502,78.311632,PUBLIC_COMMUNITY
BUDI,Bundi,WCR,Rajasthan,25.407922,75.650699,PUBLIC_COMMUNITY
CJQ,Champajharam,SER,Orissa,22.101526,84.904212,PUBLIC_COMMUNITY
VRG,VIKRAMNAGAR,WR,Madhya Pradesh,23.162187,75.817754,PUBLIC_COMMUNITY
BYC,BELLARY CANT,SWR,Karnataka,15.150286,76.894505,PUBLIC_COMMUNITY
BWF,BUTEWALA,NR,Punjab,31.080357,74.896803,PUBLIC_COMMUNITY
SPY,Sarsonpuri,SECR,Chhattisgarh,20.780632,81.638003,PUBLIC_COMMUNITY
BSDA,BANIYA SANDA DHORA,NWR,Rajasthan,25.86023,71.668563,PUBLIC_COMMUNITY
BXP,BARPATHAR,NFR,Assam,26.274562,93.899672,PUBLIC_COMMUNITY
GRF,GAMBHIRI ROAD,WR,Rajasthan,24.693873,74.671009,PUBLIC_COMMUNITY
BEC,BERACH JN CABIN,,,24.896442,74.615232,PUBLIC_COMMUNITY
PPNI,PARAS PANI,,,24.38141,83.048953,PUBLIC_COMMUNITY
NDT,Nathdwara,NWR,Rajasthan,24.92025,73.909396,PUBLIC_COMMUNITY
JNU,JAUNPUR JN,NR,Uttar Pradesh,25.762849,82.699696,PUBLIC_COMMUNITY
UMRI,UMRI,SCR,Maharashtra,19.0418,77.642682,PUBLIC_COMMUNITY
BXLL,BILLI,ECR,Uttar Pradesh,24.453381,83.011944,PUBLIC_COMMUNITY
BHPA,Bahrupiya Halt,ER,West Bengal,22.22962,88.349067,PUBLIC_COMMUNITY
SPP,SHAHPUR PATOREE,ECR,Bihar,25.639426,85.5813,PUBLIC_COMMUNITY
MSSD,Maheshari Sandhuan,NR,Punjab,30.848579,74.992929,PUBLIC_COMMUNITY
ASSH,AISHBAGH,,,26.836088,80.908616,PUBLIC_COMMUNITY
BDJ,VADAKARA,SR,Kerala,11.593321,75.586941,PUBLIC_COMMUNITY
KADH,Khairadih Halt,ECR,Bihar,25.035047,84.054715,PUBLIC_COMMUNITY
BXL,BHEDUASOL,SER,West Bengal,23.194364,87.135173,PUBLIC_COMMUNITY
AMPR,AMARPURA RATHAN,NWR,Rajasthan,29.483399,74.078953,PUBLIC_COMMUNITY
BWA,BHINWALIYA,NWR,Rajasthan,25.559663,73.492481,PUBLIC_COMMUNITY
JNX,Jagnath Road Halt,NWR,Rajasthan,25.270948,72.62821,PUBLIC_COMMUNITY
MBSK,Marwar Balia,NWR,Rajasthan,27.357827,74.545106,PUBLIC_COMMUNITY
BEJ,Beniganj,NR,Uttar Pradesh,27.299916,80.440599,PUBLIC_COMMUNITY
BSDR,Bansadhara Halt,ECoR,Andhra Pradesh,18.970276,83.822754,PUBLIC_COMMUNITY
SPR,Sonarpur Junction,ER,West Bengal,22.443359,88.429773,PUBLIC_COMMUNITY
SPB,Sonekpur Halt,NR,Uttar Pradesh,28.630277,78.693142,PUBLIC_COMMUNITY
PQA,Pipla Halt,SECR,Maharashtra,21.312575,79.06676,PUBLIC_COMMUNITY
BIRL,Biraul,ECR,Bihar,25.937062,86.233733,PUBLIC_COMMUNITY
GRZ,Gurthuri,NR,,29.648169,76.177379,PUBLIC_COMMUNITY
JNT,Jaintipura,?,Punjab,31.773393,75.102192,PUBLIC_COMMUNITY
PQH,Pindkepar Halt,,,21.304069,80.182003,PUBLIC_COMMUNITY
JNZ,Jenal,NWR,Gujarat,24.327312,72.037736,PUBLIC_COMMUNITY
PQN,Pariawan Kalakankar Road,NR,Uttar Pradesh,25.825794,81.368601,PUBLIC_COMMUNITY
JNN,Jamuniatand,ECR,Jharkhand,23.75454,86.191952,PUBLIC_COMMUNITY
CKM,Chauki Man,NR,Punjab,30.814886,75.565673,PUBLIC_COMMUNITY
BEI,Shimoga Bidare,,,13.902536,75.647681,PUBLIC_COMMUNITY
BEM,Budaun,NER,Uttar Pradesh,28.027492,79.136024,PUBLIC_COMMUNITY
METR,Methi Tikur,,,26.698845,80.418467,PUBLIC_COMMUNITY
BWV,Bhiwapur,SECR,Maharashtra,20.769257,79.511487,PUBLIC_COMMUNITY
SMDC,SAWAI MADHOPUR D CABIN,,,26.0356,76.375851,PUBLIC_COMMUNITY
APQ,ADITPARA,,,21.673591,69.677918,PUBLIC_COMMUNITY
MOTA,MOTA,NCR,Uttar Pradesh,27.288978,79.253729,PUBLIC_COMMUNITY
SWNR,SEWA NAGAR,NR,Delhi NCT,28.579299,77.227708,PUBLIC_COMMUNITY
LO,LOLIYA,WR,Gujarat,22.512244,72.166923,PUBLIC_COMMUNITY
NON,Nonar Halt,,,25.286471,84.370773,PUBLIC_COMMUNITY
HLB,HADALA BHAL,WR,Gujarat,22.487223,72.131796,PUBLIC_COMMUNITY
RLR,RAILA ROAD,NWR,Rajasthan,25.630348,74.596325,PUBLIC_COMMUNITY
EDA,ITWAN DUNDAILA,,,24.939959,80.842706,PUBLIC_COMMUNITY
PDJ,PHIDING,,,25.221835,93.14983,PUBLIC_COMMUNITY
SMDP,SHAHABAD MOHAMADPUR,NR,Delhi NCT,28.560927,77.071838,PUBLIC_COMMUNITY
KTOA,KOTANA,NWR,Rajasthan,23.91693,73.726342,PUBLIC_COMMUNITY
TJM,TURINJAPURAM,,,12.336963,79.090728,PUBLIC_COMMUNITY
KYV,KOYILVENNI,SR,Tamil Nadu,10.776294,79.368646,PUBLIC_COMMUNITY
ROHN,ROHEDNAGAR HALT,NR,Haryana,28.761128,76.814093,PUBLIC_COMMUNITY
SPL,SUNDARAPERUMAL KOVIL,SR,Tamil Nadu,10.941722,79.30063,PUBLIC_COMMUNITY
NOY,NOYAL,,,11.060239,77.931769,PUBLIC_COMMUNITY
KCYN,KACHHIYANA HALT,,,25.133117,85.980111,PUBLIC_COMMUNITY
LW,LORWADA,,,24.217193,72.08968,PUBLIC_COMMUNITY
EDD,EDDULADODDI,SCR,Andhra Pradesh,15.329698,77.589906,PUBLIC_COMMUNITY
RLP,HARLAPUR,SWR,Karnataka,15.434833,75.799259,PUBLIC_COMMUNITY
GRH,GHORASAHAN,,,26.820287,85.127627,PUBLIC_COMMUNITY
NOH,Nigohi,NER,Uttar Pradesh,28.098919,79.878504,PUBLIC_COMMUNITY
AIH,ALAWALPUR I PUR,NR,Uttar Pradesh,29.047796,77.271639,PUBLIC_COMMUNITY
DPU,DIPHU,NFR,Assam,25.83725,93.438384,PUBLIC_COMMUNITY
MPRD,Mathurapur Road,ER,West Bengal,22.140587,88.390923,PUBLIC_COMMUNITY
DLDE,DALDALI,NFR,Assam,25.820221,93.517152,PUBLIC_COMMUNITY
LD,LONDA JN,SWR,Karnataka,15.450273,74.496982,PUBLIC_COMMUNITY
BYH,BHITI,NER,Uttar Pradesh,25.333548,82.261348,PUBLIC_COMMUNITY
DPO,DAMANPUR,,,26.53866,89.536367,PUBLIC_COMMUNITY
HLR,Halisahar,ER,West Bengal,22.921499,88.436792,PUBLIC_COMMUNITY
TJW,Tejpurwa Halt,,,25.940085,84.819703,PUBLIC_COMMUNITY
HLE,Heelalige,SWR,Karnataka,12.81318,77.710974,PUBLIC_COMMUNITY
DPW,Dhapewara,SECR,Madhya Pradesh,21.872721,80.191327,PUBLIC_COMMUNITY
SMDT,Semmandappatti,SWR,Tamil Nadu,11.795555,78.026057,PUBLIC_COMMUNITY
BAWA,Balwara,NWR,Rajasthan,25.503145,72.5545,PUBLIC_COMMUNITY
RKJE,Rakhitpur,ECR,Jharkhand,23.725742,86.490871,PUBLIC_COMMUNITY
LMU,Limarua,SECR,Madhya Pradesh,22.52425,80.349702,PUBLIC_COMMUNITY
KLLF,Kalol Jn,,,23.244426,72.50348,PUBLIC_COMMUNITY
LB,Lain Bazar,,,26.429191,84.280601,PUBLIC_COMMUNITY
KNYR,Kaniuru Halt,SWR,Karnataka,12.717207,75.365526,PUBLIC_COMMUNITY
APP,Ambapendarpur Halt,,,25.266963,85.529709,PUBLIC_COMMUNITY
KADI,Kadi,WR,Gujarat,23.292133,72.326105,PUBLIC_COMMUNITY
APU,Anipur,NFR,Assam,24.545736,92.434527,PUBLIC_COMMUNITY
APJ,Amarpur Jorasi,NWR,Rajasthan,28.02178,76.076109,PUBLIC_COMMUNITY
APK,Aruppukkottai,,,9.524632,78.101891,PUBLIC_COMMUNITY
API,Akkaraippatti,,,10.399808,77.922628,PUBLIC_COMMUNITY
KTKH,Kotlakheri,WR,Madhya Pradesh,22.078204,76.173654,PUBLIC_COMMUNITY
KXZ,KESARIYA ROAD,,,22.908846,71.814406,PUBLIC_COMMUNITY
SABD,SALABAD,,,26.984965,77.310319,PUBLIC_COMMUNITY
KURN,KHUKRANA,,,29.400184,76.924226,PUBLIC_COMMUNITY
KXR,KURIA,,,26.468217,85.005407,PUBLIC_COMMUNITY
KLKH,Kalladaka,,,12.845834,75.059842,PUBLIC_COMMUNITY
BTYA,Bhatariya,,,23.438252,72.274465,PUBLIC_COMMUNITY
RJK,RAJA KA SAHASPUR,NR,Uttar Pradesh,28.626216,78.780097,PUBLIC_COMMUNITY
KTMA,KOTMA,SECR,Madhya Pradesh,23.202833,81.979022,PUBLIC_COMMUNITY
BSBN,BHUSAWAL B CABIN,,,21.049919,75.822458,PUBLIC_COMMUNITY
PSRY,PASHWASHRAYA,,,26.763435,88.403783,PUBLIC_COMMUNITY
CKLA,Chak Banwala,NR,Punjab,30.423043,74.133437,PUBLIC_COMMUNITY
JIGT,JIRIGHAT,,,24.810092,93.086879,PUBLIC_COMMUNITY
KADR,Kadiyadra,WR,Gujarat,23.885219,73.057502,PUBLIC_COMMUNITY
TJD,TAJPUR DEHMA,NER,Uttar Pradesh,25.728138,83.92969,PUBLIC_COMMUNITY
CLI,CHALGERI,SWR,Karnataka,14.561403,75.73529,PUBLIC_COMMUNITY
JGBR,JOGESHWAR BIHAR,,,23.746057,85.6267,PUBLIC_COMMUNITY
SDVL,SOLDEVANAHALLI,SWR,Karnataka,13.091395,77.490385,PUBLIC_COMMUNITY
LOL,LOLIEM,,,14.939155,74.08778,PUBLIC_COMMUNITY
KMMD,Kirmiti Mendha,,,20.593933,79.774173,PUBLIC_COMMUNITY
KRPC,KHARIA-PIPRA HALT,,,18.807373,82.724227,PUBLIC_COMMUNITY
BLRE,BELSIRI,,,26.800481,92.514463,PUBLIC_COMMUNITY
DRQ,DHARMINIYA,,,26.865525,84.793439,PUBLIC_COMMUNITY
DRE,DHOGRI,NR,Punjab,31.40278,75.635791,PUBLIC_COMMUNITY
KKLR,KAIKOLUR,SCR,Andhra Pradesh,16.551026,81.218316,PUBLIC_COMMUNITY
KYSD,KAIYAL SEDHAVI,WR,Gujarat,23.427144,72.428861,PUBLIC_COMMUNITY
KLYH,Kallur Yedahli,SWR,Karnataka,12.421124,76.497258,PUBLIC_COMMUNITY
KYSB,KAIYAL SEDHAVI,,,23.426814,72.428531,PUBLIC_COMMUNITY
DHE,Dodhi,NER,Uttar Pradesh,25.604879,82.998947,PUBLIC_COMMUNITY
BRDV,Baradev,NR,Uttar Pradesh,26.701779,80.411929,PUBLIC_COMMUNITY
TKLN,Tarrakalan,NCR,Madhya Pradesh,25.971659,76.901807,PUBLIC_COMMUNITY
MKHI,Makhi,NR,Uttar Pradesh,26.661427,80.461137,PUBLIC_COMMUNITY
CLU,Chilakalapudi,SCR,Andhra Pradesh,16.202721,81.162137,PUBLIC_COMMUNITY
BRDH,Bardhana Halt,,,22.136015,78.799478,PUBLIC_COMMUNITY
PSV,Parsneu,,,28.037883,74.378783,PUBLIC_COMMUNITY
HNZM,Delhi Hazrat Nizamuddin,,,28.58701,77.253929,PUBLIC_COMMUNITY
TKLB,Takli Bhansali,SECR,Maharashtra,21.361133,78.983053,PUBLIC_COMMUNITY
PSX,Patansaongi Town Halt,SECR,Maharashtra,21.335452,79.025915,PUBLIC_COMMUNITY
BCT,Mumbai Central,WR,Maharashtra,18.970667,72.819383,PUBLIC_COMMUNITY
PDF,PADAMPUR,,,23.519468,70.836786,PUBLIC_COMMUNITY
TDH,Tindharia,NFR,West Bengal,26.851551,88.332848,PUBLIC_COMMUNITY
KZA,KHADA,NER,Uttar Pradesh,27.182926,83.868376,PUBLIC_COMMUNITY
RGBD,RAMGANGA,,,28.297728,79.374639,PUBLIC_COMMUNITY
QBW,QUBARWALA,,,30.175886,74.417372,PUBLIC_COMMUNITY
PPRH,PIPARAHAN HALT,,,26.224333,85.246908,PUBLIC_COMMUNITY
DET,DET,,,25.01154,74.641128,PUBLIC_COMMUNITY
ACN,ADHICHCHANUR,,,12.05415,79.182478,PUBLIC_COMMUNITY
KPLR,KOPARLAHAR,NR,Himachal Pradesh,32.05191,76.250443,PUBLIC_COMMUNITY
MU,MAKANSAR,,,22.760355,70.906093,PUBLIC_COMMUNITY
RKSH,RISHIKESH,NR,Uttarakhand,30.107173,78.287498,PUBLIC_COMMUNITY
NZG,NAZARBAG,,,22.814612,70.855228,PUBLIC_COMMUNITY
MPF,MUIRPUR ROAD,,,24.206087,83.094386,PUBLIC_COMMUNITY
AVC,AMRAVATHI COLONY,,,14.498219,75.854093,PUBLIC_COMMUNITY
KLRS,KOLARAS,WCR,Madhya Pradesh,25.224926,77.590411,PUBLIC_COMMUNITY
CSMA,Chanasma Junction,WR,Gujarat,23.710492,72.111883,PUBLIC_COMMUNITY
CGKR,CHANDAGIRIKOPAL,?,Karnataka,12.485167,76.730177,PUBLIC_COMMUNITY
BDJR,BHADORA JAGIR,,,24.786919,77.411883,PUBLIC_COMMUNITY
KAG,KODAGANUR,SWR,Karnataka,14.330509,76.033543,PUBLIC_COMMUNITY
BMRN,BHIMRANA,,,22.389889,68.992445,PUBLIC_COMMUNITY
CAPA,Chhapra Jn,,,25.787896,84.724365,PUBLIC_COMMUNITY
NDPL,NDPL,,,15.456312,78.520612,PUBLIC_COMMUNITY
BAR,BAR,NWR,Rajasthan,26.063048,74.113189,PUBLIC_COMMUNITY
KJGY,Khanalampura Gy,,,29.929193,77.583508,PUBLIC_COMMUNITY
RLA,RAJULA JN,WR,Gujarat,21.103699,71.479251,PUBLIC_COMMUNITY
TKND,Trivikramdeo Nagar,,,26.301911,84.708966,PUBLIC_COMMUNITY
DVGM,DEVGAM,,,23.938342,71.591856,PUBLIC_COMMUNITY
SNBR,SONUABARY,,,26.172784,92.310137,PUBLIC_COMMUNITY
HRSN,HARISINGA,,,26.72438,91.985001,PUBLIC_COMMUNITY
SPGN,SRIPURIA GAON,,,27.465913,95.351529,PUBLIC_COMMUNITY
TNJR,TAJ NAGAR,,,28.385348,76.824249,PUBLIC_COMMUNITY
LIM,SONALIUM,,,15.309987,74.292427,PUBLIC_COMMUNITY
PPRN,PIPRAN,,,29.265795,73.928281,PUBLIC_COMMUNITY
GPPR,GOPALPUR,,,23.083596,70.103016,PUBLIC_COMMUNITY
BMNL,BAMANWALI HALT,,,28.361736,73.555273,PUBLIC_COMMUNITY
UDKN,UDAYPUR KHURD,,,28.486234,80.178413,PUBLIC_COMMUNITY
JUL,JHULASAN,WR,Gujarat,23.326699,72.471355,PUBLIC_COMMUNITY
KGVE,Konagavalli Halt,,,14.024985,75.496474,PUBLIC_COMMUNITY
DOT,Dhakia Tiwari,NER,Uttar Pradesh,28.028812,79.885872,PUBLIC_COMMUNITY
BHTH,Bhairopatti Halt,,,25.894911,86.907187,PUBLIC_COMMUNITY
MTWN,Mitewani,,,21.424028,79.712797,PUBLIC_COMMUNITY
KVNJ,Kapadvanj,WR,Gujarat,23.01905,73.078323,PUBLIC_COMMUNITY
NCN,Nachinda Ph,,,21.881341,87.754966,PUBLIC_COMMUNITY
VINA,Vina,,,22.764139,72.903227,PUBLIC_COMMUNITY
LIJ,Lakshmiganj,,,26.927786,83.788161,PUBLIC_COMMUNITY
KULH,Kulha-Halt,,,26.369411,80.656456,PUBLIC_COMMUNITY
KTKS,Kantakosh Halt,,,25.333657,87.673892,PUBLIC_COMMUNITY
STB,Shantipur,ER,West Bengal,23.262661,88.435028,PUBLIC_COMMUNITY
NCE,Nalacheruvu East,,,13.988212,78.18549,PUBLIC_COMMUNITY
DSN,Darsana,,,23.523411,88.795843,PUBLIC_COMMUNITY
TKMG,Tikamgarh,,,24.767296,78.840666,PUBLIC_COMMUNITY
NKPU,Nekpur,,,24.995699,85.338857,PUBLIC_COMMUNITY
KGVL,Kadagaravalli,,,12.83778,75.696016,PUBLIC_COMMUNITY
MDPJ,Madanapur Halt,,,19.549184,78.189939,PUBLIC_COMMUNITY
PATR,Paramjeevar Tarajeevar,,,26.256947,85.448635,PUBLIC_COMMUNITY
NLNR,NULEMURU HALT,,,14.007537,76.125809,PUBLIC_COMMUNITY
LKU,LAL KUAN,NER,Uttarakhand,29.071574,79.517641,PUBLIC_COMMUNITY
KAJG,KARANJGAON,,,19.949383,74.924036,PUBLIC_COMMUNITY
MRX,MURUD,CR,Maharashtra,18.380482,76.251585,PUBLIC_COMMUNITY
SKAR,SAKARIYA,,,24.607481,80.90078,PUBLIC_COMMUNITY
NLL,NALLI,,,9.269174,77.922239,PUBLIC_COMMUNITY
PDGM,PUDUNAGARAM,,,10.683752,76.684608,PUBLIC_COMMUNITY
KLVD,KALAVAD,,,21.899698,69.808324,PUBLIC_COMMUNITY
JHL,JAKHAL JN,NR,Haryana,29.801813,75.824501,PUBLIC_COMMUNITY
MCLA,Macherla,SCR,Andhra Pradesh,16.46951,79.438277,PUBLIC_COMMUNITY
MEG,MELENG,,,26.794395,94.305982,PUBLIC_COMMUNITY
WWA,VAVANIYA,,,23.007206,70.61469,PUBLIC_COMMUNITY
DEIT,Dehit,,,25.300469,75.850153,PUBLIC_COMMUNITY
TMGN,Thamla Mogana,,,24.875571,73.934778,PUBLIC_COMMUNITY
AMRI,ANAJ MANDI,,,28.187505,76.605319,PUBLIC_COMMUNITY
BMPT,Banni Mahamman,,,25.891285,84.778666,PUBLIC_COMMUNITY
TKA,TEHARKA,NCR,Uttar Pradesh,25.300234,78.917318,PUBLIC_COMMUNITY
CKHS,Chikhale,,,18.97295,73.152541,PUBLIC_COMMUNITY
DSBC,DELHI SHAHDARA BLOCK CABIN,,,28.677357,77.30022,PUBLIC_COMMUNITY
SDPN,SINDPAN,,,24.164576,75.03158,PUBLIC_COMMUNITY
AHJU,AHJU,NR,Himachal Pradesh,32.02843,76.690156,PUBLIC_COMMUNITY
LLKN,LAL KALAN,,,30.827549,76.101493,PUBLIC_COMMUNITY
BOZ,BOLARUM BAZAR,SCR,Andhra Pradesh,17.517848,78.515965,PUBLIC_COMMUNITY
SVN,SIVUNGAON,SCR,Maharashtra,19.108653,77.54447,PUBLIC_COMMUNITY
PNSD,PANGARSHINDE HALT,,,19.526469,77.24009,PUBLIC_COMMUNITY
RJJN,RAJAJAN HALT,,,25.614963,85.670904,PUBLIC_COMMUNITY
UMNF,Ambliyasan Jn,,,23.446636,72.422431,PUBLIC_COMMUNITY
PPTA,PATLIPUTRA,,,25.621426,85.068505,PUBLIC_COMMUNITY
LKBR,LAKSHMI BAI NAGAR,,,22.741887,75.858162,PUBLIC_COMMUNITY
DBLA,Dabla,NWR,Rajasthan,27.888685,75.946401,PUBLIC_COMMUNITY
VPDA,VIDYAPATIDHAM,,,25.602065,85.802433,PUBLIC_COMMUNITY
GTLW,GUNTAKAL WEST,,,15.167523,77.342651,PUBLIC_COMMUNITY
SVDK,S M V D KATRA,,,32.982814,74.935736,PUBLIC_COMMUNITY
RPAN,RANGAPARA NORTH,,,26.821593,92.682658,PUBLIC_COMMUNITY
VEK,VELLARAKKAD,SR,Kerala,11.4723,75.653412,PUBLIC_COMMUNITY
CGON,CHAYGAON,NFR,Assam,26.064069,91.395251,PUBLIC_COMMUNITY
GNAN,Gonda Jn,,,27.153922,81.977618,PUBLIC_COMMUNITY
DIE,Demai,,,23.159049,73.210181,PUBLIC_COMMUNITY
PTKC,PATHANKOT CANTT,,,32.2593,75.636044,PUBLIC_COMMUNITY
EC31,Kharuara Halt,,,25.431628,85.543617,PUBLIC_COMMUNITY
PWA,Powai,,,27.35353,95.646229,PUBLIC_COMMUNITY
NAB,Nagbhir Junction,SECR,Maharashtra,20.579812,79.700138,PUBLIC_COMMUNITY
NAK,Naksalbari,,,26.682578,88.202235,PUBLIC_COMMUNITY
UDPR,Udaipura,,,24.775689,78.651486,PUBLIC_COMMUNITY
KNWF,Khandwa Jn,,,21.823906,76.353537,PUBLIC_COMMUNITY
SVS,Srinivaspur,,,13.328283,78.206169,PUBLIC_COMMUNITY
NMDR,Nimdanri,ER,West Bengal,22.608628,88.905624,PUBLIC_COMMUNITY
KCU,Kachhiaa,NER,Uttar Pradesh,27.973382,78.883109,PUBLIC_COMMUNITY
MHPR,Mahiyarpur,,,25.411453,87.613385,PUBLIC_COMMUNITY
BTCN,Balaghat,,,21.811169,80.199425,PUBLIC_COMMUNITY
MHPE,Mhope,,,18.943255,73.19412,PUBLIC_COMMUNITY
JLRF,Jetalsar Jn,,,21.729584,70.57412,PUBLIC_COMMUNITY
SDPH,Sardar Patel Halt,,,25.050378,85.424114,PUBLIC_COMMUNITY
IMBG,Imlibigha Halt,,,25.300794,85.531371,PUBLIC_COMMUNITY
XKA,Kamta,,,25.336574,85.277746,PUBLIC_COMMUNITY
MKZ,Mahkepar Road,,,21.632916,79.67892,PUBLIC_COMMUNITY
SKAP,SK Para,NFR,Tripura,23.971989,91.94712,PUBLIC_COMMUNITY
MMCC,MOOR MARKET,,,13.084876,80.275222,PUBLIC_COMMUNITY
DKR,Dekpura Halt,,,25.261153,85.529423,PUBLIC_COMMUNITY
KRHT,KHARAHAT,,,27.070551,94.749659,PUBLIC_COMMUNITY
JDW,JARAUDA NARA,NR,Uttar Pradesh,29.42673,77.705438,PUBLIC_COMMUNITY
MAYR,Mayar,,,29.100107,75.860747,PUBLIC_COMMUNITY
VKM,VENKATESAPURAM,,,11.930779,79.442294,PUBLIC_COMMUNITY
SXQ,SUAHERI,,,29.436816,78.190831,PUBLIC_COMMUNITY
PPVL,PIRAPPANVALASAI,SR,Tamil Nadu,9.299159,79.043777,PUBLIC_COMMUNITY
NARA,NARA HALT,,,29.390442,76.75997,PUBLIC_COMMUNITY
KER,KIRIHRAPUR,NER,Uttar Pradesh,26.045501,83.737065,PUBLIC_COMMUNITY
PLVR,PALAM VIHAR HALT,,,28.515464,77.032765,PUBLIC_COMMUNITY
GGKR,GOVINDGARH KHOKHAR,NR,Punjab,29.992439,75.808328,PUBLIC_COMMUNITY
PLVA,PALLEVADA,SCR,Andhra Pradesh,16.5767,81.287896,PUBLIC_COMMUNITY
NDIM,NANDAIGRAM HALT,,,23.311548,88.317062,PUBLIC_COMMUNITY
MGD,MUGAD,SWR,Karnataka,15.46241,74.915401,PUBLIC_COMMUNITY
TBAE,TRIBENI,ER,West Bengal,22.990358,88.398096,PUBLIC_COMMUNITY
URL,UNJALUR,SR,Tamil Nadu,11.127976,77.875839,PUBLIC_COMMUNITY
BMM,BHASKARPARA,,,22.988208,71.905409,PUBLIC_COMMUNITY
DKW,DHANAKWADA,,,24.146307,71.823472,PUBLIC_COMMUNITY
IVL,ILAVELANGAL,SR,Tamil Nadu,8.937878,77.87235,PUBLIC_COMMUNITY
GZS,GIANI ZAIL SINGH SANDHWAN,NR,Punjab,30.613851,74.801905,PUBLIC_COMMUNITY
SHB,Shahibag,,,23.035546,72.600949,PUBLIC_COMMUNITY
BMC,Bhimalgondi,SECR,Madhya Pradesh,21.740994,78.914582,PUBLIC_COMMUNITY
TBR,Taiabpur,,,26.392839,88.154497,PUBLIC_COMMUNITY
BSWD,BHEMSWADI,,,21.485727,71.357286,PUBLIC_COMMUNITY
TKTB,THAKURBARI,,,26.797642,92.699488,PUBLIC_COMMUNITY
RMC,Ram Chaura Road,NR,Uttar Pradesh,25.609488,81.686954,PUBLIC_COMMUNITY
GHLU,Ghallu,,,30.256607,74.107821,PUBLIC_COMMUNITY
BMN,BHIMANA,NWR,Rajasthan,24.595571,72.886302,PUBLIC_COMMUNITY
PRDH,PIR DULHE SHAH HALT,,,25.873873,73.155686,PUBLIC_COMMUNITY
KEJ,Kathleeghat,NR,Himachal Pradesh,31.021478,77.103224,PUBLIC_COMMUNITY
MRDG,Maradanga,,,26.301078,89.556685,PUBLIC_COMMUNITY
MRDA,Maroda,,,20.095174,79.660732,PUBLIC_COMMUNITY
LUA,Laluri Khera,,,28.607969,79.746243,PUBLIC_COMMUNITY
KEMP,Kempalsad,,,21.087653,79.263378,PUBLIC_COMMUNITY
SGUD,Siliguri,,,26.723574,88.414033,PUBLIC_COMMUNITY
CHNH,Channi Halt,,,27.890152,73.016655,PUBLIC_COMMUNITY
KTGO,Kotgaon,,,20.625413,79.674577,PUBLIC_COMMUNITY
PAAL,Pala,,,21.37608,78.018333,PUBLIC_COMMUNITY
SXV,Suku,,,18.715021,82.726431,PUBLIC_COMMUNITY
NARD,Naika Road,,,25.44858,85.292377,PUBLIC_COMMUNITY
RAKD,Radha Kund,,,27.537943,77.523598,PUBLIC_COMMUNITY
BHMA,Baghmara Halt,,,25.365524,87.617463,PUBLIC_COMMUNITY
ZPR,Zorawar Pura Halt,,,29.762905,73.448817,PUBLIC_COMMUNITY
OM,Omkareshwar Road,WR,Madhya Pradesh,22.215082,76.04654,PUBLIC_COMMUNITY
AGTR,Agauthar Halt,,,26.008146,84.843757,PUBLIC_COMMUNITY
NES,Natesar,,,24.963885,85.271806,PUBLIC_COMMUNITY
KNLE,Kanale,,,14.225099,74.959367,PUBLIC_COMMUNITY
BRMT,Baramati,CR,Maharashtra,18.153677,74.578197,PUBLIC_COMMUNITY
MHKT,MOHKHUTI,,,27.106537,94.80821,PUBLIC_COMMUNITY
GNGR,GUNGRANA,,,30.714577,75.82596,PUBLIC_COMMUNITY
MCO,MOTIHARI COURT,,,26.62564,84.905431,PUBLIC_COMMUNITY
MXM,MINATCHIPURAM,,,10.629748,76.875347,PUBLIC_COMMUNITY
OPN,ONNUPURAM HALT,,,12.711564,79.17972,PUBLIC_COMMUNITY
GDH,Gidnahali,,,13.406514,77.825134,PUBLIC_COMMUNITY
KUKA,Khui Khera,,,30.305206,74.077804,PUBLIC_COMMUNITY
BNJN,BINJANA,,,22.931198,75.986802,PUBLIC_COMMUNITY
GDW,Gadhwala,,,27.970288,73.454923,PUBLIC_COMMUNITY
MCL,MADIMANGALAM,,,12.598975,79.1862,PUBLIC_COMMUNITY
BUGN,BHURJIHA BARAGN,,,27.638101,80.726312,PUBLIC_COMMUNITY
LKJN,LINK JN. CABIN,,,25.356832,81.841869,PUBLIC_COMMUNITY
JHH,JHALRA HALT,,,29.420302,78.176404,PUBLIC_COMMUNITY
KTES,KATNI SOUTH,,,23.824725,80.401113,PUBLIC_COMMUNITY
KGH,Kotegangur,,,13.982162,75.520656,PUBLIC_COMMUNITY
CLKN,CHUCHELA KALAN,,,29.014596,78.272803,PUBLIC_COMMUNITY
GDI,GUDGERI,SWR,Karnataka,15.124922,75.359604,PUBLIC_COMMUNITY
DLPR,DAYALPUR,,,25.632211,81.889485,PUBLIC_COMMUNITY
CKRD,CHAKMAKRAND,,,25.697532,85.27403,PUBLIC_COMMUNITY
BHCH,BLOCK CABIN CHAKKI BANK,,,32.241975,75.651062,PUBLIC_COMMUNITY
KNSN,KARNA SUBARNA,ER,West Bengal,24.035537,88.176458,PUBLIC_COMMUNITY
APCH,ALIPURDUAR COLLEGE,,,26.501679,89.527486,PUBLIC_COMMUNITY
CRZ,CARANZOL,,,15.360749,74.306198,PUBLIC_COMMUNITY
KNSR,KANASAR,NWR,Rajasthan,28.145913,73.324726,PUBLIC_COMMUNITY
HSDA,Hansdiha,,,24.614194,87.08498,PUBLIC_COMMUNITY
GUSB,GHUMASAN BG,,,23.378259,72.449413,PUBLIC_COMMUNITY
MXZ,Mohdara Halt,,,20.960497,79.347023,PUBLIC_COMMUNITY
OHAN,OHANCABIN,,,25.102455,81.017247,PUBLIC_COMMUNITY
BIE,BHISTENHATTI,,,15.41363,74.705805,PUBLIC_COMMUNITY
AWT,Alwar Tirunagri,SR,Tamil Nadu,8.602296,77.941809,PUBLIC_COMMUNITY
MUDI,Mududi,,,13.151294,76.233204,PUBLIC_COMMUNITY
BUGY,Bugia Halt,,,29.38048,73.608155,PUBLIC_COMMUNITY
IGTA,Ingohta,NCR,Uttar Pradesh,25.758384,80.126678,PUBLIC_COMMUNITY
GNGT,Gangatolia,,,22.392169,79.986339,PUBLIC_COMMUNITY
DHOA,Dhaulpur,,,26.697202,77.905659,PUBLIC_COMMUNITY
SHER,Sher,,,26.351665,84.628291,PUBLIC_COMMUNITY
BICI,Barkichampi,,,23.483611,84.709751,PUBLIC_COMMUNITY
JBPN,Jabalpur Jn (Ng),,,23.164248,79.950772,PUBLIC_COMMUNITY
SLQ,Salona Assam,,,26.448981,92.961877,PUBLIC_COMMUNITY
DGT,Dhulghat,SCR,Maharashtra,21.296282,76.749633,PUBLIC_COMMUNITY
DGY,Dighori Buzurg,,,21.107513,79.230454,PUBLIC_COMMUNITY
PH,Panoh,,,31.551328,76.199917,PUBLIC_COMMUNITY
MCY,Machriawan,,,25.46248,85.29442,PUBLIC_COMMUNITY
KIK,Karaikal,,,10.925606,79.839712,PUBLIC_COMMUNITY
KIF,Kuri,,,9.035099,76.817395,PUBLIC_COMMUNITY
PSJ,Patasahi,SER,Orissa,22.020127,84.923705,PUBLIC_COMMUNITY
JLT,Jhamat Halt,,,27.200026,83.340382,PUBLIC_COMMUNITY
CKN,CHINTA KANI,SCR,Andhra Pradesh,17.126459,80.201337,PUBLIC_COMMUNITY
CBSA,Chaibasa,SER,Jharkhand,22.560494,85.812342,PUBLIC_COMMUNITY
KKR,KHAKHRALA ROAD,,,22.897133,70.722232,PUBLIC_COMMUNITY
SPPA,SHERPUR DHIPURA,,,25.59994,85.848162,PUBLIC_COMMUNITY
DNWF,Dangarwa,,,23.401545,72.441313,PUBLIC_COMMUNITY
PSS,PADSALI,,,18.006062,75.388084,PUBLIC_COMMUNITY
CHRA,CHHARRA,SER,West Bengal,23.375747,86.422994,PUBLIC_COMMUNITY
PKNS,POKHARNI NARASIMHA,SCR,Maharashtra,19.118747,76.731639,PUBLIC_COMMUNITY
BHAS,BHOJRAS,,,25.788217,74.63428,PUBLIC_COMMUNITY
HNL,HINGOLI DECCAN,SCR,Maharashtra,19.726357,77.146758,PUBLIC_COMMUNITY
ALAL,ALAL,,,30.378176,75.724207,PUBLIC_COMMUNITY
KARR,KHARAR,,,30.72638,76.636052,PUBLIC_COMMUNITY
BHAL,BHATIEL,,,22.477066,72.834624,PUBLIC_COMMUNITY
AGM,AGARAM SIBBANDI,,,12.414388,79.113347,PUBLIC_COMMUNITY
ASAR,ASRA HALT,,,29.249761,77.291443,PUBLIC_COMMUNITY
CTZ,CHAUNTRA BHATERH,NR,Himachal Pradesh,32.005535,76.74671,PUBLIC_COMMUNITY
MUY,MUGAIYUR,,,11.976522,79.305326,PUBLIC_COMMUNITY
PAY,PAYYANUR,SR,Kerala,12.092248,75.195107,PUBLIC_COMMUNITY
KRLR,KARAILA ROAD JN,ECR,Madhya Pradesh,24.261081,82.719311,PUBLIC_COMMUNITY
DAV,DEVALGAON AVCHAR,SCR,Maharashtra,19.322431,76.605201,PUBLIC_COMMUNITY
NMY,NOONMATI,,,26.180382,91.806851,PUBLIC_COMMUNITY
VNEC,Vijayawada North East,,,16.532028,80.630413,PUBLIC_COMMUNITY
CKW,CHALKHOA,NFR,Assam,27.465663,94.959205,PUBLIC_COMMUNITY
MNDV,MANDAWARIYA,,,26.621072,74.890472,PUBLIC_COMMUNITY
JLG,JULGAON DECCAN,,,19.384261,77.790475,PUBLIC_COMMUNITY
TKPY,TURAKAPALLI,,,15.092714,77.628505,PUBLIC_COMMUNITY
DAH,DEHARE,,,19.241855,74.674156,PUBLIC_COMMUNITY
ULG,UDALGURI,,,26.744291,92.094329,PUBLIC_COMMUNITY
NMM,NEW MISAMARI,,,26.810166,92.575454,PUBLIC_COMMUNITY
MSMI,MISAMARI,,,26.811265,92.595773,PUBLIC_COMMUNITY
AMBR,Ambika Rohina,SCR,Maharashtra,18.442254,76.943721,PUBLIC_COMMUNITY
ORC,ORCHHA,NCR,Uttar Pradesh,25.401119,78.644228,PUBLIC_COMMUNITY
NTVT,NETHRAVATHI,,,12.844375,74.856475,PUBLIC_COMMUNITY
HNEO,Hathbandh,,,21.631919,81.845773,PUBLIC_COMMUNITY
BSSL,Basi Beriasal,WCR,Rajasthan,25.024084,74.764318,PUBLIC_COMMUNITY
CIP,Chichpalli,,,19.966168,79.443249,PUBLIC_COMMUNITY
SNTD,Santaldih,SER,West Bengal,23.596661,86.483123,PUBLIC_COMMUNITY
SNTN,Santinagar Halt,,,23.292974,88.637755,PUBLIC_COMMUNITY
SNTH,Sonthaliya,NWR,Rajasthan,27.400358,75.531666,PUBLIC_COMMUNITY
DPNR,Deepnagar Halt,,,25.140667,85.483274,PUBLIC_COMMUNITY
GKV,Gottihalli Halt,,,13.260622,78.155685,PUBLIC_COMMUNITY
JAMA,Jama,ER,Jharkhand,24.345509,87.14492,PUBLIC_COMMUNITY
HIVR,Hiwarkheda,,,21.431848,78.112944,PUBLIC_COMMUNITY
PETA,Pandetola,,,24.741537,87.060321,PUBLIC_COMMUNITY
BWP,Bhawanipur Kalan,NER,Uttar Pradesh,27.415623,82.161102,PUBLIC_COMMUNITY
LSE,Laseri,,,28.713124,75.479624,PUBLIC_COMMUNITY
KKV,Kunkavav Junction,WR,Gujarat,21.653448,70.975052,PUBLIC_COMMUNITY
LOK,Loknath,ER,West Bengal,22.871718,88.033921,PUBLIC_COMMUNITY
CKH,Chakand,ECR,Bihar,24.890142,84.995494,PUBLIC_COMMUNITY
CKK,Chakarpur,NER,Uttarakhand,28.951978,80.002313,PUBLIC_COMMUNITY
DCA,DAMCHARA,NFR,Assam,25.012661,92.749675,PUBLIC_COMMUNITY
MOX,MORAN,,,27.14711,94.888404,PUBLIC_COMMUNITY
BRMR,BHARMAR,NR,Himachal Pradesh,32.167399,75.954299,PUBLIC_COMMUNITY
CVV,CHERUVU MADHAVARAM,SCR,Andhra Pradesh,16.746018,80.518783,PUBLIC_COMMUNITY
WDL,WANDAL,SWR,Karnataka,16.416601,75.86371,PUBLIC_COMMUNITY
WDN,VADGAON NILA,,,18.929059,76.643889,PUBLIC_COMMUNITY
MOJ,MOHANA,WCR,Madhya Pradesh,25.980208,77.833955,PUBLIC_COMMUNITY
KMV,KARMAD,SCR,Maharashtra,19.872664,75.537898,PUBLIC_COMMUNITY
DRS,DHARESHWAR,NWR,Rajasthan,25.777584,73.667743,PUBLIC_COMMUNITY
KNJJ,KANNJARA HALT,,,19.603965,77.210229,PUBLIC_COMMUNITY
BAGD,BAGWADA,,,20.43948,72.916866,PUBLIC_COMMUNITY
MRYA,MERIYANA,,,21.201567,71.415981,PUBLIC_COMMUNITY
RDRA,RAMDEVRA,NWR,Rajasthan,27.006279,71.929837,PUBLIC_COMMUNITY
SGNR,SHRI GANGANAGAR,NWR,Rajasthan,29.931792,73.871417,PUBLIC_COMMUNITY
GKPE,GORAKHPUR EAST,,,26.75877,83.38739,PUBLIC_COMMUNITY
KPCM,KUWARCHINTAWA,,,26.51743,84.942114,PUBLIC_COMMUNITY
SAPR,SARANGPUR ROAD,WR,Gujarat,22.236682,71.748617,PUBLIC_COMMUNITY
GPAE,GUPTIPARA,ER,West Bengal,23.197355,88.4178,PUBLIC_COMMUNITY
WDM,WYNDHAMGANJ,ECR,Uttar Pradesh,24.264112,83.401605,PUBLIC_COMMUNITY
KMD,KODUMUDI,SR,Tamil Nadu,11.076073,77.885771,PUBLIC_COMMUNITY
BUU,BHADANPUR,WCR,Madhya Pradesh,24.16808,80.679777,PUBLIC_COMMUNITY
ETB,ITARSI B CABIN,,,22.591346,77.709215,PUBLIC_COMMUNITY
CVP,KOVILPATTI,SR,Tamil Nadu,9.182578,77.872848,PUBLIC_COMMUNITY
PAL,PALASNER,WCR,Madhya Pradesh,22.304246,77.050174,PUBLIC_COMMUNITY
RNIS,Ranolishishu,NWR,Rajasthan,27.517012,75.301025,PUBLIC_COMMUNITY
GBB,GUBBI,SWR,Karnataka,13.321429,76.939264,PUBLIC_COMMUNITY
PERN,PERNEM,KR,Goa,15.707894,73.816537,PUBLIC_COMMUNITY
NAWN,NAWAN,NWR,Rajasthan,29.653072,74.353285,PUBLIC_COMMUNITY
AEX,Adderi,,,14.141045,75.157978,PUBLIC_COMMUNITY
JNDO,Jehanabad Court,,,25.201223,84.984236,PUBLIC_COMMUNITY
MCLE,MANCHILI,SCR,Andhra Pradesh,16.662928,81.613684,PUBLIC_COMMUNITY
AEK,Anekal Road,SWR,Karnataka,12.723885,77.710727,PUBLIC_COMMUNITY
DCU,Damalcheruvu,SCR,Andhra Pradesh,13.478885,79.056434,PUBLIC_COMMUNITY
GBE,Gayabari,,,26.86004,88.260998,PUBLIC_COMMUNITY
GKPI,Gate Karepalli,,,17.500295,80.255103,PUBLIC_COMMUNITY
KNJI,Karanjali,,,22.0353,88.245999,PUBLIC_COMMUNITY
BAGA,Bhagega,NWR,Rajasthan,27.67721,75.72089,PUBLIC_COMMUNITY
BAGJ,Barharagani,,,26.921354,83.919574,PUBLIC_COMMUNITY
SLPR,Silpaprabesh,,,22.058566,88.106545,PUBLIC_COMMUNITY
PLNI,Palani,,,10.458722,77.521183,PUBLIC_COMMUNITY
CNDM,Chandi Mandir,NR,Chandigarh,30.727071,76.886839,PUBLIC_COMMUNITY
CNDB,Chandur Bazar,,,21.219451,77.741807,PUBLIC_COMMUNITY
MMVR,Murga Mahadev Road,,,22.060486,85.465862,PUBLIC_COMMUNITY
HSJ,HUSSAIN SAGAR J,,,17.426453,78.461904,PUBLIC_COMMUNITY
SRBG,Sarobag,,,25.272851,86.476035,PUBLIC_COMMUNITY
NWBV,NWBV,,,16.529876,80.620394,PUBLIC_COMMUNITY
JSPR,JASHAPAR,,,21.837131,69.873584,PUBLIC_COMMUNITY
RUP,Rupahigaon,NFR,Assam,26.412562,92.742267,PUBLIC_COMMUNITY
RF,RAFALESHWAR,,,22.773897,70.896925,PUBLIC_COMMUNITY
SGLA,SANGOLA,CR,Maharashtra,17.435563,75.187581,PUBLIC_COMMUNITY
BSA,BHAINSA,,,27.391523,77.673452,PUBLIC_COMMUNITY
BNNR,BHINDAR,,,24.528647,74.179638,PUBLIC_COMMUNITY
KOX,KACHUJOR,,,23.842678,87.465046,PUBLIC_COMMUNITY
INK,INTAKANNE,SCR,Andhra Pradesh,17.727522,79.860507,PUBLIC_COMMUNITY
KZJF,KAZIPET F CABIN,,,17.974824,79.577271,PUBLIC_COMMUNITY
JDPT,Jagdishpur,,,25.148228,86.98462,PUBLIC_COMMUNITY
UBCN,ULHAS BRIDGE CABIN,,,19.246247,73.069462,PUBLIC_COMMUNITY
RG,RAJGHAT NARORA,NR,Uttar Pradesh,28.235655,78.353587,PUBLIC_COMMUNITY
SRDH,SARSADH,,,29.184058,76.731812,PUBLIC_COMMUNITY
IGRL,INGORALA,,,21.823418,71.686981,PUBLIC_COMMUNITY
LGCE,LAGARGAWAN,WCR,Madhya Pradesh,24.464248,80.81431,PUBLIC_COMMUNITY
JDPR,Jagdishpur,?,Jharkhand,24.273109,86.525504,PUBLIC_COMMUNITY
HSM,HAUSNAGAR,,,24.646721,87.94988,PUBLIC_COMMUNITY
VST,BIJAYSOTA,WCR,Madhya Pradesh,23.978724,81.110959,PUBLIC_COMMUNITY
SKPA,SHRIKALYANPURA,,,25.189878,76.094182,PUBLIC_COMMUNITY
DYS,DALAPATHY SAMUDRAM,SR,Tamil Nadu,8.430572,77.638091,PUBLIC_COMMUNITY
RGNH,RAGHUNATHGARH,,,29.311679,73.651572,PUBLIC_COMMUNITY
KVLS,Karakavalasa,ECoR,Andhra Pradesh,18.292228,82.991426,PUBLIC_COMMUNITY
SULH,Sulhani,NR,Punjab,30.871949,74.865129,PUBLIC_COMMUNITY
QCAB,QCAB,,,22.229374,84.884802,PUBLIC_COMMUNITY
AJLE,AZIMGANJ JN CABIN,,,24.23827,88.257363,PUBLIC_COMMUNITY
XCBN,Xcbn,,,25.303843,83.169582,PUBLIC_COMMUNITY
TWI,Totewahi Halt,,,20.014659,79.600455,PUBLIC_COMMUNITY
INP,INDAPUR,KR,Maharashtra,18.297688,73.24465,PUBLIC_COMMUNITY
INJ,INNANJE,,,13.255586,74.76122,PUBLIC_COMMUNITY
BJLP,BARAI JALALPUR,NER,Uttar Pradesh,27.449608,80.800122,PUBLIC_COMMUNITY
KLGD,KOLLENGODE,,,10.626984,76.697715,PUBLIC_COMMUNITY
DWJN,DIVA JN. CABIN,,,19.188667,73.042923,PUBLIC_COMMUNITY
BRWH,BAHERWA HALT,,,25.251877,82.792289,PUBLIC_COMMUNITY
STKW,Sultanpur Kalia,,,28.460518,76.869264,PUBLIC_COMMUNITY
HCNR,Harichandanpur,ECoR,Orissa,21.328476,85.795395,PUBLIC_COMMUNITY
NMUE,Numaishgarh Halt,,,28.40774,77.842306,PUBLIC_COMMUNITY
PTP,Patal Pani,WR,Madhya Pradesh,22.514232,75.797002,PUBLIC_COMMUNITY
PTA,Patiala,NR,Punjab,30.344249,76.4041,PUBLIC_COMMUNITY
DRPH,Devri P.H.,SECR,Madhya Pradesh,22.85663,79.836698,PUBLIC_COMMUNITY
NLKT,Nalkata,,,24.068389,91.999618,PUBLIC_COMMUNITY
PCZ,Pocharam,SCR,Andhra Pradesh,17.486717,80.234583,PUBLIC_COMMUNITY
BSD,Basuldanga,ER,West Bengal,22.203748,88.233939,PUBLIC_COMMUNITY
KOM,Kodikkalpalaiym,,,10.786311,79.648699,PUBLIC_COMMUNITY
TFGN,Tufanganj,,,26.303308,89.667639,PUBLIC_COMMUNITY
MWAD,Mowad,,,21.455554,78.451335,PUBLIC_COMMUNITY
COAC,Coac,,,16.964553,82.238213,PUBLIC_COMMUNITY
KPAW,Kanchrapara Workshop Gate,,,22.935794,88.445352,PUBLIC_COMMUNITY
NLBR,Nilambazar,NFR,Assam,24.743292,92.365126,PUBLIC_COMMUNITY
KADL,Kumradol,,,24.695171,87.07556,PUBLIC_COMMUNITY
SKPR,Sikarpur Halt,,,21.984896,78.946006,PUBLIC_COMMUNITY
MRSH,Morshi,,,21.326057,77.995446,PUBLIC_COMMUNITY
CHTL,Churaru Takrala,,,31.597665,76.166445,PUBLIC_COMMUNITY
SUNW,Surendra Nagar (W) Cabin,,,22.734875,71.636363,PUBLIC_COMMUNITY
SUNE,Sune,,,22.753791,71.644706,PUBLIC_COMMUNITY
XGN,Gokulnagar,,,25.487975,85.302191,PUBLIC_COMMUNITY
HSX,Hoshiarpur,NR,Punjab,31.524074,75.905585,PUBLIC_COMMUNITY
TSG,SITAPUR CITY (THOMASGANJ),,,27.569887,80.690259,PUBLIC_COMMUNITY
GUB,GULARBHOJ,NER,Uttarakhand,29.110784,79.301145,PUBLIC_COMMUNITY
LRNC,LAKSAR NORTH CABIN,,,29.771552,78.011318,PUBLIC_COMMUNITY
LDU,Lunidhar,WR,Gujarat,21.715431,71.085551,PUBLIC_COMMUNITY
HOH,HONAGANAHALLI,SWR,Karnataka,16.679401,75.732815,PUBLIC_COMMUNITY
SE,SEMLA,,,22.039641,70.79367,PUBLIC_COMMUNITY
TELI,TELI,,,11.933094,79.405133,PUBLIC_COMMUNITY
ILA,SILSIMAN,SR,Tamil Nadu,9.867401,78.200182,PUBLIC_COMMUNITY
MMRB,MANMAD B CABIN,,,20.231474,74.449556,PUBLIC_COMMUNITY
NSN,NASIRPUR HALT,,,28.604529,77.109242,PUBLIC_COMMUNITY
REP,RESAULI,,,16.30968,80.457863,PUBLIC_COMMUNITY
COP,Kanpur M. G. Goods,,,26.45248,80.341969,PUBLIC_COMMUNITY
PEM,Peralam Jn,,,10.959358,79.656384,PUBLIC_COMMUNITY
UDR,AMDARA ROAD,WCR,Madhya Pradesh,24.099501,80.577905,PUBLIC_COMMUNITY
SFR,SAFRAI,NFR,Assam,27.029015,94.942883,PUBLIC_COMMUNITY
BURN,BURNPUR,SER,West Bengal,23.671914,86.938623,PUBLIC_COMMUNITY
KQX,KACHUJOR,,,23.841225,87.462774,PUBLIC_COMMUNITY
RWTB,ROWTA BAGAN,,,26.736799,92.21491,PUBLIC_COMMUNITY
CAO,CHAURADANO,,,26.850492,85.017677,PUBLIC_COMMUNITY
RSNA,RASANA HALT,,,24.224697,72.256353,PUBLIC_COMMUNITY
GRNA,GURHANWA,,,26.74758,85.215756,PUBLIC_COMMUNITY
PDPR,Purandarpur,NER,Uttar Pradesh,27.209982,83.347472,PUBLIC_COMMUNITY
HJLI,HUGRAJULI,,,26.805203,92.358641,PUBLIC_COMMUNITY
NSO,Nashipur Road,,,24.21105,88.274766,PUBLIC_COMMUNITY
ULTL,Kulti Link Cabin,,,23.734566,86.865534,PUBLIC_COMMUNITY
PMDB,PAMIDI,,,14.981188,77.599089,PUBLIC_COMMUNITY
DCTL,DOMBIVLI CTL,,,19.203604,73.084191,PUBLIC_COMMUNITY
KQZ,Kolar,,,13.124594,78.132044,PUBLIC_COMMUNITY
SVTN,SHIVATHAN,,,15.477666,74.518905,PUBLIC_COMMUNITY
GMI,Gond Umri,,,21.003133,80.082136,PUBLIC_COMMUNITY
BMGN,BAMUNI GAON,,,26.01201,91.282876,PUBLIC_COMMUNITY
BQU,Bhattiprolu,SCR,Andhra Pradesh,16.105632,80.787953,PUBLIC_COMMUNITY
CMGR,Chikkamanglur,,,13.303885,75.788776,PUBLIC_COMMUNITY
BURA,Bahuara,,,25.89687,84.783481,PUBLIC_COMMUNITY
BHKA,Bahira Kalibari,ER,West Bengal,22.685772,88.563588,PUBLIC_COMMUNITY
GNRD,Genoli Road,,,25.203127,75.152338,PUBLIC_COMMUNITY
BYPA,Baiyyappanahalli,,,12.9912,77.651853,PUBLIC_COMMUNITY
VGDC,Viramgam D Cabin,,,23.137395,72.042828,PUBLIC_COMMUNITY
URML,Upramal,,,25.247947,75.276627,PUBLIC_COMMUNITY
NEYT,Ntpc Exchange Yard Talcher,,,20.919626,85.2081,PUBLIC_COMMUNITY
JRRI,Jrri,,,25.308243,83.178547,PUBLIC_COMMUNITY
NCPM,Nishchindapur Market Halt,ER,West Bengal,21.987443,88.217105,PUBLIC_COMMUNITY
BRSA,Barwa Kalan,,,27.391266,83.408343,PUBLIC_COMMUNITY
JWK,Jawaharpur Kamsan,,,27.52481,78.588278,PUBLIC_COMMUNITY
TMZJ,Tmzj,,,22.246668,87.933497,PUBLIC_COMMUNITY
HUN,Hunsenahalli,,,13.399832,77.94645,PUBLIC_COMMUNITY
DYW,Diyawan Halt,,,25.381729,85.283924,PUBLIC_COMMUNITY
GHB,Gahri Bhagi,,,30.116783,74.944234,PUBLIC_COMMUNITY
JREA,Jhareda,,,27.476348,77.032106,PUBLIC_COMMUNITY
JSL,JASSOWAL HALT,,,30.799159,75.831803,PUBLIC_COMMUNITY
KOWN,KHOWANG,,,27.299563,94.895843,PUBLIC_COMMUNITY
IDGH,INDARGARH,,,25.775115,77.7382,PUBLIC_COMMUNITY
BROR,BERORE,,,29.200034,73.300793,PUBLIC_COMMUNITY
MWZ,MAHISHADAHARI,,,23.916311,87.649654,PUBLIC_COMMUNITY
CHAH,CHAILAHA HALT,,,26.674812,84.894647,PUBLIC_COMMUNITY
LHD,LOHOGAD,SCR,Maharashtra,20.467176,77.078506,PUBLIC_COMMUNITY
GHGL,GHAGWAL,NR,Jammu and Kashmir,32.504286,75.213604,PUBLIC_COMMUNITY
ADTL,ADHARTAL,WCR,Madhya Pradesh,23.227389,79.972274,PUBLIC_COMMUNITY
SISN,SISAUNA,,,29.216155,78.280549,PUBLIC_COMMUNITY
JSI,JASALI,,,24.169914,71.914081,PUBLIC_COMMUNITY
NWN,Nanwan,,,28.371337,76.014318,PUBLIC_COMMUNITY
PRWA,PARWAKHURD HALT,,,19.365201,77.764414,PUBLIC_COMMUNITY
KWC,KUNDWA CHAINPUR,,,26.771884,85.183119,PUBLIC_COMMUNITY
KSMB,KASTLA KASMABAD,ECR,Bihar,25.114944,85.798364,PUBLIC_COMMUNITY
DKJR,DHEKIAJILI ROAD,,,26.809214,92.452548,PUBLIC_COMMUNITY
AADR,Amb Andora,,,31.670727,76.110391,PUBLIC_COMMUNITY
BHHZ,BEHTA HAZIPUR HALT,NR,Uttar Pradesh,28.71973,77.304041,PUBLIC_COMMUNITY
BYNR,MOOKAMBIKA ROAD,KR,Karnataka,13.87259,74.63279,PUBLIC_COMMUNITY
KWH,KACHHWA ROAD,NER,Uttar Pradesh,25.250465,82.706617,PUBLIC_COMMUNITY
IBH4,IBH4,,,22.029944,82.431192,PUBLIC_COMMUNITY
IBH5,IBH5,,,22.019762,82.620084,PUBLIC_COMMUNITY
IBH6,IBH6,,,22.021243,82.737917,PUBLIC_COMMUNITY
IBH3,IBH3,,,22.01621,82.892472,PUBLIC_COMMUNITY
BRMO,BERMO,ECR,,23.772498,85.955893,PUBLIC_COMMUNITY
IBH1,IBH1,,,21.861847,83.625911,PUBLIC_COMMUNITY
IBH2,IBH2,,,21.87477,83.794136,PUBLIC_COMMUNITY
IBHG,Ibhg,,,21.775184,81.988429,PUBLIC_COMMUNITY
NGHW,Nageshwadi Halt,,,18.461519,76.916102,PUBLIC_COMMUNITY
SISM,Singuli Shyam,,,25.186362,75.004442,PUBLIC_COMMUNITY
SSGR,Sisai Gulabrai,,,26.282385,83.776865,PUBLIC_COMMUNITY
MWR,Mahansar,NWR,Rajasthan,28.199841,75.031292,PUBLIC_COMMUNITY
MGDR,Magardharra Ph,,,21.966193,80.125559,PUBLIC_COMMUNITY
FGH,Fatehgarh Haryana,,,28.647921,76.243784,PUBLIC_COMMUNITY
DASF,Dhasa Jn,,,21.782515,71.517978,PUBLIC_COMMUNITY
KAMR,Khurrampur,,,25.168723,85.221316,PUBLIC_COMMUNITY
SHTS,Sambhal Hatim Sarai,NR,Uttar Pradesh,28.596912,78.568241,PUBLIC_COMMUNITY
BECN,Bikaner East,,,27.972495,73.368894,PUBLIC_COMMUNITY
PKM,Periyanaikanpalayam,SR,Tamil Nadu,11.144776,76.948477,PUBLIC_COMMUNITY
IBHE,Ibhe,,,21.60083,81.815212,PUBLIC_COMMUNITY
SRJK,Suraj Kunda,,,26.142698,81.202919,PUBLIC_COMMUNITY
IBHF,Ibhf,,,21.682533,81.896133,PUBLIC_COMMUNITY
IBHC,Ibhc,,,21.38637,81.741998,PUBLIC_COMMUNITY
PKRH,Parsa Kerwan Halt,,,26.05361,84.827376,PUBLIC_COMMUNITY
TOR,Titur,,,21.059452,79.288957,PUBLIC_COMMUNITY
TOI,Tamkuhi Road,,,26.721824,84.228415,PUBLIC_COMMUNITY
BFF,Barabhati,,,20.862984,80.060841,PUBLIC_COMMUNITY
MROA,Mora,,,27.516762,77.612747,PUBLIC_COMMUNITY
SGDV,Soma Guddu,,,14.288569,76.633302,PUBLIC_COMMUNITY
KWB,Kaniwara,SECR,Madhya Pradesh,22.218261,79.732914,PUBLIC_COMMUNITY
DJHR,Deojhar,,,22.080717,85.476993,PUBLIC_COMMUNITY
DEPI,Deenapatti,,,25.89498,86.937159,PUBLIC_COMMUNITY
IBHA,Ibha,,,21.206629,81.384639,PUBLIC_COMMUNITY
DKJB,Dornakal Bye Pass,,,17.42921,80.157907,PUBLIC_COMMUNITY
JUYA,Jodhpuriya,,,25.070196,74.814653,PUBLIC_COMMUNITY
DUE,Dhuri Jn,,,26.800862,84.13938,PUBLIC_COMMUNITY
BKRH,Brij Kishor Halt,,,26.31374,84.69461,PUBLIC_COMMUNITY
SMGR,Samaguri,NFR,Assam,26.416263,92.849833,PUBLIC_COMMUNITY
BTDR,Batadrowa Road,NFR,Assam,26.466939,92.538085,PUBLIC_COMMUNITY
RTJ,Rantej,WR,Gujarat,23.471537,72.153828,PUBLIC_COMMUNITY
NRKG,NARKATIAGANJ JN,,,27.105025,84.464035,PUBLIC_COMMUNITY
KGLE,KHAGRAGHAT ROAD,ER,West Bengal,24.106842,88.226481,PUBLIC_COMMUNITY
BDK,BEDAG,,,16.823512,74.756723,PUBLIC_COMMUNITY
PRK,PARKHAM,,,27.299256,77.711657,PUBLIC_COMMUNITY
DWL,DHUWALA,,,25.48715,74.581974,PUBLIC_COMMUNITY
BYO,BAYALUVADDIGERI,,,15.230476,76.533248,PUBLIC_COMMUNITY
RJMA,RAJOMAJRA,,,30.375339,75.798104,PUBLIC_COMMUNITY
LNT,LINGTI,?,Maharashtra,19.86677,78.901334,PUBLIC_COMMUNITY
BYE,BANSI BOHERA,,,24.363233,74.388674,PUBLIC_COMMUNITY
PPS,PIPILIYA ROAD,,,22.930873,70.678255,PUBLIC_COMMUNITY
SQZ,VANCHANGIRI,,,17.951283,79.667153,PUBLIC_COMMUNITY
KLMJ,Kalhe Majra,,,30.335841,76.211493,PUBLIC_COMMUNITY
KMHT,KARMAHAT,,,23.712696,85.541075,PUBLIC_COMMUNITY
KLMD,Kollumangudi,,,10.980702,79.655933,PUBLIC_COMMUNITY
BDA,VADODARA C CABIN,,,22.318357,73.17783,PUBLIC_COMMUNITY
GAGA,Galgalia,,,26.52752,88.113485,PUBLIC_COMMUNITY
NAKD,NAIK DIH,,,25.847026,83.466008,PUBLIC_COMMUNITY
KSIH,Khodseoni,,,21.155848,80.112715,PUBLIC_COMMUNITY
POY,POLLACHI JN,,,10.653079,77.001342,PUBLIC_COMMUNITY
BRIH,Bairi Halt,,,25.158612,84.211322,PUBLIC_COMMUNITY
SDLK,SUNDLAK,,,25.121481,76.455842,PUBLIC_COMMUNITY
ISM,ISMAILA HARYANA,NR,Haryana,28.796977,76.746563,PUBLIC_COMMUNITY
PPK,Pachpokharia,,,26.894084,84.981145,PUBLIC_COMMUNITY
KYG,KIDIYANAGA,,,23.47934,70.768891,PUBLIC_COMMUNITY
VBU,VEMBUR,,,10.589339,78.072383,PUBLIC_COMMUNITY
NNM,Nannilam,,,10.883704,79.650905,PUBLIC_COMMUNITY
KYO,KHANDIKAR,,,26.463321,91.642769,PUBLIC_COMMUNITY
BATM,Batala Sugar Mills,,,31.856906,75.228493,PUBLIC_COMMUNITY
HIS,Hisua,,,24.859601,85.417826,PUBLIC_COMMUNITY
LLD,Lalavadi,,,21.930347,78.189646,PUBLIC_COMMUNITY
IDS,Ishardaspur,,,25.947849,81.253954,PUBLIC_COMMUNITY
CGE,Charghat Pipari,,,23.037538,79.922584,PUBLIC_COMMUNITY
DLCB,Durg Link Cabin,,,21.197156,81.300896,PUBLIC_COMMUNITY
SRSO,Sarsoo,,,24.919782,85.353683,PUBLIC_COMMUNITY
DGPI,Durgapuri,,,25.865541,76.809686,PUBLIC_COMMUNITY
IDT,Sidlaghatta,,,13.39219,77.865365,PUBLIC_COMMUNITY
BYQ,Bahai,,,26.122334,81.01528,PUBLIC_COMMUNITY
SPBG,Sipra Bridge,,,23.173483,75.757499,PUBLIC_COMMUNITY
BWO,Buramara,,,22.107567,86.650295,PUBLIC_COMMUNITY
PRNT,Periyanagathunai,,,12.559346,77.911017,PUBLIC_COMMUNITY
IFFC,Iffco Cabin,,,23.212087,72.520108,PUBLIC_COMMUNITY
TKG,Thakurganj,,,26.426933,88.129704,PUBLIC_COMMUNITY
MTRA,Matigara,,,26.716817,88.384065,PUBLIC_COMMUNITY
BRKH,Bisapur Kalan Halt,SECR,Madhya Pradesh,21.914681,78.923701,PUBLIC_COMMUNITY
SUPR,Surajpur,,,30.782451,76.888897,PUBLIC_COMMUNITY
HMB,Harebetta,,,12.794145,75.593582,PUBLIC_COMMUNITY
SSU,Sasa Musa,,,26.527558,84.357082,PUBLIC_COMMUNITY
BGDI,Bagadia Ph,,,20.279033,86.586249,PUBLIC_COMMUNITY
POT,Pothia,,,26.310567,88.179429,PUBLIC_COMMUNITY
POU,Padrauna,,,26.897709,83.982606,PUBLIC_COMMUNITY
HAN,HINDAUN CITY,WCR,Rajasthan,26.756164,77.031686,PUBLIC_COMMUNITY
MGRP,MEGH RAJ PURA,NR,Himachal Pradesh,32.079397,76.071419,PUBLIC_COMMUNITY
GPSA,Ghatparsia Halt,,,22.059739,79.052852,PUBLIC_COMMUNITY
GHAI,GHATIGAON,WCR,Madhya Pradesh,26.054864,77.92678,PUBLIC_COMMUNITY
SBIC,SABARMATI BRIDGE,,,23.067094,72.588756,PUBLIC_COMMUNITY
DSX,DESANG,,,27.056055,94.686324,PUBLIC_COMMUNITY
SUC,Sunak,,,23.604089,73.209986,PUBLIC_COMMUNITY
CKKD,CHARKHERA KHURD,,,21.938836,76.642615,PUBLIC_COMMUNITY
AMPA,AMBALAPUZHA,SR,Kerala,9.386059,76.363817,PUBLIC_COMMUNITY
SBID,SABARMATI D CABIN,,,23.101488,72.570275,PUBLIC_COMMUNITY
SUI,Sui,,,28.899231,76.06143,PUBLIC_COMMUNITY
MHWL,MACHROWAR,,,31.516333,75.636644,PUBLIC_COMMUNITY
KTLN,KHAT LABANA,,,30.039012,73.861247,PUBLIC_COMMUNITY
SUJH,Sujangarh,NWR,Rajasthan,27.708763,74.463659,PUBLIC_COMMUNITY
NTDM,NITYANAND DHAM,,,23.414967,75.057507,PUBLIC_COMMUNITY
TEK,Tekkali Halt,ECoR,Andhra Pradesh,18.605282,84.231178,PUBLIC_COMMUNITY
SLBS,SALSALA BARI,,,26.486647,89.594991,PUBLIC_COMMUNITY
BTDF,BOTAD JN,,,22.182671,71.665397,PUBLIC_COMMUNITY
SBIS,SABARMATI SOUTH,,,23.083452,72.563755,PUBLIC_COMMUNITY
GJT,Gannaghatta,,,13.244119,78.146705,PUBLIC_COMMUNITY
DQV,DAULA KOT BHAI,,,30.206149,74.703438,PUBLIC_COMMUNITY
LHK,LAIHRA KHANA,,,30.225855,75.138985,PUBLIC_COMMUNITY
DNU,Dalsanur,,,13.274642,78.171853,PUBLIC_COMMUNITY
GKHT,GRAM KHARIKA,,,25.672045,85.387906,PUBLIC_COMMUNITY
RKO,RAMAKRISHNAPURAM GATE,SCR,Andhra Pradesh,17.476299,78.528473,PUBLIC_COMMUNITY
MWG,Mindala,,,20.515626,79.716809,PUBLIC_COMMUNITY
DSAP,DELHI SHAHDARA A PANEL,,,28.673349,77.31954,PUBLIC_COMMUNITY
SNCA,SONACHARA,,,25.984617,91.143131,PUBLIC_COMMUNITY
RKL,Ramkola,,,26.90674,83.836714,PUBLIC_COMMUNITY
RKK,Ratangarh Kanakwal,,,29.922761,74.966758,PUBLIC_COMMUNITY
DLGS,Duklangia,,,26.692531,94.273103,PUBLIC_COMMUNITY
KTLP,Katalpur Halt,,,26.229289,84.772843,PUBLIC_COMMUNITY
SETB,Sessa,,,27.32406,94.85767,PUBLIC_COMMUNITY
AUI,Aurahi,ECR,Bihar,25.823021,87.135054,PUBLIC_COMMUNITY
AUN,Aurang Nagar,,,29.043935,75.974542,PUBLIC_COMMUNITY
BNLS,Bangi Nihal Singh,,,30.008326,74.955285,PUBLIC_COMMUNITY
HAR,Hamirpur Road,NCR,Uttar Pradesh,26.016513,80.190689,PUBLIC_COMMUNITY
WTP,Water Pipe,,,19.009064,73.290406,PUBLIC_COMMUNITY
SLHI,Shilhauri Halt,,,25.953021,84.833749,PUBLIC_COMMUNITY
RTG,Rangtong,NFR,West Bengal,26.836122,88.342388,PUBLIC_COMMUNITY
BLLT,Ballupete,,,12.969668,75.908903,PUBLIC_COMMUNITY
RTU,Ratan Sarai,,,26.37354,84.573582,PUBLIC_COMMUNITY
SDRA,Sudharana,NWR,Haryana,28.453681,76.425807,PUBLIC_COMMUNITY
BVRM,Bhimavaram Junction,SCR,Andhra Pradesh,16.543097,81.538335,PUBLIC_COMMUNITY
NKW,Nilakantheswar,ECoR,Orissa,21.426066,85.798221,PUBLIC_COMMUNITY
SKY,Shikara,SECR,Madhya Pradesh,22.798847,79.858161,PUBLIC_COMMUNITY
DJB,DIJAOBRA,,,25.5507,93.093936,PUBLIC_COMMUNITY
BLR,BALGANUR,SWR,Karnataka,15.592629,75.602519,PUBLIC_COMMUNITY
MSHW,MUSHARWA HALT,,,27.051627,84.486962,PUBLIC_COMMUNITY
CHIT,CHITHARI HALT,,,25.228309,79.890762,PUBLIC_COMMUNITY
BRGP,BAJRANGPURA,,,22.838744,71.740065,PUBLIC_COMMUNITY
BRGT,BHERAGHAT,WCR,Madhya Pradesh,23.169766,79.797879,PUBLIC_COMMUNITY
SWU,SANAURA,,,31.579622,75.641326,PUBLIC_COMMUNITY
MHDA,MAHDEIYA,ECR,Madhya Pradesh,24.210039,82.588309,PUBLIC_COMMUNITY
BRGJ,BARGAON GUJAR,,,21.784918,76.356229,PUBLIC_COMMUNITY
DHWS,DHOSAWAS,,,23.383691,75.051031,PUBLIC_COMMUNITY
VDK,VADAKANNIKAPURM,,,10.641667,76.686919,PUBLIC_COMMUNITY
KHNR,KACHNARA,,,23.808778,75.101024,PUBLIC_COMMUNITY
MMDA,MUTHALAMADA,,,10.626386,76.771723,PUBLIC_COMMUNITY
DV,DHUVA,,,22.722379,70.933579,PUBLIC_COMMUNITY
FRG,Faringapete Halt,,,12.875341,74.957082,PUBLIC_COMMUNITY
CASA,CHHANSARA,,,23.767566,71.276337,PUBLIC_COMMUNITY
SNLR,SANTALPUR,WR,Gujarat,23.759161,71.181545,PUBLIC_COMMUNITY
SIA,SHIVLANKHA,,,23.380465,70.620232,PUBLIC_COMMUNITY
SNMR,Soniyana Mewar,,,25.080389,73.971244,PUBLIC_COMMUNITY
MSHM,MAHESANA,,,23.606147,72.388756,PUBLIC_COMMUNITY
SWW,Shahanagar Timarua,NCR,Uttar Pradesh,27.416457,78.25971,PUBLIC_COMMUNITY
NKV,NAKARDEI,,,26.948956,84.891939,PUBLIC_COMMUNITY
MMDL,MOHINI MANDAL(H,,,26.678677,85.389062,PUBLIC_COMMUNITY
GVR,GORESUAR,,,26.526056,91.720467,PUBLIC_COMMUNITY
SRRB,SHORANUR B CABIN,,,10.759868,76.271,PUBLIC_COMMUNITY
KBY,KHOIRABARI,,,26.626143,91.840413,PUBLIC_COMMUNITY
PCAB,PCAB,,,22.237662,84.912165,PUBLIC_COMMUNITY
TNL,TANGLA,,,26.658355,91.912274,PUBLIC_COMMUNITY
SWT,Shivwala Tehu,,,27.382935,78.224585,PUBLIC_COMMUNITY
NGPB,Nagpur (Se),,,21.145332,79.088256,PUBLIC_COMMUNITY
PLHL,PALLAHALLI HALT,,,12.411563,76.660168,PUBLIC_COMMUNITY
NJPS,New Jalpaiguri,,,26.682355,88.442721,PUBLIC_COMMUNITY
BARS,Barsana,,,27.443263,77.150253,PUBLIC_COMMUNITY
LKMN,Lokmanya Nagar,WR,Madhya Pradesh,22.691279,75.847166,PUBLIC_COMMUNITY
MSHF,Mahesana,,,23.603326,72.38937,PUBLIC_COMMUNITY
TVTN,Thambawati Nagri,,,24.958315,74.686919,PUBLIC_COMMUNITY
SPYA,Sipaya,,,26.564981,84.326498,PUBLIC_COMMUNITY
JUBS,Jubbasahani,,,26.17489,85.369793,PUBLIC_COMMUNITY
LSGS,Lavan Satyagraha Smarak P.H,,,22.096296,87.850571,PUBLIC_COMMUNITY
HPLB,Hatpuraini,,,25.155346,86.98459,PUBLIC_COMMUNITY
CHT,Champahati,ER,West Bengal,22.402193,88.493624,PUBLIC_COMMUNITY
MMDP,Mohamadpur,,,24.877386,85.415625,PUBLIC_COMMUNITY
NEHL,Nethranahalli H,,,14.674986,76.71037,PUBLIC_COMMUNITY
KBS,Kusmuda Block Station,,,22.342991,82.680149,PUBLIC_COMMUNITY
SVGL,Shrivagilu,,,12.755498,75.584174,PUBLIC_COMMUNITY
GVP,Gate Vanampalli,,,17.448472,77.892616,PUBLIC_COMMUNITY
GOX,GOBINDPUR DUGLI,,,26.085299,83.791513,PUBLIC_COMMUNITY
KAKN,Kaimarkalan,NCR,Madhya Pradesh,26.176561,77.222727,PUBLIC_COMMUNITY
BLV,Bhelwa,,,26.994131,84.778361,PUBLIC_COMMUNITY
BLF,Balajan,,,26.09571,89.887371,PUBLIC_COMMUNITY
APRD,Ashapurna Devi,,,21.727401,87.638201,PUBLIC_COMMUNITY
KNVH,Kanivehalli,,,13.327121,75.898661,PUBLIC_COMMUNITY
SEPN,SEPON,,,27.117144,94.856434,PUBLIC_COMMUNITY
HBG,HOWBAGH JABALPUR,WCR,Madhya Pradesh,23.156296,79.932199,PUBLIC_COMMUNITY
BHBT,BLOCK HUT BASANTPUR,,,32.559965,75.059067,PUBLIC_COMMUNITY
JMBL,JAMBHALI HALT,,,19.167016,77.592935,PUBLIC_COMMUNITY
TNNH,TAPASWINARAYAN NAGAR HALT,,,26.631615,85.445955,PUBLIC_COMMUNITY
STDB,SITAFALMANDI B,,,17.428299,78.520249,PUBLIC_COMMUNITY
AYD,AYANDUR,,,11.966732,79.34081,PUBLIC_COMMUNITY
AJKI,AJITKHERI,WR,Madhya Pradesh,23.040004,76.045323,PUBLIC_COMMUNITY
MSDG,MASOBA DONGARGAON,,,17.265554,75.136269,PUBLIC_COMMUNITY
HXR,HANSAPORE,,,20.906867,72.925984,PUBLIC_COMMUNITY
MDUN,Madhura Nagar,,,16.525352,80.647608,PUBLIC_COMMUNITY
DDS,DUDH SAGAR,,,15.31821,74.306568,PUBLIC_COMMUNITY
KFN,KANOR,,,24.459564,74.266275,PUBLIC_COMMUNITY
CQS,CAPPER QUARRY,SR,Tamil Nadu,11.694558,79.753666,PUBLIC_COMMUNITY
AYN,AIYANAPURAM,SR,Tamil Nadu,10.788547,78.929033,PUBLIC_COMMUNITY
FTH,FATUHI,NR,Rajasthan,30.056984,73.871319,PUBLIC_COMMUNITY
BDUA,BASUDEOPUR CHANDAIL HALT,,,25.648738,85.542692,PUBLIC_COMMUNITY
KLVR,Kolvihir,,,21.26585,77.854259,PUBLIC_COMMUNITY
HBQ,HUBLI EAST CAB,,,15.348063,75.155355,PUBLIC_COMMUNITY
MITA,MITHA,,,24.082494,71.672422,PUBLIC_COMMUNITY
BNWS,BHANWASA,,,26.833302,75.21705,PUBLIC_COMMUNITY
BUBR,BHUTAKIA BHIMSA,,,23.53354,70.908462,PUBLIC_COMMUNITY
GEK,GEGAL AKHRI,NWR,Rajasthan,26.540366,74.775574,PUBLIC_COMMUNITY
SLWR,SILAWAR,NR,Uttar Pradesh,29.505405,77.345001,PUBLIC_COMMUNITY
LJKR,LAJKURA CABIN,,,21.809025,83.888267,PUBLIC_COMMUNITY
MDN,MIDNAPORE,SER,West Bengal,22.42498,87.307379,PUBLIC_COMMUNITY
MYX,METYAL SOHAR,SER,West Bengal,23.482582,86.748784,PUBLIC_COMMUNITY
JGF,JOGIDIH,,,24.276914,83.052288,PUBLIC_COMMUNITY
PWK,PIPARIYA KALAN,WCR,Madhya Pradesh,23.859295,80.736422,PUBLIC_COMMUNITY
KMTI,Kumarhatti,NR,Himachal Pradesh,30.889186,77.055981,PUBLIC_COMMUNITY
KRTN,KIRTI NAGAR,NR,Delhi NCT,28.646929,77.145074,PUBLIC_COMMUNITY
TCH,Tiruchchuli,,,9.537361,78.197532,PUBLIC_COMMUNITY
ADRE,ADRA EAST CABIN,,,23.492772,86.692871,PUBLIC_COMMUNITY
KLSP,Kushal Pura,,,28.484266,75.764732,PUBLIC_COMMUNITY
TERH,Terha Halt,,,25.995646,84.849367,PUBLIC_COMMUNITY
LVR,Lokvidyapith Nagar,NER,Uttar Pradesh,27.154414,83.306841,PUBLIC_COMMUNITY
LVK,Lakkavarapukota,,,18.018465,83.147449,PUBLIC_COMMUNITY
JGP,Jalalpur,,,26.586308,84.311942,PUBLIC_COMMUNITY
BNWD,Bhandewadi Halt,,,21.141189,79.159229,PUBLIC_COMMUNITY
HEN,Heria Ph,,,21.974916,87.795566,PUBLIC_COMMUNITY
KDHI,Kaladehi,SECR,Madhya Pradesh,22.87917,79.83489,PUBLIC_COMMUNITY
ICBN,Icbn,,,25.296735,83.156976,PUBLIC_COMMUNITY
JBCN,Joda Block Cabin,,,22.024168,85.43383,PUBLIC_COMMUNITY
PPTN,Piprithan,,,26.484618,88.124798,PUBLIC_COMMUNITY
SKLI,Sukli,,,21.677859,79.683653,PUBLIC_COMMUNITY
ANGM,Aungari Dham,,,25.191332,85.226157,PUBLIC_COMMUNITY
KATI,Kanthi P Halt,?,West Bengal,21.788743,87.734128,PUBLIC_COMMUNITY
NTS,Nattrasankottai,SR,Tamil Nadu,9.880423,78.54143,PUBLIC_COMMUNITY
KDHN,Kandharan Halt,,,28.594924,75.45245,PUBLIC_COMMUNITY
BWBN,Bewar Bhojan,,,28.547682,75.568341,PUBLIC_COMMUNITY
GNDM,Gunrajpur Dhama,,,26.069449,84.821135,PUBLIC_COMMUNITY
KBKN,Khabra Kalan,,,29.322476,75.412296,PUBLIC_COMMUNITY
KRKM,Khara-Kameri,,,25.427702,73.929025,PUBLIC_COMMUNITY
JES,Jaitsar,,,29.342839,73.652289,PUBLIC_COMMUNITY
GGG,Gangagarh Halt,,,27.850344,78.739109,PUBLIC_COMMUNITY
MDLM,MUNDALARAM,,,23.687953,75.102087,PUBLIC_COMMUNITY
KTDD,KATAIYA DANDI,NCR,Uttar Pradesh,25.149062,81.398481,PUBLIC_COMMUNITY
KNRI,KUNURI,,,23.916306,87.611518,PUBLIC_COMMUNITY
KHW,KHERODA,,,24.570581,74.068536,PUBLIC_COMMUNITY
AJIT,AJIT,NWR,Rajasthan,25.860077,72.677955,PUBLIC_COMMUNITY
BKAC,BARKAKANA AVOIDING CABIN,,,23.64052,85.463592,PUBLIC_COMMUNITY
CMMG,CHAMUNDA MARG,NR,Himachal Pradesh,32.110941,76.421027,PUBLIC_COMMUNITY
X108,Aman Lodge,,,18.997761,73.27608,PUBLIC_COMMUNITY
BLDL,BALLE-DA-PIR-LA,NR,Himachal Pradesh,32.215731,75.932732,PUBLIC_COMMUNITY
GURN,Gurudas Nagar,ER,West Bengal,22.199323,88.214928,PUBLIC_COMMUNITY
SOA,SANOSRA,WR,Gujarat,21.74811,71.789479,PUBLIC_COMMUNITY
BGRR,BAGARPUR HALT,,,29.079066,78.278043,PUBLIC_COMMUNITY
FZR,FIROZPUR CANT,NR,Punjab,30.942486,74.618439,PUBLIC_COMMUNITY
LMGF,LUMDING JN,,,25.750176,93.17674,PUBLIC_COMMUNITY
MDJN,Madar Jn,,,26.464294,74.686507,PUBLIC_COMMUNITY
TZH,TAKAZHI,,,9.3702,76.408316,PUBLIC_COMMUNITY
BVI,BORIVALI,WR,Maharashtra,19.228739,72.856412,PUBLIC_COMMUNITY
PNTR,PENNATHUR HALT,,,12.84996,79.123537,PUBLIC_COMMUNITY
GM,GARMADI,,,23.72788,71.13394,PUBLIC_COMMUNITY
MBU,MELPATTAM BAKKAM,SR,Tamil Nadu,11.784898,79.622949,PUBLIC_COMMUNITY
BANR,Bhaner,,,22.879186,72.97562,PUBLIC_COMMUNITY
CUD,TIRUPPAPPULIYUR,SR,Tamil Nadu,11.748845,79.753441,PUBLIC_COMMUNITY
KWBR,KATWAR BAZAAR,,,25.562644,82.448864,PUBLIC_COMMUNITY
NXH,NIDAGHATTA,,,12.62535,77.088066,PUBLIC_COMMUNITY
LCAE,LALBAGH COURT ROAD,ER,West Bengal,24.173693,88.246307,PUBLIC_COMMUNITY
DKGN,DEKARGAON,,,26.681166,92.763075,PUBLIC_COMMUNITY
KBGB,Komagata Maru Budge Budge,,,22.492832,88.194422,PUBLIC_COMMUNITY
BTJL,BHATKAL,KR,Karnataka,13.98866,74.565559,PUBLIC_COMMUNITY
BGRA,BAGHNAPARA,ER,West Bengal,23.242082,88.329724,PUBLIC_COMMUNITY
MGTD,MEGHPUR TITODI,,,22.138132,69.451972,PUBLIC_COMMUNITY
LMGS,LUMDING SOUTH,,,25.757118,93.163576,PUBLIC_COMMUNITY
DMWP,Dmw Patiala Halt,,,30.361156,76.421543,PUBLIC_COMMUNITY
CSY,COSSYE,,,22.406833,87.289649,PUBLIC_COMMUNITY
DDNA,Dudhaunda,NER,Uttar Pradesh,25.573305,83.084478,PUBLIC_COMMUNITY
MNGR,Mohan Nagar,,,29.45876,73.523178,PUBLIC_COMMUNITY
DALF,DALI GANJ,,,26.875644,80.927742,PUBLIC_COMMUNITY
KMPS,Kumara Patnam Bg Sdg,,,14.527464,75.780127,PUBLIC_COMMUNITY
MABG,MATANA BUZURG,,,23.113851,75.867117,PUBLIC_COMMUNITY
IKD,Ikdori,NCR,Madhya Pradesh,26.037543,76.940934,PUBLIC_COMMUNITY
BLDK,Balauda Takun,WR,Madhya Pradesh,22.877384,75.755456,PUBLIC_COMMUNITY
KRMP,Kumaripur Halt,,,25.437544,87.605722,PUBLIC_COMMUNITY
GSRM,Gauri Sriram,,,26.76998,84.186761,PUBLIC_COMMUNITY
BBRA,Bbra,,,16.549141,81.53283,PUBLIC_COMMUNITY
JNRD,Junagarh Road,,,19.874057,82.946083,PUBLIC_COMMUNITY
KSBP,Keshabpur,SER,West Bengal,22.221674,87.948672,PUBLIC_COMMUNITY
BVZ,Naloi Barwa,,,28.963145,75.623857,PUBLIC_COMMUNITY
JNRI,Jalandari,,,25.286385,75.342247,PUBLIC_COMMUNITY
TDPM,Todikkapulam Halt,SR,,11.153244,76.268569,PUBLIC_COMMUNITY
KHR,Khairee Halt,,,22.343556,79.860374,PUBLIC_COMMUNITY
LLBR,Lalabazar,?,Assam,24.56185,92.610161,PUBLIC_COMMUNITY
SSPD,Sadashivapet Road,SCR,Andhra Pradesh,17.483565,77.87282,PUBLIC_COMMUNITY
CWDA,Chuhriwala Dhanna,,,30.212075,74.135569,PUBLIC_COMMUNITY
PADL,Padil,,,12.874231,74.894329,PUBLIC_COMMUNITY
JMKL,JAMUNIA KALAN,,,24.413061,74.888662,PUBLIC_COMMUNITY
PJPI,PRAJAPATI HALT,,,26.815895,84.502163,PUBLIC_COMMUNITY
KGIH,KALGURKI HALT,,,16.585004,75.775752,PUBLIC_COMMUNITY
BDVR,Bodavara,,,18.175095,83.112494,PUBLIC_COMMUNITY
BEHT,BIHAT HALT,,,25.44977,86.033456,PUBLIC_COMMUNITY
KNKP,KONDIKOPPA,,,15.431088,75.469303,PUBLIC_COMMUNITY
MRPM,MATHURAPUR MOR HALT,,,29.660955,78.422242,PUBLIC_COMMUNITY
CCBG,Chicholi Buzurg,,,20.613113,79.912753,PUBLIC_COMMUNITY
SHHT,SINGHAUL HALT,,,25.435009,86.09668,PUBLIC_COMMUNITY
SDPT,SEDARAMPATTU,,,12.672036,79.202726,PUBLIC_COMMUNITY
ADX,ADAPUR,,,26.924721,84.941759,PUBLIC_COMMUNITY
BKTB,BINDUKURI,,,26.709022,92.734685,PUBLIC_COMMUNITY
KDBR,KHADKI BAZAR,,,19.406761,77.832038,PUBLIC_COMMUNITY
DHWN,Dhaniyawan,,,25.421986,85.287469,PUBLIC_COMMUNITY
STNR,Sitalnagar,,,28.04419,74.245042,PUBLIC_COMMUNITY
GMK,GULMA KHOLA,,,26.83822,88.43738,PUBLIC_COMMUNITY
NTWL,Netawal,,,24.861017,74.45849,PUBLIC_COMMUNITY
NKBR,Narkatia Bazar,,,26.488339,84.38246,PUBLIC_COMMUNITY
BRL,BARWALA ROAD,,,22.902131,70.714894,PUBLIC_COMMUNITY
NPTY,NIMPURA THROUGH YARD,,,22.325255,87.265053,PUBLIC_COMMUNITY
GMX,GURMURA,,,24.354898,83.047774,PUBLIC_COMMUNITY
THSA,THANISANDRA,,,13.057856,77.635509,PUBLIC_COMMUNITY
GOG,GHORGHAT,,,25.27073,86.58456,PUBLIC_COMMUNITY
KNKD,Kankanadi,,,12.866703,74.881137,PUBLIC_COMMUNITY
RXR,RANGAPAHAR,NFR,Nagaland,25.854971,93.707766,PUBLIC_COMMUNITY
OBAC,OBRA-A-CABIN,,,24.446331,82.988313,PUBLIC_COMMUNITY
RDHP,RADHANPUR,WR,Gujarat,23.84693,71.585594,PUBLIC_COMMUNITY
STNC,Sitarampur Link Cabin,,,23.745854,86.885648,PUBLIC_COMMUNITY
MSBR,MUSAHIBPUR,,,31.983448,75.609457,PUBLIC_COMMUNITY
BSPD,BIASPIND,,,31.459179,75.632658,PUBLIC_COMMUNITY
CHAF,Chaf Halt,,,26.82851,84.093969,PUBLIC_COMMUNITY
DBK,Darbari,,,27.965527,73.100532,PUBLIC_COMMUNITY
IBHH,Ibhh,,,21.846442,82.057491,PUBLIC_COMMUNITY
JDNM,JAGUDAN,,,23.521871,72.401679,PUBLIC_COMMUNITY
IBHD,Ibhd,,,21.443752,81.763465,PUBLIC_COMMUNITY
DBT,Dakshin Barasat,ER,West Bengal,22.226102,88.452286,PUBLIC_COMMUNITY
JULF,Jhulasan,,,23.326449,72.471105,PUBLIC_COMMUNITY
BWIP,Bhawanipatna,,,19.93393,83.158398,PUBLIC_COMMUNITY
KJR,Kalajhari,,,20.369711,85.838015,PUBLIC_COMMUNITY
JDNF,Jagudan,,,23.522071,72.401879,PUBLIC_COMMUNITY
BEHJ,Behj,,,27.481951,77.396587,PUBLIC_COMMUNITY
GRCP,G. Ramchandrapur,,,19.990686,83.330182,PUBLIC_COMMUNITY
GLKN,Gugalwa Kirtan,,,28.545807,75.576076,PUBLIC_COMMUNITY
KCLA,Kenchanalu Halt,,,14.017784,75.285447,PUBLIC_COMMUNITY
TNPR,Tejnarayanpur,,,25.339562,87.710981,PUBLIC_COMMUNITY
TORA,Torniya,WR,Gujarat,21.450802,70.497006,PUBLIC_COMMUNITY
BRVR,Borvihir,CR,Maharashtra,20.784326,74.841741,PUBLIC_COMMUNITY
TPNI,Tuiya Pani,SECR,Madhya Pradesh,22.560296,80.010141,PUBLIC_COMMUNITY
VRK,Virkudi,,,10.817963,79.648304,PUBLIC_COMMUNITY
BHRH,Bhuyar Halt,,,20.712948,79.579542,PUBLIC_COMMUNITY
MTBG,Matia Barghat Halt,,,26.941536,83.757104,PUBLIC_COMMUNITY
SMPC,Shambhupura C Cabin,,,24.792781,74.638449,PUBLIC_COMMUNITY
GHPU,Gandhipuram Halt,SCR,Andhra Pradesh,17.495052,80.31352,PUBLIC_COMMUNITY
STLB,Sitalpur Bengal,,,21.774098,87.672822,PUBLIC_COMMUNITY
HPL,Haripal,ER,West Bengal,22.831158,88.11854,PUBLIC_COMMUNITY
WLGN,Walgaon,,,21.020729,77.71074,PUBLIC_COMMUNITY
ADQ,Adhikari,,,26.576892,88.169882,PUBLIC_COMMUNITY
DKCH,DAKACHA,,,22.859111,75.951951,PUBLIC_COMMUNITY
KNB,KANIYAMBADI,,,12.809317,79.124418,PUBLIC_COMMUNITY
NGON,NAUGAON,,,26.130622,78.120358,PUBLIC_COMMUNITY
VLCA,VELLALCHERUVU H,,,16.132576,79.891216,PUBLIC_COMMUNITY
SEI,SHENDRI,CR,Maharashtra,18.130093,75.552627,PUBLIC_COMMUNITY
KHDH,Karahdih Halt,,,25.068848,85.432679,PUBLIC_COMMUNITY
GRMT,GUR MARKET,,,16.701278,74.264117,PUBLIC_COMMUNITY
MTDI,MALTEKDI,,,19.1674,77.334354,PUBLIC_COMMUNITY
GPC,GHATPINDRAI,WCR,Madhya Pradesh,22.952676,79.26631,PUBLIC_COMMUNITY
VPO,BHUPIA MAU,NR,Uttar Pradesh,25.875223,81.970286,PUBLIC_COMMUNITY
BNOD,Benoda,,,21.449663,78.180007,PUBLIC_COMMUNITY
LXA,LAKSWA,NFR,Assam,27.004637,94.843982,PUBLIC_COMMUNITY
VPY,VYASARPADI,,,13.108535,80.256817,PUBLIC_COMMUNITY
SMRL,SAMRALA,,,30.824281,76.182455,PUBLIC_COMMUNITY
ITMA,ITARSI MARSHALING YARD,,,22.606346,77.759442,PUBLIC_COMMUNITY
CHUA,Chourai,,,22.057632,79.246686,PUBLIC_COMMUNITY
SCV,Sukhchain,,,29.767847,74.990098,PUBLIC_COMMUNITY
KUCH,KUCHAVARAM HALT,,,17.732096,78.457224,PUBLIC_COMMUNITY
JUNX,JUNONA HALT,,,19.476362,77.161843,PUBLIC_COMMUNITY
PBQ,Pathardih Bazar,,,23.682542,86.431257,PUBLIC_COMMUNITY
KLV,KELVA ROAD,WR,Maharashtra,19.624601,72.790821,PUBLIC_COMMUNITY
KNC,KANCHANPUR ROAD,WCR,Madhya Pradesh,24.065548,81.660307,PUBLIC_COMMUNITY
LCNC,LUCKNOW CITY,,,26.859254,80.917984,PUBLIC_COMMUNITY
CLDB,CHANDLODIYA (B),,,23.094443,72.543267,PUBLIC_COMMUNITY
JRWN,Jirwan,,,21.681178,76.501037,PUBLIC_COMMUNITY
GNST,GANDHI SMRITI,,,20.920848,72.921021,PUBLIC_COMMUNITY
KHDB,KHODIYAR,,,23.156344,72.548034,PUBLIC_COMMUNITY
WAT,WALTAIR,,,17.722377,83.290081,PUBLIC_COMMUNITY
AMGA,AMJONGA,,,25.981621,90.852967,PUBLIC_COMMUNITY
JITE,JITE,,,18.842284,73.119827,PUBLIC_COMMUNITY
PUWA,Pauwara Halt,,,21.098924,81.332987,PUBLIC_COMMUNITY
TPV,Tinpheria,,,26.618891,84.292251,PUBLIC_COMMUNITY
MADP,MADHAPUR ROAD,,,23.242661,69.716415,PUBLIC_COMMUNITY
EC28,PURA HALT,,,24.815024,85.239555,PUBLIC_COMMUNITY
HRG,Hirdagarh,CR,Madhya Pradesh,22.142795,78.517436,PUBLIC_COMMUNITY
MADM,Matradham Halt,,,22.048253,79.451401,PUBLIC_COMMUNITY
SASR,Sausar,SECR,Madhya Pradesh,21.658885,78.802525,PUBLIC_COMMUNITY
KUCE,Kuchai,,,22.013657,86.695652,PUBLIC_COMMUNITY
GOF,Ghutiari Sharif,ER,West Bengal,22.367665,88.552115,PUBLIC_COMMUNITY
BJMA,Burj Mohar,,,30.185034,74.205888,PUBLIC_COMMUNITY
BTSI,Batasi,,,26.606703,88.175047,PUBLIC_COMMUNITY
KNU,Kanjh,,,23.298285,72.148428,PUBLIC_COMMUNITY
UJJN,Ujjain Jn,,,23.178194,75.781443,PUBLIC_COMMUNITY
NRF,Neralakatte Halt,,,12.81674,75.125978,PUBLIC_COMMUNITY
SWMD,Sawai Madhopur D,,,26.023662,76.362376,PUBLIC_COMMUNITY
BELT,Bela Halt,,,25.038257,86.998259,PUBLIC_COMMUNITY
GZA,Gurujalas,,,16.548407,79.639066,PUBLIC_COMMUNITY
BRRI,Birari,,,24.731311,78.506997,PUBLIC_COMMUNITY
BRRZ,Barara Buzurg,,,26.052652,81.084138,PUBLIC_COMMUNITY
BPGR,Benipurgram Halt,,,26.317241,85.481349,PUBLIC_COMMUNITY
SHWL,SAHUWALA,,,29.355217,73.812967,PUBLIC_COMMUNITY
PRSN,PARSA NAGAR,,,26.776378,84.686924,PUBLIC_COMMUNITY
ATMO,AITHAL,NR,Uttarakhand,29.80793,78.043623,PUBLIC_COMMUNITY
AGDL,AGRAN DHULGAON,CR,Maharashtra,16.966118,74.924993,PUBLIC_COMMUNITY
GAHT,Ghusia Halt,,,25.19195,84.247904,PUBLIC_COMMUNITY
TRK,TIRUKOILUR,,,11.976052,79.223814,PUBLIC_COMMUNITY
SXA,SAGPHATA,,,21.574033,76.392141,PUBLIC_COMMUNITY
RSRI,RAISHREE,,,25.362076,77.591872,PUBLIC_COMMUNITY
JO,JO JAGABOR,NWR,Gujarat,23.739453,73.453045,PUBLIC_COMMUNITY
SXD,SIDULI,,,23.649352,87.212326,PUBLIC_COMMUNITY
MGE,MIGRENDISA,NFR,Assam,25.171242,93.061557,PUBLIC_COMMUNITY
DHBI,DHABAULI HALT,,,25.68209,85.342182,PUBLIC_COMMUNITY
SXO,SRIKONA,,,24.837109,92.71008,PUBLIC_COMMUNITY
VLNK,VELANKANNI,,,10.687499,79.846763,PUBLIC_COMMUNITY
TBU,THARBAN,,,19.268289,77.671001,PUBLIC_COMMUNITY
DMBR,DUMRI BIHAR,ECR,,23.807394,85.766204,PUBLIC_COMMUNITY
AHN,AHIRAN,ER,West Bengal,24.517687,88.041125,PUBLIC_COMMUNITY
SGAM,SAREIGRAM,WCR,Madhya Pradesh,24.039636,82.205614,PUBLIC_COMMUNITY
RPWN,Rambhawan Halt,,,25.254748,85.239275,PUBLIC_COMMUNITY
KZPE,KAZIPARA HALT,,,23.909674,88.188311,PUBLIC_COMMUNITY
HTA,Hatighisa,,,26.68763,88.242284,PUBLIC_COMMUNITY
NGV,NAGLAVI,,,15.454853,74.908742,PUBLIC_COMMUNITY
MIAN,MIANGRAM,ER,West Bengal,23.853212,88.17146,PUBLIC_COMMUNITY
CNY,KOLANALLI,,,11.173277,77.861414,PUBLIC_COMMUNITY
KPM,KUMARAPURAM,,,9.088507,77.833638,PUBLIC_COMMUNITY
SGAC,SOGARIYA CABIN,,,25.230055,75.900221,PUBLIC_COMMUNITY
PYV,PAZHAYA SEEVARAM,SR,Tamil Nadu,12.777131,79.8777,PUBLIC_COMMUNITY
CNM,CHENGMARI,,,26.863247,89.004024,PUBLIC_COMMUNITY
NGC,NEW GUWAHATI,,,26.181703,91.792236,PUBLIC_COMMUNITY
AHQ,AHERA HALT,NR,Uttar Pradesh,28.926421,77.278624,PUBLIC_COMMUNITY
STVA,SATYAVADA,SCR,Andhra Pradesh,16.799852,81.66986,PUBLIC_COMMUNITY
GIT,GHORPURI TRANSH,,,18.525924,73.898769,PUBLIC_COMMUNITY
TRJ,Tariasujan,,,26.653609,84.270833,PUBLIC_COMMUNITY
ODC,Oddam Hatram,,,10.485599,77.746532,PUBLIC_COMMUNITY
HDT,HARDATTPUR,NER,Uttar Pradesh,25.276911,82.907599,PUBLIC_COMMUNITY
RDP,Radhikapur,NFR,West Bengal,25.643574,88.448153,PUBLIC_COMMUNITY
NPH,Nurpura,,,26.709463,77.852085,PUBLIC_COMMUNITY
NABN,Nagbhir Jn (Ng),,,20.580232,79.700558,PUBLIC_COMMUNITY
KRRH,Kharuara Halt,,,25.431778,85.543767,PUBLIC_COMMUNITY
DXU,Duhru,,,26.083606,80.176723,PUBLIC_COMMUNITY
GIZ,Gidam,ECoR,Chhattisgarh,18.934852,81.409001,PUBLIC_COMMUNITY
GIF,Gani Dham Halt,ER,Bihar,25.163454,86.98627,PUBLIC_COMMUNITY
MVKR,Mahawan Khor Halt,,,26.975829,83.276815,PUBLIC_COMMUNITY
JTT,Jumapatti,,,19.004154,73.308384,PUBLIC_COMMUNITY
JTN,Jotana,,,23.459002,72.29427,PUBLIC_COMMUNITY
MGT,Magra Hat,ER,West Bengal,22.242111,88.372713,PUBLIC_COMMUNITY
MNX,Manganallur,,,11.02421,79.649805,PUBLIC_COMMUNITY
CTPR,Chinta Parru Ha,,,16.534799,81.706605,PUBLIC_COMMUNITY
KMZA,Kankra Mirzanagar,ER,West Bengal,22.658005,88.721428,PUBLIC_COMMUNITY
KRGN,Kargaon Halt,,,20.801363,79.41345,PUBLIC_COMMUNITY
PUSA,Pusla,,,21.493096,78.354883,PUBLIC_COMMUNITY
CMY,Chintamani,,,13.410991,78.054565,PUBLIC_COMMUNITY
SGYW,Singriawan,,,25.409517,85.284535,PUBLIC_COMMUNITY
DZL,Dhana Ladanpur,,,28.750217,76.166758,PUBLIC_COMMUNITY
MAHD,Mohadi Praganel,,,21.294083,79.726457,PUBLIC_COMMUNITY
ANM,ANAIMALAI ROAD,,,10.624894,76.935071,PUBLIC_COMMUNITY
TNI,TANDARAI,,,12.118007,79.147013,PUBLIC_COMMUNITY
BGAR,BANGARI,,,26.538089,84.921285,PUBLIC_COMMUNITY
TKRP,Tikauli Rawatpur,NR,Uttar Pradesh,26.399047,80.613163,PUBLIC_COMMUNITY
NVD,NAVALGUND RD,,,15.434894,75.354461,PUBLIC_COMMUNITY
LUSA,LUSA,NCR,Uttar Pradesh,24.876546,82.843318,PUBLIC_COMMUNITY
CAER,CHHANERA,WCR,Madhya Pradesh,21.963965,76.707775,PUBLIC_COMMUNITY
KTW,KOTDWARA,NR,Uttarakhand,29.742928,78.521164,PUBLIC_COMMUNITY
BNGM,BANGURGRAM HALT,,,26.140112,74.348247,PUBLIC_COMMUNITY
LAC,LACHHIPURA,,,26.323672,74.653294,PUBLIC_COMMUNITY
BMHT,Baraw More,,,25.043794,84.062036,PUBLIC_COMMUNITY
RNRD,RANIPUR ROAD,NCR,Uttar Pradesh,25.270918,79.055869,PUBLIC_COMMUNITY
SIRL,Shirala,,,21.123836,77.726017,PUBLIC_COMMUNITY
TRSR,TARSAI,,,21.764673,69.848031,PUBLIC_COMMUNITY
LAA,LAKHPAT,,,23.597666,71.028821,PUBLIC_COMMUNITY
GKX,Ghai Kalan,,,30.822828,75.108915,PUBLIC_COMMUNITY
GKT,Gankhera Halt,,,21.389118,80.191891,PUBLIC_COMMUNITY
BRNR,BARUANAGAR,NFR,Assam,27.143953,95.233638,PUBLIC_COMMUNITY
ANQ,AMNAPUR,,,17.049465,74.459554,PUBLIC_COMMUNITY
NTT,NATHAPETTAI,SR,Tamil Nadu,12.824069,79.75615,PUBLIC_COMMUNITY
NKU,NAKARDEI,,,26.948686,84.891669,PUBLIC_COMMUNITY
RRNH,RAMRUPNAGAR,,,26.790374,85.162249,PUBLIC_COMMUNITY
PRWS,PATTABIRAM WEST,,,13.120184,80.051876,PUBLIC_COMMUNITY
BAHW,Bahir Khanda,ER,West Bengal,22.851949,88.071068,PUBLIC_COMMUNITY
HHP,HARHAR FATEHPUR,,,29.562249,77.387342,PUBLIC_COMMUNITY
SRKR,Salar Khurd,,,26.447388,84.273451,PUBLIC_COMMUNITY
UAR,UNAWA AITHOR,,,23.759404,72.385119,PUBLIC_COMMUNITY
VRLR,VIRANI ALUR,SR,Tamil Nadu,8.194645,77.368699,PUBLIC_COMMUNITY
HKNT,Hiwarkheda,,,21.40605,78.067716,PUBLIC_COMMUNITY
GZKA,Gzka,,,27.607734,76.655091,PUBLIC_COMMUNITY
VRLF,Veraval Mg,,,20.913261,70.370599,PUBLIC_COMMUNITY
MSWA,Masaniwala,,,29.399943,73.590387,PUBLIC_COMMUNITY
KPDH,Kapurdha Halt,SECR,Madhya Pradesh,22.053903,79.304203,PUBLIC_COMMUNITY
MKBH,Manwala Kot Bakhtu,,,30.040499,74.95205,PUBLIC_COMMUNITY
GRKA,Gurha Kemla,,,28.313586,76.255249,PUBLIC_COMMUNITY
GSGB,Gosaingram,ER,West Bengal,24.248003,88.211777,PUBLIC_COMMUNITY
VZR,Bhanjpur,,,21.95074,86.73407,PUBLIC_COMMUNITY
TAKL,Takal,,,21.649222,76.542513,PUBLIC_COMMUNITY
NRSD,New Runnisaidpur Halt,,,26.385382,85.515932,PUBLIC_COMMUNITY
CBP,Chik Ballapur,SWR,Karnataka,13.431315,77.73254,PUBLIC_COMMUNITY
PRUR,Prithwirajpur,,,29.956914,73.757001,PUBLIC_COMMUNITY
NKK,Narikkudi,,,9.607658,78.337128,PUBLIC_COMMUNITY
NKN,Nyoli Kalan,,,29.189764,75.633124,PUBLIC_COMMUNITY
PPDI,Pipradih,,,24.993665,86.994488,PUBLIC_COMMUNITY
BLHI,Bisalehalli,,,13.482612,75.966686,PUBLIC_COMMUNITY
DSHI,Doddasiddavanha,,,14.209931,76.48848,PUBLIC_COMMUNITY
BJKN,Bajekan,,,29.524298,75.099097,PUBLIC_COMMUNITY
DTT,Doddanatta Halt,,,13.374454,78.133896,PUBLIC_COMMUNITY
CBZ,Churaibari,NFR,Tripura,24.433621,92.241248,PUBLIC_COMMUNITY
MVA,Malaka Vemala,,,14.268888,78.053936,PUBLIC_COMMUNITY
BIML,Bhimal,NWR,Rajasthan,24.752431,73.92244,PUBLIC_COMMUNITY
MZB,Mahuli Halt,,,21.033308,79.315031,PUBLIC_COMMUNITY
WOC,Warud Orange City,,,21.458721,78.276164,PUBLIC_COMMUNITY
SANH,SANHA HALT,,,25.427407,86.368432,PUBLIC_COMMUNITY
IFCO,IFFCO CABIN,,,23.179203,72.535718,PUBLIC_COMMUNITY
KGRA,KANGRA,NR,Himachal Pradesh,32.085157,76.262565,PUBLIC_COMMUNITY
MJKN,MAJRI KHADAN,,,20.109731,79.019078,PUBLIC_COMMUNITY
PMD,PAMIDI,,,14.980727,77.599045,PUBLIC_COMMUNITY
PRM,PIRUMADARA,NER,Uttarakhand,29.327364,79.045744,PUBLIC_COMMUNITY
SKK,SIKKAL,SR,Tamil Nadu,10.753121,79.790691,PUBLIC_COMMUNITY
RSC,RAMGANGA SOUTH,,,28.295969,79.369788,PUBLIC_COMMUNITY
PLG,PALGHAR,WR,Maharashtra,19.698038,72.77248,PUBLIC_COMMUNITY
PPLC,PIMPLA CHAURE HALT,,,19.286455,77.132535,PUBLIC_COMMUNITY
KLNT,KALINAGAR,,,23.365861,88.335819,PUBLIC_COMMUNITY
ARJ,AUNRIHAR JN,NER,Uttar Pradesh,25.54466,83.187272,PUBLIC_COMMUNITY
TNDN,THANDONI,,,10.93648,78.108515,PUBLIC_COMMUNITY
MBT,MARWAR BIRTHI,NWR,Rajasthan,27.099589,72.290171,PUBLIC_COMMUNITY
PLE,PIPLEE,,,23.817141,71.530851,PUBLIC_COMMUNITY
MTSK,MOTA SURKA,,,21.724542,71.924583,PUBLIC_COMMUNITY
NRK,NARAIKKINAR,SR,Tamil Nadu,8.862519,77.841953,PUBLIC_COMMUNITY
GPW,GHAUNSPUR,,,31.870626,75.637528,PUBLIC_COMMUNITY
PTRL,PATHRALA,NWR,Punjab,30.006625,74.743953,PUBLIC_COMMUNITY
PEH,Pathardih Junction,ECR,Jharkhand,23.675525,86.43456,PUBLIC_COMMUNITY
NIN,Nimkana,,,20.295401,86.376438,PUBLIC_COMMUNITY
NIT,Naikot,,,27.361006,83.396612,PUBLIC_COMMUNITY
KAMA,Kamta Halt,,,25.336744,85.277916,PUBLIC_COMMUNITY
NDKR,Nandakumar P.H.,?,West Bengal,22.190924,87.927872,PUBLIC_COMMUNITY
RNU,Ratnapur,,,21.474117,76.651361,PUBLIC_COMMUNITY
BMZ,Bamour Gaon,NCR,Madhya Pradesh,26.348467,78.077861,PUBLIC_COMMUNITY
BXG,Bhanga,NFR,Assam,24.857347,92.457351,PUBLIC_COMMUNITY
BORA,Bagdogra,,,26.69777,88.324455,PUBLIC_COMMUNITY
PTMS,Pattabiram Military,,,13.136714,80.059752,PUBLIC_COMMUNITY
LHNR,Lakshmanpur Halt,,,27.53183,82.339764,PUBLIC_COMMUNITY
LHNA,Lohanda,,,25.354115,85.279024,PUBLIC_COMMUNITY
KLNC,Kullanchavadi,,,11.628136,79.667563,PUBLIC_COMMUNITY
PGDI,Pagidirai Halt,,,15.283,77.601554,PUBLIC_COMMUNITY
JPD,Jalalpur Dhai,?,Uttar Pradesh,26.021201,81.135977,PUBLIC_COMMUNITY
BGV,Balegundi,,,14.150947,75.118565,PUBLIC_COMMUNITY
BGY,Bangriposi,,,22.130678,86.501362,PUBLIC_COMMUNITY
KMEZ,Kumar Maranga,,,19.038845,81.94987,PUBLIC_COMMUNITY
BLSR,Belasar,,,27.995122,73.653205,PUBLIC_COMMUNITY
SHYP,Sakarayapatna,,,13.430424,75.928477,PUBLIC_COMMUNITY
JWNR,Jawaharnagar,NFR,Tripura,23.924911,91.895623,PUBLIC_COMMUNITY
RJLK,Rajalukah,,,22.125193,86.642242,PUBLIC_COMMUNITY
MRWS,Marwar Ranawas,NWR,Rajasthan,25.669354,73.739883,PUBLIC_COMMUNITY
NMH,NIMACH,WR,Madhya Pradesh,24.459873,74.853025,PUBLIC_COMMUNITY
SUIA,SURAINCHA,NER,Uttar Pradesh,27.33652,80.830108,PUBLIC_COMMUNITY
SGM,SOLGAMPATTI,SR,Tamil Nadu,10.785689,78.858717,PUBLIC_COMMUNITY
DN,DHANARI,NR,Uttar Pradesh,28.328461,78.509596,PUBLIC_COMMUNITY
JVN,JORAWARNAGAR JN,WR,Gujarat,22.71246,71.641594,PUBLIC_COMMUNITY
UKLR,Ukilerhat Halt,ER,West Bengal,21.824712,88.230351,PUBLIC_COMMUNITY
KOQ,KUTHUR,SR,Tamil Nadu,10.755434,79.718883,PUBLIC_COMMUNITY
MAV,MARIAMMANKOVIL,SR,Tamil Nadu,10.773265,79.198201,PUBLIC_COMMUNITY
BLRR,Belandur Road,SWR,Karnataka,12.936565,77.706939,PUBLIC_COMMUNITY
SRDW,SHRIMAD DWARAKAPURI,NCR,Uttar Pradesh,27.364691,79.569638,PUBLIC_COMMUNITY
SKBR,SHANKARPUR BHADAURA,WCR,Madhya Pradesh,24.083218,81.931447,PUBLIC_COMMUNITY
SCKR,SALICHAUKA ROAD,WCR,Madhya Pradesh,22.833649,78.676291,PUBLIC_COMMUNITY
GGO,Goram Ghat,NWR,Rajasthan,25.635531,73.849246,PUBLIC_COMMUNITY
PTNR,PATEL NAGAR,NR,Delhi NCT,28.660009,77.15626,PUBLIC_COMMUNITY
BGO,BOGRI ROAD,SER,West Bengal,22.881747,87.325732,PUBLIC_COMMUNITY
BNKA,Bankim Nagar,ER,West Bengal,23.209059,88.591909,PUBLIC_COMMUNITY
SSPH,Satish Samanta P.H.,?,West Bengal,22.194485,87.987567,PUBLIC_COMMUNITY
RGB,RAMGANGA,NR,Uttar Pradesh,28.298118,79.375029,PUBLIC_COMMUNITY
JRU,CHIKJAJUR JN,SWR,Karnataka,14.126112,76.138705,PUBLIC_COMMUNITY
PLI,PETTAIVAYATALAI,SR,Tamil Nadu,10.898666,78.495114,PUBLIC_COMMUNITY
AVLI,ARAVALLI,SCR,Andhra Pradesh,16.620491,81.599095,PUBLIC_COMMUNITY
KHST,KASHANATTI,,,15.464278,74.829594,PUBLIC_COMMUNITY
HVL,HONNAVALLI ROAD,SWR,Karnataka,13.274499,76.390049,PUBLIC_COMMUNITY
SSNH,SREE SARADANAGAR HALT,SWR,Karnataka,13.260739,76.454627,PUBLIC_COMMUNITY
CXA,Chandsara,NR,Uttar Pradesh,28.876214,77.725745,PUBLIC_COMMUNITY
BTIB,BHATINDA B CABIN,,,30.150805,74.940231,PUBLIC_COMMUNITY
ANPR,Anpara,ECR,Uttar Pradesh,24.217386,82.766166,PUBLIC_COMMUNITY
CTRD,Chitrawad,WR,Gujarat,21.101116,70.557048,PUBLIC_COMMUNITY
TNGM,TONDALAGOPAVARAM,SCR,Andhra Pradesh,16.86827,80.430783,PUBLIC_COMMUNITY
KHSN,KHERA SANDHAN HALT,,,27.240587,77.727048,PUBLIC_COMMUNITY
RCF,KAPURTHALA RAIL COACH FACTORY,NR,Punjab,31.326976,75.34282,PUBLIC_COMMUNITY
UKR,UDALKACHAR,SECR,Madhya Pradesh,23.287243,82.291923,PUBLIC_COMMUNITY
FAH,FATEHA HALT,,,25.598419,85.871458,PUBLIC_COMMUNITY
BIWK,BISALWAS KALAN,WR,Rajasthan,24.500035,74.783084,PUBLIC_COMMUNITY
TDPR,TIRUPADRIPULYUR,SR,Tamil Nadu,11.748883,79.753349,PUBLIC_COMMUNITY
GOPL,GUNDLA POCHAMPALLI,SCR,Andhra Pradesh,17.567577,78.487851,PUBLIC_COMMUNITY
SNPH,SHANKAPUR HALT,,,18.066119,78.402104,PUBLIC_COMMUNITY
TMU,TIRUMANTHIKUNAM,SR,Tamil Nadu,10.767734,79.534339,PUBLIC_COMMUNITY
PURA,PURA HALT,,,24.815194,85.239725,PUBLIC_COMMUNITY
TMA,Tamuria,ECR,Bihar,26.245715,86.352761,PUBLIC_COMMUNITY
TMB,Temburu,ECoR,Andhra Pradesh,18.633565,84.126963,PUBLIC_COMMUNITY
SKBN,SILAKHEDI,,,23.093053,76.057298,PUBLIC_COMMUNITY
SWI,SWAMIMALAI,SR,Tamil Nadu,10.942234,79.328785,PUBLIC_COMMUNITY
RCJ,RANYAL JASMIYA,WR,Madhya Pradesh,23.161929,76.072554,PUBLIC_COMMUNITY
VVB,VIVEKA VIHAR,NR,Delhi NCT,28.673319,77.31951,PUBLIC_COMMUNITY
BARD,DUVRI KALAN,WCR,Madhya Pradesh,23.994181,81.507968,PUBLIC_COMMUNITY
GWS,GAUSHALA,NER,Uttarakhand,29.298626,79.009802,PUBLIC_COMMUNITY
NJN,NAOJAN,NFR,Assam,26.13131,93.846465,PUBLIC_COMMUNITY
CCT,KAKINADA TOWN,SCR,Andhra Pradesh,16.96701,82.232922,PUBLIC_COMMUNITY
MVP,MOKHASA KALVPDI,SCR,Andhra Pradesh,16.495533,81.13029,PUBLIC_COMMUNITY
DBRT,DIBRUGARH TOWN,NFR,Assam,27.478113,94.901974,PUBLIC_COMMUNITY
NJT,NAGERCOIL TOWN,SR,Tamil Nadu,8.199572,77.419432,PUBLIC_COMMUNITY
MMH,MAHADANAPURAM,SR,Tamil Nadu,10.953711,78.299178,PUBLIC_COMMUNITY
HWT,HANWANT,NWR,Rajasthan,26.059514,73.005205,PUBLIC_COMMUNITY
GWO,Gwalior NG,NCR,Madhya Pradesh,26.216473,78.182282,PUBLIC_COMMUNITY
KASH,Kulthamabdullashah Halt,NR,Punjab,31.203335,75.848386,PUBLIC_COMMUNITY
BMSN,Bamsin,NWR,Rajasthan,25.762983,72.544235,PUBLIC_COMMUNITY
DHCA,Dhaca Cantt.,?,Bangladesh,23.815527,90.410617,PUBLIC_COMMUNITY
SAKD,Suprakandi,,,24.788433,92.37868,PUBLIC_COMMUNITY
KRRI,Khairranji,,,22.419012,80.039379,PUBLIC_COMMUNITY
RCP,Ramachandrapur,NR,Uttar Pradesh,25.996484,81.267274,PUBLIC_COMMUNITY
GNTR,Gauntra Halt,NR,Uttar Pradesh,27.134446,80.217856,PUBLIC_COMMUNITY
NAVI,Navi Amravati,,,20.902137,77.732428,PUBLIC_COMMUNITY
FAN,Fatehnagar,NWR,Rajasthan,24.81828,74.095782,PUBLIC_COMMUNITY
CCP,Chhuchhapura Junction,WR,Gujarat,22.214729,73.594519,PUBLIC_COMMUNITY
CIF,Chhapra Kacheri Jn.,,,25.786151,84.746619,PUBLIC_COMMUNITY
CCO,Chicholi,,,21.458741,79.702691,PUBLIC_COMMUNITY
BHGH,Bhairgachhi,ER,West Bengal,23.274779,88.634016,PUBLIC_COMMUNITY
BHV,Bhoma,SECR,Madhya Pradesh,22.171372,79.689457,PUBLIC_COMMUNITY
WDLN,WADWAL NAGNATH,SCR,Maharashtra,18.538466,76.80741,PUBLIC_COMMUNITY
BRHD,BABA RAGHUNI HALT DWARIKA,,,25.760047,86.596798,PUBLIC_COMMUNITY
TKBN,TSAKIBANDA,SWR,Andhra Pradesh,15.163457,77.178109,PUBLIC_COMMUNITY
KFY,KARAPGAON,WCR,Madhya Pradesh,22.915557,78.98454,PUBLIC_COMMUNITY
SXF,SOBHAPUR,WCR,Madhya Pradesh,22.727429,78.291881,PUBLIC_COMMUNITY
BNK,BANASANKARAI HA,SWR,Karnataka,13.265608,76.52306,PUBLIC_COMMUNITY
BXHT,Boxirhat,,,26.307287,89.751593,PUBLIC_COMMUNITY
MFH,MAHRAULI,,,28.663865,77.468815,PUBLIC_COMMUNITY
AKNR,ADHYATMIK NAGAR,,,28.679874,77.499727,PUBLIC_COMMUNITY
DS,DASNA,,,28.690719,77.528116,PUBLIC_COMMUNITY
PKW,PILKHUA,,,28.712335,77.668008,PUBLIC_COMMUNITY
KKMB,KASTLA KASAMBAD,,,28.721071,77.710295,PUBLIC_COMMUNITY
HPU,HAPUR,,,28.739613,77.779576,PUBLIC_COMMUNITY
BBO,BABUGARH,,,28.747393,77.855523,PUBLIC_COMMUNITY
QXR,KUCHESAR ROAD,,,28.746651,77.913232,PUBLIC_COMMUNITY
SKHR,SIKHERA MB HALT,,,28.756715,77.94997,PUBLIC_COMMUNITY
SMBL,SIMBHOOLI,,,28.765191,77.983472,PUBLIC_COMMUNITY
GMS,GARHMUKTESAR,,,28.781743,78.073508,PUBLIC_COMMUNITY
GGB,GARHMUKTESAR BR,,,28.7614,78.14122,PUBLIC_COMMUNITY
KHE,KANKATHER,,,28.801361,78.180192,PUBLIC_COMMUNITY
GJL,GAJRAULA JN,,,28.834938,78.250784,PUBLIC_COMMUNITY
MHHR,MAHESRA,,,28.856392,78.330321,PUBLIC_COMMUNITY
KFPR,KAFURPUR,,,28.865412,78.359332,PUBLIC_COMMUNITY
AMRO,AMROHA,,,28.892688,78.474329,PUBLIC_COMMUNITY
KIV,KAIALSA,,,28.880252,78.560568,PUBLIC_COMMUNITY
CKLT,CHAK KALI LAIT,,,28.874271,78.611771,PUBLIC_COMMUNITY
HKP,HAKIMPUR,,,28.879482,78.658864,PUBLIC_COMMUNITY
LDP,LODIPUR BISHANPUR,,,28.872302,78.709099,PUBLIC_COMMUNITY
LPB,LODIPUR BISHANP,,,28.869781,78.718028,PUBLIC_COMMUNITY
BZR,BISRA,,,22.248412,84.998591,PUBLIC_COMMUNITY
BUL,BHALULATA,,,22.266491,85.060382,PUBLIC_COMMUNITY
JRA,JARAIKELA,,,22.309556,85.113703,PUBLIC_COMMUNITY
MOU,MANOHARPUR,,,22.373359,85.196894,PUBLIC_COMMUNITY
PST,POSOTIA,,,22.447129,85.254753,PUBLIC_COMMUNITY
DRWN,DEROWAN P. HALT,,,22.487947,85.299778,PUBLIC_COMMUNITY
MXW,MAHADEV SAL,,,22.510448,85.328849,PUBLIC_COMMUNITY
GOL,GOILKERA,,,22.50529,85.379352,PUBLIC_COMMUNITY
TUX,TUNIA,,,22.540309,85.426059,PUBLIC_COMMUNITY
SWR,SONUA,,,22.576498,85.464081,PUBLIC_COMMUNITY
LPH,LOTAPAHAR,,,22.617663,85.565671,PUBLIC_COMMUNITY
CKP,CHAKRADHARPUR,,,22.678979,85.627771,PUBLIC_COMMUNITY
BRM,BARABAMBO,,,22.701697,85.72903,PUBLIC_COMMUNITY
RKSN,RAJKHARSAWAN JN,,,22.733525,85.811158,PUBLIC_COMMUNITY
MMV,MAHALI MARUP,,,22.757135,85.879316,PUBLIC_COMMUNITY
SINI,SINI JN,,,22.78946,85.947026,PUBLIC_COMMUNITY
BRBS,BIRBANS,,,22.793975,86.013939,PUBLIC_COMMUNITY
WADI,WADI,,,17.054312,76.99155,PUBLIC_COMMUNITY
MPK,CHENNAI PARK,,,13.080627,80.27285,PUBLIC_COMMUNITY
MSF,CHENNAI FORT,,,13.08354,80.282936,PUBLIC_COMMUNITY
MSB,CHENNAI BEACH,,,13.09034,80.291601,PUBLIC_COMMUNITY
RPM,ROYAPURAM,,,13.103503,80.293152,PUBLIC_COMMUNITY
WST,WASHERMANPET,,,13.109223,80.28302,PUBLIC_COMMUNITY
TIM,TIMMANACHERLA,,,15.163466,77.394077,PUBLIC_COMMUNITY
NKDO,NAKKANADODDI,,,15.165309,77.476679,PUBLIC_COMMUNITY
PLU,PATAKOTTACHERU,,,15.172077,77.521795,PUBLIC_COMMUNITY
GY,GOOTY JN,,,15.149208,77.625823,PUBLIC_COMMUNITY
GYJ,GOOTY JUNCTION CABIN,,,15.140041,77.650955,PUBLIC_COMMUNITY
JKO,JAKKALACHERUVU,,,15.109121,77.726953,PUBLIC_COMMUNITY
RLO,RAYALCHERUVU,,,15.055957,77.821035,PUBLIC_COMMUNITY
VML,VEMULAPADU,,,15.022098,77.851379,PUBLIC_COMMUNITY
JUR,JUTTURU,,,14.978847,77.898103,PUBLIC_COMMUNITY
KMQA,KOMALI,,,14.936387,77.927597,PUBLIC_COMMUNITY
TU,TADIPATRI,,,14.907558,77.978985,PUBLIC_COMMUNITY
CLPE,CHALLAVARIPALLI,,,14.876728,78.034438,PUBLIC_COMMUNITY
VRN,VANGANUR,,,14.847442,78.080906,PUBLIC_COMMUNITY
RLL,REGADIPALLI,,,14.813572,78.136002,PUBLIC_COMMUNITY
KDP,KONDAPURAM,,,14.773549,78.193462,PUBLIC_COMMUNITY
MUM,MANGAPATNAM,,,14.736696,78.260753,PUBLIC_COMMUNITY
CIN,CHINTAKUNTA,,,14.7197,78.32388,PUBLIC_COMMUNITY
MOO,MUDDANURU,,,14.688415,78.395393,PUBLIC_COMMUNITY
KMH,KALAMALIA,,,14.667107,78.470174,PUBLIC_COMMUNITY
YA,YERRAGUNTLA,,,14.642328,78.534003,PUBLIC_COMMUNITY
YGD,YERRAGUDIPAD,,,14.618673,78.606374,PUBLIC_COMMUNITY
KKM,KAMALAPURAM,,,14.591762,78.666113,PUBLIC_COMMUNITY
GPY,GANGAYAPLLE,,,14.554119,78.717463,PUBLIC_COMMUNITY
KPU,KRISHNAPURAM,,,14.493468,78.776559,PUBLIC_COMMUNITY
HX,CUDDAPAH,,,14.45169,78.829184,PUBLIC_COMMUNITY
KNLP,KANAMALO PALLE,,,14.428769,78.925335,PUBLIC_COMMUNITY
BKPT,BHAKARAPET,,,14.409363,78.970073,PUBLIC_COMMUNITY
VNM,ONTIMITTA,,,14.392459,79.016272,PUBLIC_COMMUNITY
MMPL,MANTAPAMPALLE,,,14.321639,79.078603,PUBLIC_COMMUNITY
NRE,NANDALUR,,,14.264922,79.105722,PUBLIC_COMMUNITY
HAQ,HASTAVARMU,,,14.218403,79.1216,PUBLIC_COMMUNITY
RJP,RAZAMPETA,,,14.184525,79.152741,PUBLIC_COMMUNITY
PMT,PULLAMPET,,,14.120622,79.205606,PUBLIC_COMMUNITY
RPL,REDDIPALLE,,,14.093158,79.22553,PUBLIC_COMMUNITY
OBVP,OBULAVARIPALLI,,,14.04083,79.268221,PUBLIC_COMMUNITY
ANE,ANANTARAJUPET,,,13.999592,79.302468,PUBLIC_COMMUNITY
KOU,KODURU,,,13.948578,79.345687,PUBLIC_COMMUNITY
SF,SETTIGUNTA,,,13.87431,79.382302,PUBLIC_COMMUNITY
BLPE,BALAPALLE,,,13.817151,79.403557,PUBLIC_COMMUNITY
MRM,MAMANDURU,,,13.745895,79.458115,PUBLIC_COMMUNITY
PUDI,PUDI,,,13.532381,79.510307,PUBLIC_COMMUNITY
SVF,SRI VENKATAPERU,,,13.511599,79.514324,PUBLIC_COMMUNITY
TDK,TADUKU,,,13.502045,79.526498,PUBLIC_COMMUNITY
PUT,PUTTUR,,,13.439642,79.552666,PUBLIC_COMMUNITY
VGA,VEPAGUNTA,,,13.395013,79.559433,PUBLIC_COMMUNITY
EKM,EKAMBARAKUPPAM,,,13.318604,79.573126,PUBLIC_COMMUNITY
NG,NAGARI,,,13.307882,79.579647,PUBLIC_COMMUNITY
VKZ,VENKATA NARASIMHA RAJU VARI PETA,,,13.270775,79.581865,PUBLIC_COMMUNITY
POI,PONPADI,,,13.241368,79.588814,PUBLIC_COMMUNITY
TRT,TIRUTTANI,,,13.179217,79.611386,PUBLIC_COMMUNITY
ICP,ICHCHIPUTTUR,,,13.132795,79.638907,PUBLIC_COMMUNITY
AJJN,ARAKKONAM JN NORTH,,,13.086445,79.648429,PUBLIC_COMMUNITY
PDI,PALASDARI,,,18.88409,73.32055,PUBLIC_COMMUNITY
TKW,THAKURVADI,,,18.852865,73.353331,PUBLIC_COMMUNITY
NNCN,NAGNATH CABIN,,,18.854079,73.359131,PUBLIC_COMMUNITY
NAGC,NAGARGALI,,,18.815609,73.360148,PUBLIC_COMMUNITY
MHLC,MONKEY HILL,,,18.769161,73.363746,PUBLIC_COMMUNITY
KAD,KHANDALA,,,18.755087,73.377469,PUBLIC_COMMUNITY
LNL,LONAVALA,,,18.748883,73.407657,PUBLIC_COMMUNITY
MVL,MALAVLI,,,18.743833,73.48064,PUBLIC_COMMUNITY
KMST,KAMSHET,,,18.766938,73.552352,PUBLIC_COMMUNITY
KNHE,KANHE,,,18.762352,73.594016,PUBLIC_COMMUNITY
VDN,VADGAON,,,18.742927,73.636925,PUBLIC_COMMUNITY
TGN,TALEGAON,,,18.734829,73.672014,PUBLIC_COMMUNITY
GRWD,GHORAWADI,,,18.720585,73.696982,PUBLIC_COMMUNITY
SLRW,SHELARWADI,,,18.70094,73.705901,PUBLIC_COMMUNITY
BGWI,BEGDAEWADI,,,18.700263,73.708437,PUBLIC_COMMUNITY
BGW,BEGDEWADI,,,18.701176,73.709039,PUBLIC_COMMUNITY
DEHR,DEHU ROAD,,,18.680176,73.734169,PUBLIC_COMMUNITY
AKRD,AKURDI,,,18.64812,73.764244,PUBLIC_COMMUNITY
CCH,CHINCHVAD,,,18.638903,73.791392,PUBLIC_COMMUNITY
PMP,PIMPRI,,,18.622977,73.801991,PUBLIC_COMMUNITY
KSWD,KASAR WADI,,,18.607555,73.820701,PUBLIC_COMMUNITY
DAPD,DAPODI,,,18.58005,73.832799,PUBLIC_COMMUNITY
KK,KHADKI,,,18.56301,73.840513,PUBLIC_COMMUNITY
SVJR,SHIVAJINAGAR,,,18.531738,73.851147,PUBLIC_COMMUNITY
BRB,BORIBIAL,,,18.407765,74.648808,PUBLIC_COMMUNITY
MLM,MALTHAN,,,18.368951,74.724367,PUBLIC_COMMUNITY
BGVN,BHIGWAN,,,18.317256,74.775042,PUBLIC_COMMUNITY
JNTR,JINTI ROAD,,,18.324954,74.877417,PUBLIC_COMMUNITY
PRWD,PAREWADI,,,18.289799,74.952285,PUBLIC_COMMUNITY
WSB,WASHIMBE,,,18.284021,75.003799,PUBLIC_COMMUNITY
PPJ,POPHLAJ,,,18.292242,75.117846,PUBLIC_COMMUNITY
JEUR,JEUR,,,18.260933,75.162471,PUBLIC_COMMUNITY
BLNI,BHALWANI,,,18.212962,75.199289,PUBLIC_COMMUNITY
KEM,KEM,,,18.177509,75.274626,PUBLIC_COMMUNITY
DHS,DHAVALAS,,,18.129682,75.334262,PUBLIC_COMMUNITY
KWV,KURDUVADI,,,18.091348,75.417118,PUBLIC_COMMUNITY
WDS,WADSINGE,,,18.066132,75.488775,PUBLIC_COMMUNITY
MA,MADHA,,,18.029712,75.546507,PUBLIC_COMMUNITY
WKA,VAKAV,,,17.988187,75.579724,PUBLIC_COMMUNITY
AAG,ANGAR,,,17.954256,75.599875,PUBLIC_COMMUNITY
MKPT,MALIKPETH,,,17.899982,75.608752,PUBLIC_COMMUNITY
MO,MOHOL,,,17.805205,75.675995,PUBLIC_COMMUNITY
MVE,MUNDHEWADI,,,17.741765,75.706548,PUBLIC_COMMUNITY
PK,PAKNI,,,17.724866,75.778874,PUBLIC_COMMUNITY
BALE,BALE,,,17.676186,75.845086,PUBLIC_COMMUNITY
SUR,SOLAPUR JN,,,17.664496,75.893401,PUBLIC_COMMUNITY
TKWD,TIKEKARWADI,,,17.614967,75.933458,PUBLIC_COMMUNITY
HG,HOTGI,,,17.565668,75.989943,PUBLIC_COMMUNITY
TLT,TILATI,,,17.503553,76.069348,PUBLIC_COMMUNITY
AKOR,AKALKOT ROAD,,,17.450243,76.137689,PUBLIC_COMMUNITY
NGS,NAGANSUR,,,17.429086,76.182913,PUBLIC_COMMUNITY
BOT,BOROTI,,,17.395019,76.253563,PUBLIC_COMMUNITY
DUD,DUDHANI,,,17.362421,76.37871,PUBLIC_COMMUNITY
KUI,KULALI,,,17.357949,76.470592,PUBLIC_COMMUNITY
GDGN,GAUDGAON,,,17.335973,76.530953,PUBLIC_COMMUNITY
GUR,GANAGAPUR ROAD,,,17.340443,76.5903,PUBLIC_COMMUNITY
HHD,HUNSIHADGIL,,,17.352906,76.646807,PUBLIC_COMMUNITY
SVG,SAWALGI,,,17.33949,76.711137,PUBLIC_COMMUNITY
BBD,BABLAD,,,17.337569,76.779259,PUBLIC_COMMUNITY
GR,GULBARGA,,,17.314372,76.824438,PUBLIC_COMMUNITY
HQR,HIRENANDURU,,,17.258215,76.872212,PUBLIC_COMMUNITY
MR,MARTUR,,,17.199686,76.902717,PUBLIC_COMMUNITY
SDB,SHAHABAD,,,17.121663,76.943513,PUBLIC_COMMUNITY
MBQ,MUMBRA,,,19.190223,73.02326,PUBLIC_COMMUNITY
KLVA,KALVA,,,19.196049,72.997651,PUBLIC_COMMUNITY
CLA,KURLA JN,,,19.065221,72.879375,PUBLIC_COMMUNITY
SIN,MUMBAI SION,,,19.047725,72.864262,PUBLIC_COMMUNITY
MTN,MUMBAI MATUNGA,,,19.027347,72.849842,PUBLIC_COMMUNITY
DR,MUMBAI DADAR CENTRAL,,,19.017179,72.842972,PUBLIC_COMMUNITY
VLDI,VITHALWADI,,,19.229234,73.149051,PUBLIC_COMMUNITY
ULNR,ULHASNAGAR,,,19.218215,73.163466,PUBLIC_COMMUNITY
ABH,AMBARNATH,,,19.210382,73.184756,PUBLIC_COMMUNITY
BUD,BADLAPUR,,,19.166388,73.23905,PUBLIC_COMMUNITY
VGI,VANGANI,,,19.094299,73.300967,PUBLIC_COMMUNITY
SHLU,SHELU,,,19.062985,73.317386,PUBLIC_COMMUNITY
NRL,NERAL,,,19.027113,73.318955,PUBLIC_COMMUNITY
BVS,BHIVPURI ROAD,,,18.970655,73.331324,PUBLIC_COMMUNITY
KJT,KARJAT,,,18.911158,73.320691,PUBLIC_COMMUNITY
BLYC,BLYC,,,,,PUBLIC_COMMUNITY
BWND,BWND,,,,,PUBLIC_COMMUNITY
MAG,MANGALAGIRI,,,16.438256,80.564992,PUBLIC_COMMUNITY
NBR,NAMBURU,,,16.358721,80.495825,PUBLIC_COMMUNITY
PDKN,PEDAKAKANI HALT,,,16.343239,80.486155,PUBLIC_COMMUNITY
BDPL,BANDARUPALLE,,,16.365527,80.3628,PUBLIC_COMMUNITY
MDPD,MANDAPADU,,,16.388652,80.320507,PUBLIC_COMMUNITY
SRPM,SIRIPURAM,,,16.412603,80.295123,PUBLIC_COMMUNITY
LIN,LINGAMGUNTLA,,,16.439709,80.273943,PUBLIC_COMMUNITY
PKPU,PEDDAKURAPADU,,,16.459296,80.252989,PUBLIC_COMMUNITY
GPDE,GUDIPUDI,,,16.433946,80.205304,PUBLIC_COMMUNITY
SAP,SATTENAPALLE,,,16.405018,80.152704,PUBLIC_COMMUNITY
DUP,DHULIPALLA HALT,,,16.424476,80.087824,PUBLIC_COMMUNITY
REM,REDDIGUDEM,,,16.442328,80.050815,PUBLIC_COMMUNITY
BMKD,BELLAMKONDA,,,16.46998,80.006313,PUBLIC_COMMUNITY
ANPM,ANUPALEM,,,16.469897,79.962595,PUBLIC_COMMUNITY
STRM,SITARAMAPURAM,,,16.474759,79.925502,PUBLIC_COMMUNITY
PGRL,PIDUGURALLA,,,16.477787,79.876294,PUBLIC_COMMUNITY
KPH,KAMEPALLI,,,16.505304,79.832233,PUBLIC_COMMUNITY
TMLU,TUMMALACHERUVU,,,16.527651,79.802963,PUBLIC_COMMUNITY
NDKD,NADIKODE,,,16.590634,79.723565,PUBLIC_COMMUNITY
PDGL,PONDUGULA,,,16.676244,79.65905,PUBLIC_COMMUNITY
VJRD,VAJIRABAD,,,16.686824,79.645194,PUBLIC_COMMUNITY
VNUP,VISHNUPURAM,,,16.70451,79.638786,PUBLIC_COMMUNITY
DMCA,DAMARACHERLA,,,16.725861,79.630821,PUBLIC_COMMUNITY
KDGL,KONDRAPOL,,,16.785299,79.601075,PUBLIC_COMMUNITY
KDRL,KONDRAPOL,,,16.784736,79.600292,PUBLIC_COMMUNITY
MRGA,MIRYALAGUDA,,,16.860392,79.533503,PUBLIC_COMMUNITY
TPPI,TIPPARTHI,,,17.006537,79.423098,PUBLIC_COMMUNITY
NLDA,NALGONDA,,,17.06118,79.283436,PUBLIC_COMMUNITY
SRMR,SRIRAMPURAM,,,17.117262,79.212405,PUBLIC_COMMUNITY
NKPL,NARKETPALLI,,,17.199276,79.179267,PUBLIC_COMMUNITY
CTYL,CHITYALA,,,17.221961,79.135713,PUBLIC_COMMUNITY
RMNP,RAMANNAPET,,,17.282344,79.087023,PUBLIC_COMMUNITY
VLG,VANIGONDA,,,17.366663,79.008505,PUBLIC_COMMUNITY
MMPR,MAMDAPUR,,,17.382575,78.977931,PUBLIC_COMMUNITY
NRDP,NAGIREDDIPALLI,,,17.422255,78.939987,PUBLIC_COMMUNITY
BMMP,BOMMAYAPALLI,,,17.484445,78.861227,PUBLIC_COMMUNITY
YY-WADB,YY-WADB,,,,,PUBLIC_COMMUNITY
YY-MLYB,YY-MLYB,,,,,PUBLIC_COMMUNITY
KTCR,KOTHACHERUVU,,,14.18577,77.760132,PUBLIC_COMMUNITY
BSPL,BASAMPALLE,,,14.311235,77.745963,PUBLIC_COMMUNITY
SSPN,SATYA SAI P NILAYAM,,,14.160468,77.757559,PUBLIC_COMMUNITY
NRYP,NARAYANAPURAM,,,14.128972,77.696047,PUBLIC_COMMUNITY
WDC,WDC,,,,,PUBLIC_COMMUNITY
SUH,SULEHALLI,,,17.080411,77.052257,PUBLIC_COMMUNITY
AMLX,AMLX,,,,,PUBLIC_COMMUNITY
AQX,AQX,,,,,PUBLIC_COMMUNITY
HLTS,HALKATTA SHARIEF,,,17.017117,76.992568,PUBLIC_COMMUNITY
TAC,TATICHERLA,,,14.74835,77.595001,PUBLIC_COMMUNITY
LPI,LINGAMPALLI,,,17.482874,78.316774,PUBLIC_COMMUNITY
KDT,KHADARPET,,,14.983078,77.54277,PUBLIC_COMMUNITY
VPL,VENKATAMPALLE,,,15.044854,77.441604,PUBLIC_COMMUNITY
GPU,GULAPALYAMU,,,15.087043,77.39921,PUBLIC_COMMUNITY
CDNR,CHANDANAGAR,,,17.487697,78.333575,PUBLIC_COMMUNITY
HFZ,HAFIZPETA,,,17.482275,78.362655,PUBLIC_COMMUNITY
HTCY,HITECH CITY,,,17.4694,78.384861,PUBLIC_COMMUNITY
HNMN,HANUMAN STATION,,,15.149519,77.376873,PUBLIC_COMMUNITY
LGD,LALLAGUDA,,,17.441464,78.525617,PUBLIC_COMMUNITY
MLY,MAULA ALI,,,17.44041,78.550541,PUBLIC_COMMUNITY
BRBD,BORABANDA,,,17.459226,78.40786,PUBLIC_COMMUNITY
BTNR,BHARTNAGAR,,,17.4614,78.428193,PUBLIC_COMMUNITY
FNB,FATEHNAGAR,,,17.456196,78.450258,PUBLIC_COMMUNITY
NCHS,NATURE CURE HOSPITAL,,,17.445863,78.452891,PUBLIC_COMMUNITY
BMT,BEGAMPET,,,17.438874,78.458627,PUBLIC_COMMUNITY
SJVP,SANJEEVAIAH PARK,,,17.435951,78.475688,PUBLIC_COMMUNITY
JET,JAMES STREET,,,17.433133,78.486911,PUBLIC_COMMUNITY
SC,SECUNDERABAD JN,,,17.433147,78.501481,PUBLIC_COMMUNITY
NW,NALWAR,,,16.936043,77.019937,PUBLIC_COMMUNITY
SPHL,SHAMPURHALLI,,,16.87535,77.03309,PUBLIC_COMMUNITY
TGDE,THANGUNDI,,,16.803814,77.068276,PUBLIC_COMMUNITY
YG,YADGIR,,,16.744396,77.130366,PUBLIC_COMMUNITY
LGRE,LINGIRI,,,16.670289,77.188998,PUBLIC_COMMUNITY
SADP,SAIDAPUR,,,16.570001,77.249791,PUBLIC_COMMUNITY
CGTA,CHEGUNTA,,,16.485361,77.30225,PUBLIC_COMMUNITY
KSN,KRISHNA,,,16.409324,77.328563,PUBLIC_COMMUNITY
YDLP,YADALAPUR,,,16.384372,77.326596,PUBLIC_COMMUNITY
CK,CHIKSUGAR,,,16.336647,77.343832,PUBLIC_COMMUNITY
YS,YERMARAS,,,16.272482,77.34747,PUBLIC_COMMUNITY
RC,RAICHUR,,,16.192441,77.339165,PUBLIC_COMMUNITY
MRC,MARICHETHAL,,,16.111362,77.309318,PUBLIC_COMMUNITY
MTU,MATMARI,,,16.046723,77.302973,PUBLIC_COMMUNITY
HPH,HANUMAPURA,,,15.971291,77.306203,PUBLIC_COMMUNITY
MALM,MANTHRALAYAM RD,,,15.949035,77.299196,PUBLIC_COMMUNITY
EGU,IRANAGALLU,,,15.891814,77.263765,PUBLIC_COMMUNITY
KO,KOSGI,,,15.847872,77.236408,PUBLIC_COMMUNITY
KGL,KUPGAL,,,15.726256,77.219229,PUBLIC_COMMUNITY
ESV,ISIVI,,,15.65781,77.229814,PUBLIC_COMMUNITY
AD,ADONI,,,15.617035,77.27485,PUBLIC_COMMUNITY
NRR,NAGARUR,,,15.542335,77.313184,PUBLIC_COMMUNITY
ASP,ASPARI,,,15.454804,77.356253,PUBLIC_COMMUNITY
MGV,MOLAGAVALLI,,,15.357784,77.371821,PUBLIC_COMMUNITY
NMLU,NEMAKALLU,,,15.297622,77.372779,PUBLIC_COMMUNITY
NLA,NANCHERLA,,,15.256053,77.368833,PUBLIC_COMMUNITY
GTL,GUNTAKAL JN,,,15.17556,77.366611,PUBLIC_COMMUNITY
KLU,KALLURU,,,14.924474,77.581419,PUBLIC_COMMUNITY
GDE,GARLADINNE,,,14.827324,77.592146,PUBLIC_COMMUNITY
HLKT,HALAKATTA,,,17.020771,76.990573,PUBLIC_COMMUNITY
CT,CHITTAPUR,,,17.119781,77.090452,PUBLIC_COMMUNITY
MQR,MALKHAID ROAD,,,17.147112,77.173961,PUBLIC_COMMUNITY
SEM,SERAM,,,17.180683,77.28353,PUBLIC_COMMUNITY
KQT,KURGUNTA,,,17.191165,77.359574,PUBLIC_COMMUNITY
NAW,NAWANDGI,,,17.2171,77.427908,PUBLIC_COMMUNITY
MVH,MANTATTI,,,17.227693,77.509481,PUBLIC_COMMUNITY
TDU,TANDUR,,,17.25044,77.585037,PUBLIC_COMMUNITY
RMY,RUKMAPUR,,,17.27365,77.675424,PUBLIC_COMMUNITY
DRR,DHARUR,,,17.28952,77.75853,PUBLIC_COMMUNITY
MWY,MAILARAM,,,17.280412,77.809709,PUBLIC_COMMUNITY
GDQ,GODAMGURA,,,17.29025,77.867119,PUBLIC_COMMUNITY
VKB,VIKARABAD JN,,,17.337132,77.909409,PUBLIC_COMMUNITY
CTF,CHITGIDDA,,,17.391231,77.963909,PUBLIC_COMMUNITY
GGD,GULLAGUDA,,,17.416964,78.032773,PUBLIC_COMMUNITY
RPK,RAVALPALLI KALA,,,17.439968,78.084165,PUBLIC_COMMUNITY
SKP,SHANKARPALLI,,,17.450825,78.131116,PUBLIC_COMMUNITY
NPL,NAGALAPALLE,,,17.460567,78.229966,PUBLIC_COMMUNITY
SNF,SANAT NAGAR,,,17.461607,78.435947,PUBLIC_COMMUNITY
JBR,JAHANGIRABAD ROAD,,,26.973937,81.247283,PUBLIC_COMMUNITY
RFR,RAFINAGAR,,,26.994136,81.282033,PUBLIC_COMMUNITY
BUR,BINDAURA,,,27.021023,81.325203,PUBLIC_COMMUNITY
STPD,SITAFAL MANDI,,,17.428339,78.520289,PUBLIC_COMMUNITY
ATC,ARTS COLLEGE,,,17.41813,78.519665,PUBLIC_COMMUNITY
JOO,KACHEGUDA JAMIA OSMANIA,,,17.411069,78.517784,PUBLIC_COMMUNITY
VAR,VIDYANAGAR,,,17.402485,78.511657,PUBLIC_COMMUNITY
LGDH,LALAGUDA GATE,,,17.440355,78.524403,PUBLIC_COMMUNITY
MJF,MALKAJGIRI,,,17.448392,78.529606,PUBLIC_COMMUNITY
KDGH,KODIGEHALLI,,,13.063358,77.575972,PUBLIC_COMMUNITY
ATP,ANANTAPUR,,,14.686478,77.595312,PUBLIC_COMMUNITY
PSPY,PRASANNAYA PALLI,,,14.631178,77.602106,PUBLIC_COMMUNITY
ZPL,ZANGALAPALLE,,,14.591854,77.640854,PUBLIC_COMMUNITY
CCA,CHIGICHERLA,,,14.517474,77.683488,PUBLIC_COMMUNITY
DMM,DHARMAVARAM JN,,,14.424369,77.717115,PUBLIC_COMMUNITY
NGM,NAGASAMUDRAM,,,14.321663,77.642467,PUBLIC_COMMUNITY
MKJ,MAKKAJIPALLI,,,14.196118,77.628447,PUBLIC_COMMUNITY
PKD,PENUKONDA,,,14.099641,77.592521,PUBLIC_COMMUNITY
REPI,RANGEPALLI,,,14.01783,77.578036,PUBLIC_COMMUNITY
CPL,CHAKARLAPALLI,,,13.99779,77.583123,PUBLIC_COMMUNITY
MLU,MALUGUR,,,13.866614,77.531591,PUBLIC_COMMUNITY
HUP,HINDUPUR,,,13.819144,77.500362,PUBLIC_COMMUNITY
DPE,DEVARAPALLE,,,13.723807,77.512236,PUBLIC_COMMUNITY
VWA,VIDURASWATTHA,,,13.665713,77.509785,PUBLIC_COMMUNITY
GBD,GAURIBIDANUR,,,13.613081,77.512781,PUBLIC_COMMUNITY
SMWA,SOMESHWARA,,,13.55657,77.513961,PUBLIC_COMMUNITY
TDV,THONDEBHAVI,,,13.503503,77.514573,PUBLIC_COMMUNITY
MKL,MAKLIDRUG,,,13.409545,77.509037,PUBLIC_COMMUNITY
CHZ,CHARLAPALLI,,,17.457672,78.605619,PUBLIC_COMMUNITY
GT,GHATKESAR,,,17.453116,78.678217,PUBLIC_COMMUNITY
BN,BIBINAGAR,,,17.470511,78.794355,PUBLIC_COMMUNITY
PGDP,PAGIDIPALLI,,,17.484713,78.820893,PUBLIC_COMMUNITY
BG,BHONGIR,,,17.524696,78.89847,PUBLIC_COMMUNITY
RAG,RAIGIR,,,17.550881,78.941202,PUBLIC_COMMUNITY
WP,WANGAPALLI,,,17.580557,78.983664,PUBLIC_COMMUNITY
ALER,ALER,,,17.645955,79.048341,PUBLIC_COMMUNITY
PBP,PEMBARTI,,,17.692296,79.11616,PUBLIC_COMMUNITY
ZN,JANGAON,,,17.725115,79.154734,PUBLIC_COMMUNITY
YSPM,YASANTAPUR,,,17.73674,79.204998,PUBLIC_COMMUNITY
RGP,RAGHUNATHPALLI,,,17.756479,79.255304,PUBLIC_COMMUNITY
IPG,IPPUGUDA,,,17.801312,79.326706,PUBLIC_COMMUNITY
GNP,GHANPUR,,,17.850625,79.376899,PUBLIC_COMMUNITY
NSKL,NASKHAL,,,17.898101,79.426237,PUBLIC_COMMUNITY
ORH,ODDARAHALLI,,,13.345829,77.541461,PUBLIC_COMMUNITY
DBU,DODBALLAPUR,,,13.27894,77.55016,PUBLIC_COMMUNITY
RNN,RAJANKUNTI,,,13.174151,77.564915,PUBLIC_COMMUNITY
YNK,YELHANKA JN,,,13.102795,77.593069,PUBLIC_COMMUNITY
VAH,VAH,,,,,PUBLIC_COMMUNITY
BRGL,BURGULA HALT,,,16.993515,78.205223,PUBLIC_COMMUNITY
HBLN,HBL NAGAR,,,17.134017,78.27355,PUBLIC_COMMUNITY
KOTT,KOTTUR,,,17.14974,78.286221,PUBLIC_COMMUNITY
NSVP,NPA SHIVARAMPALLI HALT,,,17.323714,78.437204,PUBLIC_COMMUNITY
YKA,YAKUTPURA KACHEGUDA,,,17.359554,78.491711,PUBLIC_COMMUNITY
MLYG,MLYG,,,17.455347,78.53417,PUBLIC_COMMUNITY
MLYC,MAULA ALI,,,17.447219,78.548135,PUBLIC_COMMUNITY
OPL,UPPAL,,,18.183408,79.48098,PUBLIC_COMMUNITY
JMKT,JAMIKUNTA,,,18.290021,79.476918,PUBLIC_COMMUNITY
BGSF,BISUGIRSHARIF,,,18.348122,79.483604,PUBLIC_COMMUNITY
PTKP,POTKAPALLI,,,18.429062,79.464445,PUBLIC_COMMUNITY
OEA,ODELA,,,18.456554,79.449744,PUBLIC_COMMUNITY
KOLR,KOLNUR,,,18.496319,79.419909,PUBLIC_COMMUNITY
KYOP,KOTTAPALLI,,,18.540268,79.403859,PUBLIC_COMMUNITY
PDPL,PEDDAPALLI,,,18.613796,79.39208,PUBLIC_COMMUNITY
RGPM,RAGHAVAPURAM,,,18.681242,79.411187,PUBLIC_COMMUNITY
RDM,RAMGUNDAM,,,18.763329,79.4351,PUBLIC_COMMUNITY
PPZ,PEDDEMPET,,,18.802669,79.426824,PUBLIC_COMMUNITY
MCI,MANCHIRYAL,,,18.878745,79.448848,PUBLIC_COMMUNITY
RVKH,RAVINDRAKHANI,,,18.936594,79.461396,PUBLIC_COMMUNITY
MMZ,MANDAMARI,,,18.971272,79.470148,PUBLIC_COMMUNITY
BPA,BELAMPALLI,,,19.053689,79.486337,PUBLIC_COMMUNITY
RECH,RECHNI ROAD,,,19.140541,79.451894,PUBLIC_COMMUNITY
RLW,REPALLIWADA,,,19.201953,79.430139,PUBLIC_COMMUNITY
ASAF,ASIFABAD ROAD,,,19.256682,79.416719,PUBLIC_COMMUNITY
RLT,RALAPET,,,19.322909,79.437787,PUBLIC_COMMUNITY
SKZR,SIRPUR KAGAZNAGAR,,,19.345659,79.489201,PUBLIC_COMMUNITY
VEM,VEMPALLI,,,19.414389,79.534584,PUBLIC_COMMUNITY
SRUR,SIRPUR TOWN,,,19.479063,79.560418,PUBLIC_COMMUNITY
MKDI,MAKUDI,,,19.592555,79.44826,PUBLIC_COMMUNITY
WIRR,WIRUR,,,19.641288,79.430571,PUBLIC_COMMUNITY
VHGN,WIHIRGAON,,,19.725052,79.440819,PUBLIC_COMMUNITY
MAGH,MANIKGARH,,,19.787693,79.398527,PUBLIC_COMMUNITY
BPQ,BALHARSHAH,,,19.849017,79.348586,PUBLIC_COMMUNITY
GNVR,GONDWANAVISAPUR,,,19.882639,79.328723,PUBLIC_COMMUNITY
VSP,WASANAPURA,,,19.884978,79.327833,PUBLIC_COMMUNITY
BUPH,BABUPETH,,,19.923131,79.313027,PUBLIC_COMMUNITY
CD,CHANDRAPUR,,,19.960126,79.300505,PUBLIC_COMMUNITY
VVKN,VIVEKANANDA NAGAR,,,19.997086,79.259191,PUBLIC_COMMUNITY
CPW,CHOTIPADOLI,,,20.000992,79.253005,PUBLIC_COMMUNITY
TAE,TADALI,,,20.034835,79.187503,PUBLIC_COMMUNITY
BUX,BHANDAK,,,20.084262,79.112528,PUBLIC_COMMUNITY
MJRI,MAJRI JN,,,20.139283,79.043522,PUBLIC_COMMUNITY
WRR,WARORA,,,20.244263,79.009944,PUBLIC_COMMUNITY
CKNI,CHIKNI ROAD,,,20.325826,78.959217,PUBLIC_COMMUNITY
NGI,NAGARI,,,20.406983,78.889984,PUBLIC_COMMUNITY
YNA,YENOR,,,20.508138,78.837091,PUBLIC_COMMUNITY
HGT,HINGANGHAT,,,20.542631,78.833925,PUBLIC_COMMUNITY
WG,WAGHOLI,,,20.585085,78.767038,PUBLIC_COMMUNITY
SNN,SONEGAON,,,20.629319,78.709706,PUBLIC_COMMUNITY
BPK,BHUGAON,,,20.673819,78.670003,PUBLIC_COMMUNITY
CHJC,CHITODA,,,20.708474,78.62974,PUBLIC_COMMUNITY
PQL,PINDLAI,,,17.925189,79.454715,PUBLIC_COMMUNITY
KZJ,KAZIPET JN,,,17.974211,79.511025,PUBLIC_COMMUNITY
NSZ,BHOPAL NISHATPURA,,,23.278225,77.418769,PUBLIC_COMMUNITY
SUW,SUKHISEWANIYAN,,,23.34076,77.485966,PUBLIC_COMMUNITY
BVB,BHADBHADAGHAT,,,23.375165,77.535282,PUBLIC_COMMUNITY
DWG,DEWANGANJ,,,23.429766,77.592867,PUBLIC_COMMUNITY
SMT,SALAMATPUR,,,23.461639,77.67275,PUBLIC_COMMUNITY
SCI,SANCHI,,,23.488096,77.735783,PUBLIC_COMMUNITY
BTWN,BETWA CABIN,,,23.509201,77.787463,PUBLIC_COMMUNITY
BHS,VIDISHA,,,23.522289,77.814836,PUBLIC_COMMUNITY
SORI,SORAI,,,23.551699,77.848219,PUBLIC_COMMUNITY
SUMR,SUMER,,,23.624616,77.879427,PUBLIC_COMMUNITY
GLG,GULABHGANJ,,,23.684375,77.912351,PUBLIC_COMMUNITY
PAI,PABAI,,,23.767491,77.931259,PUBLIC_COMMUNITY
BAQ,GANJ BASODA,,,23.845347,77.944826,PUBLIC_COMMUNITY
RKRI,RAO KHEDI,,,23.885645,77.981122,PUBLIC_COMMUNITY
RKDI,RAUKHERI,,,23.886485,77.981962,PUBLIC_COMMUNITY
BET,BARETH,,,23.914947,77.99968,PUBLIC_COMMUNITY
CLHT,CHULHETA,,,23.945912,78.018483,PUBLIC_COMMUNITY
KAH,KALHAR,,,23.978071,78.057178,PUBLIC_COMMUNITY
MABA,MANDI BAMORA,,,24.054032,78.082437,PUBLIC_COMMUNITY
KIKA,KURWAI KETHORA,,,24.117852,78.114978,PUBLIC_COMMUNITY
MSV,MUSTARA,,,25.496702,78.63498,PUBLIC_COMMUNITY
GRM,GARHMAU,,,25.506271,78.687944,PUBLIC_COMMUNITY
PIC,PARICHA,,,25.518402,78.73773,PUBLIC_COMMUNITY
PTSC,PARICHAA THERMA,,,25.525228,78.753962,PUBLIC_COMMUNITY
CGN,CHIRGAON,,,25.575053,78.805761,PUBLIC_COMMUNITY
NDK,NANKHAS,,,25.660949,78.872336,PUBLIC_COMMUNITY
MOTH,MOTH,,,25.74157,78.948673,PUBLIC_COMMUNITY
ERC,ERICH ROAD,,,25.820641,79.035025,PUBLIC_COMMUNITY
PRN,PARAUNA,,,25.866803,79.125721,PUBLIC_COMMUNITY
AIT,AIT,,,25.903719,79.230436,PUBLIC_COMMUNITY
BHUA,BHUA,,,25.945581,79.351085,PUBLIC_COMMUNITY
ORAI,ORAI,,,25.982537,79.459534,PUBLIC_COMMUNITY
ATA,ATA,,,26.044542,79.599143,PUBLIC_COMMUNITY
URG,USARGAON,,,26.080449,79.680325,PUBLIC_COMMUNITY
KPI,KALPI,,,26.119339,79.755607,PUBLIC_COMMUNITY
CNH,CHAUNRAH,,,26.16506,79.782159,PUBLIC_COMMUNITY
PHN,POKHRAYAN,,,26.222964,79.840888,PUBLIC_COMMUNITY
MLS,MALASA,,,26.28889,79.907312,PUBLIC_COMMUNITY
LLR,LALPUR,,,26.318818,79.948516,PUBLIC_COMMUNITY
TLNH,TILAUNCHI,,,26.3382,80.026772,PUBLIC_COMMUNITY
PMN,PAMAN,,,26.359934,80.08042,PUBLIC_COMMUNITY
RPGU,RASULPURGOGAMAU,,,26.376288,80.118434,PUBLIC_COMMUNITY
BNAR,BINAUR,,,26.402727,80.178721,PUBLIC_COMMUNITY
BZM,BHIMSEN,,,26.419754,80.218145,PUBLIC_COMMUNITY
HLIN,HOLDING LINE,,,26.438271,80.260213,PUBLIC_COMMUNITY
ASH,AISHBAGH,,,26.837388,80.909607,PUBLIC_COMMUNITY
LC,LUCKNOW CITY,,,26.859109,80.917866,PUBLIC_COMMUNITY
DAL,DALIGANJ,,,26.875384,80.927482,PUBLIC_COMMUNITY
BNZ,BADSHAHNAGAR,,,26.868613,80.961361,PUBLIC_COMMUNITY
GTNR,GOMATI NAGAR,,,26.860344,81.003433,PUBLIC_COMMUNITY
RMBG,RAMGHAT HALT,,,26.820568,82.214435,PUBLIC_COMMUNITY
KEA,KATRA,,,26.842992,82.204937,PUBLIC_COMMUNITY
NGB,NAWABGANJ GONDA,,,27.153816,81.977064,PUBLIC_COMMUNITY
TRE,TIKRI,,,27.116135,82.070639,PUBLIC_COMMUNITY
YPR,YESVANTPUR JN,,,13.022839,77.551174,PUBLIC_COMMUNITY
KJM,KRISHNARAJAPURAM,,,13.000534,77.674016,PUBLIC_COMMUNITY
SGWF,WHITE FIELD SATELLITE,,,12.996017,77.761478,PUBLIC_COMMUNITY
WFD,WHITEFIELD,,,12.995253,77.761305,PUBLIC_COMMUNITY
DKN,DEVANGONTHI,,,12.985647,77.831087,PUBLIC_COMMUNITY
MLO,MALUR,,,12.992108,77.940033,PUBLIC_COMMUNITY
BFW,BYATRAYANHALLI,,,13.00204,77.988508,PUBLIC_COMMUNITY
TCL,TYAKAL,,,12.984096,78.070518,PUBLIC_COMMUNITY
MZV,MARALAHALLI,,,12.988346,78.108853,PUBLIC_COMMUNITY
BWT,BANGARAPET,,,12.984808,78.178188,PUBLIC_COMMUNITY
LOGH,LOTTEGOLLAHALLI,,,13.043169,77.562257,PUBLIC_COMMUNITY
BYPL,BAIYYAPPANAHALI,,,12.990198,77.650886,PUBLIC_COMMUNITY
BYPY,BAIYYAPPANAHALLI YARD CABIN,,,13.006731,77.62558,PUBLIC_COMMUNITY
BAND,BANASWADI,,,13.00573,77.628196,PUBLIC_COMMUNITY
HEB,HEBBAL,,,13.042299,77.58606,PUBLIC_COMMUNITY
VRDP,VARADAPUR,,,12.92266,78.191568,PUBLIC_COMMUNITY
KSM,KAMASAMUDRAM,,,12.880706,78.200119,PUBLIC_COMMUNITY
BSM,BISANATTAM,,,12.842628,78.250316,PUBLIC_COMMUNITY
GDP,GUDUPULLI,,,12.803672,78.27491,PUBLIC_COMMUNITY
KPN,KUPPAM,,,12.746834,78.339549,PUBLIC_COMMUNITY
MAR,MULANUR,,,12.661485,78.406389,PUBLIC_COMMUNITY
PU,PATCHUR,,,12.586657,78.469494,PUBLIC_COMMUNITY
SKPT,SOMANAYAKKANPTI,,,12.574922,78.542452,PUBLIC_COMMUNITY
BUM,BOMMASAMUDRAM,,,13.044566,79.176067,PUBLIC_COMMUNITY
RAM,RAMAPURAM,,,13.098012,79.178793,PUBLIC_COMMUNITY
PYX,PEYANAPALLI,,,13.131636,79.138282,PUBLIC_COMMUNITY
SIE,SIDDAMPALLI,,,13.160645,79.137135,PUBLIC_COMMUNITY
CTO,CHITTOOR,,,13.219857,79.103252,PUBLIC_COMMUNITY
RVSN,RVS NAGAR,,,13.278302,79.116257,PUBLIC_COMMUNITY
PTT,PUTALAPATTU,,,13.373419,79.098727,PUBLIC_COMMUNITY
PAK,PAKALA JN,,,13.451133,79.11408,PUBLIC_COMMUNITY
PAM,PANAPAKAM,,,13.513241,79.210821,PUBLIC_COMMUNITY
MNPT,MUNGILIPATTU,,,13.556546,79.241098,PUBLIC_COMMUNITY
KEN,KOTALA,,,13.606321,79.287254,PUBLIC_COMMUNITY
CGI,CHANDRAGIRI,,,13.61173,79.312215,PUBLIC_COMMUNITY
TPW,TIRUPATI WEST HALT,,,13.624534,79.404624,PUBLIC_COMMUNITY
TPTY,TIRUPATI MAIN,,,13.62763,79.418968,PUBLIC_COMMUNITY
TCNR,TIRUCHANUR,,,13.6313,79.455703,PUBLIC_COMMUNITY
RU,RENIGUNTA JN,,,13.636261,79.50629,PUBLIC_COMMUNITY
YPD,YERPEDU,,,13.689108,79.578514,PUBLIC_COMMUNITY
RCG,RACHAGUNNARI,,,13.714631,79.629853,PUBLIC_COMMUNITY
KHT,SRI KALAHASTI,,,13.746362,79.683041,PUBLIC_COMMUNITY
AKY,AKKURTI,,,13.782896,79.668642,PUBLIC_COMMUNITY
YLK,YELLAKARU,,,13.84646,79.650572,PUBLIC_COMMUNITY
YAL,YATALURU,,,13.893494,79.626238,PUBLIC_COMMUNITY
VKI,VENKATAGIRI,,,13.943864,79.603987,PUBLIC_COMMUNITY
NDZ,NIDIGALLU,,,13.988306,79.660594,PUBLIC_COMMUNITY
VDD,VENDODU,,,14.026947,79.7284,PUBLIC_COMMUNITY
KQA,KONDAGUNTA,,,14.080028,79.79392,PUBLIC_COMMUNITY
LJN,LUCKNOW JN,,,26.831967,80.918587,PUBLIC_COMMUNITY
AGA,AGRA CITY,,,27.194573,78.015775,PUBLIC_COMMUNITY
RAWS,RAHATWAS,,,24.522974,77.8327,PUBLIC_COMMUNITY
BRNA,BERAWANYA,,,23.465606,75.334122,PUBLIC_COMMUNITY
KUH,KHACHROD,,,23.442673,75.286337,PUBLIC_COMMUNITY
RNH,RUNKHERA,,,23.413846,75.188802,PUBLIC_COMMUNITY
BOD,BANGROD,,,23.398216,75.124146,PUBLIC_COMMUNITY
RTME,RATLAM EAST CABIN,,,23.35979,75.067019,PUBLIC_COMMUNITY
RTLM,RATLAM JN,,,23.34024,75.050686,PUBLIC_COMMUNITY
RTM,RATLAM JN,,,23.34038,75.050826,PUBLIC_COMMUNITY
RTD,RATLAM A CABIN,,,23.335631,75.042913,PUBLIC_COMMUNITY
DRRN,DR. R K NAGAR,,,23.310222,75.006059,PUBLIC_COMMUNITY
MRN,MORWANI,,,23.276486,74.977969,PUBLIC_COMMUNITY
BILD,BILDI,,,23.225523,74.918539,PUBLIC_COMMUNITY
RTI,RAOTI,,,23.183572,74.878674,PUBLIC_COMMUNITY
BOG,BHAIRONGARH,,,23.144921,74.776064,PUBLIC_COMMUNITY
BMI,BAMNIA,,,23.095764,74.759016,PUBLIC_COMMUNITY
AGR,AMARGARH,,,23.080689,74.747038,PUBLIC_COMMUNITY
PCN,PANCH PIPILA,,,23.06329,74.737549,PUBLIC_COMMUNITY
BJG,BAJRANGARH,,,23.042607,74.694993,PUBLIC_COMMUNITY
THDR,THANDLA RD,,,23.032708,74.666939,PUBLIC_COMMUNITY
MGN,MEGHNAGAR,,,22.907459,74.539834,PUBLIC_COMMUNITY
NRH,NAHARGARH,,,22.873881,74.500786,PUBLIC_COMMUNITY
ANAS,ANAS,,,22.866009,74.421513,PUBLIC_COMMUNITY
BIO,BORDI,,,22.866487,74.347099,PUBLIC_COMMUNITY
DHMA,DHAMARDA,,,22.846208,74.297046,PUBLIC_COMMUNITY
DHD,DAHOD,,,22.843607,74.253374,PUBLIC_COMMUNITY
RET,RENTIA,,,22.863268,74.210847,PUBLIC_COMMUNITY
JKT,JEKOT,,,22.865616,74.159354,PUBLIC_COMMUNITY
USRA,USRA,,,22.842055,74.102942,PUBLIC_COMMUNITY
MAM,MANGAL MAHUDI,,,22.83578,74.058492,PUBLIC_COMMUNITY
LMK,LIMKHEDA,,,22.833894,73.984515,PUBLIC_COMMUNITY
PPD,PIPLOD JN,,,22.819148,73.9091,PUBLIC_COMMUNITY
SAT,SANT ROAD,,,22.796395,73.800403,PUBLIC_COMMUNITY
CCL,CHANCHELAV,,,22.795825,73.714339,PUBLIC_COMMUNITY
KIZ,KANSUDHI,,,22.789343,73.64823,PUBLIC_COMMUNITY
GDA,GODHRA JN,,,22.776974,73.603672,PUBLIC_COMMUNITY
BINA,BINA JN,,,24.170974,78.1832,PUBLIC_COMMUNITY
GUNA,GUNA,,,24.6405,77.314104,PUBLIC_COMMUNITY
MUGA,MAHUGARHA,,,24.627745,77.241742,PUBLIC_COMMUNITY
RTA,RUTHIYAI,,,24.531922,77.175827,PUBLIC_COMMUNITY
VJP,VIJAY PUR,,,24.493169,77.162411,PUBLIC_COMMUNITY
RGG,RADOGARH,,,24.435611,77.154792,PUBLIC_COMMUNITY
KHRJ,KUMBHRAJ,,,24.363097,77.079574,PUBLIC_COMMUNITY
RMQ,RAMRI,,,24.242752,77.051454,PUBLIC_COMMUNITY
CBK,CHACHAURA BINAGANJ,,,24.178144,77.016603,PUBLIC_COMMUNITY
PCF,PENCHI,,,24.138711,77.005837,PUBLIC_COMMUNITY
SFZ,SINDURIYA KACHARI,,,24.021099,76.925904,PUBLIC_COMMUNITY
BRRG,BIYAVRA RAJGARH,,,23.93591,76.907007,PUBLIC_COMMUNITY
KNRA,KACHNARIA,,,23.883958,76.878726,PUBLIC_COMMUNITY
KNWS,KARANWAS,,,23.80408,76.808926,PUBLIC_COMMUNITY
PFR,PACHOR ROAD,,,23.729095,76.741609,PUBLIC_COMMUNITY
UDK,UDYAN KHERI,,,23.680052,76.639447,PUBLIC_COMMUNITY
PQU,PARHANA MAU,,,23.626636,76.555607,PUBLIC_COMMUNITY
SFW,SARANGPUR,,,23.581064,76.487187,PUBLIC_COMMUNITY
SFF,SUNERA PIRKHERI,,,23.474148,76.360303,PUBLIC_COMMUNITY
SFY,SHAJAPUR,,,23.425074,76.297843,PUBLIC_COMMUNITY
CAZ,CHAUHANI,,,23.332144,76.264491,PUBLIC_COMMUNITY
SYO,SIROLIYA,,,23.30556,76.225424,PUBLIC_COMMUNITY
MDVK,MAHADEOKHEDI,,,24.217392,78.193689,PUBLIC_COMMUNITY
SRKI,SEMARKHERI,,,24.288941,78.177733,PUBLIC_COMMUNITY
KXB,KANJAI,,,24.331047,78.169132,PUBLIC_COMMUNITY
MNV,MUNGAOLI,,,24.402175,78.11099,PUBLIC_COMMUNITY
GVB,GUNERU BAMORI,,,24.461773,78.06254,PUBLIC_COMMUNITY
PIA,PIPRAIGAON,,,24.503643,77.964258,PUBLIC_COMMUNITY
RTWS,RAHATWAS,,,24.522934,77.83266,PUBLIC_COMMUNITY
ORR,ORR,,,24.530939,77.799315,PUBLIC_COMMUNITY
HPKA,HINOTIA PIPALKHERA,,,24.550797,77.770415,PUBLIC_COMMUNITY
ASKN,ASHOK NAGAR,,,24.58015,77.726725,PUBLIC_COMMUNITY
RIKA,RATIKHEDA,,,24.59745,77.656544,PUBLIC_COMMUNITY
SHDR,SHADHORAGAON,,,24.633366,77.584671,PUBLIC_COMMUNITY
PIGT,PILIGHAT,,,24.660758,77.49331,PUBLIC_COMMUNITY
PGA,PAGARA,,,24.65577,77.44077,PUBLIC_COMMUNITY
MABN,MABAN,,,24.641196,77.371542,PUBLIC_COMMUNITY
IAA,INDARA JN,,,25.987832,83.619611,PUBLIC_COMMUNITY
ML,MALHOUR,,,26.853449,81.040475,PUBLIC_COMMUNITY
JRR,JUGAUR,,,26.881922,81.088561,PUBLIC_COMMUNITY
SFH,SAFEDABAD,,,26.897857,81.116601,PUBLIC_COMMUNITY
BBK,BARABANKI JN,,,26.935335,81.18104,PUBLIC_COMMUNITY
MAU,MAU JN,,,25.93948,83.564347,PUBLIC_COMMUNITY
PLGH,PALIGARH,,,25.959544,83.50513,PUBLIC_COMMUNITY
KRT,KHURAHAT,,,25.984989,83.455442,PUBLIC_COMMUNITY
MMA,MUHAMMADABAD,,,26.026235,83.376007,PUBLIC_COMMUNITY
SAA,SATHIAON,,,26.034194,83.287317,PUBLIC_COMMUNITY
SDHA,SIDHARI HALT,,,26.037742,83.187667,PUBLIC_COMMUNITY
RES,RASULL,,,26.931423,81.25345,PUBLIC_COMMUNITY
AMH,AZAMGARH,,,26.038607,83.160614,PUBLIC_COMMUNITY
RKS,SARAI RANI,,,26.015838,83.121492,PUBLIC_COMMUNITY
PHY,PHARIHA,,,26.007478,83.029946,PUBLIC_COMMUNITY
SJER,SANJARPUR,,,26.017332,82.972179,PUBLIC_COMMUNITY
SMZ,SARAI MIR,,,26.028142,82.923954,PUBLIC_COMMUNITY
KRND,KHORASON ROAD,,,26.089746,82.867173,PUBLIC_COMMUNITY
SGJ,SAFDARGANJ,,,26.914454,81.36116,PUBLIC_COMMUNITY
DJD,DIDARGANJ ROAD,,,26.092367,82.805191,PUBLIC_COMMUNITY
KHJA,KHANJA HALT,,,26.088482,82.744969,PUBLIC_COMMUNITY
SYK,SAIDKHANPUR,,,26.89846,81.462176,PUBLIC_COMMUNITY
DYD,DARYABAD,,,26.861303,81.550114,PUBLIC_COMMUNITY
PTH,PATRANGA,,,26.825007,81.625869,PUBLIC_COMMUNITY
RZN,RAUZAGAON,,,26.785264,81.708007,PUBLIC_COMMUNITY
RDL,RUDAULI,,,26.762188,81.754202,PUBLIC_COMMUNITY
GMU,GAURIYAMAU,,,26.757029,81.79366,PUBLIC_COMMUNITY
BNM,BARAGAON,,,26.755374,81.847028,PUBLIC_COMMUNITY
DELO,DEORAKOT,,,26.754368,81.906358,PUBLIC_COMMUNITY
SLW,SOHWAL,,,26.753048,81.983837,PUBLIC_COMMUNITY
SLRP,SALARPUR,,,26.752552,82.013173,PUBLIC_COMMUNITY
FD,FAIZABAD JN,,,26.768996,82.135574,PUBLIC_COMMUNITY
ACND,ACHARYA NARENDRA DEV NAGAR,,,26.774576,82.156997,PUBLIC_COMMUNITY
AY,AYODHYA,,,26.787784,82.200604,PUBLIC_COMMUNITY
DRG,DARSHANNAGAR,,,26.752229,82.208384,PUBLIC_COMMUNITY
BLG,BILHAR GHAT,,,26.681307,82.268998,PUBLIC_COMMUNITY
ULN,ULNA BHARI,,,26.632175,82.319243,PUBLIC_COMMUNITY
GGJ,GOSHAINGANJ,,,26.569524,82.384123,PUBLIC_COMMUNITY
KTHE,KATAHRI,,,26.4952,82.447764,PUBLIC_COMMUNITY
ABP,AKBARPUR,,,26.429818,82.539073,PUBLIC_COMMUNITY
JFG,JAFARGANJ,,,26.360277,82.582319,PUBLIC_COMMUNITY
MLPR,MALIPUR,,,26.281482,82.6313,PUBLIC_COMMUNITY
TLGR,TULSI NAGAR,,,26.215063,82.651701,PUBLIC_COMMUNITY
BWI,BILWAI,,,26.158966,82.665181,PUBLIC_COMMUNITY
SHG,SHAHGANJ JN,,,26.061399,82.679662,PUBLIC_COMMUNITY
PEP,PHEPHNA JN,,,25.770309,84.051325,PUBLIC_COMMUNITY
SVI,SAGARPALI,,,25.758015,84.098657,PUBLIC_COMMUNITY
HLP,HALDHARPUR,,,25.963348,83.67908,PUBLIC_COMMUNITY
RTP,RATANPURA,,,25.921924,83.744472,PUBLIC_COMMUNITY
RJMP,RAJMALPUR ROAD,,,25.892921,83.788671,PUBLIC_COMMUNITY
RSR,RASRA,,,25.861714,83.85785,PUBLIC_COMMUNITY
SNRA,SANWARA,,,25.845461,83.910076,PUBLIC_COMMUNITY
CHR,CHILKAHAR,,,25.82699,83.965313,PUBLIC_COMMUNITY
JGKS,JIGNI KHAS,,,25.802194,84.006273,PUBLIC_COMMUNITY
BUI,BALLIA,,,25.76057,84.15312,PUBLIC_COMMUNITY
BCD,BANSDIH ROAD,,,25.811583,84.215238,PUBLIC_COMMUNITY
CATA,CHHATA ASCHAURA,,,25.824617,84.253936,PUBLIC_COMMUNITY
STW,SAHATWAR,,,25.827831,84.295491,PUBLIC_COMMUNITY
ROI,REOTI,,,25.833886,84.37469,PUBLIC_COMMUNITY
DCP,DAL CHAPRA,,,25.82706,84.432615,PUBLIC_COMMUNITY
SIP,SURAIMANPUR,,,25.80918,84.480022,PUBLIC_COMMUNITY
BKLA,BAKULHA,,,25.797877,84.543411,PUBLIC_COMMUNITY
MHT,MANJHI,,,25.828485,84.584759,PUBLIC_COMMUNITY
RVG,REVELGANJ GHAT HALT,,,25.787072,84.639402,PUBLIC_COMMUNITY
GTST,GAUTAMSTHAN,,,25.786859,84.663479,PUBLIC_COMMUNITY
BJF,BIJNI,,,26.497967,90.707827,PUBLIC_COMMUNITY
PTLD,PATILADAHA,,,26.504091,90.784534,PUBLIC_COMMUNITY
SBE,SORBHOG JN,,,26.494286,90.888281,PUBLIC_COMMUNITY
BPRD,BARPETA ROAD,,,26.502847,90.963965,PUBLIC_COMMUNITY
GSA,GUAGACHHA,,,26.501588,91.016332,PUBLIC_COMMUNITY
SPQ,SORUPETA,,,26.499689,91.076059,PUBLIC_COMMUNITY
PBL,PATHSALA,,,26.497475,91.176255,PUBLIC_COMMUNITY
NSRH,NIZ-SARIHA HALT,,,26.486062,91.221126,PUBLIC_COMMUNITY
TIHU,TIHU,,,26.471321,91.267699,PUBLIC_COMMUNITY
KTCH,KAITHALKUCHI,,,26.450315,91.339022,PUBLIC_COMMUNITY
NLV,NALBARI,,,26.450629,91.440291,PUBLIC_COMMUNITY
GOE,GHOGRAPUR,,,26.450742,91.539986,PUBLIC_COMMUNITY
RNY,RANGIYA JN,,,26.447901,91.605929,PUBLIC_COMMUNITY
KDKN,KENDUKANA,,,26.374067,91.63681,PUBLIC_COMMUNITY
BIZ,BAIHATA,,,26.343713,91.684343,PUBLIC_COMMUNITY
CGS,CHANGSARI,,,26.256204,91.693023,PUBLIC_COMMUNITY
AGT,AGTHORI,,,26.200893,91.686006,PUBLIC_COMMUNITY
KYQ,KAMAKHYA,,,26.156154,91.689505,PUBLIC_COMMUNITY
GHY,GUWAHATI,,,26.182635,91.751851,PUBLIC_COMMUNITY
JPE,JALPAIGURI ROAD,,,26.559017,88.709453,PUBLIC_COMMUNITY
NQH,NEW DOMOHANI,,,26.569681,88.786572,PUBLIC_COMMUNITY
NMX,NEW MAYNAGURI,,,26.578607,88.822868,PUBLIC_COMMUNITY
BYXA,BETGARA,,,26.612665,88.885559,PUBLIC_COMMUNITY
ATM,ALTAGRAM,,,26.608131,88.946682,PUBLIC_COMMUNITY
DQG,DHUPGURI,,,26.573532,88.994973,PUBLIC_COMMUNITY
KLGR,KHALAIGRAM,,,26.55042,89.052194,PUBLIC_COMMUNITY
SXX,SALBARI,,,26.546061,89.105527,PUBLIC_COMMUNITY
FLK,FALAKATA,,,26.538396,89.192275,PUBLIC_COMMUNITY
GMZ,GUMANI HAT,,,26.474071,89.239264,PUBLIC_COMMUNITY
GUZ,GUMANI HAT,,,26.474681,89.239874,PUBLIC_COMMUNITY
GDX,GHOKSADANGA,,,26.422886,89.278011,PUBLIC_COMMUNITY
SJRR,SAJHERPAR,,,26.422445,89.352274,PUBLIC_COMMUNITY
PQZ,PUNDIBARI,,,26.413245,89.393542,PUBLIC_COMMUNITY
NCB,NEW COOCH BEHAR,,,26.353159,89.469766,PUBLIC_COMMUNITY
NBS,NEW BANESWAR,,,26.395022,89.510422,PUBLIC_COMMUNITY
NOQ,NEW ALIPURDAUR,,,26.48572,89.541398,PUBLIC_COMMUNITY
SMTA,SAMUKTALA ROAD,,,26.483337,89.634684,PUBLIC_COMMUNITY
KAMG,KAMAKHYAGURI,,,26.484168,89.721829,PUBLIC_COMMUNITY
JOQ,JORAI,,,26.454875,89.803461,PUBLIC_COMMUNITY
SRPB,SRIRAMPUR ASSAM,,,26.426915,89.903915,PUBLIC_COMMUNITY
GOGH,GOSSAIGAON HAT,,,26.429107,89.971589,PUBLIC_COMMUNITY
GBY,GUABARI,,,,,PUBLIC_COMMUNITY
CROA,CHAUTARA,,,26.402242,90.085729,PUBLIC_COMMUNITY
PQK,PRATAP KHATA,,,26.386384,90.118496,PUBLIC_COMMUNITY
FKM,FAKIRAGRAM JN,,,26.365237,90.186189,PUBLIC_COMMUNITY
SUF,SESAPANI,,,26.386182,90.225701,PUBLIC_COMMUNITY
KOJ,KOKRAJHAR,,,26.405057,90.274125,PUBLIC_COMMUNITY
SLKX,SALAKATI,,,26.44577,90.357339,PUBLIC_COMMUNITY
BSGN,BASUGAON,,,26.460164,90.42015,PUBLIC_COMMUNITY
DTX,DANGTAL,,,26.465846,90.465049,PUBLIC_COMMUNITY
NBQY,NEW BONGAIGAON YARD,,,26.472113,90.521486,PUBLIC_COMMUNITY
NBQ,NEW BONGAIGAON,,,26.475835,90.536843,PUBLIC_COMMUNITY
BNGN,BONGAIGAON,,,26.478293,90.560548,PUBLIC_COMMUNITY
CPQ,CHAPRAKATA,,,26.492855,90.612025,PUBLIC_COMMUNITY
JPR,JAKPUR,,,22.362509,87.389853,PUBLIC_COMMUNITY
MPD,MADPUR,,,22.369694,87.443268,PUBLIC_COMMUNITY
SMCK,SHYAM CHAK,,,22.363451,87.500479,PUBLIC_COMMUNITY
BCK,BALICHAK,,,22.358186,87.553354,PUBLIC_COMMUNITY
DUAN,DUAN,,,22.354105,87.588218,PUBLIC_COMMUNITY
RDU,RADHAMOHANPUR,,,22.356484,87.612611,PUBLIC_COMMUNITY
HAUR,HAUR,,,22.365254,87.655069,PUBLIC_COMMUNITY
KHAI,KHIRAI,,,22.374504,87.696628,PUBLIC_COMMUNITY
PKU,PANSKURA,,,22.393103,87.743024,PUBLIC_COMMUNITY
PKEO,PANSKURA EAST OUTER,,,22.39974,87.773512,PUBLIC_COMMUNITY
NPMR,NARAYAN PAKURIA,,,22.399692,87.773985,PUBLIC_COMMUNITY
BOP,BHOGPUR,,,22.401522,87.809079,PUBLIC_COMMUNITY
NDGJ,NANDAHGANJA,,,22.404098,87.832458,PUBLIC_COMMUNITY
MCA,MECHEDA,,,22.414105,87.85883,PUBLIC_COMMUNITY
KIG,KOLAGHAT GOODS,,,22.435189,87.880874,PUBLIC_COMMUNITY
DTE,DEULTI,,,22.452857,87.914003,PUBLIC_COMMUNITY
GGTA,GHORAGHATA,,,22.458315,87.94424,PUBLIC_COMMUNITY
BZN,BAGNAN,,,22.462515,87.970711,PUBLIC_COMMUNITY
KGY,KULGACHIA,,,22.472352,88.020395,PUBLIC_COMMUNITY
ERSD,ERNAKULAM D CABIN,,,9.979712,76.306549,PUBLIC_COMMUNITY
TRTR,TRIUPUNITTURA,,,9.9501,76.352761,PUBLIC_COMMUNITY
KFE,KURIKAD,,,9.923277,76.37635,PUBLIC_COMMUNITY
MNTT,MULANTURUTTI,,,9.901576,76.389673,PUBLIC_COMMUNITY
KPTM,KANJIRAMITTAM,,,9.862331,76.410949,PUBLIC_COMMUNITY
TVC,TRIVANDRUM CENTRAL,,,8.486679,76.95121,PUBLIC_COMMUNITY
TVP,TRIVANDRUM PETTAI,,,8.494524,76.931673,PUBLIC_COMMUNITY
PVRD,PIRAVAM ROAD,,,9.828669,76.454731,PUBLIC_COMMUNITY
VARD,VAIKAM ROAD,,,9.777648,76.474611,PUBLIC_COMMUNITY
KDTY,KADUTURUTTI HALT,,,9.756128,76.4926,PUBLIC_COMMUNITY
KRPP,KURUPPANTHARA,,,9.734535,76.510609,PUBLIC_COMMUNITY
ETM,ETTUMANUR,,,9.676196,76.545152,PUBLIC_COMMUNITY
KFQ,KUMARANALLUR,,,9.617136,76.531679,PUBLIC_COMMUNITY
KTYM,KOTTAYAM,,,9.594177,76.532168,PUBLIC_COMMUNITY
CGV,CHINGAVANAM,,,9.537757,76.525885,PUBLIC_COMMUNITY
CGY,CHANGANASERI,,,9.449881,76.548414,PUBLIC_COMMUNITY
TRVL,TIRUVALLA,,,9.392148,76.580267,PUBLIC_COMMUNITY
CNGR,CHENGANNUR,,,9.319504,76.608271,PUBLIC_COMMUNITY
CYN,CHERIYANAD,,,9.273119,76.585087,PUBLIC_COMMUNITY
MVLK,MAVELIKARA,,,9.239487,76.545692,PUBLIC_COMMUNITY
KYJ,KAYANKULAM JN,,,9.182586,76.512933,PUBLIC_COMMUNITY
OCR,OCHIRA,,,9.132023,76.525576,PUBLIC_COMMUNITY
KPY,KARUNAGAPALLI,,,9.065268,76.544023,PUBLIC_COMMUNITY
STKT,SASTHANKOTTA,,,9.03231,76.598883,PUBLIC_COMMUNITY
MQO,MUNROTURUTTU,,,8.994998,76.611908,PUBLIC_COMMUNITY
PRND,PERINAD,,,8.947916,76.620341,PUBLIC_COMMUNITY
QLN,KOLLAM JN,,,8.886586,76.596753,PUBLIC_COMMUNITY
IRP,IRAVIPURAM,,,8.866948,76.623059,PUBLIC_COMMUNITY
MYY,MAYYANAD,,,8.837759,76.647331,PUBLIC_COMMUNITY
PVU,PARAVUR,,,8.815758,76.668238,PUBLIC_COMMUNITY
KFI,KAPPIL,,,8.779435,76.67963,PUBLIC_COMMUNITY
EVA,EDAVAI,,,8.762883,76.697477,PUBLIC_COMMUNITY
VAK,VARKALA,,,8.740732,76.722872,PUBLIC_COMMUNITY
AMY,AKATHUMURI,,,8.70031,76.758792,PUBLIC_COMMUNITY
KVU,KADAKAVUR,,,8.679078,76.766672,PUBLIC_COMMUNITY
CRY,CHIRAYINKIL,,,8.658338,76.78537,PUBLIC_COMMUNITY
PGZ,PERUNGUZHI,,,8.631561,76.808211,PUBLIC_COMMUNITY
MQU,MURUKKAMPUZHA,,,8.61363,76.830245,PUBLIC_COMMUNITY
KXP,KANIYAPURAM,,,8.587612,76.854482,PUBLIC_COMMUNITY
KZK,KAZHAKUTTAM,,,8.555848,76.872235,PUBLIC_COMMUNITY
VELI,VELI,,,8.522536,76.882919,PUBLIC_COMMUNITY
KCVL,KOCHUVELI,,,8.509254,76.8961,PUBLIC_COMMUNITY
BUW,BURHWAL,,,27.087081,81.39016,PUBLIC_COMMUNITY
CKG,CHOWKA GHAT,,,27.100002,81.449932,PUBLIC_COMMUNITY
SPC,SITAPUR CITY,,,27.583612,80.679695,PUBLIC_COMMUNITY
STRK,SITAPUR KUTCHERY HALT,,,27.564603,80.687163,PUBLIC_COMMUNITY
SCC,SITAPUR CANT,,,27.559468,80.698784,PUBLIC_COMMUNITY
TKUR,TAPPA KHAJURIA,,,27.579425,80.761641,PUBLIC_COMMUNITY
PSN,PARSENDI,,,27.582038,80.836816,PUBLIC_COMMUNITY
RAMR,RAMAIPUR HALT,,,27.545116,80.897107,PUBLIC_COMMUNITY
BVN,BISWAN,,,27.489483,80.990464,PUBLIC_COMMUNITY
SKLP,SHANKARPUR,,,27.447221,81.014405,PUBLIC_COMMUNITY
SYU,SARAYAN,,,27.396332,81.042877,PUBLIC_COMMUNITY
BBPR,BABUPUR,,,27.349971,81.070314,PUBLIC_COMMUNITY
MMB,MAHMUDABAD AVADH,,,27.288295,81.114404,PUBLIC_COMMUNITY
MGPA,MUNDA GOPAL ASHRAM,,,27.255493,81.139283,PUBLIC_COMMUNITY
PPE,PAINTEPUR,,,27.230021,81.157557,PUBLIC_COMMUNITY
TSF,TAHSIL FATEHPUR,,,27.168445,81.203969,PUBLIC_COMMUNITY
SDAM,SUNDHIAMAU,,,27.121414,81.28688,PUBLIC_COMMUNITY
BRTA,BARTARA,,,27.837593,80.007541,PUBLIC_COMMUNITY
UCH,UNCHAULIA,,,27.80926,80.068986,PUBLIC_COMMUNITY
LNQ,LAKHNAURIA,,,27.782774,80.139264,PUBLIC_COMMUNITY
JBG,JUNG BAHADURGNJ,,,27.768419,80.172851,PUBLIC_COMMUNITY
MZN,MAHMUDPUR SARAIYAN,,,27.754198,80.209625,PUBLIC_COMMUNITY
JKH,JAHANIKHERA,,,27.743838,80.239342,PUBLIC_COMMUNITY
MINJ,MAIKALGANJ,,,27.717537,80.337822,PUBLIC_COMMUNITY
NERI,NERI,,,27.688832,80.393681,PUBLIC_COMMUNITY
LCN,LALPUR CHANDRA,,,27.659296,80.451791,PUBLIC_COMMUNITY
MAHO,MAHOLI,,,27.64872,80.477073,PUBLIC_COMMUNITY
UDX,URDAULI,,,27.632871,80.514006,PUBLIC_COMMUNITY
HMP,HEMPUR,,,27.616282,80.562649,PUBLIC_COMMUNITY
KATA,KATILI,,,27.616759,80.614094,PUBLIC_COMMUNITY
BGDS,BHAGWANPUR DESU,,,25.82701,85.846025,PUBLIC_COMMUNITY
ARG,ANGAR GHAT,,,25.795385,85.907174,PUBLIC_COMMUNITY
NRN,NARHAN,,,25.746997,85.975081,PUBLIC_COMMUNITY
ROA,RUSERA GHAT,,,25.746302,86.035742,PUBLIC_COMMUNITY
MABB,MABBI HALT,,,25.749213,86.06347,PUBLIC_COMMUNITY
NWC,NAYA NAGAR,,,25.749918,86.111011,PUBLIC_COMMUNITY
KGG,KHAGARIA JN,,,25.505891,86.465251,PUBLIC_COMMUNITY
MNE,MANSI JN,,,25.509398,86.554446,PUBLIC_COMMUNITY
CDBN,CHEDHABANNI HALT,,,25.491824,86.597197,PUBLIC_COMMUNITY
BAPN,BARAIPURA HALT,,,25.739421,86.137301,PUBLIC_COMMUNITY
HPO,HASANPUR ROAD,,,25.714772,86.185371,PUBLIC_COMMUNITY
SSRH,SHASAN HALT,,,25.685978,86.197042,PUBLIC_COMMUNITY
DSKG,DSKG,,,,,PUBLIC_COMMUNITY
SOPR,SONMA PRANPUR(H,,,25.631436,86.226371,PUBLIC_COMMUNITY
SLNA,SALAUNA,,,25.603476,86.260279,PUBLIC_COMMUNITY
IMLI,IMLI,,,25.555629,86.302557,PUBLIC_COMMUNITY
PRGA,PAHARJAGANGAU,,,25.531869,86.324828,PUBLIC_COMMUNITY
OLP,OLAPUR,,,25.517459,86.370122,PUBLIC_COMMUNITY
MSK,MAHES KHUNT,,,25.46082,86.641818,PUBLIC_COMMUNITY
GAI,GOUCHHARI,,,25.438434,86.674696,PUBLIC_COMMUNITY
PSR,PASRAHA,,,25.403765,86.743883,PUBLIC_COMMUNITY
BRKD,BHARATKHAND HALT,,,25.400724,86.806223,PUBLIC_COMMUNITY
BRKB,BHARATKHAND HALT,,,25.400254,86.805753,PUBLIC_COMMUNITY
NNR,NARAYANPUR,,,25.398348,86.859388,PUBLIC_COMMUNITY
THB,THANA BIHPUR JN,,,25.393571,86.934758,PUBLIC_COMMUNITY
BIGH,BAGRIGRAM HALT,,,25.391339,86.985238,PUBLIC_COMMUNITY
KHQ,KHARIK,,,25.388883,87.014958,PUBLIC_COMMUNITY
NNA,NAUGACHIA,,,25.385261,87.09387,PUBLIC_COMMUNITY
KTRH,KATAREAH,,,25.400488,87.194836,PUBLIC_COMMUNITY
KUE,KURSELA,,,25.440774,87.253655,PUBLIC_COMMUNITY
BKHR,BAKHRI,,,25.499841,87.3353,PUBLIC_COMMUNITY
BRZR,BARARI BAZAR,,,25.490064,87.35532,PUBLIC_COMMUNITY
CRR,KARAGOLA ROAD,,,25.500007,87.377827,PUBLIC_COMMUNITY
SMO,SEMAPUR,,,25.524483,87.470441,PUBLIC_COMMUNITY
NYT,NAYATOLA,,,25.56139,87.602596,PUBLIC_COMMUNITY
DNQ,DANDKHORA,,,25.572405,87.642237,PUBLIC_COMMUNITY
GRR,GORPHAR,,,25.58542,87.671798,PUBLIC_COMMUNITY
SI,SONALLI,,,25.604754,87.717639,PUBLIC_COMMUNITY
BHNP,BISHANPUR HALT,,,25.614901,87.746117,PUBLIC_COMMUNITY
JAU,JHAUA,,,25.613217,87.775043,PUBLIC_COMMUNITY
MENP,MEENAPUR,,,25.614051,87.802483,PUBLIC_COMMUNITY
SRI,SALMARI,,,25.615672,87.837513,PUBLIC_COMMUNITY
BDYD,BDYD,,,,,PUBLIC_COMMUNITY
SGBB,SGBB,,,,,PUBLIC_COMMUNITY
BSPC,BSPC,,,,,PUBLIC_COMMUNITY
BSGS,BSGS,,,,,PUBLIC_COMMUNITY
VAY,VAYALAR,,,9.741742,76.311408,PUBLIC_COMMUNITY
SRTL,SHERTALAI,,,9.690992,76.325151,PUBLIC_COMMUNITY
TRVZ,TIRUVIZHA,,,9.641848,76.326281,PUBLIC_COMMUNITY
MAKM,MARARIKULAM,,,9.597994,76.318018,PUBLIC_COMMUNITY
KAVR,KALAVUR HALT,,,9.567254,76.318097,PUBLIC_COMMUNITY
TMPY,TUMBOLI,,,9.51917,76.321857,PUBLIC_COMMUNITY
ALLP,ALLEPPEY,,,9.483759,76.322476,PUBLIC_COMMUNITY
TPM,TOTIYAPALAYAM,,,11.292723,77.681926,PUBLIC_COMMUNITY
KMX,KOMATIPALLI,,,18.381027,83.341047,PUBLIC_COMMUNITY
MQJ,MARADAM HALT,,,18.400797,83.346343,PUBLIC_COMMUNITY
MOD,MORAMPUDI,,,16.353115,80.620208,PUBLIC_COMMUNITY
GPI,GAJAPATINAGARAM,,,18.293291,83.333902,PUBLIC_COMMUNITY
GRBL,GARUDUBILLI,,,18.21449,83.350493,PUBLIC_COMMUNITY
GTLM,GOTLAM,,,18.111319,83.395734,PUBLIC_COMMUNITY
LDX,LADDA,,,19.102692,83.412196,PUBLIC_COMMUNITY
JMPT,JIMIDIPETA,,,19.044582,83.422344,PUBLIC_COMMUNITY
AOR,ARGORA,,,23.347039,85.314358,PUBLIC_COMMUNITY
KNRT,KUNERU,,,18.966946,83.440724,PUBLIC_COMMUNITY
GMDA,GUMADA,,,18.889176,83.457557,PUBLIC_COMMUNITY
PVPT,PARVATIPURAM TN,,,18.783875,83.433701,PUBLIC_COMMUNITY
PVP,PARVATIPURAM,,,18.77067,83.426966,PUBLIC_COMMUNITY
NSX,NARSIPURAM HALT,,,18.737615,83.406282,PUBLIC_COMMUNITY
SNM,SITANAGARAM,,,18.672547,83.375524,PUBLIC_COMMUNITY
VBL,BOBBILI,,,18.576764,83.345722,PUBLIC_COMMUNITY
DNV,DONKINAVALASA,,,18.468756,83.350942,PUBLIC_COMMUNITY
BLH,BELGHARIA,,,22.6619,88.389455,PUBLIC_COMMUNITY
AGP,AGARPARA,,,22.682505,88.384761,PUBLIC_COMMUNITY
SEP,SODPUR,,,22.698851,88.382193,PUBLIC_COMMUNITY
KDH,KHARDAHA,,,22.725065,88.377157,PUBLIC_COMMUNITY
TGH,TITAGARH,,,22.74168,88.374057,PUBLIC_COMMUNITY
BP,BARRACKPORE,,,22.761065,88.371428,PUBLIC_COMMUNITY
PTF,PALTA,,,22.782449,88.369524,PUBLIC_COMMUNITY
IP,ICHHAPUR,,,22.799819,88.37342,PUBLIC_COMMUNITY
SNR,SHYAMNAGAR,,,22.828781,88.380423,PUBLIC_COMMUNITY
JGDL,JAGADAL,,,22.850814,88.394596,PUBLIC_COMMUNITY
KNR,KANKINARA,,,22.86517,88.404501,PUBLIC_COMMUNITY
NH,NAIHATI JN,,,22.888555,88.4185,PUBLIC_COMMUNITY
GFAE,GARIFA,,,22.908445,88.409935,PUBLIC_COMMUNITY
HYG,HOOGHLY GHAT,,,22.557209,88.331947,PUBLIC_COMMUNITY
DNH,DEONAGAR,,,23.758691,86.16169,PUBLIC_COMMUNITY
DDGA,DUGDA,,,23.758738,86.161928,PUBLIC_COMMUNITY
LOT,LOHRA,,,25.315602,82.930664,PUBLIC_COMMUNITY
CHH,CHAUKHANDI,,,25.339895,82.834834,PUBLIC_COMMUNITY
SWPR,SEWAPURI,,,25.35077,82.769549,PUBLIC_COMMUNITY
KEH,KAPSETI,,,25.357848,82.717694,PUBLIC_COMMUNITY
PRF,PARSIPUR,,,25.37052,82.637162,PUBLIC_COMMUNITY
BOY,BHADOHI,,,25.395264,82.55836,PUBLIC_COMMUNITY
MOF,MONDH,,,25.427572,82.484637,PUBLIC_COMMUNITY
SAW,SURIAWAN,,,25.46104,82.423665,PUBLIC_COMMUNITY
SQN,SARAI KANSRAI,,,25.516633,82.345198,PUBLIC_COMMUNITY
JNH,JANGHAI JN,,,25.549911,82.310962,PUBLIC_COMMUNITY
CPB,KANPUR BRIDGE LEFT BANK,,,26.477461,80.379316,PUBLIC_COMMUNITY
MGW,MAGARWARA,,,26.523705,80.428892,PUBLIC_COMMUNITY
ON,UNNAO JN,,,26.548354,80.486199,PUBLIC_COMMUNITY
SIC,SONIK,,,26.586191,80.559833,PUBLIC_COMMUNITY
AJ,AJGAIN,,,26.61721,80.620988,PUBLIC_COMMUNITY
KVX,KUSUMBHI,,,26.639853,80.654261,PUBLIC_COMMUNITY
JTU,JAITIPUR,,,26.663567,80.688946,PUBLIC_COMMUNITY
HRN,HARAUNI,,,26.70651,80.748003,PUBLIC_COMMUNITY
AMV,LUCKNOW ALAMBAGH,,,26.794514,80.87314,PUBLIC_COMMUNITY
LKOY,LKOY,,,,,PUBLIC_COMMUNITY
POF,PIPARSAND,,,26.743404,80.798664,PUBLIC_COMMUNITY
AMS,AMAUSI,,,26.77443,80.841544,PUBLIC_COMMUNITY
MKG,MANAK NAGAR,,,26.810176,80.890615,PUBLIC_COMMUNITY
MLJ,MOHANLALGANJ,,,26.687033,80.984093,PUBLIC_COMMUNITY
KKAH,KANKAHA,,,26.618868,81.007582,PUBLIC_COMMUNITY
NHN,NIGOHAN,,,26.567225,81.045358,PUBLIC_COMMUNITY
SAGR,SHRIRAJNAGAR,,,26.522626,81.077837,PUBLIC_COMMUNITY
BCN,BACHHRAWAN,,,26.477321,81.105456,PUBLIC_COMMUNITY
KVG,KUNEANGANJ,,,26.395661,81.13642,PUBLIC_COMMUNITY
HCP,HARCHANDPUR,,,26.34316,81.160841,PUBLIC_COMMUNITY
GANG,GANGAGANJ,,,26.291456,81.201419,PUBLIC_COMMUNITY
RBL,RAE BARELI JN,,,26.232684,81.23932,PUBLIC_COMMUNITY
RUM,RUPAMAU,,,26.230209,81.325346,PUBLIC_COMMUNITY
FTG,FURSATGANJ,,,26.244522,81.415651,PUBLIC_COMMUNITY
JAIS,JAIS,,,26.262162,81.51914,PUBLIC_COMMUNITY
KCJ,KASIMPUR,,,26.257189,81.539941,PUBLIC_COMMUNITY
BANI,BANI,,,26.227488,81.620936,PUBLIC_COMMUNITY
GNG,GAURIGANJ,,,26.20341,81.686726,PUBLIC_COMMUNITY
TLKH,TALAKHAJURI,,,26.176926,81.736132,PUBLIC_COMMUNITY
AME,AMETHI,,,26.153024,81.806276,PUBLIC_COMMUNITY
MFL,MISRAULI,,,26.11437,81.848396,PUBLIC_COMMUNITY
SHJP,SAHAJIPUR HALT,,,26.096303,81.864192,PUBLIC_COMMUNITY
ANTU,ANTU,,,26.055162,81.897788,PUBLIC_COMMUNITY
JGJ,JAGESHARGANJ,,,26.02764,81.928866,PUBLIC_COMMUNITY
CIL,CHILBILA JN,,,25.947331,82.004241,PUBLIC_COMMUNITY
PBH,PARTAPGARH JN,,,25.913308,82.001778,PUBLIC_COMMUNITY
PHV,PIRTHIGANJ,,,25.85554,82.012834,PUBLIC_COMMUNITY
DND,DANDUPUR,,,25.801595,82.040632,PUBLIC_COMMUNITY
GRX,GAURA,,,25.749367,82.091774,PUBLIC_COMMUNITY
SWS,SUWANSA,,,25.698842,82.146562,PUBLIC_COMMUNITY
BSE,BADSHAHPUR,,,25.652268,82.190552,PUBLIC_COMMUNITY
NBP,NIBHAPUR,,,25.600347,82.249697,PUBLIC_COMMUNITY
MACR,MANGULI CHOWDWAR,,,20.529594,85.943313,PUBLIC_COMMUNITY
KGPW,KGPW,,,,,PUBLIC_COMMUNITY
GDBR,GOONDA BIHAR,,,23.067871,86.081167,PUBLIC_COMMUNITY
JHMR,JHIMRI,,,23.082344,86.029757,PUBLIC_COMMUNITY
HNSL,HASLANG P.H.,,,23.091614,86.011923,PUBLIC_COMMUNITY
LTMD,LATEMDA,,,23.098392,85.989117,PUBLIC_COMMUNITY
BKKI,BAKARKUDI,,,23.095049,85.970936,PUBLIC_COMMUNITY
TUL,TIRALDIH,,,23.132246,85.930834,PUBLIC_COMMUNITY
SSIA,SUISA,,,23.196775,85.909013,PUBLIC_COMMUNITY
TRAN,TORANG,,,23.26814,85.858638,PUBLIC_COMMUNITY
ILO,ILLOO,,,23.291633,85.858735,PUBLIC_COMMUNITY
ANVT,ANAND VIHAR TRM,,,28.650504,77.315213,PUBLIC_COMMUNITY
WIR,WAIR,,,28.347316,77.699434,PUBLIC_COMMUNITY
WSC,SHIVARAMPUR,,,27.244948,78.207158,PUBLIC_COMMUNITY
GMH,GAMHARIA,,,22.796889,86.102793,PUBLIC_COMMUNITY
TELO,TELO,,,23.811038,86.133892,PUBLIC_COMMUNITY
ADTP,ADITYAPUR,,,22.782212,86.158954,PUBLIC_COMMUNITY
TATA,TATANAGAR JN,,,22.768954,86.20056,PUBLIC_COMMUNITY
SLJR,SALGA JHARI,,,22.75832,86.228747,PUBLIC_COMMUNITY
GVDP,GVDP,,,,,PUBLIC_COMMUNITY
ASB,ASANBONI,,,22.712394,86.313908,PUBLIC_COMMUNITY
RHE,RAKHA MINES,,,22.674292,86.354133,PUBLIC_COMMUNITY
GUD,GALUDIH,,,22.648872,86.410494,PUBLIC_COMMUNITY
GTS,GHATSILA,,,22.58616,86.479768,PUBLIC_COMMUNITY
DVM,DALBHUMGARH,,,22.506293,86.551921,PUBLIC_COMMUNITY
KKPR,KOKPARA,,,22.474065,86.642797,PUBLIC_COMMUNITY
CKU,CHAKULIA,,,22.478149,86.721161,PUBLIC_COMMUNITY
KNM,KANIMAHULI,,,22.482202,86.778394,PUBLIC_COMMUNITY
GII,GIDNI,,,22.488472,86.853201,PUBLIC_COMMUNITY
KATB,KHATKURA,,,22.477455,86.930224,PUBLIC_COMMUNITY
BIRP,BIRARAJPUR,,,22.8235,86.064502,PUBLIC_COMMUNITY
KND,KANDRA,,,22.852966,86.047863,PUBLIC_COMMUNITY
BBDA,BARBENDA (RNC DIVISION),,,23.420983,86.110242,PUBLIC_COMMUNITY
KZU,KUNKI,,,22.875933,86.067757,PUBLIC_COMMUNITY
GUG,GARH JAIPUR,,,23.416142,86.142459,PUBLIC_COMMUNITY
MIK,MANIKUL,,,22.919528,86.066359,PUBLIC_COMMUNITY
CAS,CHAS ROAD,,,23.415513,86.225425,PUBLIC_COMMUNITY
CNI,CHANDIL JN,,,22.956014,86.072109,PUBLIC_COMMUNITY
GTD,GOURINATHDHAM,,,23.396294,86.275105,PUBLIC_COMMUNITY
NIM,NIMDIH,,,22.993643,86.142118,PUBLIC_COMMUNITY
BRMD,BIRAMDIH,,,23.045784,86.19921,PUBLIC_COMMUNITY
BBM,BARABHUM,,,23.091286,86.211237,PUBLIC_COMMUNITY
URMA,URMA,,,23.157777,86.253775,PUBLIC_COMMUNITY
KTD,KANTADIH,,,23.21838,86.29629,PUBLIC_COMMUNITY
TAO,TAMNA,,,23.268988,86.352313,PUBLIC_COMMUNITY
PRR,PURULIA JN,,,23.324911,86.37787,PUBLIC_COMMUNITY
JGM,JHARGRAM,,,22.454964,86.998532,PUBLIC_COMMUNITY
BNB,BANSTOLA,,,22.420974,87.06267,PUBLIC_COMMUNITY
SUA,SARDIHA,,,22.380612,87.123645,PUBLIC_COMMUNITY
KSO,KHEMASULI,,,22.337768,87.184863,PUBLIC_COMMUNITY
KKQ,KALAIKUNDA,,,22.329454,87.244,PUBLIC_COMMUNITY
NMP,NIMPURA,,,22.332403,87.264686,PUBLIC_COMMUNITY
KIS,KAPILAS ROAD,,,20.558554,85.993925,PUBLIC_COMMUNITY
SJDR,SRI JHADESHWAR,,,20.596534,86.019256,PUBLIC_COMMUNITY
BYY,BYREE,,,20.628257,86.034947,PUBLIC_COMMUNITY
BRTG,BARITHENGARH,,,20.656969,86.059671,PUBLIC_COMMUNITY
DNM,DHANMANDAL,,,20.687806,86.11228,PUBLIC_COMMUNITY
HDS,HARIDASPUR,,,20.725882,86.116431,PUBLIC_COMMUNITY
NGMP,NEW GARH MADHOPUR,,,20.798857,86.072106,PUBLIC_COMMUNITY
JEN,JENAPUR,,,20.850842,86.06508,PUBLIC_COMMUNITY
BRMI,BRAHMANI PH,,,20.862952,86.05621,PUBLIC_COMMUNITY
JKPR,JAKHAPURA,,,20.917821,86.06534,PUBLIC_COMMUNITY
JJKR,JAJPUR KEONJHAR ROAD,,,20.943544,86.132518,PUBLIC_COMMUNITY
KRIH,KORAI HALT,,,20.959417,86.175994,PUBLIC_COMMUNITY
BTV,BAITARANI ROAD,,,20.986996,86.235393,PUBLIC_COMMUNITY
DLPT,DULAKHAPATNA,,,21.007019,86.280874,PUBLIC_COMMUNITY
MZZ,MANJURI ROAD,,,21.012136,86.319698,PUBLIC_COMMUNITY
KED,KENDUAPADA,,,21.030623,86.383531,PUBLIC_COMMUNITY
KPLD,KAPALI ROAD,,,21.040967,86.407911,PUBLIC_COMMUNITY
BUDR,BAUDPUR,,,21.063446,86.462904,PUBLIC_COMMUNITY
BHC,BHADRAKH,,,21.091746,86.516231,PUBLIC_COMMUNITY
RLJC,RLJC,,,,,PUBLIC_COMMUNITY
RNTL,RANITAL,,,21.149665,86.556474,PUBLIC_COMMUNITY
MKO,MARKONA,,,21.195555,86.596117,PUBLIC_COMMUNITY
SZZ,SABIRA,,,21.236882,86.629237,PUBLIC_COMMUNITY
SORO,SORO,,,21.291084,86.692539,PUBLIC_COMMUNITY
BNBR,BAHANAGA BAZAR,,,21.336134,86.761728,PUBLIC_COMMUNITY
PNPN,PANPANA,,,21.358715,86.790524,PUBLIC_COMMUNITY
KHF,KHANTAPARA,,,21.39628,86.822911,PUBLIC_COMMUNITY
NGRD,NILGIRI ROAD,,,21.426415,86.855469,PUBLIC_COMMUNITY
BLS,BALASORE,,,21.500521,86.919582,PUBLIC_COMMUNITY
TKPL,TIKIRAPAL HALT,,,21.535575,86.944638,PUBLIC_COMMUNITY
HIP,HALDIPADA,,,21.571439,86.996648,PUBLIC_COMMUNITY
ROP,RUPSA JN,,,21.621995,87.018507,PUBLIC_COMMUNITY
LONI,LONI,,,18.491631,74.020514,PUBLIC_COMMUNITY
URI,URULI,,,18.494237,74.13682,PUBLIC_COMMUNITY
PUNE,PUNE JN,,,18.529378,73.873086,PUBLIC_COMMUNITY
GPRW,GHORPURI WEST,,,18.531688,73.89179,PUBLIC_COMMUNITY
HDP,HADAPSAR,,,18.526887,73.927844,PUBLIC_COMMUNITY
MJBK,MANJARI BUDRUK,,,18.512039,73.971424,PUBLIC_COMMUNITY
YT,YEVAT,,,18.488936,74.256318,PUBLIC_COMMUNITY
KTT,KHUTBAV,,,18.486104,74.315463,PUBLIC_COMMUNITY
KDG,KEDGAON,,,18.482085,74.376373,PUBLIC_COMMUNITY
KDTN,KADETHAN,,,18.477804,74.421733,PUBLIC_COMMUNITY
PAA,PATAS,,,18.473266,74.469653,PUBLIC_COMMUNITY
DDAP,DAUND PATAS ROAD,,,18.468688,74.520934,PUBLIC_COMMUNITY
DD,DAUND JN,,,18.463547,74.578622,PUBLIC_COMMUNITY
DDAM,DAUND A MMR,,,18.464753,74.568976,PUBLIC_COMMUNITY
DDJA,DAUND GOODS YARD,,,18.465937,74.560762,PUBLIC_COMMUNITY
KSTH,KASHTI,,,18.525294,74.5994,PUBLIC_COMMUNITY
SGND,SHRIGONDA ROAD,,,18.598243,74.641466,PUBLIC_COMMUNITY
BWD,BELVANDI,,,18.710718,74.621981,PUBLIC_COMMUNITY
VPR,VISAPUR,,,18.82295,74.598861,PUBLIC_COMMUNITY
RNJD,RANJANGAON RD,,,18.870972,74.600703,PUBLIC_COMMUNITY
SRL,SAROLA,,,18.947656,74.648295,PUBLIC_COMMUNITY
AKR,AKOLNER,,,18.985409,74.66907,PUBLIC_COMMUNITY
ANG,AHMADNAGAR,,,19.075519,74.721882,PUBLIC_COMMUNITY
NNB,NIMBLAK,,,19.118353,74.688541,PUBLIC_COMMUNITY
VL,VILAD,,,19.198579,74.675069,PUBLIC_COMMUNITY
VBR,VAMBORI,,,19.29858,74.684974,PUBLIC_COMMUNITY
RRI,RAHURI,,,19.41155,74.677702,PUBLIC_COMMUNITY
TKMY,TAKLIMIYA,,,19.453844,74.679765,PUBLIC_COMMUNITY
PDGN,PADHEGAON,,,19.536709,74.69233,PUBLIC_COMMUNITY
NPW,NIPANI VADGAON,,,19.587951,74.704716,PUBLIC_COMMUNITY
BAP,BELAPUR,,,19.619569,74.661744,PUBLIC_COMMUNITY
CIT,CHITALI,,,19.691392,74.623914,PUBLIC_COMMUNITY
PB,PUNTAMBA,,,19.762026,74.62196,PUBLIC_COMMUNITY
KNGN,KANHEGAON,,,19.8173,74.571287,PUBLIC_COMMUNITY
SNVR,SANVATSAR,,,19.883278,74.560584,PUBLIC_COMMUNITY
KPG,KOPARGAON,,,19.902943,74.503328,PUBLIC_COMMUNITY
YL,YEOLA,,,20.043189,74.503246,PUBLIC_COMMUNITY
ANK,ANKAI,,,20.151028,74.469756,PUBLIC_COMMUNITY
AAK,ANKAI KILA,,,20.18318,74.436855,PUBLIC_COMMUNITY
SS,SHIRSOLI,,,20.932994,75.507613,PUBLIC_COMMUNITY
MWD,MHASAVAD,,,20.870402,75.458462,PUBLIC_COMMUNITY
MYJ,MAHEJI,,,20.768924,75.42462,PUBLIC_COMMUNITY
RCGT,RICHUGHUTU,,,23.659779,84.58081,PUBLIC_COMMUNITY
DEMU,DEMU,,,23.69708,84.52562,PUBLIC_COMMUNITY
LTHR,LATEHAR,,,23.725092,84.46812,PUBLIC_COMMUNITY
BFQ,BENDI,,,23.763612,84.416974,PUBLIC_COMMUNITY
KMND,KUMENDI,,,23.766868,84.352452,PUBLIC_COMMUNITY
HHG,HEHEGARA HALT (E),,,23.790124,84.258524,PUBLIC_COMMUNITY
CPDR,CHHIPADOHAR,,,23.813333,84.202384,PUBLIC_COMMUNITY
BRWD,BARWADIH JN,,,23.843836,84.11878,PUBLIC_COMMUNITY
MAZ,MANGRA,,,23.881768,84.111898,PUBLIC_COMMUNITY
KCKI,KECKHI,,,23.928363,84.146829,PUBLIC_COMMUNITY
CNF,CHIANKI,,,23.973902,84.11566,PUBLIC_COMMUNITY
DTO,DALTONGANJ,,,24.033075,84.074843,PUBLIC_COMMUNITY
KFT,KAJRI,,,24.106792,84.072528,PUBLIC_COMMUNITY
RHR,RAJHURA,,,24.1544,84.01555,PUBLIC_COMMUNITY
LBT,LALGARH BIHAR HALT,,,24.161147,83.979632,PUBLIC_COMMUNITY
TRZ,TOLRA,,,24.18584,83.923324,PUBLIC_COMMUNITY
GHD,GARWA ROAD,,,24.214419,83.885116,PUBLIC_COMMUNITY
BCJ,BAGAHABISHUNPUR,,,24.811468,84.204658,PUBLIC_COMMUNITY
BSYA,BARKISALALYA,,,24.773978,84.178495,PUBLIC_COMMUNITY
ANH,ANKORAH AKORHA,,,24.761167,84.169539,PUBLIC_COMMUNITY
NBG,NABENAGAR ROAD,,,24.653944,84.094044,PUBLIC_COMMUNITY
KYF,KAJRAT NAWADIH,,,24.591041,84.05014,PUBLIC_COMMUNITY
JPL,JAPLA,,,24.538969,84.002866,PUBLIC_COMMUNITY
HDN,HAIDARNAGAR,,,24.498081,83.951049,PUBLIC_COMMUNITY
KVQ,KOSIARA,,,24.478657,83.908564,PUBLIC_COMMUNITY
MDJ,MUHAMMADGANJ,,,24.42644,83.869978,PUBLIC_COMMUNITY
SZF,SATBAHINI,,,24.386582,83.84911,PUBLIC_COMMUNITY
URD,UNTARE ROAD,,,24.34094,83.834497,PUBLIC_COMMUNITY
KRTA,KARKATA,,,24.296038,83.837652,PUBLIC_COMMUNITY
SQS,SIGSIGI,,,24.260567,83.853323,PUBLIC_COMMUNITY
RMT,RAMGARH CANT,,,23.617327,85.520249,PUBLIC_COMMUNITY
BRKA,BARKAKANA,,,23.624159,85.469553,PUBLIC_COMMUNITY
MAEL,MAEL,,,23.574668,85.626042,PUBLIC_COMMUNITY
BHKD,BHURKUNDA,,,23.637564,85.372145,PUBLIC_COMMUNITY
BRKP,BARKIPONA,,,23.568766,85.646476,PUBLIC_COMMUNITY
PTRU,PATRATU,,,23.667024,85.305877,PUBLIC_COMMUNITY
GRE,GOLA ROAD,,,23.545551,85.697139,PUBLIC_COMMUNITY
TKS,TOKISUD,,,23.678639,85.239282,PUBLIC_COMMUNITY
HRBR,HARUBERA,,,23.499949,85.760229,PUBLIC_COMMUNITY
HNDR,HENDEGIR,,,23.697803,85.169817,PUBLIC_COMMUNITY
SND,SONDIMRA,,,23.476937,85.782436,PUBLIC_COMMUNITY
KOLE,KOLE,,,23.695961,85.104901,PUBLIC_COMMUNITY
BLNG,BARLANGA,,,23.449913,85.833473,PUBLIC_COMMUNITY
RAY,RAY,,,23.690082,85.077816,PUBLIC_COMMUNITY
KLRE,KHALARI,,,23.651055,85.001627,PUBLIC_COMMUNITY
MGME,MCCLUSKIEGANJ,,,23.651781,84.940855,PUBLIC_COMMUNITY
MMLN,MAHUAMILAN,,,23.662241,84.854527,PUBLIC_COMMUNITY
TORI,TORI,,,23.680808,84.739774,PUBLIC_COMMUNITY
CTQ,CHETAR,,,23.682881,84.646426,PUBLIC_COMMUNITY
KCAB,K-CABIN BONDAMUNDA,,,22.233321,84.913857,PUBLIC_COMMUNITY
ACAB,A-CABIN BONDAMUNDA,,,22.23969,84.945577,PUBLIC_COMMUNITY
LNKC,LINK C-CABIN,,,22.267173,84.974611,PUBLIC_COMMUNITY
RNC,RANCHI,,,23.348811,85.33352,PUBLIC_COMMUNITY
NKM,NAMKON,,,23.351755,85.376672,PUBLIC_COMMUNITY
TIS,TATISILWAI,,,23.369845,85.435706,PUBLIC_COMMUNITY
GAG,GANGAGHAT,,,23.361398,85.50705,PUBLIC_COMMUNITY
KWKC,KHERWA KOCHA,,,23.360568,85.594856,PUBLIC_COMMUNITY
JON,JONHA,,,23.358959,85.608914,PUBLIC_COMMUNITY
KITA,KITA,,,23.364885,85.764248,PUBLIC_COMMUNITY
SLF,SILLI,,,23.351563,85.828129,PUBLIC_COMMUNITY
MURI,MURI,,,23.376284,85.866991,PUBLIC_COMMUNITY
THO,TULIN,,,23.378363,85.902125,PUBLIC_COMMUNITY
JAA,JHALIDA,,,23.370005,85.975282,PUBLIC_COMMUNITY
BKDR,BEGUN KUDAR,,,23.383687,86.012587,PUBLIC_COMMUNITY
KSX,KOTSHILA,,,23.411691,86.079548,PUBLIC_COMMUNITY
DRGU,DAMRU GHUTU,,,23.45136,86.08981,PUBLIC_COMMUNITY
RPMY,RPMY,,,,,PUBLIC_COMMUNITY
NFKS,NFKS,,,,,PUBLIC_COMMUNITY
NFKN,NFKN,,,,,PUBLIC_COMMUNITY
PNW,PUNDHAG,,,23.508909,86.089576,PUBLIC_COMMUNITY
RDF,RADHAGAON,,,23.59787,86.089065,PUBLIC_COMMUNITY
BKCA,BOKARO STEEL CITY A CABIN,,,23.649514,86.087726,PUBLIC_COMMUNITY
BKSC,BOKARO STEEL CITY,,,23.656551,86.085016,PUBLIC_COMMUNITY
BKSN,BKSC NORTH CABIN,,,23.671356,86.078541,PUBLIC_COMMUNITY
TKB,TUPKADIH,,,23.713618,86.06389,PUBLIC_COMMUNITY
RJB,RAJABERA,,,23.751105,86.080936,PUBLIC_COMMUNITY
CRP,CHANDRAPURA,,,23.755676,86.119775,PUBLIC_COMMUNITY
JNNA,JAMUNIATANR HALT,,,23.754898,86.192194,PUBLIC_COMMUNITY
JMX,JAMUNI,,,23.762742,86.193727,PUBLIC_COMMUNITY
PLJE,PHULWARTANR,,,23.77515,86.226577,PUBLIC_COMMUNITY
BDQ,BUDORA,,,23.778557,86.235448,PUBLIC_COMMUNITY
TNO,TUNDU,,,23.788733,86.252293,PUBLIC_COMMUNITY
SZE,SONARDIH,,,23.7915,86.265063,PUBLIC_COMMUNITY
TNJE,TENTULLA,,,23.790335,86.277173,PUBLIC_COMMUNITY
KTH,KATRASGARH,,,23.795757,86.302399,PUBLIC_COMMUNITY
ANJE,ANGARPATHRA HALT,,,23.793062,86.319368,PUBLIC_COMMUNITY
SJA,SIJUA,,,23.790156,86.329728,PUBLIC_COMMUNITY
BZS,BANSJORA,,,23.789931,86.354545,PUBLIC_COMMUNITY
BZE,BASERIA,,,23.786754,86.381653,PUBLIC_COMMUNITY
KDS,KASUNDA JN,,,23.789989,86.395894,PUBLIC_COMMUNITY
BWPB,BHAWANIPUR BIHAR,,,25.594616,87.867751,PUBLIC_COMMUNITY
MFA,MAKURIA,,,25.629245,87.887153,PUBLIC_COMMUNITY
BOE,BARSOI JN,,,25.651242,87.922942,PUBLIC_COMMUNITY
HDB,HALDIBARI,,,26.334952,88.781936,PUBLIC_COMMUNITY
KSBI,KASHIABARI,,,26.384654,88.768566,PUBLIC_COMMUNITY
MDG,MANDAL GHAT,,,26.430757,88.754758,PUBLIC_COMMUNITY
KDX,KADABARI HAT,,,26.476201,88.730986,PUBLIC_COMMUNITY
JPG,JALPAIGURI,,,26.51816,88.723026,PUBLIC_COMMUNITY
MOP,MOHITNAGAR,,,26.53055,88.669651,PUBLIC_COMMUNITY
BAHN,BABHABGAON HALT,,,25.44834,87.809894,PUBLIC_COMMUNITY
KWE,KHURIAL,,,25.491114,87.826855,PUBLIC_COMMUNITY
KMPH,KAMALPUR HALT,,,25.518312,87.837462,PUBLIC_COMMUNITY
AZR,AZAMNAGAR ROAD,,,25.555556,87.852328,PUBLIC_COMMUNITY
KHMP,KHEMPUR,,,,,PUBLIC_COMMUNITY
SJGM,SANJAY GRAM,,,25.706241,87.890377,PUBLIC_COMMUNITY
SUD,SUDHANI,,,25.727854,87.879489,PUBLIC_COMMUNITY
AHL,AJHARAIL,,,25.781638,87.848322,PUBLIC_COMMUNITY
TETA,TELTA,,,25.806579,87.84221,PUBLIC_COMMUNITY
DLK,DALKOLHA,,,25.873416,87.838877,PUBLIC_COMMUNITY
SJKL,SURJA KAMAL,,,25.935932,87.849258,PUBLIC_COMMUNITY
KKA,KANKI,,,26.003233,87.864524,PUBLIC_COMMUNITY
HWR,HATWAR,,,26.044989,87.893032,PUBLIC_COMMUNITY
THED,TAUHEED,,,26.084921,87.930885,PUBLIC_COMMUNITY
KNE,KISHANGANJ,,,26.097746,87.949657,PUBLIC_COMMUNITY
PJP,PANJIPARA,,,26.140166,88.018058,PUBLIC_COMMUNITY
IKC,IKARCHALA,,,,,PUBLIC_COMMUNITY
GIL,GAISAL,,,26.184826,88.089507,PUBLIC_COMMUNITY
GEOR,GUNJARIA,,,26.218465,88.132222,PUBLIC_COMMUNITY
AUB,ALUABARI ROAD,,,26.269681,88.18561,PUBLIC_COMMUNITY
DBQ,DHULABARI,,,26.361571,88.231234,PUBLIC_COMMUNITY
MXJ,MANGURJAN,,,26.412488,88.256909,PUBLIC_COMMUNITY
TMH,TIN MILE HAT,,,26.436601,88.279995,PUBLIC_COMMUNITY
DMZ,DUMDANGI,,,26.47724,88.296508,PUBLIC_COMMUNITY
CAT,CHATTAR HAT,,,26.548827,88.323376,PUBLIC_COMMUNITY
NJB,NIJBARI,,,26.587597,88.337505,PUBLIC_COMMUNITY
RNI,RANGAPANI,,,26.664263,88.374386,PUBLIC_COMMUNITY
NJP,NEW JALPAIGURI,,,26.683025,88.443391,PUBLIC_COMMUNITY
ABFC,AMBARI FALAKATA,,,26.641553,88.510593,PUBLIC_COMMUNITY
BLK,BELAKOBA,,,26.591441,88.583312,PUBLIC_COMMUNITY
RQJ,RANINAGAR JALPAIGIRI,,,26.544663,88.648293,PUBLIC_COMMUNITY
SMI,SITAMARHI JN,,,26.594374,85.504707,PUBLIC_COMMUNITY
BHSA,BHISA HALT,,,26.576529,85.533501,PUBLIC_COMMUNITY
PSZ,PARSAUNI,,,26.55631,85.574611,PUBLIC_COMMUNITY
BJT,BAJPATTI,,,26.546976,85.620613,PUBLIC_COMMUNITY
AWPR,AWAPUR,,,26.508916,85.652916,PUBLIC_COMMUNITY
BCPR,BACHHARPUR HALT,,,26.494629,85.662529,PUBLIC_COMMUNITY
JNR,JANAKPUR ROAD,,,26.467914,85.700856,PUBLIC_COMMUNITY
CNX,CHANDAUNA HALT,,,26.440884,85.723165,PUBLIC_COMMUNITY
JGA,JOGIARA,,,26.407114,85.746733,PUBLIC_COMMUNITY
DBLI,DEBRABANDHAULI HALT,,,26.384826,85.76995,PUBLIC_COMMUNITY
MRTA,MURAITHA,,,26.369765,85.786612,PUBLIC_COMMUNITY
KML,KAMTAUL,,,26.337348,85.808624,PUBLIC_COMMUNITY
TQR,TEKTAR,,,26.275833,85.846291,PUBLIC_COMMUNITY
MHP,MUHAMMADPUR,,,26.236878,85.852798,PUBLIC_COMMUNITY
SHEO,SHISHO,,,26.206032,85.863867,PUBLIC_COMMUNITY
MFP,MUZAFFARPUR JN,,,26.122311,85.378006,PUBLIC_COMMUNITY
NRPA,NARAYANPUR ANANT,,,26.089052,85.409122,PUBLIC_COMMUNITY
SLT,SILAUT,,,26.048926,85.443378,PUBLIC_COMMUNITY
SIHO,SIHO,,,26.00841,85.50594,PUBLIC_COMMUNITY
DOL,DHOLI,,,25.976952,85.562495,PUBLIC_COMMUNITY
DUBH,DUBAHA,,,25.948785,85.617108,PUBLIC_COMMUNITY
VBH,VISHNUPUR BATHUA HALT,,,25.93102,85.644288,PUBLIC_COMMUNITY
KRBP,KHUDIRAM B PUSA,,,25.906434,85.672677,PUBLIC_COMMUNITY
KPGM,KARPURIGRAM,,,25.869802,85.724178,PUBLIC_COMMUNITY
KUQ,KURETHA,,,25.49556,87.644323,PUBLIC_COMMUNITY
SAJH,SAHJA HALT,,,25.478182,87.673954,PUBLIC_COMMUNITY
PQD,PRANPUR ROAD,,,25.462362,87.704868,PUBLIC_COMMUNITY
LAV,LABHA,,,25.439647,87.74514,PUBLIC_COMMUNITY
DVJ,DILLI DEWAN GANJ,,,25.432721,87.778612,PUBLIC_COMMUNITY
MBC,MAHANANDA BGE,,,25.188336,88.083399,PUBLIC_COMMUNITY
KMRJ,KUMARGANJ,,,25.218816,88.065592,PUBLIC_COMMUNITY
SRPU,SRIPUR HALT,,,25.257076,88.044017,PUBLIC_COMMUNITY
SM,SAMSI,,,25.276197,88.009757,PUBLIC_COMMUNITY
MFZ,MALAHAR,,,25.303709,87.95782,PUBLIC_COMMUNITY
BKRD,BHALUKA ROAD F,,,25.342572,87.912128,PUBLIC_COMMUNITY
MQG,MILANGARH,,,25.368746,87.896223,PUBLIC_COMMUNITY
HCR,HARISCHANDRPUR,,,25.403999,87.867051,PUBLIC_COMMUNITY
KDPR,KUMEDPUR,,,25.433448,87.804358,PUBLIC_COMMUNITY
KIR,KATIHAR JN,,,25.548947,87.566409,PUBLIC_COMMUNITY
MIYN,MANIYAN,,,25.523274,87.606942,PUBLIC_COMMUNITY
KIRB,KATIHAR CBO MB,,,25.552735,87.578873,PUBLIC_COMMUNITY
DLF,DALAN,,,25.6118,87.560853,PUBLIC_COMMUNITY
RWA,RAUTARA,,,25.674635,87.523472,PUBLIC_COMMUNITY
RNX,RANIPATRA,,,25.735576,87.514183,PUBLIC_COMMUNITY
PRNA,PURNIA JN,,,25.790678,87.519124,PUBLIC_COMMUNITY
KUB,KASBA,,,25.860675,87.529476,PUBLIC_COMMUNITY
GBN,GARH BANAILI,,,25.915091,87.535041,PUBLIC_COMMUNITY
JAG,JALARGARH,,,25.953959,87.529496,PUBLIC_COMMUNITY
SATR,SATR HALT,,,26.001173,87.508427,PUBLIC_COMMUNITY
KSY,KUSIARGAON,,,26.057858,87.479818,PUBLIC_COMMUNITY
ARQ,ARARIYA COURT,,,26.114921,87.446912,PUBLIC_COMMUNITY
ARR,ARARIYA,,,26.137118,87.411998,PUBLIC_COMMUNITY
HOD,HALDITA BIHAR,,,26.165935,87.35901,PUBLIC_COMMUNITY
SMH,SIMRAHA,,,26.194436,87.321358,PUBLIC_COMMUNITY
GPE,GOGIPOTHIA HALT,,,26.250043,87.284335,PUBLIC_COMMUNITY
DLZ,DHOLBAJA,,,26.2748,87.271397,PUBLIC_COMMUNITY
FBG,FORBESGANJ,,,26.298901,87.262803,PUBLIC_COMMUNITY
BTF,BATHNAHA,,,26.341854,87.237767,PUBLIC_COMMUNITY
JBN,JOGBANI,,,26.402263,87.263262,PUBLIC_COMMUNITY
BZL,BELANAGAR,,,22.661605,88.318224,PUBLIC_COMMUNITY
BLGT,BALURGHAT,,,25.232648,88.757636,PUBLIC_COMMUNITY
MKRH,MALLICKPUR HAT,,,25.325703,88.676426,PUBLIC_COMMUNITY
RMPB,RAMPUR BAZAR,,,25.358763,88.60611,PUBLIC_COMMUNITY
MLNH,MALANCHA,,,25.368716,88.586067,PUBLIC_COMMUNITY
GRMP,GANGARAMPUR,,,25.390399,88.516447,PUBLIC_COMMUNITY
BNDP,BUNIADPUR,,,25.386267,88.402088,PUBLIC_COMMUNITY
DLPH,DAULATPUR HAT,,,25.326113,88.332787,PUBLIC_COMMUNITY
DOTL,DEOTALA,,,25.274329,88.294214,PUBLIC_COMMUNITY
MANG,MAHANAGAR,,,25.247077,88.251102,PUBLIC_COMMUNITY
GZO,GAZOLE,,,25.224984,88.198885,PUBLIC_COMMUNITY
BDAG,BONIDANGA,,,24.823452,87.810526,PUBLIC_COMMUNITY
BDBS,BINDUBASINI HAL,,,24.792848,87.859263,PUBLIC_COMMUNITY
TDLE,TILDANGA,,,24.786749,87.873801,PUBLIC_COMMUNITY
NFKB,NEW FARAKKA-B-CABIN,,,24.782115,87.915793,PUBLIC_COMMUNITY
NFK,NEW FARAKKA JN,,,24.794558,87.915236,PUBLIC_COMMUNITY
CMX,CHAMAGRAM,,,24.821334,87.963345,PUBLIC_COMMUNITY
KTJ,KHALTIPUR,,,24.875742,88.021646,PUBLIC_COMMUNITY
JMQ,JAMIRGHATA,,,24.916623,88.06776,PUBLIC_COMMUNITY
GZM,GOUR MALDA,,,24.947944,88.110782,PUBLIC_COMMUNITY
MLDT,MALDA TOWN,,,25.015659,88.130338,PUBLIC_COMMUNITY
OMLF,OLD MALDA,,,25.053174,88.143718,PUBLIC_COMMUNITY
ADF,ADINA,,,25.114397,88.12318,PUBLIC_COMMUNITY
EKI,EKLAKHI,,,25.167868,88.099492,PUBLIC_COMMUNITY
YY-BJUC,YY-BJUC,,,,,PUBLIC_COMMUNITY
JDA,JASODA,,,27.08393,79.820294,PUBLIC_COMMUNITY
KHDP,KHUDLAPUR,,,27.098961,79.780273,PUBLIC_COMMUNITY
GHJ,GURSAHAIGANJ,,,27.118804,79.732035,PUBLIC_COMMUNITY
MLKP,MALIKPUR,,,27.161781,79.690181,PUBLIC_COMMUNITY
KDJ,KHUDAGANJ,,,27.184464,79.666264,PUBLIC_COMMUNITY
SGRP,SINGHIRAMPUR,,,27.262707,79.629411,PUBLIC_COMMUNITY
KLJ,KAMALGANJ,,,27.292663,79.620832,PUBLIC_COMMUNITY
YAG,YAQUTGANJ,,,27.32595,79.618493,PUBLIC_COMMUNITY
FGR,FATEHGARH,,,27.369608,79.62159,PUBLIC_COMMUNITY
FBD,FARRUKHABAD,,,27.38236,79.571737,PUBLIC_COMMUNITY
HSY,HARSINGPUR GOBA,,,27.430024,79.498254,PUBLIC_COMMUNITY
SHX,SHUKHARULLAPUR,,,27.44826,79.471943,PUBLIC_COMMUNITY
SSD,SHAMSABAD,,,27.469912,79.438167,PUBLIC_COMMUNITY
BHTS,BHATASA,,,27.503757,79.383888,PUBLIC_COMMUNITY
KMJ,KAIMGANJ,,,27.540977,79.327216,PUBLIC_COMMUNITY
KXF,KAMPIL ROAD,,,27.567619,79.265007,PUBLIC_COMMUNITY
RDN,RUDAIN,,,27.579928,79.186618,PUBLIC_COMMUNITY
BAPR,BALLUPUR,,,27.586599,79.145148,PUBLIC_COMMUNITY
DRO,DARYAOGONJ,,,27.598099,79.082496,PUBLIC_COMMUNITY
NHX,NARTHAR,,,27.632931,79.023137,PUBLIC_COMMUNITY
PTI,PATIALI,,,27.68432,78.984173,PUBLIC_COMMUNITY
GWA,GANJ DUNDWARA,,,27.726403,78.939319,PUBLIC_COMMUNITY
GRAK,GARKHA,,,27.748518,78.88429,PUBLIC_COMMUNITY
SWRT,SAHAWAR TOWN,,,27.794835,78.831344,PUBLIC_COMMUNITY
BHK,BADHARI KALAN,,,27.799053,78.734589,PUBLIC_COMMUNITY
KSJ,KASGANJ,,,27.801887,78.646026,PUBLIC_COMMUNITY
MHA,MARAHRA,,,27.746474,78.555044,PUBLIC_COMMUNITY
AUL,AGSAULI,,,27.705677,78.444553,PUBLIC_COMMUNITY
SKA,SIKANDRA RAO,,,27.684086,78.387573,PUBLIC_COMMUNITY
BTRO,BASTOI HALT,,,27.66742,78.285451,PUBLIC_COMMUNITY
RKN,RATI KA NAGLA,,,27.654398,78.240569,PUBLIC_COMMUNITY
HTJ,HATHRAS ROAD,,,27.622437,78.136899,PUBLIC_COMMUNITY
MEU,MENDU,,,27.614247,78.099957,PUBLIC_COMMUNITY
HTC,HATHRAS CITY,,,27.599817,78.055069,PUBLIC_COMMUNITY
MSN,MURSAN,,,27.574211,77.9363,PUBLIC_COMMUNITY
SYZ,SONAI,,,27.570504,77.88736,PUBLIC_COMMUNITY
RAYA,RAYA,,,27.552406,77.786884,PUBLIC_COMMUNITY
MRT,MATHURA CANT,,,27.491013,77.685113,PUBLIC_COMMUNITY
MTUJ,MTUJ,,,,,PUBLIC_COMMUNITY
CPA,KANPUR ANWARGANJ,,,26.456233,80.328444,PUBLIC_COMMUNITY
RPO,RAWATPUR,,,26.482981,80.298113,PUBLIC_COMMUNITY
KAP,KALIANPUR,,,26.503485,80.252892,PUBLIC_COMMUNITY
MDA,MANDHANA JN,,,26.557002,80.222507,PUBLIC_COMMUNITY
CBR,CHAUBEPUR,,,26.598928,80.211424,PUBLIC_COMMUNITY
BJR,BARRAJPUR,,,26.685166,80.138678,PUBLIC_COMMUNITY
UTP,UTRIPURA,,,26.73974,80.095478,PUBLIC_COMMUNITY
DUO,DHAURSALAR,,,26.798349,80.081404,PUBLIC_COMMUNITY
BLU,BILHAUR,,,26.839002,80.060383,PUBLIC_COMMUNITY
BKTS,BAKOTHIKHAS,,,26.87806,80.037767,PUBLIC_COMMUNITY
ARL,AROUL,,,26.920662,80.018633,PUBLIC_COMMUNITY
GWP,GANGAWAPUR HALT,,,26.958804,79.997994,PUBLIC_COMMUNITY
MNMU,MANI MAU,,,26.989139,79.965183,PUBLIC_COMMUNITY
KJN,KANNAUJ,,,27.026507,79.926109,PUBLIC_COMMUNITY
KJNC,KANNAUJ CITY,,,27.039814,79.909983,PUBLIC_COMMUNITY
JPP,JALALPUR PANWARA,,,27.062313,79.873611,PUBLIC_COMMUNITY
BC,BAREILLY CITY,,,28.355656,79.403718,PUBLIC_COMMUNITY
NMDA,NEW MORINDA,,,30.776469,76.518125,PUBLIC_COMMUNITY
NLDM,NANGAL DAM,,,31.370543,76.372615,PUBLIC_COMMUNITY
BNLY,BHANUPLI,,,31.299081,76.420352,PUBLIC_COMMUNITY
ANSB,ANANDPUR SAHIB,,,31.230514,76.500604,PUBLIC_COMMUNITY
KART,KIRATPUR SAHIB,,,31.186811,76.563302,PUBLIC_COMMUNITY
BARJ,BHARATGARH,,,31.110462,76.591403,PUBLIC_COMMUNITY
GANL,GHANAULI,,,31.025994,76.592143,PUBLIC_COMMUNITY
RPAR,RUPNAGAR,,,30.972816,76.533241,PUBLIC_COMMUNITY
MNPR,MINAPUR,,,30.911265,76.567332,PUBLIC_COMMUNITY
CTLI,CHATOULI,,,30.85622,76.580922,PUBLIC_COMMUNITY
KRLI,KURALI,,,30.835005,76.57193,PUBLIC_COMMUNITY
MRND,MORINDA,,,30.791519,76.502461,PUBLIC_COMMUNITY
NGWN,NOGANWAN,,,30.738403,76.443287,PUBLIC_COMMUNITY
BSPN,BASSI PATHANAM,,,30.688459,76.409669,PUBLIC_COMMUNITY
FGSB,FATEHGARH SAHIB,,,30.650726,76.388124,PUBLIC_COMMUNITY
CCSJ,CCSJ,,,,,PUBLIC_COMMUNITY
MTI,MITAWAL,,,27.292311,78.198924,PUBLIC_COMMUNITY
BRN,BARHAN,,,27.32891,78.192317,PUBLIC_COMMUNITY
DSBP,DELHI SHAHDARA B PANEL,,,28.670746,77.342818,PUBLIC_COMMUNITY
CNJ,CHANDER NAGAR,,,28.662871,77.331201,PUBLIC_COMMUNITY
ANVR,ANAND VIHAR,,,28.648614,77.314024,PUBLIC_COMMUNITY
MWC,MANDAWALI CHANDER VIHAR,,,28.613384,77.253315,PUBLIC_COMMUNITY
CMR,CHAMROLA,,,27.393032,78.180143,PUBLIC_COMMUNITY
JLS,JALESAR ROAD,,,27.44546,78.16993,PUBLIC_COMMUNITY
PORA,PORA,,,27.532025,78.154207,PUBLIC_COMMUNITY
HRS,HATHRAS JN,,,27.62483,78.137067,PUBLIC_COMMUNITY
SNS,SASNI,,,27.704264,78.12246,PUBLIC_COMMUNITY
MXK,MANDRAK,,,27.768635,78.110287,PUBLIC_COMMUNITY
DAQ,DAUD KHAN,,,27.830504,78.098797,PUBLIC_COMMUNITY
ALJN,ALIGARH JN,,,27.889584,78.074559,PUBLIC_COMMUNITY
SBB,SAHIBABAD,,,28.674037,77.364182,PUBLIC_COMMUNITY
GZB,GHAZIABAD,,,28.649702,77.431099,PUBLIC_COMMUNITY
CYZ,CHIPYANA BUZURG,,,28.627977,77.459346,PUBLIC_COMMUNITY
MIU,MARIPAT,,,28.586886,77.495428,PUBLIC_COMMUNITY
DER,DADRI,,,28.53794,77.537422,PUBLIC_COMMUNITY
BRKY,BORAKI,,,28.507908,77.563617,PUBLIC_COMMUNITY
AJR,AJAIBPUR,,,28.472835,77.593737,PUBLIC_COMMUNITY
DKDE,DANKAUR,,,28.415313,77.643211,PUBLIC_COMMUNITY
WAIR,WAIR,,,28.347255,77.699267,PUBLIC_COMMUNITY
CHL,CHOLA,,,28.312165,77.729409,PUBLIC_COMMUNITY
GNRL,GANGRAUL,,,28.28297,77.75473,PUBLIC_COMMUNITY
SKQ,SIKANDARPUR,,,28.247759,77.783931,PUBLIC_COMMUNITY
KRJ,KHURJA JN,,,28.206407,77.81904,PUBLIC_COMMUNITY
KAMP,KAMALPUR,,,28.182673,77.839981,PUBLIC_COMMUNITY
DAR,DANWAR,,,28.129969,77.883913,PUBLIC_COMMUNITY
SOM,SOMNA,,,28.052674,77.948193,PUBLIC_COMMUNITY
KLA,KULWA,,,27.982509,78.007062,PUBLIC_COMMUNITY
MWUE,MAHRAWAL,,,27.937875,78.04247,PUBLIC_COMMUNITY
KUR,KHURDA ROAD JN,,,20.153076,85.708234,PUBLIC_COMMUNITY
RTN,RETANG,,,20.199418,85.760851,PUBLIC_COMMUNITY
SRKT,SARKANTRA,,,20.228282,85.796231,PUBLIC_COMMUNITY
LGTR,LINGARAJ TEMPLE ROAD,,,20.234947,85.815872,PUBLIC_COMMUNITY
BBS,BHUBANESWAR,,,20.265388,85.842595,PUBLIC_COMMUNITY
BNBH,BANI BIHAR,,,20.292611,85.852653,PUBLIC_COMMUNITY
MCS,MANCHESWAR,,,20.321861,85.844866,PUBLIC_COMMUNITY
PTAB,PATIA HALT,,,20.349273,85.841374,PUBLIC_COMMUNITY
BRAG,BARANG,,,20.400699,85.832573,PUBLIC_COMMUNITY
PURI,PURI,,,19.811459,85.839992,PUBLIC_COMMUNITY
MLT,MALATIPATPUR,,,19.865258,85.83177,PUBLIC_COMMUNITY
JKDP,JANKIDAIPUR,,,19.888365,85.81927,PUBLIC_COMMUNITY
SIL,SAKHI GOPAL,,,19.942882,85.816074,PUBLIC_COMMUNITY
BRST,BIR PURUSHOTTAMPUR,,,19.9904,85.806351,PUBLIC_COMMUNITY
JPRD,JENAPUR ROAD,,,20.018355,85.786572,PUBLIC_COMMUNITY
JERD,JENAPUR PH,,,20.018615,85.786976,PUBLIC_COMMUNITY
DEG,DELANG,,,20.038474,85.76695,PUBLIC_COMMUNITY
KASR,KANAS ROAD,,,20.06205,85.7428,PUBLIC_COMMUNITY
MWQ,MOTARI HALT,,,20.090583,85.729192,PUBLIC_COMMUNITY
HPGM,HARIPUR GRAM,,,20.133572,85.707856,PUBLIC_COMMUNITY
NQR,NARAJ MARTHAPUR,,,20.459324,85.779525,PUBLIC_COMMUNITY
SPSR,SARPESWAR PH,,,20.482906,85.744973,PUBLIC_COMMUNITY
GHNH,GHANTIKHAL NIDHIPUR,,,20.510922,85.736186,PUBLIC_COMMUNITY
RQP,RADHAKISHOREPUR,,,20.55992,85.754538,PUBLIC_COMMUNITY
RJGR,RAJTHAGARH,,,20.576104,85.741633,PUBLIC_COMMUNITY
JRZ,JORANDA ROAD,,,20.623365,85.640413,PUBLIC_COMMUNITY
KSRK,KASRAK HALT,,,28.02503,79.684256,PUBLIC_COMMUNITY
SCPR,SHYAMA CHARANPUR HALT,,,20.642413,85.616279,PUBLIC_COMMUNITY
MZM,MUZZAMPUR NARAIN,,,29.58301,78.222356,PUBLIC_COMMUNITY
DOKY,DUKHERI,,,30.294992,76.8839,PUBLIC_COMMUNITY
KES,KESRI,,,30.264574,76.933887,PUBLIC_COMMUNITY
TDW,TANDWAL,,,30.23388,76.988712,PUBLIC_COMMUNITY
RAA,BARARA,,,30.213325,77.035501,PUBLIC_COMMUNITY
MFB,MUSTAFABAD,,,30.181009,77.123303,PUBLIC_COMMUNITY
DZP,DARAZPUR,,,30.152546,77.195721,PUBLIC_COMMUNITY
JUDW,JAGADHRI WORKSHOP,,,30.135558,77.240819,PUBLIC_COMMUNITY
JUD,YAMUNANAGAR-JAGADHRI,,,30.116844,77.287602,PUBLIC_COMMUNITY
KNZ,KALANOUR,,,30.082428,77.341227,PUBLIC_COMMUNITY
SSW,SARSAWA,,,30.024226,77.42396,PUBLIC_COMMUNITY
PKY,PILKHANI,,,29.997528,77.472879,PUBLIC_COMMUNITY
SRE,SAHARANPUR,,,29.960529,77.541739,PUBLIC_COMMUNITY
HNC,HINDAN CABIN,,,29.940002,77.597212,PUBLIC_COMMUNITY
BAE,BALIAKHERI,,,29.9285,77.63368,PUBLIC_COMMUNITY
SNKE,SUNEHTI KHARKHARI,,,29.913102,77.683524,PUBLIC_COMMUNITY
YJUD,YAMUNANAGAR JAGADHARI,,,30.117426,77.28758,PUBLIC_COMMUNITY
BHAW,BLOCK HUT A (BHA),,,26.802226,80.980595,PUBLIC_COMMUNITY
UTR,UTRAHTIA,,,26.763061,80.974031,PUBLIC_COMMUNITY
BHDH,BAHADURPUR HALT,,,27.952255,79.782543,PUBLIC_COMMUNITY
BTRA,BANTHRA,,,27.929239,79.82818,PUBLIC_COMMUNITY
SPN,SHAHJEHANPUR,,,27.894224,79.904605,PUBLIC_COMMUNITY
SXK,SHAJAHANPURCORT,,,27.890862,79.913517,PUBLIC_COMMUNITY
ROZA,ROZA JN,,,27.853121,79.956038,PUBLIC_COMMUNITY
PRPM,PT RAM PRASAD BISMIL,,,27.814705,79.957596,PUBLIC_COMMUNITY
MGMY,MUGHAL SARAI MARSHALING YARD,,,25.287126,83.13617,PUBLIC_COMMUNITY
KKRH,KARAHIA,,,25.471614,83.771397,PUBLIC_COMMUNITY
GMR,GAHMAR,,,25.488685,83.804431,PUBLIC_COMMUNITY
BQW,BARAKALAN,,,25.491516,83.849493,PUBLIC_COMMUNITY
CSA,CHAUSA,,,25.498491,83.896331,PUBLIC_COMMUNITY
KH,KAHILIYA,,,27.775896,79.960138,PUBLIC_COMMUNITY
AIG,ALGAWAN,,,27.700598,79.963236,PUBLIC_COMMUNITY
AJI,ANJHI SHAHABAD,,,27.643994,79.973314,PUBLIC_COMMUNITY
SHRM,SHARMA,,,27.603853,80.003288,PUBLIC_COMMUNITY
TDP,TODARPUR,,,27.579601,80.020029,PUBLIC_COMMUNITY
BEG,BEHTAGOKUL,,,27.530434,80.054854,PUBLIC_COMMUNITY
LBH,DILKUSHA CABIN,,,26.83113,80.966867,PUBLIC_COMMUNITY
ZBD,ZAFARABAD JN,,,25.708436,82.719014,PUBLIC_COMMUNITY
SIQ,SARKONI,,,25.643114,82.75212,PUBLIC_COMMUNITY
JLL,JALALGANJ,,,25.612516,82.772465,PUBLIC_COMMUNITY
TLMD,TRILOCHAN MAHDO,,,25.564702,82.804378,PUBLIC_COMMUNITY
KSF,KHALISPUR,,,25.525798,82.831747,PUBLIC_COMMUNITY
PDRD,PINDRA ROAD,,,25.497052,82.851162,PUBLIC_COMMUNITY
BTP,BABATPUR,,,25.453616,82.880025,PUBLIC_COMMUNITY
BRPT,BIRAPATTI,,,25.398913,82.917265,PUBLIC_COMMUNITY
SOP,SHIUPUR,,,25.355419,82.946972,PUBLIC_COMMUNITY
BSBY,VARANASI YARD,,,25.325212,82.9752,PUBLIC_COMMUNITY
PWXP,PAWANI KUMARPUR HALT,,,25.527689,83.935964,PUBLIC_COMMUNITY
BXR,BUXAR,,,25.562067,83.982184,PUBLIC_COMMUNITY
BUE,BARUNA,,,25.569781,84.089172,PUBLIC_COMMUNITY
BKKS,BAKAS,,,26.776082,81.051489,PUBLIC_COMMUNITY
APG,ANUPGANJ,,,26.757292,81.126093,PUBLIC_COMMUNITY
RMNR,RAHMAT NAGAR,,,26.744797,81.155895,PUBLIC_COMMUNITY
CDRL,CHHANDRAULI,,,26.699202,81.23044,PUBLIC_COMMUNITY
TEG,TIRBEDIGANJ,,,26.667533,81.281105,PUBLIC_COMMUNITY
HGH,HAIDERGARH,,,26.621533,81.363162,PUBLIC_COMMUNITY
CHBS,CHAUBISI,,,26.576807,81.433624,PUBLIC_COMMUNITY
AKJ,AKBARGANJ,,,26.531456,81.501628,PUBLIC_COMMUNITY
SYW,SINDURWA,,,26.492121,81.56944,PUBLIC_COMMUNITY
NHH,NIHALGARH,,,26.460131,81.632581,PUBLIC_COMMUNITY
WGJ,WARIS GANJ HALT,,,26.434504,81.695477,PUBLIC_COMMUNITY
AHZ,ADHINPUR,,,26.418478,81.726848,PUBLIC_COMMUNITY
MFKA,MUSAFIR KHANA,,,26.379585,81.799817,PUBLIC_COMMUNITY
SHNG,SHIVNAGAR,,,26.336305,81.882608,PUBLIC_COMMUNITY
BDKN,BANDHUA KALAN,,,26.271965,81.995392,PUBLIC_COMMUNITY
SLN,SULTANPUR,,,26.263027,82.066106,PUBLIC_COMMUNITY
PKX,PAKHRULI,,,26.205027,82.122568,PUBLIC_COMMUNITY
BDIN,BHADAIYAN,,,26.171113,82.169148,PUBLIC_COMMUNITY
LBA,LAMBHUA,,,26.133687,82.223283,PUBLIC_COMMUNITY
MWP,MAHRANI PACHHIM,,,26.087672,82.288578,PUBLIC_COMMUNITY
CHDA,CHANDA (HALT),,,26.063822,82.307543,PUBLIC_COMMUNITY
KEPR,KOIRIPUR,,,26.02164,82.339595,PUBLIC_COMMUNITY
NIMG,NIMA GOPALPUR,,,25.992862,82.364038,PUBLIC_COMMUNITY
HRPG,HARPALGANJ,,,25.947583,82.405421,PUBLIC_COMMUNITY
SKN,SRIKRISHNA NAGAR,,,25.88403,82.447803,PUBLIC_COMMUNITY
SVZ,SARAI HARKHU,,,25.835891,82.506309,PUBLIC_COMMUNITY
BKSA,BAKHSHA,,,25.78236,82.57318,PUBLIC_COMMUNITY
JOP,JAUNPUR CITY,,,25.734125,82.666999,PUBLIC_COMMUNITY
JNUK,JAUNPUR KUTCHERRY,,,25.725186,82.692607,PUBLIC_COMMUNITY
ARA,ARA,,,25.548889,84.662596,PUBLIC_COMMUNITY
JMIR,JAMIRA HALT,,,25.558928,84.709466,PUBLIC_COMMUNITY
KUA,KULHARIA,,,25.568173,84.757807,PUBLIC_COMMUNITY
CPPR,CPPR,,,,,PUBLIC_COMMUNITY
DURE,DUMRAON,,,25.571984,84.143865,PUBLIC_COMMUNITY
TWG,TWINING GANJ,,,25.568766,84.218022,PUBLIC_COMMUNITY
VKDH,VEER KUNWAR HALT,,,25.567585,84.254875,PUBLIC_COMMUNITY
RPR,RAGHUNATHPUR,,,25.565439,84.305227,PUBLIC_COMMUNITY
SKRI,SIKARIA,,,25.563329,84.347686,PUBLIC_COMMUNITY
BYN,BANAHI,,,25.561301,84.389916,PUBLIC_COMMUNITY
ASJP,AMAR SAHEED JAGDEV P HALT,,,25.560087,84.409699,PUBLIC_COMMUNITY
BEA,BIHIYA,,,25.558893,84.448984,PUBLIC_COMMUNITY
RNTE,RAMANAND,,,25.554842,84.491053,PUBLIC_COMMUNITY
XSAN,SARVODAYA HALT,,,25.554117,84.500683,PUBLIC_COMMUNITY
KYA,KAURIYA,,,25.550912,84.521285,PUBLIC_COMMUNITY
KRS,KARISATH,,,25.549488,84.563141,PUBLIC_COMMUNITY
JGWL,JAGJIVAN HALT,,,25.547892,84.630119,PUBLIC_COMMUNITY
KWR,KOELWAR,,,25.5687,84.792055,PUBLIC_COMMUNITY
VHCH,BLOCK CABIN CHAKKI,,,25.559662,84.806277,PUBLIC_COMMUNITY
PAIL,PAIL,,,,,PUBLIC_COMMUNITY
BTA,BIHTA,,,25.560949,84.874087,PUBLIC_COMMUNITY
PATL,PATEL HALT,,,25.564795,84.898526,PUBLIC_COMMUNITY
SDE,SADISOPUR,,,25.566169,84.916992,PUBLIC_COMMUNITY
GNHI,GANDHI HALT,,,25.572001,84.961547,PUBLIC_COMMUNITY
NEO,NEORA,,,25.57459,84.986523,PUBLIC_COMMUNITY
DNR,DANAPUR,,,25.581921,85.044629,PUBLIC_COMMUNITY
PWS,PHULWARI SHARIF,,,25.586297,85.07943,PUBLIC_COMMUNITY
SCY,SACHIWALAY HALT,,,25.596202,85.117352,PUBLIC_COMMUNITY
ULR,ULTADANGA ROAD,,,,,PUBLIC_COMMUNITY
CLWS,CLWS,,,,,PUBLIC_COMMUNITY
JUNC,JUNC,,,,,PUBLIC_COMMUNITY
ETYD,ETYD,,,,,PUBLIC_COMMUNITY
LCAB,LCAB,,,,,PUBLIC_COMMUNITY
CP,KOLKATA,,,22.566793,88.375198,PUBLIC_COMMUNITY
TALA,TALLA,,,22.606458,88.379563,PUBLIC_COMMUNITY
BBR,BAGH BAZAR,,,22.605126,88.365246,PUBLIC_COMMUNITY
SOLA,SOVABAZAR-AHIRI,,,22.597664,88.354938,PUBLIC_COMMUNITY
BZB,BARRA BAZAR,,,22.590907,88.351803,PUBLIC_COMMUNITY
BBDB,BENOY BADAL DINESH GARDENS,,,22.577047,88.346858,PUBLIC_COMMUNITY
EDG,EDEN GARDENS,,,22.565207,88.339472,PUBLIC_COMMUNITY
PPGT,PRINCEP GHAT,,,22.557154,88.332022,PUBLIC_COMMUNITY
KIRP,KHIDIRPUR,,,22.5357,88.315889,PUBLIC_COMMUNITY
RMTR,REMOUNT ROAD,,,22.525428,88.316273,PUBLIC_COMMUNITY
MJT,MAJERHAT,,,22.518978,88.322256,PUBLIC_COMMUNITY
NACC,NEW ALIPUR (CALCUTTA),,,22.510862,88.33492,PUBLIC_COMMUNITY
TLG,TOLLY GANJ,,,22.507909,88.346908,PUBLIC_COMMUNITY
MILE,MILE-FIVEB,,,22.509944,88.343231,PUBLIC_COMMUNITY
LKF,LAKE GARDENS,,,22.507947,88.352371,PUBLIC_COMMUNITY
BLN,BALLYGUNGE JN,,,22.519832,88.372069,PUBLIC_COMMUNITY
PQS,PARK CIRCUS,,,22.541429,88.374176,PUBLIC_COMMUNITY
BELG,BELG,,,,,PUBLIC_COMMUNITY
DNKL,DHENKANAL,,,20.676825,85.590878,PUBLIC_COMMUNITY
DKUR,DOKUR,,,16.592578,77.853413,PUBLIC_COMMUNITY
RJAP,RAJAPUR,,,16.859603,78.163648,PUBLIC_COMMUNITY
DNDL,DANDI MAL,,,20.715235,85.53418,PUBLIC_COMMUNITY
SBP,SAMBALPUR,,,21.483051,83.960325,PUBLIC_COMMUNITY
SBPD,SAMBALPUR ROAD,,,21.4779,83.975711,PUBLIC_COMMUNITY
SSPR,SADASHIBAPUR,,,20.735286,85.504693,PUBLIC_COMMUNITY
MHDB,MAHADIA PH,,,20.750947,85.475883,PUBLIC_COMMUNITY
HND,HINDOL ROAD,,,20.768563,85.424456,PUBLIC_COMMUNITY
NBT,NAYABAGIRTHIPUR,,,20.781585,85.382445,PUBLIC_COMMUNITY
MRDL,MERAMANDOLIL,,,20.802387,85.304943,PUBLIC_COMMUNITY
BDPK,BURHAPANKA,,,20.853157,85.255823,PUBLIC_COMMUNITY
TLHD,TALCHER ROAD,,,20.886651,85.207934,PUBLIC_COMMUNITY
ANGL,ANGUL,,,20.859445,85.099994,PUBLIC_COMMUNITY
KPJG,KEREJANGA,,,20.855813,84.976706,PUBLIC_COMMUNITY
JRPD,JARAPADA,,,20.885087,84.887597,PUBLIC_COMMUNITY
BONA,BOINDA,,,20.920037,84.748206,PUBLIC_COMMUNITY
HNPA,HANDAPA,,,20.943324,84.684665,PUBLIC_COMMUNITY
SRGP,SARAGIPALLI,,,20.98404,84.565386,PUBLIC_COMMUNITY
BAMR,BAMUR,,,21.006738,84.475865,PUBLIC_COMMUNITY
RAIR,RAIRAKHOL,,,21.046745,84.333562,PUBLIC_COMMUNITY
CHAR,CHARMAL,,,21.095391,84.204417,PUBLIC_COMMUNITY
JUJA,JUJUMURA,,,21.239342,84.134611,PUBLIC_COMMUNITY
HATB,HATIBARI,,,21.309386,84.117939,PUBLIC_COMMUNITY
MANE,MANESWAR,,,21.411344,84.043988,PUBLIC_COMMUNITY
SBPY,SAMBALPUR CITY,,,21.477022,84.007617,PUBLIC_COMMUNITY
JSME,JASIDIH JN,,,24.514517,86.644255,PUBLIC_COMMUNITY
TTN,TULSITANR,,,24.568996,86.614407,PUBLIC_COMMUNITY
LHB,LAHABON,,,24.64034,86.600138,PUBLIC_COMMUNITY
TLB,TALWA BAZAR,,,24.694737,86.556303,PUBLIC_COMMUNITY
STL,SIMULTALA,,,24.713365,86.541782,PUBLIC_COMMUNITY
GHN,GHORPARAN,,,24.741625,86.49853,PUBLIC_COMMUNITY
NRGO,NARGANJO HALT,,,24.743975,86.457803,PUBLIC_COMMUNITY
RJLA,RAJLA,,,24.756363,86.423067,PUBLIC_COMMUNITY
JAJ,JHAJHA,,,24.779456,86.399854,PUBLIC_COMMUNITY
DPX,DADPUR,,,24.829399,86.349076,PUBLIC_COMMUNITY
GHR,GIDHAUR,,,24.856169,86.324005,PUBLIC_COMMUNITY
CUX,CHAURA,,,24.918896,86.287062,PUBLIC_COMMUNITY
JMU,JAMUI,,,24.971949,86.254775,PUBLIC_COMMUNITY
KDER,KUNDER HALT,,,25.051321,86.185614,PUBLIC_COMMUNITY
BFM,BHALUI,,,25.073216,86.172875,PUBLIC_COMMUNITY
MNP,MANANPUR,,,25.104932,86.155405,PUBLIC_COMMUNITY
BLHR,BALAHAPUR HALT,,,25.120271,86.147815,PUBLIC_COMMUNITY
BSQP,BANSIPUR,,,25.124513,86.14482,PUBLIC_COMMUNITY
LCK,LAKHOCHAK HALT,,,25.139185,86.136411,PUBLIC_COMMUNITY
MHLT,MAHESH LETA HALT,,,25.151109,86.130158,PUBLIC_COMMUNITY
MOR,MOR,,,25.430345,85.85676,PUBLIC_COMMUNITY
GZH,GULZARBAGH,,,25.597542,85.205232,PUBLIC_COMMUNITY
PNC,PATNA SAHEB,,,25.585856,85.230942,PUBLIC_COMMUNITY
DDGJ,DEEDARGANJ,,,25.569543,85.257511,PUBLIC_COMMUNITY
BKG,BANKA GHAT,,,25.547008,85.272742,PUBLIC_COMMUNITY
FUT,FATWA,,,25.50144,85.305488,PUBLIC_COMMUNITY
BCYN,BUDHDEVCHAK Y NAGAR,,,25.496827,85.331308,PUBLIC_COMMUNITY
HDE,HARDAS BIGHA,,,25.496924,85.327668,PUBLIC_COMMUNITY
KOO,KHUSROPUR,,,25.484893,85.387309,PUBLIC_COMMUNITY
MJM,MANJHAULIGRAM H,,,25.478252,85.422051,PUBLIC_COMMUNITY
KWO,KARAUTA,,,25.468639,85.46824,PUBLIC_COMMUNITY
SMBH,SALIM PUR BIHAR,,,25.473618,85.445772,PUBLIC_COMMUNITY
TKBG,TEKA BIGHA HALT,,,25.465009,85.485186,PUBLIC_COMMUNITY
BKP,BAKHTIYARPUR JN,,,25.45611,85.529564,PUBLIC_COMMUNITY
JPML,JAI PRAKASH MAHULI,,,25.4538,85.600631,PUBLIC_COMMUNITY
ATL,ATHMAL GOLA,,,25.453015,85.621372,PUBLIC_COMMUNITY
ACU,ACHUARA HALT,,,25.45273,85.661087,PUBLIC_COMMUNITY
BARH,BARH,,,25.46165,85.709426,PUBLIC_COMMUNITY
SHT,SAHARI HALT,,,25.475693,85.727767,PUBLIC_COMMUNITY
RLE,RAILEY ENGLISH HALT,,,25.482971,85.755692,PUBLIC_COMMUNITY
LEB,LEMUABAD,,,25.482271,85.778358,PUBLIC_COMMUNITY
PHK,PUNARAKH,,,25.481495,85.803757,PUBLIC_COMMUNITY
MMKB,MEMRAKHABAD,,,25.472508,85.826852,PUBLIC_COMMUNITY
KNHP,KANHAIPUR,,,25.45827,85.838512,PUBLIC_COMMUNITY
BHAD,BARHAPUR HALT,,,25.427352,85.860243,PUBLIC_COMMUNITY
SIVN,SIVNAR HALT,,,25.40468,85.880824,PUBLIC_COMMUNITY
MKA,MOKAMEH JN,,,25.391885,85.913049,PUBLIC_COMMUNITY
ANAH,AUNTA HALT,,,25.380433,85.949364,PUBLIC_COMMUNITY
PNBE,PATNA JN,,,25.60256,85.136824,PUBLIC_COMMUNITY
RJPB,RAJENDRA NAGAR BIHAR,,,25.603351,85.162449,PUBLIC_COMMUNITY
KBQ,KUMRABAD ROHINI,,,24.467308,86.645348,PUBLIC_COMMUNITY
SNQ,SANKARPUR,,,24.427623,86.637552,PUBLIC_COMMUNITY
MUW,MATHURAPUR,,,24.386518,86.631692,PUBLIC_COMMUNITY
NPZ,NAWAPATRA,,,24.318387,86.647867,PUBLIC_COMMUNITY
MDP,MADHUPUR JN,,,24.270633,86.642183,PUBLIC_COMMUNITY
JRW,JORAMOW,,,24.201663,86.707773,PUBLIC_COMMUNITY
MNC,MADANKATA,,,24.140881,86.70195,PUBLIC_COMMUNITY
VDS,VIDYASAGAR,,,24.10382,86.698415,PUBLIC_COMMUNITY
KEE,KASEETAR,,,24.004444,86.75251,PUBLIC_COMMUNITY
JMT,JAMTARA,,,23.958904,86.805183,PUBLIC_COMMUNITY
BM,BODMA,,,23.897286,86.852624,PUBLIC_COMMUNITY
CRJ,CHITTARANJAN,,,23.857138,86.878036,PUBLIC_COMMUNITY
RNPR,RUPNARAYANPUR,,,23.818703,86.885481,PUBLIC_COMMUNITY
SLS,SALANPUR,,,23.760355,86.876395,PUBLIC_COMMUNITY
CPY,CHAPRAMARI,,,22.600493,88.392204,PUBLIC_COMMUNITY
PTKR,PATIPUKUR,,,22.605668,88.395055,PUBLIC_COMMUNITY
GNT,GUNTUR JN,,,16.300784,80.441973,PUBLIC_COMMUNITY
NLPD,NALLAPADU,,,16.308263,80.397756,PUBLIC_COMMUNITY
PRCA,PERECHERLA,,,16.319601,80.339519,PUBLIC_COMMUNITY
PPM,PHIRANGIPURAM,,,16.292376,80.255894,PUBLIC_COMMUNITY
NDPU,NUDURUPADU,,,16.273407,80.193376,PUBLIC_COMMUNITY
STUR,SATULUR,,,16.254465,80.138811,PUBLIC_COMMUNITY
NRT,NARASARAOPET,,,16.231527,80.041607,PUBLIC_COMMUNITY
MUK,MUNUMAKA,,,16.190922,79.981319,PUBLIC_COMMUNITY
SAB,SANTAMAGULUR,,,16.147071,79.915056,PUBLIC_COMMUNITY
VLE,VELLALCHERUVU H,,,16.131784,79.888664,PUBLIC_COMMUNITY
SYM,SAVALYAPURAM,,,16.102801,79.81953,PUBLIC_COMMUNITY
VKN,VINUKONDA,,,16.050748,79.748004,PUBLIC_COMMUNITY
CEM,CHEEKATEEGALPLM,,,16.011698,79.682842,PUBLIC_COMMUNITY
GKM,GUNDALUKAMMA,,,15.985909,79.645362,PUBLIC_COMMUNITY
KCD,KURICHEDU,,,15.913391,79.572175,PUBLIC_COMMUNITY
POO,POTLAPADU,,,15.873337,79.523864,PUBLIC_COMMUNITY
DKD,DONAKONDA,,,15.834631,79.484112,PUBLIC_COMMUNITY
GJJ,GAJJELAKONDA,,,15.777382,79.401298,PUBLIC_COMMUNITY
KOAA,KOLKATA CHITPUR,,,22.601175,88.385179,PUBLIC_COMMUNITY
KANL,KANL,,,,,PUBLIC_COMMUNITY
INCI,ISHAN CHANDI HALT,,,23.33365,87.739668,PUBLIC_COMMUNITY
GLI,GALSI,,,23.358032,87.681236,PUBLIC_COMMUNITY
PAJ,PARAJ,,,23.387863,87.627505,PUBLIC_COMMUNITY
MNAE,MANKAR,,,23.420373,87.555822,PUBLIC_COMMUNITY
PAN,PANAGARH,,,23.443034,87.439587,PUBLIC_COMMUNITY
RBH,RAJBANDH,,,23.476136,87.372314,PUBLIC_COMMUNITY
DGR,DURGAPUR,,,23.495046,87.297902,PUBLIC_COMMUNITY
DCOP,DURGAPUR COKE OVEN PLANT EXCHANGE YARD SDG WARIA,,,23.505136,87.298232,PUBLIC_COMMUNITY
OYR,WARIA,,,23.537562,87.246177,PUBLIC_COMMUNITY
POL,PINJRAPOL,,,23.549642,87.232307,PUBLIC_COMMUNITY
EOC,UDL EAST OUTER CABIN,,,23.569452,87.203608,PUBLIC_COMMUNITY
UDLE,ANDAL-EAST/CABIN,,,23.57172,87.199696,PUBLIC_COMMUNITY
UDL,ANDAL JN,,,23.579012,87.181194,PUBLIC_COMMUNITY
UDLW,ANDAL WEST CABIN,,,23.584024,87.168796,PUBLIC_COMMUNITY
CCK,CHICHAKI,,,24.053225,85.991727,PUBLIC_COMMUNITY
GRBH,GAREA BIHAR,,,24.128949,85.915528,PUBLIC_COMMUNITY
BHN,BHULI,,,23.802277,86.394693,PUBLIC_COMMUNITY
TET,TETULMARI,,,23.814441,86.34357,PUBLIC_COMMUNITY
NPJE,NICHITPUR,,,23.825908,86.287765,PUBLIC_COMMUNITY
MRQ,MATARI,,,23.840519,86.239035,PUBLIC_COMMUNITY
GMO,GOMOH JN,,,23.873106,86.14823,PUBLIC_COMMUNITY
BLME,BHOLLDIH,,,23.898444,86.116898,PUBLIC_COMMUNITY
NMG,NIMIAGHAT,,,23.932092,86.076213,PUBLIC_COMMUNITY
PNME,PARASNATH,,,23.987971,86.037862,PUBLIC_COMMUNITY
CEME,CHEGRO,,,24.084249,85.964766,PUBLIC_COMMUNITY
CDB,CHAUDHRIBANDH,,,24.111853,85.946446,PUBLIC_COMMUNITY
KRMB,KARMABAD BH,,,24.07875,85.973866,PUBLIC_COMMUNITY
HZD,HAZARIBAGH ROAD,,,24.174583,85.892035,PUBLIC_COMMUNITY
KSHR,KESHWARI,,,24.194873,85.864202,PUBLIC_COMMUNITY
CBH,CHAUBE,,,24.237295,85.816024,PUBLIC_COMMUNITY
DSME,DASARA,,,24.274602,85.790856,PUBLIC_COMMUNITY
PSB,PARSABAD,,,24.307559,85.73873,PUBLIC_COMMUNITY
YDD,YADUDIH,,,24.329875,85.700899,PUBLIC_COMMUNITY
SMND,SARMATANR,,,24.344874,85.655504,PUBLIC_COMMUNITY
HRE,HIRODIH,,,24.38304,85.596658,PUBLIC_COMMUNITY
LRB,LARABAD,,,24.407021,85.562123,PUBLIC_COMMUNITY
KQR,KODERMA,,,24.434741,85.529458,PUBLIC_COMMUNITY
GJD,GUJHANDI,,,24.498121,85.463683,PUBLIC_COMMUNITY
LBZ,LALBAG BH,,,24.509662,85.446702,PUBLIC_COMMUNITY
DLW,DILWA,,,24.537318,85.419709,PUBLIC_COMMUNITY
NGY,NATH GANJ,,,24.545616,85.385094,PUBLIC_COMMUNITY
BSCP,BASKATWA B. H.,,,24.547613,85.366148,PUBLIC_COMMUNITY
YGM,YADUGRAM BH,,,24.543289,85.324014,PUBLIC_COMMUNITY
GAP,GURPA,,,24.562542,85.29708,PUBLIC_COMMUNITY
PRP,PAHARPUR,,,24.624932,85.204571,PUBLIC_COMMUNITY
BNSL,BANSINALA HALT,,,24.665292,85.161824,PUBLIC_COMMUNITY
TKN,TANKUPPA,,,24.704046,85.119402,PUBLIC_COMMUNITY
BNF,BANDHUA,,,24.751974,85.0662,PUBLIC_COMMUNITY
MPO,MANPUR JN,,,24.807111,85.044738,PUBLIC_COMMUNITY
SICY,SHAHEED ISHWAR CHOWDHARY HALT,,,24.807414,85.01491,PUBLIC_COMMUNITY
GAYA,GAYA JN,,,24.803978,84.999294,PUBLIC_COMMUNITY
WCB,WEST CABIN GAYA,,,24.798676,84.971299,PUBLIC_COMMUNITY
KSTA,KASTHA,,,24.802484,84.921751,PUBLIC_COMMUNITY
PRY,PARAIYA,,,24.809464,84.850792,PUBLIC_COMMUNITY
GRRU,GURARU,,,24.811113,84.791831,PUBLIC_COMMUNITY
IMGE,ISMAILPUR,,,24.815523,84.723433,PUBLIC_COMMUNITY
RFJ,RAFIGANJ,,,24.819694,84.634804,PUBLIC_COMMUNITY
DORD,DEO ROAD,,,24.823074,84.563423,PUBLIC_COMMUNITY
JHN,JAKHIM,,,24.828803,84.525678,PUBLIC_COMMUNITY
PES,PHESAR,,,24.845489,84.418085,PUBLIC_COMMUNITY
AUBR,ANUGRAHA NARAYAN ROAD,,,24.855956,84.329844,PUBLIC_COMMUNITY
CPBH,CHIRAILA,,,24.863478,84.269003,PUBLIC_COMMUNITY
SEB,SON NAGAR,,,24.882213,84.229273,PUBLIC_COMMUNITY
ADSR,ADSR,,,24.909345,84.192214,PUBLIC_COMMUNITY
DOS,DEHRI ON SONE,,,24.914895,84.185434,PUBLIC_COMMUNITY
PHE,PAHALEJA HALT,,,24.932644,84.144817,PUBLIC_COMMUNITY
MRK,MARKAPUR ROAD,,,15.714678,79.301115,PUBLIC_COMMUNITY
RAI,RAIBHA,,,27.18155,77.803634,PUBLIC_COMMUNITY
BCP,BICHPURI,,,27.176397,77.91435,PUBLIC_COMMUNITY
IDH,IDGAH AGRA JN,,,27.17265,77.997807,PUBLIC_COMMUNITY
AF,AGRA FORT,,,27.183308,78.0191,PUBLIC_COMMUNITY
JAB,YAMUNA BRIDGE AGRA,,,27.191512,78.038127,PUBLIC_COMMUNITY
CHLR,CHHALESAR,,,27.212079,78.084141,PUBLIC_COMMUNITY
KBP,KUBERPUR,,,27.221966,78.128812,PUBLIC_COMMUNITY
ETUE,ETMADPUR,,,27.221536,78.197973,PUBLIC_COMMUNITY
COI,CHEOKI,,,25.379668,81.864916,PUBLIC_COMMUNITY
KCN,KARCHANA,,,25.313666,81.916127,PUBLIC_COMMUNITY
BEP,BHEERPUR,,,25.265024,81.98924,PUBLIC_COMMUNITY
MJA,MEJA ROAD,,,25.221545,82.089337,PUBLIC_COMMUNITY
UND,UNCHDIH,,,25.19242,82.163375,PUBLIC_COMMUNITY
JIA,JIGNA,,,25.157891,82.325555,PUBLIC_COMMUNITY
GAE,GAIPURA,,,25.16045,82.386249,PUBLIC_COMMUNITY
BEO,BIROHE,,,25.173789,82.449749,PUBLIC_COMMUNITY
BKN,BIKANER JN,,,28.014139,73.316598,PUBLIC_COMMUNITY
UMS,UDRAMSAR,,,27.922974,73.343837,PUBLIC_COMMUNITY
PAE,PALANA,,,27.845286,73.273605,PUBLIC_COMMUNITY
DSO,DESHNOK,,,27.791303,73.338483,PUBLIC_COMMUNITY
SPO,SURPURA,,,27.706677,73.442249,PUBLIC_COMMUNITY
NOK,NOKHA,,,27.556203,73.474848,PUBLIC_COMMUNITY
CLO,CHILO,,,27.446624,73.525461,PUBLIC_COMMUNITY
SBLJ,SHRI BALAJI,,,27.416761,73.537382,PUBLIC_COMMUNITY
ALAI,ALAI,,,27.337097,73.585768,PUBLIC_COMMUNITY
BWS,BADWASI,,,27.311355,73.663015,PUBLIC_COMMUNITY
NGO,NAGAUR,,,27.199991,73.723572,PUBLIC_COMMUNITY
MDW,MARWAR MUNDWA,,,27.063606,73.815965,PUBLIC_COMMUNITY
KJW,KHAJWANA,,,26.923262,73.861764,PUBLIC_COMMUNITY
DSL,DESWAL,,,26.850374,73.885443,PUBLIC_COMMUNITY
MCPE,MARWAR CHAPRI,,,26.783488,73.907394,PUBLIC_COMMUNITY
GADJ,GANDHINAGAR JAIPUR,,,26.873067,75.79828,PUBLIC_COMMUNITY
BMH,BETAMCHERLA,,,15.449372,78.148636,PUBLIC_COMMUNITY
GTJT,GETOR JAGATPURA,,,26.836925,75.832384,PUBLIC_COMMUNITY
KWP,KHATIPURA,,,26.835709,75.890498,PUBLIC_COMMUNITY
KUT,KANAUTA,,,26.842216,75.955996,PUBLIC_COMMUNITY
BAI,BASSI,,,26.840617,76.047213,PUBLIC_COMMUNITY
JHIR,JHIR,,,26.852187,76.114692,PUBLIC_COMMUNITY
KXI,KURUMURTHI,,,16.494924,77.863463,PUBLIC_COMMUNITY
BSKO,BANSKHO,,,26.856115,76.142206,PUBLIC_COMMUNITY
TLU,TARLUPADU,,,15.660536,79.219462,PUBLIC_COMMUNITY
JW,JATWARA,,,26.86882,76.214055,PUBLIC_COMMUNITY
CBM,CUMBUM,,,15.592947,79.110832,PUBLIC_COMMUNITY
KRNT,KURNOOL TOWN,,,15.833715,78.032655,PUBLIC_COMMUNITY
ALPR,ALAMPUR ROAD,,,15.895657,78.047012,PUBLIC_COMMUNITY
BNDN,BHANDANA,,,26.878914,76.252474,PUBLIC_COMMUNITY
SBBJ,JOGULAMBA HALT,,,15.915692,78.041605,PUBLIC_COMMUNITY
MOA,MANOPAD,,,15.994114,77.941968,PUBLIC_COMMUNITY
IKI,ITKYALA,,,16.074589,77.852531,PUBLIC_COMMUNITY
DO,DAUSA,,,26.900047,76.330336,PUBLIC_COMMUNITY
PDNA,PEDDADINNE,,,16.100078,77.83502,PUBLIC_COMMUNITY
PDO,PUDURU,,,16.153897,77.820931,PUBLIC_COMMUNITY
GWD,GADWAL,,,16.22509,77.809672,PUBLIC_COMMUNITY
BAK,BHAN KARI,,,26.962547,76.409455,PUBLIC_COMMUNITY
ARPL,AREPALLI HALT,,,16.270534,77.862369,PUBLIC_COMMUNITY
SRNR,SRIRAMNAGAR,,,16.306568,77.865894,PUBLIC_COMMUNITY
AJK,AJAKOLLU,,,16.346783,77.873636,PUBLIC_COMMUNITY
KVGM,KOLVAGRAM,,,26.989484,76.468765,PUBLIC_COMMUNITY
WPR,WANPARTI ROAD,,,16.382054,77.88515,PUBLIC_COMMUNITY
KONN,KONNUR,,,16.424621,77.884404,PUBLIC_COMMUNITY
KQQ,KAUKUNTLA,,,16.538962,77.850451,PUBLIC_COMMUNITY
DKC,DEVARKADRE,,,16.630504,77.838261,PUBLIC_COMMUNITY
KTKA,KOTAKADRA,,,16.668744,77.869477,PUBLIC_COMMUNITY
MQN,MANYAMKONDA,,,16.683425,77.904883,PUBLIC_COMMUNITY
MHBT,MAHBUBNAGAR TOWN HALT,,,16.742879,77.982649,PUBLIC_COMMUNITY
MBNR,MAHBUBNAGAR,,,16.757768,77.999429,PUBLIC_COMMUNITY
YNG,YENUGONDA,,,16.758073,78.036337,PUBLIC_COMMUNITY
BKI,BANDIKUI JN,,,27.039271,76.566723,PUBLIC_COMMUNITY
JBK,JAGGAMBOTLA KRISHNAPURAM,,,15.551156,79.071072,PUBLIC_COMMUNITY
SDV,SOMIDEVIPALLE,,,15.4534,79.038111,PUBLIC_COMMUNITY
GMA,GUDIMETTA,,,15.424449,79.010485,PUBLIC_COMMUNITY
YADA,YADA,,,,,PUBLIC_COMMUNITY
GID,GIDDALUR,,,15.379008,78.925583,PUBLIC_COMMUNITY
KSTE,KISTAMSETTIPALI,,,15.37238,78.883844,PUBLIC_COMMUNITY
DMT,DIGUVAMETTA,,,15.39493,78.826206,PUBLIC_COMMUNITY
CMZ,CHALAMA,,,15.422638,78.695312,PUBLIC_COMMUNITY
GZL,GAZULAPALLI,,,15.43085,78.600125,PUBLIC_COMMUNITY
NDL,NANDYAL,,,15.468024,78.472545,PUBLIC_COMMUNITY
PNM,PANYAM,,,15.50076,78.339158,PUBLIC_COMMUNITY
ARNA,ARNIA,,,27.010129,76.51718,PUBLIC_COMMUNITY
KEF,KRISHNAMA KONA,,,15.505221,78.267907,PUBLIC_COMMUNITY
BEY,B CEMENT NAGAR,,,15.486322,78.195412,PUBLIC_COMMUNITY
RGM,RANGAPURAM,,,15.406776,78.059153,PUBLIC_COMMUNITY
MLK,MALKAPURAM,,,15.368944,77.967556,PUBLIC_COMMUNITY
BVO,BOGOLU,,,15.473393,77.914295,PUBLIC_COMMUNITY
DHNE,DHONE,,,15.396729,77.865727,PUBLIC_COMMUNITY
VDI,VELDURTI,,,15.553699,77.927621,PUBLIC_COMMUNITY
UKD,ULINDAKONDA,,,15.652934,77.968687,PUBLIC_COMMUNITY
DUU,DUPADU,,,15.742888,78.013259,PUBLIC_COMMUNITY
KOLA,KOTLA,,,15.812034,78.037552,PUBLIC_COMMUNITY
DTP,DIVITI PALLI,,,16.740883,78.084175,PUBLIC_COMMUNITY
CDAE,CHANDANPUR,,,22.8813,88.176177,PUBLIC_COMMUNITY
PBZ,PORABAZAR,,,22.916427,88.15914,PUBLIC_COMMUNITY
BMAE,BELMURI,,,22.932727,88.152331,PUBLIC_COMMUNITY
DNHL,DHANIAKHALI,,,22.95019,88.143651,PUBLIC_COMMUNITY
SHBC,SIBAICHANDI,,,22.974465,88.13369,PUBLIC_COMMUNITY
CRAE,CHERAGRAM BH.,,,22.993969,88.126806,PUBLIC_COMMUNITY
HIH,HAJIGARH,,,23.007032,88.121403,PUBLIC_COMMUNITY
GRAE,GURAP,,,23.02534,88.112282,PUBLIC_COMMUNITY
JPQ,JHAPANDANGA,,,23.064129,88.091187,PUBLIC_COMMUNITY
JRAE,JAUGRAM,,,23.078737,88.080887,PUBLIC_COMMUNITY
NBAE,NABAGRAM,,,23.09918,88.066909,PUBLIC_COMMUNITY
MSAE,MASAGRAM,,,23.134791,88.042182,PUBLIC_COMMUNITY
CHC,CHANCHAI,,,23.157905,88.025521,PUBLIC_COMMUNITY
PRAE,PALLA ROAD,,,23.179393,88.009121,PUBLIC_COMMUNITY
DKAE,DANKUNI,,,22.677422,88.291491,PUBLIC_COMMUNITY
GBRA,GOBRA,,,22.695504,88.279274,PUBLIC_COMMUNITY
JOX,JANAI ROAD,,,22.722379,88.26511,PUBLIC_COMMUNITY
BPAE,BEGUMPUR,,,22.737627,88.255644,PUBLIC_COMMUNITY
BRPA,BARUIPARA,,,22.766787,88.237381,PUBLIC_COMMUNITY
MBE,MIRZAPUR BANKIPUR,,,22.78738,88.224626,PUBLIC_COMMUNITY
BLAE,BALARAMBATI,,,22.806813,88.212168,PUBLIC_COMMUNITY
KQU,KAMARKUNDU,,,22.821631,88.205127,PUBLIC_COMMUNITY
KQLS,KAMARKUNDU,,,22.820899,88.204309,PUBLIC_COMMUNITY
MDSE,MADHU SUDANPUR,,,22.845108,88.193499,PUBLIC_COMMUNITY
SDAH,KOLKATA SEALDAH,,,22.566758,88.374713,PUBLIC_COMMUNITY
NKG,NARKALDENGA COACHING YARD,,,22.571975,88.37911,PUBLIC_COMMUNITY
KGK,KANKURGACHHI ROAD,,,22.572603,88.385079,PUBLIC_COMMUNITY
BNXR,BIDHAN NAGAR,,,22.592432,88.391045,PUBLIC_COMMUNITY
DDJ,DUM DUM,,,22.621717,88.392835,PUBLIC_COMMUNITY
BARN,BARANAGAR ROAD,,,22.653093,88.378311,PUBLIC_COMMUNITY
DAKE,DAKSHINESWAR,,,22.653484,88.363635,PUBLIC_COMMUNITY
BLYG,BALLY GHAT,,,22.652173,88.347431,PUBLIC_COMMUNITY
BLYH,BALIHALT,,,22.652604,88.338608,PUBLIC_COMMUNITY
RCD,RAJCHANDRAPUR,,,22.652739,88.321219,PUBLIC_COMMUNITY
CCRL,CC RLY LINK CAB,,,22.652855,88.315286,PUBLIC_COMMUNITY
CCLW,CCLINK-WEST,,,22.657411,88.305512,PUBLIC_COMMUNITY
GGSY,GANGA SAHAI,,,25.269767,86.018783,PUBLIC_COMMUNITY
DMRX,DUMRI HALT,,,25.245936,86.028396,PUBLIC_COMMUNITY
JCL,JADCHERLA,,,16.752658,78.141972,PUBLIC_COMMUNITY
DJS,DHURANT JWAS HALT,,,25.220474,86.047715,PUBLIC_COMMUNITY
JYG,JAYNAGAR,,,26.589465,86.134871,PUBLIC_COMMUNITY
SPJ,SAMASTIPUR JN,,,25.858304,85.78736,PUBLIC_COMMUNITY
KRHA,KORAHIA,,,26.52984,86.153614,PUBLIC_COMMUNITY
KJI,KHAJAULI,,,26.483942,86.161422,PUBLIC_COMMUNITY
GHX,GARHARA,,,25.440912,86.005308,PUBLIC_COMMUNITY
LLPR,LALIT LAKSHMIPR,,,26.436785,86.1562,PUBLIC_COMMUNITY
RJA,RAJANAGAR,,,26.401801,86.152987,PUBLIC_COMMUNITY
HTZU,HATHIDAH UPPER,,,25.351823,85.987422,PUBLIC_COMMUNITY
MGPI,MANGARPATTI HALT,,,26.371005,86.110032,PUBLIC_COMMUNITY
MBI,MADHUBANI,,,26.348165,86.076784,PUBLIC_COMMUNITY
BLRI,BELARI HALT,,,25.845989,85.794656,PUBLIC_COMMUNITY
SPRN,SALEMPUR HALT,,,26.306378,86.081676,PUBLIC_COMMUNITY
UJP,UJIARPUR,,,25.780378,85.799605,PUBLIC_COMMUNITY
PDW,PANDAUL,,,26.280487,86.086636,PUBLIC_COMMUNITY
NAZJ,NAZIRGANJ,,,25.724315,85.806327,PUBLIC_COMMUNITY
UGNA,UGNA HALT,,,26.250647,86.092514,PUBLIC_COMMUNITY
BSRA,BASARHIA HALT,,,25.692105,85.810982,PUBLIC_COMMUNITY
SKI,SAKRI JN,,,26.208947,86.078137,PUBLIC_COMMUNITY
DSS,DALSINGH SARAI,,,25.664749,85.841465,PUBLIC_COMMUNITY
SSNS,SHAHEED S N SINGH HALT,,,26.20102,86.042897,PUBLIC_COMMUNITY
TRS,TARSARAI,,,26.194365,86.013311,PUBLIC_COMMUNITY
BJIH,BIJULI HALT,,,26.186676,85.976126,PUBLIC_COMMUNITY
KKHT,KAKARGHATTI,,,26.183484,85.948265,PUBLIC_COMMUNITY
STJT,SATHAJAGAT,,,25.631007,85.867789,PUBLIC_COMMUNITY
BCA,BACHWARA JN,,,25.581258,85.900142,PUBLIC_COMMUNITY
DKGS,SIMARIA,,,25.411453,86.014464,PUBLIC_COMMUNITY
MPNH,MAJNUPUR NAWADA,,,25.532196,85.931268,PUBLIC_COMMUNITY
TGA,TEGHRA,,,25.51102,85.941774,PUBLIC_COMMUNITY
BUJ,BARAUNI FLAG,,,25.473591,85.965078,PUBLIC_COMMUNITY
DBG,DARBHANGA JN,,,26.157088,85.907575,PUBLIC_COMMUNITY
LSI,LAHERIA SARAI,,,26.110633,85.903825,PUBLIC_COMMUNITY
TLWA,THALWARA,,,26.072735,85.897507,PUBLIC_COMMUNITY
HYT,HAIAGHAT,,,26.020321,85.878212,PUBLIC_COMMUNITY
RBZ,RAMBHADDARPUR,,,25.977172,85.865182,PUBLIC_COMMUNITY
KSP,KISHANPUR,,,25.925351,85.840384,PUBLIC_COMMUNITY
MKPR,MUKTAPUR,,,25.884676,85.79556,PUBLIC_COMMUNITY
KRPA,KHARIAPIPRA HALT,,,25.242819,86.626717,PUBLIC_COMMUNITY
TALL,TALL JN,,,25.3787,85.954683,PUBLIC_COMMUNITY
RDUM,RAMPUR DUMRA,,,25.330863,86.000642,PUBLIC_COMMUNITY
BRYA,BARHIYA,,,25.283203,86.015077,PUBLIC_COMMUNITY
MKB,MANKATHA,,,25.207216,86.056352,PUBLIC_COMMUNITY
LKR,LUCKEESARAI JN,,,25.171662,86.093211,PUBLIC_COMMUNITY
KIUL,KIUL JN,,,25.171504,86.106198,PUBLIC_COMMUNITY
RMPR,RAMPUR HALT,,,25.172159,86.140654,PUBLIC_COMMUNITY
DNRE,DHANAURI,,,25.171969,86.159175,PUBLIC_COMMUNITY
PWBN,PAWAI BROHMASTHAN HALT,,,25.171223,86.196522,PUBLIC_COMMUNITY
UREN,UREN,,,25.171238,86.214202,PUBLIC_COMMUNITY
KJH,KAJRA,,,25.182766,86.261571,PUBLIC_COMMUNITY
GIBP,GHOGHI BARIARPUR,,,25.205808,86.304082,PUBLIC_COMMUNITY
AHA,ABHAIPUR,,,25.215986,86.323072,PUBLIC_COMMUNITY
MSDN,MASUDAN,,,25.235271,86.357883,PUBLIC_COMMUNITY
DRH,DHARHARA,,,25.257893,86.411538,PUBLIC_COMMUNITY
DRTP,DASHARATHPUR,,,25.265182,86.464532,PUBLIC_COMMUNITY
SRB,SAROBAG,,,25.273371,86.476555,PUBLIC_COMMUNITY
JMP,JAMALPUR JN,,,25.313906,86.492285,PUBLIC_COMMUNITY
PATM,PATAM HALT,,,25.323255,86.53277,PUBLIC_COMMUNITY
RPUR,RATANPUR,,,25.279794,86.57608,PUBLIC_COMMUNITY
RIKD,RISHIKUND,,,25.294436,86.562358,PUBLIC_COMMUNITY
BUP,BARIARPUR,,,25.281029,86.574037,PUBLIC_COMMUNITY
KPRD,KALYANPUR ROAD,,,25.275565,86.580635,PUBLIC_COMMUNITY
KAPP,KHARIAPIPRA HALT,,,25.243589,86.627487,PUBLIC_COMMUNITY
GNNA,GANGANI,,,25.265514,86.593002,PUBLIC_COMMUNITY
KMGH,KAMARGANJ,,,25.236952,86.645723,PUBLIC_COMMUNITY
SGG,SULTANGANJ,,,25.24085,86.736175,PUBLIC_COMMUNITY
AJUG,ABJUGANJ,,,25.242369,86.775451,PUBLIC_COMMUNITY
MVV,MAHESHI,,,25.236912,86.799239,PUBLIC_COMMUNITY
AKN,AKBARNAGAR,,,25.234881,86.834533,PUBLIC_COMMUNITY
CTMP,CHHIT MAKHANPUR,,,25.234493,86.873936,PUBLIC_COMMUNITY
MPY,MURARPUR,,,25.232759,86.886908,PUBLIC_COMMUNITY
NAT,NATHNAGAR,,,25.237052,86.935373,PUBLIC_COMMUNITY
BGP,BHAGALPUR,,,25.241909,86.976792,PUBLIC_COMMUNITY
SBO,SABAUR,,,25.239083,87.045918,PUBLIC_COMMUNITY
LMM,LAILAKH MAMLKHA,,,25.21827,87.105067,PUBLIC_COMMUNITY
GGA,GHOGA,,,25.210305,87.160862,PUBLIC_COMMUNITY
EKC,EKCHARI,,,25.227623,87.213866,PUBLIC_COMMUNITY
CLG,KAHALGAON,,,25.262188,87.233752,PUBLIC_COMMUNITY
BKSL,BIKRAM SHILA,,,25.300044,87.300218,PUBLIC_COMMUNITY
SVRP,SHIVANARAYANPUR,,,25.293726,87.333094,PUBLIC_COMMUNITY
LKB,LAKSHMIPUR BHORANG,,,25.288258,87.36336,PUBLIC_COMMUNITY
PPT,PIRPAINTI,,,25.290375,87.421824,PUBLIC_COMMUNITY
AMPL,AMMAPALLI HALT,,,25.272441,87.458575,PUBLIC_COMMUNITY
MZC,MIRZA CHEUKI,,,25.258777,87.49798,PUBLIC_COMMUNITY
KRMA,KARAMTOLA,,,25.255421,87.553143,PUBLIC_COMMUNITY
SBG,SAHIBGANJ JN,,,25.241392,87.634577,PUBLIC_COMMUNITY
SLJ,SAKRIGALI JN,,,25.243359,87.715967,PUBLIC_COMMUNITY
MJP,MOHARAJPUR,,,25.219587,87.740308,PUBLIC_COMMUNITY
KPTO,KARANPUR ATO,,,25.136401,87.734028,PUBLIC_COMMUNITY
TLJ,TALJHARI,,,25.08235,87.741688,PUBLIC_COMMUNITY
KXE,KALIAN CHAK,,,25.03452,87.736758,PUBLIC_COMMUNITY
TPH,TINPAHAR JN,,,24.996926,87.743807,PUBLIC_COMMUNITY
DDX,DHAMDHAMIA,,,24.960388,87.761557,PUBLIC_COMMUNITY
GLY,GOLLAPALLY,,,16.818903,78.157285,PUBLIC_COMMUNITY
SNT,SAINTHIA,,,23.949741,87.681205,PUBLIC_COMMUNITY
GHLE,GADADHARPUR,,,24.013197,87.691891,PUBLIC_COMMUNITY
MLV,MALLARPUR,,,24.080029,87.726275,PUBLIC_COMMUNITY
TPF,TARAPITH ROAD,,,24.126525,87.752205,PUBLIC_COMMUNITY
RPH,RAMPUR HAT,,,24.179797,87.782147,PUBLIC_COMMUNITY
SDLE,SWADINPUR,,,24.253478,87.822587,PUBLIC_COMMUNITY
NHT,NALHATI JN,,,24.295706,87.83867,PUBLIC_COMMUNITY
CTR,CHATRA,,,24.372846,87.849257,PUBLIC_COMMUNITY
MRR,MURARAI,,,24.440886,87.858653,PUBLIC_COMMUNITY
BSBR,BANSHLAI BRIDGE,,,24.502611,87.862439,PUBLIC_COMMUNITY
RJG,RAJGRAM,,,24.544607,87.867636,PUBLIC_COMMUNITY
NGF,NAGARNABI,,,24.590321,87.868075,PUBLIC_COMMUNITY
PKR,PAKUR,,,24.638002,87.856054,PUBLIC_COMMUNITY
TBB,TILBHITA,,,24.677288,87.842581,PUBLIC_COMMUNITY
KLP,KOTALPUKUR,,,24.741141,87.823724,PUBLIC_COMMUNITY
GMAN,GUMANI,,,24.798952,87.805278,PUBLIC_COMMUNITY
JTL,JHAPATER DHAL,,,23.367646,87.750181,PUBLIC_COMMUNITY
BPS,BANPAS,,,23.400731,87.747251,PUBLIC_COMMUNITY
NRX,NOADAR DHAL,,,23.433927,87.745014,PUBLIC_COMMUNITY
GKH,GUSKARA,,,23.489998,87.733397,PUBLIC_COMMUNITY
PCQ,PICHKURIRDHAL,,,23.54342,87.720914,PUBLIC_COMMUNITY
BDH,BHEDIA,,,23.586642,87.711813,PUBLIC_COMMUNITY
BHP,BOLPUR SHANTINIKETAN,,,23.657804,87.698136,PUBLIC_COMMUNITY
PNE,PRANTIK,,,23.694435,87.693501,PUBLIC_COMMUNITY
KPLE,KOPAI,,,23.759063,87.689548,PUBLIC_COMMUNITY
AMP,AHMADPUR JN,,,23.832509,87.692841,PUBLIC_COMMUNITY
BSLE,BATASPUR,,,23.880279,87.680681,PUBLIC_COMMUNITY
SKG,SAKTIGARH,,,23.205879,87.971782,PUBLIC_COMMUNITY
GRP,GANGPUR,,,23.223525,87.928116,PUBLIC_COMMUNITY
BWN,BARDDHAMAN JN,,,23.249718,87.870281,PUBLIC_COMMUNITY
PLAE,PALSIT,,,23.197031,88.003222,PUBLIC_COMMUNITY
TIT,TALIT,,,23.29331,87.819122,PUBLIC_COMMUNITY
RSLR,RASULPUR,,,23.187229,88.039994,PUBLIC_COMMUNITY
KAN,KHANA JN,,,23.320577,87.769547,PUBLIC_COMMUNITY
NMF,NIMO,,,23.180298,88.069346,PUBLIC_COMMUNITY
MYM,MEMARI,,,23.172935,88.095637,PUBLIC_COMMUNITY
BDC,BANDEL JN,,,22.923656,88.379362,PUBLIC_COMMUNITY
BGF,BAGILA,,,23.160146,88.122004,PUBLIC_COMMUNITY
HGY,HOOGHLY,,,22.904835,88.375632,PUBLIC_COMMUNITY
DBP,DEBIPUR,,,23.144613,88.155998,PUBLIC_COMMUNITY
CNS,CHUCHURA,,,22.890191,88.3695,PUBLIC_COMMUNITY
BOI,BAINCHI,,,23.119124,88.196286,PUBLIC_COMMUNITY
CGR,CHANDAN NAGAR,,,22.86747,88.354421,PUBLIC_COMMUNITY
BCGM,BAINCHIGRAM,,,23.10588,88.216298,PUBLIC_COMMUNITY
MUU,MANKUNDU,,,22.846462,88.346368,PUBLIC_COMMUNITY
SLG,SIMLAGARH,,,23.095679,88.231213,PUBLIC_COMMUNITY
PDA,PUNDOOAH,,,23.070862,88.270115,PUBLIC_COMMUNITY
BHR,BHADRESHWAR,,,22.82794,88.341535,PUBLIC_COMMUNITY
KHN,KHANYAN,,,23.046222,88.314472,PUBLIC_COMMUNITY
BBAE,BAIDYABATI,,,22.795492,88.332038,PUBLIC_COMMUNITY
TLO,TALANDU,,,23.009788,88.345088,PUBLIC_COMMUNITY
MUG,MAGRA,,,22.983125,88.36829,PUBLIC_COMMUNITY
SHE,SEORAPHULI,,,22.774749,88.328809,PUBLIC_COMMUNITY
ADST,ADI SAPTAGRAM,,,22.95447,88.378872,PUBLIC_COMMUNITY
SRP,SERAMPORE,,,22.753968,88.338031,PUBLIC_COMMUNITY
RIS,RISHRA,,,22.726146,88.343378,PUBLIC_COMMUNITY
KOG,KONNAGAR,,,22.699453,88.341834,PUBLIC_COMMUNITY
HMZ,HIND MOTOR,,,22.683736,88.341605,PUBLIC_COMMUNITY
UPA,UTTARPARA,,,22.667652,88.341317,PUBLIC_COMMUNITY
BLY,BALLY,,,22.655266,88.340607,PUBLIC_COMMUNITY
BEQ,BELUR,,,22.635912,88.339501,PUBLIC_COMMUNITY
LLH,LILUAH,,,22.621521,88.339559,PUBLIC_COMMUNITY
SYAE,LILUAH (SORTING YARD),,,22.609028,88.336795,PUBLIC_COMMUNITY
HWHG,HOWRAH GOODS,,,22.590095,88.334688,PUBLIC_COMMUNITY
HWH,HOWRAH JN,,,22.584078,88.340999,PUBLIC_COMMUNITY
BKLE,BAKUDI,,,24.934511,87.774907,PUBLIC_COMMUNITY
BHW,BARHARWA JN,,,24.857748,87.774493,PUBLIC_COMMUNITY
BDLC,BONIDANGA LINK CABIN,,,24.822167,87.798331,PUBLIC_COMMUNITY
KRPU,KORAPUT,,,18.79219,82.719436,PUBLIC_COMMUNITY
KRPB,KORAPUT B CABIN B.H.,,,18.797786,82.724006,PUBLIC_COMMUNITY
DMRT,DUMURIPUT,,,18.780367,82.803933,PUBLIC_COMMUNITY
DMNJ,DAMANJODI,,,18.767771,82.865768,PUBLIC_COMMUNITY
BGUA,BAIGUDA,,,18.827044,82.965787,PUBLIC_COMMUNITY
KKGM,KAKIRIGUMMA,,,18.923382,83.007309,PUBLIC_COMMUNITY
LKMR,LAXMIPUR ROAD,,,19.003986,83.104298,PUBLIC_COMMUNITY
SGRM,SINGARAM,,,19.110931,83.105004,PUBLIC_COMMUNITY
TKRI,TIKIRI,,,19.177667,83.099105,PUBLIC_COMMUNITY
RUL,RAULI,,,19.230268,83.16728,PUBLIC_COMMUNITY
LLGM,LELIGUMA,,,19.304006,83.208299,PUBLIC_COMMUNITY
BLMK,BHALUMASKA,,,19.328128,83.2943,PUBLIC_COMMUNITY
SKPI,SIKARPAI,,,19.3919,83.320103,PUBLIC_COMMUNITY
KTGA,KEUTGUDA,,,19.303471,83.368072,PUBLIC_COMMUNITY
RGDA,RAYAGADA,,,19.175642,83.410505,PUBLIC_COMMUNITY
SPRD,SINGAPURAM ROAD,,,19.258673,83.403066,PUBLIC_COMMUNITY
THV,THERUBALI,,,19.335826,83.421309,PUBLIC_COMMUNITY
BMCK,BISSAMCUTTACK,,,19.487438,83.458973,PUBLIC_COMMUNITY
SNRL,SANSARTALI,,,19.529222,83.479773,PUBLIC_COMMUNITY
MNGD,MUNIGUDA,,,19.62753,83.488343,PUBLIC_COMMUNITY
DKLU,DOIKALLU,,,19.741882,83.481611,PUBLIC_COMMUNITY
AMB,AMBODALA,,,19.836323,83.456352,PUBLIC_COMMUNITY
LJR,LANJIGARH ROAD,,,19.943422,83.400342,PUBLIC_COMMUNITY
NRLR,NORLA ROAD,,,20.041394,83.373301,PUBLIC_COMMUNITY
RPRD,RUPRA ROAD,,,20.08447,83.330956,PUBLIC_COMMUNITY
KDLR,KANDEL ROAD,,,20.126381,83.27893,PUBLIC_COMMUNITY
KSNG,KESINGA,,,20.188103,83.224709,PUBLIC_COMMUNITY
RRGA,RANGAREDDY GUDA,,,16.901936,78.180833,PUBLIC_COMMUNITY
DPP,DHIRPUR,,,30.066393,76.844051,PUBLIC_COMMUNITY
DHMZ,DHOLA MAZRA,,,30.120678,76.854437,PUBLIC_COMMUNITY
SHDM,SHAHBAD MARKNDA,,,30.166186,76.861554,PUBLIC_COMMUNITY
MOY,MOHRI,,,30.255264,76.850054,PUBLIC_COMMUNITY
PGMD,PRAGATI MAIDAN,,,28.615268,77.247277,PUBLIC_COMMUNITY
BJA,BIJROTHA,,,24.94694,78.421605,PUBLIC_COMMUNITY
FDB,FARIDABAD,,,28.411473,77.307348,PUBLIC_COMMUNITY
NZM,DELHI H NIZAMUDDIN,,,28.58733,77.254249,PUBLIC_COMMUNITY
TKJ,TILAK BRIDGE,,,28.627633,77.237995,PUBLIC_COMMUNITY
CSB,SHIVAJI BRIDGE,,,28.634101,77.226612,PUBLIC_COMMUNITY
NDLS,NEW DELHI,,,28.642314,77.220004,PUBLIC_COMMUNITY
DSB,DELHI SADAR BAZAR,,,28.658656,77.216852,PUBLIC_COMMUNITY
SZM,SUBZI MANDI,,,28.668683,77.199696,PUBLIC_COMMUNITY
DAZ,DELHI AZADPUR,,,28.702646,77.176713,PUBLIC_COMMUNITY
AMIN,AMIN,,,29.904968,76.900028,PUBLIC_COMMUNITY
DHKR,DHODA KHEDI,,,30.018915,76.842512,PUBLIC_COMMUNITY
CORD,BILASPUR CHORD CABIN,,,22.082796,82.125212,PUBLIC_COMMUNITY
USL,USALAPUR,,,22.102548,82.111546,PUBLIC_COMMUNITY
GTK,GHUTKU,,,22.16819,82.085321,PUBLIC_COMMUNITY
KLTR,KALMITAR,,,22.234246,82.057635,PUBLIC_COMMUNITY
KGB,KARGI ROAD,,,22.297935,82.026832,PUBLIC_COMMUNITY
SLKR,SALKAROAD,,,22.36745,82.010606,PUBLIC_COMMUNITY
BIG,BELGAHNA,,,22.431085,82.032374,PUBLIC_COMMUNITY
TGQ,TENGANMADA,,,22.507027,81.99575,PUBLIC_COMMUNITY
KGS,KHONGSARA,,,22.551352,81.934151,PUBLIC_COMMUNITY
BHTK,BHANWAR TONK,,,22.607916,81.897794,PUBLIC_COMMUNITY
KOI,KHODRI,,,22.665094,81.935696,PUBLIC_COMMUNITY
SBRA,SARBAHARA,,,22.710502,81.910429,PUBLIC_COMMUNITY
PND,PENDRA ROAD,,,22.755825,81.89917,PUBLIC_COMMUNITY
HRB,HARRI,,,22.82794,81.882604,PUBLIC_COMMUNITY
VKR,VENKATNAGRA,,,22.923269,81.872187,PUBLIC_COMMUNITY
NIQ,NIGAURA,,,22.961546,81.874215,PUBLIC_COMMUNITY
JTI,JAITHARI,,,23.045187,81.797092,PUBLIC_COMMUNITY
CLF,CHHULHA,,,23.106724,81.73707,PUBLIC_COMMUNITY
APR,ANUPPUR JN,,,23.117312,81.695967,PUBLIC_COMMUNITY
AAL,AMLAI,,,23.173469,81.593507,PUBLIC_COMMUNITY
BUH,BURHAR,,,23.213204,81.528406,PUBLIC_COMMUNITY
CHDX,CHHADA,,,23.237624,81.471427,PUBLIC_COMMUNITY
SNGP,SINGHPUR,,,23.253961,81.407507,PUBLIC_COMMUNITY
SDL,SHAHDOL,,,23.285962,81.364073,PUBLIC_COMMUNITY
BDWA,BADHWA BARA,,,23.293933,81.286368,PUBLIC_COMMUNITY
GGT,GHUNGHUTI,,,23.343639,81.186241,PUBLIC_COMMUNITY
MDXR,MUDARIA,,,23.358604,81.095067,PUBLIC_COMMUNITY
BRS,BIRSINGHPUR,,,23.367212,81.043353,PUBLIC_COMMUNITY
NRZB,NOWROZABAD,,,23.394425,80.980363,PUBLIC_COMMUNITY
KKI,KARKELI,,,23.460957,80.919056,PUBLIC_COMMUNITY
UMR,UMARIA,,,23.52273,80.823244,PUBLIC_COMMUNITY
LOA,LORHA,,,23.581228,80.751613,PUBLIC_COMMUNITY
CHD,CHANDIA ROAD,,,23.64544,80.701436,PUBLIC_COMMUNITY
VYK,VILAYATKALAN RD,,,23.708924,80.610102,PUBLIC_COMMUNITY
RPD,RUPAUND,,,23.731755,80.573345,PUBLIC_COMMUNITY
JLW,JHALWARA,,,23.772191,80.473608,PUBLIC_COMMUNITY
BABR,BALANAGAR,,,16.947622,78.188891,PUBLIC_COMMUNITY
ULM,URLAM,,,18.435566,83.989515,PUBLIC_COMMUNITY
TIU,TILARU,,,18.470486,84.072681,PUBLIC_COMMUNITY
HCM,HARISHCHANDRAPURAM,,,18.479093,84.121438,PUBLIC_COMMUNITY
KBM,KOTABOMMALI,,,18.488355,84.199842,PUBLIC_COMMUNITY
DGB,DINDU GOPALA PURAM HALT,,,18.542976,84.241768,PUBLIC_COMMUNITY
NWP,NAUPADA JN,,,18.57941,84.282922,PUBLIC_COMMUNITY
RMZ,ROUTHPURAM HALT,,,18.620964,84.33568,PUBLIC_COMMUNITY
PUN,PUNDI,,,18.665918,84.370679,PUBLIC_COMMUNITY
PSA,PALASA,,,18.756782,84.422091,PUBLIC_COMMUNITY
SUDV,SUMMADEVI,,,18.808897,84.467259,PUBLIC_COMMUNITY
MMS,MANDASA ROAD,,,18.840628,84.494113,PUBLIC_COMMUNITY
BAV,BARUVA,,,18.900748,84.554233,PUBLIC_COMMUNITY
SPT,SOMPETA,,,18.981297,84.5815,PUBLIC_COMMUNITY
JPI,JHADUPUDI,,,19.028201,84.613031,PUBLIC_COMMUNITY
IPM,ICHCHPURAM,,,19.110752,84.680427,PUBLIC_COMMUNITY
SLRD,SURLA ROAD,,,19.177016,84.719145,PUBLIC_COMMUNITY
GTA,GOLANTHRA,,,19.219065,84.740668,PUBLIC_COMMUNITY
BAM,BRAHMAPUR,,,19.296135,84.796691,PUBLIC_COMMUNITY
JNP,JAGAN NATHAPUR,,,19.330649,84.868144,PUBLIC_COMMUNITY
NRSP,NARASIMHAPURA,,,19.363294,84.938749,PUBLIC_COMMUNITY
CAP,CHATRAPUR,,,19.358957,84.973273,PUBLIC_COMMUNITY
CAPC,CHATRAPUR COURT,,,19.358941,84.982543,PUBLIC_COMMUNITY
GAM,GANJAM,,,19.395827,85.046719,PUBLIC_COMMUNITY
HMA,HUMMA,,,19.443283,85.075888,PUBLIC_COMMUNITY
RBA,RAMBHA,,,19.537957,85.094079,PUBLIC_COMMUNITY
KIT,KHALLIKOT,,,19.611205,85.128091,PUBLIC_COMMUNITY
KLJI,KALIJAI,,,19.647604,85.151414,PUBLIC_COMMUNITY
CLKA,CHILKA,,,19.686694,85.179914,PUBLIC_COMMUNITY
BALU,BALUGAON,,,19.747366,85.200953,PUBLIC_COMMUNITY
SLZ,SOLARI,,,19.800255,85.247786,PUBLIC_COMMUNITY
GNGD,GANGADHARPUR,,,19.815673,85.293235,PUBLIC_COMMUNITY
KUU,KUHURI,,,19.859987,85.3527,PUBLIC_COMMUNITY
KAPG,KALUPARA GHAT,,,19.896585,85.403651,PUBLIC_COMMUNITY
MKTP,MUKETASHWAR,,,19.919138,85.437914,PUBLIC_COMMUNITY
BSDP,BHUSANDPUR,,,19.951793,85.476483,PUBLIC_COMMUNITY
NKP,NIRAKARPUR,,,19.991741,85.530464,PUBLIC_COMMUNITY
GLBA,GOLABAI,,,20.016866,85.555928,PUBLIC_COMMUNITY
TAP,TAPANG,,,20.052879,85.580989,PUBLIC_COMMUNITY
DLMH,DHAULIMUHAN,,,20.079332,85.604772,PUBLIC_COMMUNITY
KPXR,KAIPADA ROAD,,,20.10484,85.639666,PUBLIC_COMMUNITY
ARGL,ARGUL,,,20.124427,85.67088,PUBLIC_COMMUNITY
VSKP,VISHAKAPATNAM,,,17.72159,83.289514,PUBLIC_COMMUNITY
MIPM,MARRIPALEM,,,17.7363,83.252629,PUBLIC_COMMUNITY
SCM,SIMHACHALAM,,,17.744667,83.220449,PUBLIC_COMMUNITY
SCMN,SIMHACHALAM NORTH,,,17.752094,83.209636,PUBLIC_COMMUNITY
PDT,PENDURTI,,,17.813498,83.195211,PUBLIC_COMMUNITY
KTV,KOTTAVALASA,,,17.892375,83.1851,PUBLIC_COMMUNITY
KPL,KANTAKAPALLE,,,17.954719,83.208205,PUBLIC_COMMUNITY
ALM,ALAMANDA,,,18.01251,83.271604,PUBLIC_COMMUNITY
KUK,KORUKONDA,,,18.054196,83.320296,PUBLIC_COMMUNITY
VZM,VIZIANAGRAM JN,,,18.111374,83.395586,PUBLIC_COMMUNITY
NML,NELLIMARIA,,,18.183131,83.456046,PUBLIC_COMMUNITY
GUL,GUJJANGIVALASA,,,18.230679,83.510888,PUBLIC_COMMUNITY
GVI,GARIVIDI,,,18.273268,83.530841,PUBLIC_COMMUNITY
CPP,CHIPURUPALLE,,,18.316259,83.569608,PUBLIC_COMMUNITY
BTVA,BATUVA,,,18.343087,83.624096,PUBLIC_COMMUNITY
SGDM,SIGADAM,,,18.360601,83.681441,PUBLIC_COMMUNITY
PDU,PONDURU,,,18.362876,83.776548,PUBLIC_COMMUNITY
DUSI,DUSI,,,18.369969,83.857682,PUBLIC_COMMUNITY
CHE,SRIKAKULAM ROAD,,,18.408679,83.903771,PUBLIC_COMMUNITY
SHNR,SHADNAGAR,,,17.064646,78.213273,PUBLIC_COMMUNITY
CUL,CHULI,,,23.006336,71.340823,PUBLIC_COMMUNITY
SRBR,SURBARI,,,23.231063,70.696477,PUBLIC_COMMUNITY
KCG,KACHEGUDA,,,17.389561,78.499756,PUBLIC_COMMUNITY
MXT,MALAKPET KACHEGUDA,,,17.375398,78.494244,PUBLIC_COMMUNITY
DQR,KACHEGUDA DBR,,,17.366083,78.490284,PUBLIC_COMMUNITY
YAKUT PUR(YKA,YAKUT PUR(YKA,,,,,PUBLIC_COMMUNITY
HPG,HUPPUGUDA,,,17.34071,78.481965,PUBLIC_COMMUNITY
FM,KACHEGUDA FALAKNUMA,,,17.332197,78.474481,PUBLIC_COMMUNITY
TMX,TIMMAPUR,,,17.169347,78.288344,PUBLIC_COMMUNITY
UR,UMDANAGAR,,,17.262932,78.393143,PUBLIC_COMMUNITY
BDVL,BUDVEL,,,17.309377,78.424518,PUBLIC_COMMUNITY
ADI,AHMEDABAD JN,,,23.025515,72.601516,PUBLIC_COMMUNITY
KKF,KANKARIA,,,23.008817,72.607102,PUBLIC_COMMUNITY
MAN,MANI NAGAR,,,23.000142,72.610413,PUBLIC_COMMUNITY
VTA,VATVA,,,22.959729,72.629436,PUBLIC_COMMUNITY
GER,GERATPUR,,,22.917292,72.655151,PUBLIC_COMMUNITY
BJD,BAREJADI,,,22.895427,72.677886,PUBLIC_COMMUNITY
KANJ,KANIL,,,22.867204,72.705473,PUBLIC_COMMUNITY
NEP,NENPUR,,,22.847183,72.725207,PUBLIC_COMMUNITY
MHD,MAHEMDAVAD KHEDA RD,,,22.819556,72.752481,PUBLIC_COMMUNITY
GTE,GOTHAJ,,,22.759954,72.801356,PUBLIC_COMMUNITY
ND,NADIAD JN,,,22.694106,72.855718,PUBLIC_COMMUNITY
UTD,UTARSANDA,,,22.654716,72.88881,PUBLIC_COMMUNITY
KBRV,KANJARI BORIYAV,,,22.614849,72.921535,PUBLIC_COMMUNITY
NOL,NIYOL,,,21.160311,72.902305,PUBLIC_COMMUNITY
CHM,CHALTHAN,,,21.157909,72.95617,PUBLIC_COMMUNITY
BGMR,BAGUMRA,,,21.149694,72.996091,PUBLIC_COMMUNITY
GGAR,GANGADHARA,,,21.141419,73.043566,PUBLIC_COMMUNITY
BIY,BARDOLI,,,21.134241,73.105894,PUBLIC_COMMUNITY
TBV,TIMBARVA,,,21.146312,73.144398,PUBLIC_COMMUNITY
MGRL,MANGROLLA,,,21.156258,73.182172,PUBLIC_COMMUNITY
MID,MADHI,,,21.145672,73.24268,PUBLIC_COMMUNITY
KRAI,KAHET,,,21.137196,73.294162,PUBLIC_COMMUNITY
LTV,LOTARVA,,,21.153797,73.202399,PUBLIC_COMMUNITY
VYA,VYARA,,,21.118142,73.383847,PUBLIC_COMMUNITY
KKRD,KIKAKUI ROAD,,,21.12908,73.481234,PUBLIC_COMMUNITY
DSD,DOSVADA,,,21.130512,73.502728,PUBLIC_COMMUNITY
USD,UKAI SONGADH,,,21.147743,73.55554,PUBLIC_COMMUNITY
LKKD,LAKKADKOT,,,21.163562,73.603025,PUBLIC_COMMUNITY
BBAI,BHADBHUNJA,,,21.166264,73.693754,PUBLIC_COMMUNITY
NWU,NAVAPUR,,,21.166844,73.771183,PUBLIC_COMMUNITY
KFF,KOLDA,,,21.165523,73.893108,PUBLIC_COMMUNITY
CPD,CHINCHPADA,,,21.206379,73.939242,PUBLIC_COMMUNITY
KHTG,KHATGAON,,,21.26417,73.992081,PUBLIC_COMMUNITY
KBH,KHANDBAARA,,,21.324398,74.101865,PUBLIC_COMMUNITY
BAWD,BHADWAD,,,21.323159,74.098317,PUBLIC_COMMUNITY
DWD,DHEKVAD,,,21.339179,74.13857,PUBLIC_COMMUNITY
NDB,NANDURBAR,,,21.374812,74.246482,PUBLIC_COMMUNITY
CUE,CHOUPALE,,,21.377019,74.319097,PUBLIC_COMMUNITY
TISI,TISI,,,21.382994,74.364777,PUBLIC_COMMUNITY
RNL,RANALA,,,21.372813,74.47179,PUBLIC_COMMUNITY
DDE,DONDAICHA,,,21.331414,74.563104,PUBLIC_COMMUNITY
VKH,VIKHRAN ROAD,,,21.302739,74.617881,PUBLIC_COMMUNITY
SNSL,SONSHELU,,,21.274379,74.662256,PUBLIC_COMMUNITY
SNK,SINDKHEDA,,,21.234022,74.735367,PUBLIC_COMMUNITY
HOL,HOL,,,21.198376,74.784857,PUBLIC_COMMUNITY
NDN,NARDANA,,,21.178209,74.828747,PUBLIC_COMMUNITY
BEW,BETAVAD,,,21.149244,74.886199,PUBLIC_COMMUNITY
PDP,PADSE,,,21.132043,74.924335,PUBLIC_COMMUNITY
BRTK,BHORTEX,,,21.102508,74.995996,PUBLIC_COMMUNITY
AN,AMALNER,,,21.049009,75.057314,PUBLIC_COMMUNITY
TKHE,TAKARKHEDE,,,21.03491,75.167017,PUBLIC_COMMUNITY
BHNE,BHONE,,,21.018946,75.222477,PUBLIC_COMMUNITY
DXG,DHARANGAON,,,21.006447,75.286092,PUBLIC_COMMUNITY
CHLK,CHAVALKHEDE,,,21.024084,75.352237,PUBLIC_COMMUNITY
PLD,PALDHI,,,21.022832,75.46157,PUBLIC_COMMUNITY
MIB,NAGPUR MOTI BAGH,,,21.146062,79.088986,PUBLIC_COMMUNITY
RVH,RAIPUR R-V BLOCK,,,21.26848,81.644282,PUBLIC_COMMUNITY
MNDH,MANDIR HASAUD,,,21.226192,81.772807,PUBLIC_COMMUNITY
LAE,LAKHOLI,,,21.201827,81.890652,PUBLIC_COMMUNITY
ANMD,ARANG MAHANADI,,,21.189614,81.955513,PUBLIC_COMMUNITY
BLSN,BELSONDA,,,21.155027,82.035625,PUBLIC_COMMUNITY
MSMD,MAHASAMUND,,,21.113138,82.10389,PUBLIC_COMMUNITY
ARN,ARAND,,,21.102097,82.183013,PUBLIC_COMMUNITY
BMKJ,BHIMKHOJ,,,21.080325,82.289327,PUBLIC_COMMUNITY
BGBR,BAGBAHRA,,,21.046295,82.384149,PUBLIC_COMMUNITY
KMK,KOMAKHAN,,,20.979703,82.457692,PUBLIC_COMMUNITY
KRAR,KHARIAR ROAD,,,20.901386,82.510513,PUBLIC_COMMUNITY
NPD,NAWAPARA ROAD,,,20.809717,82.562564,PUBLIC_COMMUNITY
LKNA,LAKHNA,,,20.729266,82.662489,PUBLIC_COMMUNITY
HSK,HARISHANKER RD,,,20.626789,82.766036,PUBLIC_COMMUNITY
TIG,TITLAGARH,,,20.284399,83.154382,PUBLIC_COMMUNITY
TRKR,TUREKALA ROAD,,,20.563095,82.814716,PUBLIC_COMMUNITY
SFK,SIKIR,,,20.337936,83.199696,PUBLIC_COMMUNITY
KBJ,KANTABANJI,,,20.474059,82.906517,PUBLIC_COMMUNITY
BUDM,BADMAL,,,20.3849,83.271149,PUBLIC_COMMUNITY
MRBL,MURIBAHAL,,,20.385885,83.016704,PUBLIC_COMMUNITY
SFC,SAINTALA,,,20.433878,83.335045,PUBLIC_COMMUNITY
RNBT,RAHENBATA,,,20.329013,83.089931,PUBLIC_COMMUNITY
DFR,DEOGAN ROAD,,,20.554779,83.430063,PUBLIC_COMMUNITY
BLGR,BALANGIR,,,20.688591,83.494207,PUBLIC_COMMUNITY
BNRD,BALANGIR ROAD,,,20.715094,83.498557,PUBLIC_COMMUNITY
LSX,LOISINGHA,,,20.852667,83.514083,PUBLIC_COMMUNITY
KHPL,KHALIPALI,,,20.950218,83.536231,PUBLIC_COMMUNITY
DJX,DUNGRIPADI,,,21.060873,83.559213,PUBLIC_COMMUNITY
BRPL,BARPALI,,,21.183638,83.594876,PUBLIC_COMMUNITY
BRGA,BARGARH ROAD,,,21.332903,83.642586,PUBLIC_COMMUNITY
ATS,ATTABIRA,,,21.388039,83.792637,PUBLIC_COMMUNITY
GBQ,GODBHAGA,,,21.416457,83.856969,PUBLIC_COMMUNITY
HKG,HIRAKUD,,,21.479827,83.905097,PUBLIC_COMMUNITY
JSRY,JHARSUGUDA R YARD,,,21.887644,84.071878,PUBLIC_COMMUNITY
DTV,DHUTRA,,,21.896882,84.091098,PUBLIC_COMMUNITY
PNPL,PANPALI,,,21.915686,84.139173,PUBLIC_COMMUNITY
BEH,BAGDIHI,,,21.951046,84.18631,PUBLIC_COMMUNITY
DIH,DHARUADIHI,,,21.995145,84.223691,PUBLIC_COMMUNITY
BMB,BAMRA,,,22.051355,84.291044,PUBLIC_COMMUNITY
TGM,TANGARMUNDA,,,22.09407,84.358612,PUBLIC_COMMUNITY
GPH,GARPOS,,,22.134204,84.418434,PUBLIC_COMMUNITY
SOGR,SOGRA,,,22.153756,84.459478,PUBLIC_COMMUNITY
SXN,SONAKHAN,,,22.166579,84.519562,PUBLIC_COMMUNITY
GP,RAJ GANGPUR,,,22.186062,84.582051,PUBLIC_COMMUNITY
KXN,KANSHBAHAL,,,22.215278,84.666289,PUBLIC_COMMUNITY
TLHR,TALCHER,,,20.932262,85.200385,PUBLIC_COMMUNITY
TLTM,TALCHER THERMAL,,,20.910535,85.214161,PUBLIC_COMMUNITY
TTPT,TALCHER THERMAL,,,20.905032,85.217126,PUBLIC_COMMUNITY
KLG,KALUNGA,,,22.222144,84.733673,PUBLIC_COMMUNITY
PPO,PANPOSH,,,22.228538,84.804627,PUBLIC_COMMUNITY
ROU,ROURKELA,,,22.22844,84.863132,PUBLIC_COMMUNITY
BNDM,BONDAMUNDA,,,22.235517,84.925058,PUBLIC_COMMUNITY
BGKA,BANGURKELA,,,22.350568,84.95527,PUBLIC_COMMUNITY
BSPK,BISPUR,,,22.37402,84.946407,PUBLIC_COMMUNITY
NXN,NUAGAON,,,22.386583,84.942033,PUBLIC_COMMUNITY
ORGA,ORGA,,,22.448548,84.91578,PUBLIC_COMMUNITY
PBB,PARBATONIA,,,22.497617,84.949201,PUBLIC_COMMUNITY
TATI,TATI,,,22.558382,84.918457,PUBLIC_COMMUNITY
BRBR,BARBERA,,,22.575562,84.869421,PUBLIC_COMMUNITY
KNRN,KANAROAN,,,22.600484,84.877026,PUBLIC_COMMUNITY
BANO,BANO,,,22.664784,84.902985,PUBLIC_COMMUNITY
MCZ,MAHABUANG,,,22.719929,84.935276,PUBLIC_COMMUNITY
KRKR,KURKURA,,,22.763217,84.931238,PUBLIC_COMMUNITY
PKC,PAKRA,,,22.828158,84.936906,PUBLIC_COMMUNITY
PKF,POKLA,,,22.89496,84.951364,PUBLIC_COMMUNITY
BKPR,BAKASPUR,,,22.98102,84.95373,PUBLIC_COMMUNITY
JGX,JARIAGARH,,,23.008842,84.986693,PUBLIC_COMMUNITY
GBX,GOVINDPUR ROAD,,,23.061857,85.043579,PUBLIC_COMMUNITY
KRRA,KARRA,,,23.121932,85.132742,PUBLIC_COMMUNITY
BNGO,BINGAON,,,23.166688,85.165814,PUBLIC_COMMUNITY
LOM,LODHMA,,,23.22335,85.200121,PUBLIC_COMMUNITY
BLRG,BALASIRING,,,23.269127,85.281203,PUBLIC_COMMUNITY
HTE,HATIA,,,23.311613,85.308218,PUBLIC_COMMUNITY
ITR,ITWARI,,,21.157819,79.119237,PUBLIC_COMMUNITY
MTD,MERTA ROAD JN,,,26.728077,73.917896,PUBLIC_COMMUNITY
KQW,KHEDULI,,,26.759393,74.014573,PUBLIC_COMMUNITY
REN,REN,,,26.788798,74.074462,PUBLIC_COMMUNITY
JAC,JALSU,,,26.844883,74.194547,PUBLIC_COMMUNITY
JACN,JALSU NANAK,,,26.868694,74.250429,PUBLIC_COMMUNITY
DNA,DEGANA JN,,,26.897349,74.316388,PUBLIC_COMMUNITY
GCH,GACHHIPURA,,,26.953522,74.454426,PUBLIC_COMMUNITY
BSRL,BESROLI,,,26.990674,74.560725,PUBLIC_COMMUNITY
BOW,BORAWAR,,,27.028307,74.669397,PUBLIC_COMMUNITY
MKN,MAKRANA JN,,,27.037532,74.723149,PUBLIC_COMMUNITY
KMNC,KUCHAMAN CITY,,,27.053547,74.851457,PUBLIC_COMMUNITY
THMR,THATHANA MITHRI,,,27.055138,74.897973,PUBLIC_COMMUNITY
NYK,NAYA KHARADIA,,,27.038386,74.935097,PUBLIC_COMMUNITY
NAC,NAWA CITY,,,27.029479,74.998832,PUBLIC_COMMUNITY
GVMR,GOVINDI MARWAR,,,27.03169,75.093144,PUBLIC_COMMUNITY
GA,GUDHA,,,26.950042,75.128292,PUBLIC_COMMUNITY
SBR,SAMBHAR LAKE,,,26.904308,75.179915,PUBLIC_COMMUNITY
FL,PHULERA JN,,,26.872814,75.245456,PUBLIC_COMMUNITY
HDA,HIRNODA,,,26.885336,75.327459,PUBLIC_COMMUNITY
DHND,DHINDA,,,26.890931,75.361206,PUBLIC_COMMUNITY
JU,JODHPUR JN,,,26.283765,73.02319,PUBLIC_COMMUNITY
RKB,RAIKA BAGH,,,26.291628,73.039744,PUBLIC_COMMUNITY
JUCT,JODHPUR CANTT,,,26.304264,73.075277,PUBLIC_COMMUNITY
BNO,BANAR,,,26.33951,73.146431,PUBLIC_COMMUNITY
JWL,JAJIWAL,,,26.368058,73.222828,PUBLIC_COMMUNITY
AAS,ASRANADA,,,26.397374,73.305325,PUBLIC_COMMUNITY
KSW,KHERI SALWA,,,26.428511,73.390754,PUBLIC_COMMUNITY
PPR,PIPAR ROAD JN,,,26.45285,73.448703,PUBLIC_COMMUNITY
SWF,SATHIN ROAD,,,26.48978,73.509748,PUBLIC_COMMUNITY
UMED,UMED,,,26.549322,73.605896,PUBLIC_COMMUNITY
KXG,KHARIA KHANGARH,,,26.609843,73.686313,PUBLIC_COMMUNITY
GOTN,GOTAN,,,26.652201,73.737284,PUBLIC_COMMUNITY
JOM,JOGI MAGRA,,,26.697862,73.818142,PUBLIC_COMMUNITY
SWM,SAWAI MADHOPUR,,,26.018279,76.35622,PUBLIC_COMMUNITY
KTA,KUSHTALA,,,25.961351,76.326705,PUBLIC_COMMUNITY
RWJ,RAWANIA DUNGAR,,,25.887841,76.313705,PUBLIC_COMMUNITY
AMLI,AMLI,,,25.828156,76.286156,PUBLIC_COMMUNITY
JOB,ASALPUR JOBNER,,,26.900084,75.423467,PUBLIC_COMMUNITY
IDG,INDARGARH,,,25.727874,76.232938,PUBLIC_COMMUNITY
BOBS,BOBAS,,,26.905636,75.498046,PUBLIC_COMMUNITY
SHNX,SHEO SINGH PURA,,,26.913378,75.567278,PUBLIC_COMMUNITY
LKE,LAKHERI,,,25.639864,76.192147,PUBLIC_COMMUNITY
MSO,MISROD,,,23.168701,77.458046,PUBLIC_COMMUNITY
HBJ,HABIBGANJ,,,23.221979,77.439429,PUBLIC_COMMUNITY
BPL,BHOPAL JN,,,23.266884,77.413143,PUBLIC_COMMUNITY
BIH,BAIRAGARH,,,23.273607,77.33622,PUBLIC_COMMUNITY
BQE,BAKANIAN BHAUNR,,,23.261737,77.252499,PUBLIC_COMMUNITY
LBN,LABAN,,,25.574304,76.207965,PUBLIC_COMMUNITY
KPZ,KAPREN,,,25.444815,76.086492,PUBLIC_COMMUNITY
KTSC,KOTA JN SOUTH C,,,25.198051,75.885111,PUBLIC_COMMUNITY
DKNT,DAKANIYA TALAV,,,25.145188,75.865501,PUBLIC_COMMUNITY
DDV,DADHDEVI,,,25.07784,75.898016,PUBLIC_COMMUNITY
ALNI,ALNIYA,,,25.031676,75.908746,PUBLIC_COMMUNITY
DKQ,DHANI KASAR,,,24.98746,75.932212,PUBLIC_COMMUNITY
RDT,RAVTHA ROAD,,,24.933449,75.958203,PUBLIC_COMMUNITY
DARA,DARA,,,24.832609,76.005784,PUBLIC_COMMUNITY
KIW,KANWALPURA,,,24.788625,75.98301,PUBLIC_COMMUNITY
MKX,MORAK,,,24.730953,75.973339,PUBLIC_COMMUNITY
RMA,RAMGANJ MANDI,,,24.644606,75.939411,PUBLIC_COMMUNITY
JHW,JHALAWAR ROAD,,,24.541893,75.919686,PUBLIC_COMMUNITY
DKRA,DHUANKHERI,,,24.504973,75.89805,PUBLIC_COMMUNITY
BWM,BHAWANI MANDI,,,24.419472,75.82981,PUBLIC_COMMUNITY
KRLS,KURLAS,,,24.354201,75.726009,PUBLIC_COMMUNITY
GOH,GAROT,,,24.279092,75.684322,PUBLIC_COMMUNITY
SGZ,SHAMGARH,,,24.191141,75.642842,PUBLIC_COMMUNITY
HNU,HANSPURA,,,24.131207,75.646705,PUBLIC_COMMUNITY
SVA,SUWASRA,,,24.069844,75.648344,PUBLIC_COMMUNITY
NKH,NATHUKHERI,,,24.020043,75.643456,PUBLIC_COMMUNITY
CMU,CHAU MAHLA,,,23.948205,75.600861,PUBLIC_COMMUNITY
TLZ,TALAVLI,,,23.903499,75.596821,PUBLIC_COMMUNITY
THUR,THURIA,,,23.833165,75.55457,PUBLIC_COMMUNITY
VMA,VIKRAMGARH ALOT,,,23.765121,75.538379,PUBLIC_COMMUNITY
LNR,LUNI RICHHA,,,23.660393,75.51367,PUBLIC_COMMUNITY
MEP,MAHIDPUR ROAD,,,23.567509,75.500338,PUBLIC_COMMUNITY
RLK,ROHAL KHURD,,,23.482264,75.460561,PUBLIC_COMMUNITY
PUD,PHANDA,,,23.232986,77.189255,PUBLIC_COMMUNITY
PNWN,PACHWAN,,,23.208785,77.128302,PUBLIC_COMMUNITY
DNK,DHANAKYA,,,26.91819,75.605607,PUBLIC_COMMUNITY
SEH,SEHORE,,,23.215095,77.077882,PUBLIC_COMMUNITY
BDYK,BINDAYAKA,,,26.924224,75.659572,PUBLIC_COMMUNITY
KKU,KANAKPURA,,,26.92883,75.702559,PUBLIC_COMMUNITY
BKTL,BAKTAL,,,23.234083,77.038514,PUBLIC_COMMUNITY
PRB,PARBATI,,,23.250527,77.012393,PUBLIC_COMMUNITY
JBX,JABRI,,,23.294104,76.889341,PUBLIC_COMMUNITY
KPP,KALAPIPAL,,,23.332775,76.834002,PUBLIC_COMMUNITY
CKOD,CHAKROD,,,23.353091,76.779717,PUBLIC_COMMUNITY
SJP,SHUJALPUR,,,23.381236,76.723475,PUBLIC_COMMUNITY
UJN,UJJAIN JN,,,23.178154,75.781403,PUBLIC_COMMUNITY
MQE,MOHAMMADKHERA,,,23.384268,76.665757,PUBLIC_COMMUNITY
AKD,AKODIA,,,23.378255,76.599245,PUBLIC_COMMUNITY
BLX,BOLAI,,,23.361401,76.486405,PUBLIC_COMMUNITY
KSH,KALI SINDH,,,23.344476,76.430306,PUBLIC_COMMUNITY
KONY,KISONI,,,23.301733,76.371773,PUBLIC_COMMUNITY
BCH,BERCHHA,,,23.282481,76.334193,PUBLIC_COMMUNITY
PUO,PIR UMROD,,,23.255861,76.229964,PUBLIC_COMMUNITY
MKC,MAKSI,,,23.251625,76.159116,PUBLIC_COMMUNITY
SVT,SHIVPURA,,,23.256351,76.007638,PUBLIC_COMMUNITY
TJP,TAJPUR,,,23.216968,75.923568,PUBLIC_COMMUNITY
PLW,PINGLESHWAR,,,23.211136,75.860344,PUBLIC_COMMUNITY
UJNC,UJN C CABIN,,,23.184543,75.801153,PUBLIC_COMMUNITY
DPZ,DEVPURA,,,26.03271,76.251747,PUBLIC_COMMUNITY
SURL,SURELI,,,26.118939,76.077102,PUBLIC_COMMUNITY
ISA,ISARDA,,,26.170515,76.030637,PUBLIC_COMMUNITY
SRAS,SIRAS,,,26.257114,76.001081,PUBLIC_COMMUNITY
BNLW,BANSTHALI NIWAI,,,26.383928,75.93511,PUBLIC_COMMUNITY
CHNN,CHANNANI,,,26.49509,75.920457,PUBLIC_COMMUNITY
CKS,CHAKSU,,,26.592918,75.910778,PUBLIC_COMMUNITY
SAS,SHIVDASPURA PADAMPURA,,,26.71363,75.883282,PUBLIC_COMMUNITY
BTSD,BHATISUDA,,,23.392187,75.421478,PUBLIC_COMMUNITY
PPG,PIPLODA BAGLA,,,23.357472,75.433639,PUBLIC_COMMUNITY
UNL,UNHEL,,,23.316776,75.472209,PUBLIC_COMMUNITY
PSO,PALSORA MAKRAWA,,,23.26065,75.531569,PUBLIC_COMMUNITY
ASL,ASLAODA,,,23.231264,75.60816,PUBLIC_COMMUNITY
GRFB,GAMBHIR BR,,,23.226323,75.637187,PUBLIC_COMMUNITY
NKI,NAIKHERI,,,23.196778,75.689198,PUBLIC_COMMUNITY
SNGN,SANGANER,,,26.814113,75.772245,PUBLIC_COMMUNITY
DPA,DURGAPURA,,,26.855947,75.786436,PUBLIC_COMMUNITY
BSGD,BAIS GODAM,,,26.901994,75.789848,PUBLIC_COMMUNITY
GNQ,GODHANI,,,21.21103,79.068176,PUBLIC_COMMUNITY
BWRA,BHARATWADA,,,21.231695,79.017108,PUBLIC_COMMUNITY
KSWR,KALMESHWAR,,,21.229072,78.915861,PUBLIC_COMMUNITY
KOHL,KOHLI,,,21.273749,78.807616,PUBLIC_COMMUNITY
SNKB,SONKHAMB,,,21.274259,78.725612,PUBLIC_COMMUNITY
MER,METPANJRA,,,21.26917,78.659159,PUBLIC_COMMUNITY
KATL,KATOL,,,21.263201,78.590664,PUBLIC_COMMUNITY
KLBA,KALAMBHA,,,21.344635,78.558413,PUBLIC_COMMUNITY
TNH,TINKHEDA,,,21.407727,78.523446,PUBLIC_COMMUNITY
NRKR,NARKHER,,,21.468725,78.524814,PUBLIC_COMMUNITY
DDMT,DARIMETA,,,21.536803,78.5411,PUBLIC_COMMUNITY
PAR,PANDHURNA,,,21.589996,78.525394,PUBLIC_COMMUNITY
TEO,TEEGAON,,,21.637046,78.460308,PUBLIC_COMMUNITY
GDKP,GHUNDANKHAPA,,,21.655105,78.42563,PUBLIC_COMMUNITY
CCD,CHICHONDA,,,21.709709,78.352032,PUBLIC_COMMUNITY
HTN,HATNA PUR,,,21.761852,78.334344,PUBLIC_COMMUNITY
MTY,MULTAI,,,21.783543,78.26283,PUBLIC_COMMUNITY
AMLA,AMLA JN,,,21.919717,78.123187,PUBLIC_COMMUNITY
MALK,MALKAPUR ROAD,,,21.904426,77.967468,PUBLIC_COMMUNITY
BZU,BETUL,,,21.896393,77.905897,PUBLIC_COMMUNITY
MJY,MARAMJHIRI,,,21.946123,77.883002,PUBLIC_COMMUNITY
DHQ,DHARAKHOH,,,22.009297,77.949934,PUBLIC_COMMUNITY
GDYA,GHORADONGRI,,,22.126423,78.001987,PUBLIC_COMMUNITY
BBTR,BARBATPUR,,,22.197033,77.920758,PUBLIC_COMMUNITY
MGRD,MAGARDOH,,,22.248104,77.894738,PUBLIC_COMMUNITY
DOH,DHODRA MOHAR,,,22.281504,77.875226,PUBLIC_COMMUNITY
POX,POLA-PATTHAR,,,22.347657,77.853349,PUBLIC_COMMUNITY
KQE,KALA AKHAR,,,22.394549,77.818115,PUBLIC_COMMUNITY
SAHL,SAHELI,,,22.488281,77.819849,PUBLIC_COMMUNITY
TAKU,TAKU,,,22.51556,77.815809,PUBLIC_COMMUNITY
KSLA,KESLA,,,22.541217,77.806509,PUBLIC_COMMUNITY
KRTH,KIRATGARH,,,22.538155,77.77251,PUBLIC_COMMUNITY
JHP,JUHJARPUR,,,22.598117,77.755836,PUBLIC_COMMUNITY
HN,HATHBANDH,,,21.632219,81.846233,PUBLIC_COMMUNITY
BYT,BHATAPARA,,,21.732464,81.946062,PUBLIC_COMMUNITY
NPI,NIPANIA,,,21.826434,82.044275,PUBLIC_COMMUNITY
DGS,DAGORI,,,21.905693,82.069143,PUBLIC_COMMUNITY
SLRA,SARALA,,,21.511822,84.017534,PUBLIC_COMMUNITY
SSN,SASON,,,21.559535,84.03917,PUBLIC_COMMUNITY
RGL,RENGALI,,,21.636895,84.042299,PUBLIC_COMMUNITY
LPG,LAPANGA,,,21.732794,84.03998,PUBLIC_COMMUNITY
BXQ,BRUNDAMAL,,,21.806503,84.016216,PUBLIC_COMMUNITY
JSGR,JHARSUGUDA ROAD,,,21.850125,84.010526,PUBLIC_COMMUNITY
BBSN,BHUBANESWAR NEW,,,20.382175,85.835187,PUBLIC_COMMUNITY
GBK,GOPALPUR BALKDA,,,20.432635,85.877909,PUBLIC_COMMUNITY
KTJI,KATHA JORI,,,20.45107,85.896353,PUBLIC_COMMUNITY
CTC,CUTTACK,,,20.466588,85.90156,PUBLIC_COMMUNITY
KNPR,KENDRAPARA ROAD,,,20.498481,85.917437,PUBLIC_COMMUNITY
NRG,NERGUNDI,,,20.538381,85.959078,PUBLIC_COMMUNITY
MZY,MACHAPUR,,,20.569003,85.768912,PUBLIC_COMMUNITY
GJTA,GARUDIJHATIA,,,20.570067,85.828478,PUBLIC_COMMUNITY
BDPG,BADA PADAGAON,,,20.570588,85.873828,PUBLIC_COMMUNITY
CBT,CHARBATIA,,,20.569384,85.911331,PUBLIC_COMMUNITY
SQQ,SALAGAON,,,20.56434,85.957487,PUBLIC_COMMUNITY
SVK,SIVARAKOTTAI,,,9.738428,77.986107,PUBLIC_COMMUNITY
SLGM,SANKARALINGAPRM,,,9.524914,77.88414,PUBLIC_COMMUNITY
CPM,CHOLAPURAM,,,9.35466,77.570867,PUBLIC_COMMUNITY
MDU,MADURAI JN,,,9.919907,78.110314,PUBLIC_COMMUNITY
TDN,TIRUPARANKNDRM,,,9.879447,78.065958,PUBLIC_COMMUNITY
TMQ,TIRUMANGALAM,,,9.824778,77.990902,PUBLIC_COMMUNITY
KGD,KALLIGUDI,,,9.695381,77.97402,PUBLIC_COMMUNITY
VPT,VIRUDUNAGAR JN,,,9.596405,77.957737,PUBLIC_COMMUNITY
SCT,SENGOTTAI,,,8.987412,77.24185,PUBLIC_COMMUNITY
TSI,TENKASI JN,,,8.963993,77.307338,PUBLIC_COMMUNITY
KDNL,KADAYNALLUR,,,9.085394,77.363198,PUBLIC_COMMUNITY
PBKS,PAMBA KOVIL SHANDY,,,9.130538,77.431001,PUBLIC_COMMUNITY
SNKL,SANKARANKOVIL,,,9.176539,77.525924,PUBLIC_COMMUNITY
RJPM,RAJAPALAYAM,,,9.452404,77.561026,PUBLIC_COMMUNITY
SVPR,SRIVILLIPUTTUR,,,9.497497,77.64494,PUBLIC_COMMUNITY
SVKS,SIVAKASI,,,9.463321,77.789244,PUBLIC_COMMUNITY
TTL,TIRUTTANGAL,,,9.477299,77.810886,PUBLIC_COMMUNITY
MKSP,MUKHASA PARUR,,,11.566638,79.240919,PUBLIC_COMMUNITY
KKTI,KUTTAKUDI,,,11.591907,79.154962,PUBLIC_COMMUNITY
PRV,PUKKIRIVARI,,,11.633792,78.989079,PUBLIC_COMMUNITY
SRVT,SIRUVATTUR,,,11.636294,78.943922,PUBLIC_COMMUNITY
CHSM,CHINNA SALEM,,,11.631062,78.873821,PUBLIC_COMMUNITY
MLYR,MELNARIYAPANUR,,,11.615911,78.814791,PUBLIC_COMMUNITY
TVS,TALAIVASAL,,,11.596392,78.75084,PUBLIC_COMMUNITY
ATU,ATTUR,,,11.594788,78.592092,PUBLIC_COMMUNITY
PDKM,PEDANAYAKANPALAYAM,,,11.647063,78.5053,PUBLIC_COMMUNITY
MGSJ,MAGNESITE JN,,,11.696253,78.096286,PUBLIC_COMMUNITY
ETP,ETTAPUR ROAD,,,11.651009,78.468545,PUBLIC_COMMUNITY
SA,SALEM JN,,,11.671726,78.113415,PUBLIC_COMMUNITY
VGE,VALAPPADI G HLT,,,11.654624,78.400452,PUBLIC_COMMUNITY
MPLI,MINNAMPALLI,,,11.67108,78.284985,PUBLIC_COMMUNITY
APN,AYODHYAPATTANAM,,,11.671392,78.233642,PUBLIC_COMMUNITY
SLME,SALEM EAST,,,11.662932,78.178121,PUBLIC_COMMUNITY
SXT,SALEM TOWN,,,11.660046,78.162096,PUBLIC_COMMUNITY
SAMT,SALEM MARKET,,,11.654084,78.142621,PUBLIC_COMMUNITY
OML,OMALUR,,,11.738554,78.04678,PUBLIC_COMMUNITY
TOS,TOLASAMPATTI,,,11.761619,77.979547,PUBLIC_COMMUNITY
MCRD,MECHERI ROAD,,,11.804211,77.921857,PUBLIC_COMMUNITY
MTDM,METUR DAM,,,11.807081,77.832008,PUBLIC_COMMUNITY
