train_id,train_name,train_type,source_station_id,source_station_name,destination_station_id,destination_station_name,distance_km,duration_hours,source_type
04601,Jammu Tawi Udhampur Special,DEMU,JAT,JAMMU TAWI,UHP,UDHAMPUR,53,1.58,PUBLIC_COMMUNITY
04602,UDHAMPUR JAMMUTAWI DMU,DEMU,UHP,UDHAMPUR,JAT,JAMMU TAWI,53,1.83,PUBLIC_COMMUNITY
04603,JAT UDAHMPUR DMU,DEMU,JAT,JAMMU TAWI,UHP,UDHAMPUR,53,1.58,PUBLIC_COMMUNITY
04604,UDHAMPUR JAMMUTAWI DMU,DEMU,UHP,UDHAMPUR,JAT,JAMMU TAWI,53,1.5,PUBLIC_COMMUNITY
04728,Mumbai BandraT-Bikaner SF Special,SF,BDTS,MUMBAI BANDRA TERMINUS,BKN,BIKANER JN,1212,21.92,PUBLIC_COMMUNITY
04741,Sirsa - Hisar Passenger Special,Pass,SSA,Sirsa,HSR,Hisar,82,1.58,PUBLIC_COMMUNITY
04742,Hisar - Sirsa Passenger Special,Pass,HSR,Hisar,SSA,Sirsa,82,1.83,PUBLIC_COMMUNITY
04853,Rewari Degana Merta Special,Pass,DNA,DEGANA JN,MTD,MERTA ROAD JN,44,1.25,PUBLIC_COMMUNITY
04854,Degana Merta Special,Pass,MTD,MERTA ROAD JN,DNA,DEGANA JN,44,1.0,PUBLIC_COMMUNITY
09022,JAMMU TAWI - BANDRA TERMINUS AC Suvidha Special (Starts 5 April),SF,JAT,JAMMU TAWI,BDTS,MUMBAI BANDRA TERMINUS,1957,32.33,PUBLIC_COMMUNITY
11017,Chalukya Express,Exp,DR,MUMBAI DADAR CENTRAL,YPR,YESVANTPUR JN,1205,24.42,PUBLIC_COMMUNITY
11019,Konark Express,Exp,CSTM,MUMBAI CST,BBS,BHUBANESWAR,1932,37.25,PUBLIC_COMMUNITY
11020,Konark Express,Exp,BBS,BHUBANESWAR,CSTM,MUMBAI CST,1932,36.58,PUBLIC_COMMUNITY
11023,Sahyadri Express,Exp,CSTM,MUMBAI CST,KOP,C SHAHU M RAJ KOLHAPUR TERM,518,12.25,PUBLIC_COMMUNITY
11024,Sahyadri Express,Exp,KOP,C SHAHU M RAJ KOLHAPUR TERM,CSTM,MUMBAI CST,518,13.08,PUBLIC_COMMUNITY
11025,Manmad Pune Express(Via Nasik),Exp,MMR,MANMAD JN,PUNE,PUNE JN,364,7.58,PUBLIC_COMMUNITY
11026,Pune Manmad Express,Exp,PUNE,PUNE JN,MMR,MANMAD JN,364,8.67,PUBLIC_COMMUNITY
11027,Mumbai CST-Chennai Mail,Mail,CSTM,MUMBAI CST,MAS,CHENNAI CENTRAL,1283,29.17,PUBLIC_COMMUNITY
11029,Koyna Express,Exp,CSTM,MUMBAI CST,KOP,C SHAHU M RAJ KOLHAPUR TERM,518,11.75,PUBLIC_COMMUNITY
11030,Koyna Express,Exp,KOP,C SHAHU M RAJ KOLHAPUR TERM,CSTM,MUMBAI CST,518,12.45,PUBLIC_COMMUNITY
11033,PUNE - DARBHANGA Gyan Ganga Exp,Exp,PUNE,PUNE JN,DBG,DARBHANGA JN,1948,38.5,PUBLIC_COMMUNITY
11035,Dadar-Mysore Sharavati Express,Exp,DR,MUMBAI DADAR CENTRAL,MYS,MYSORE JN,1212,24.25,PUBLIC_COMMUNITY
11036,Mysore-Dadar Sharavati Express,Exp,MYS,MYSORE JN,DR,MUMBAI DADAR CENTRAL,1212,23.58,PUBLIC_COMMUNITY
11037,PUNE - GORAKHPUR Exp,Exp,PUNE,PUNE JN,GKP,GORAKHPUR JN,1771,33.0,PUBLIC_COMMUNITY
11038,GORAKHPUR - PUNE Exp,Exp,GKP,GORAKHPUR JN,PUNE,PUNE JN,1771,36.58,PUBLIC_COMMUNITY
11039,Maharashtra Express,Exp,KOP,C SHAHU M RAJ KOLHAPUR TERM,G,GONDIA JN,1346,28.75,PUBLIC_COMMUNITY
11039-Slip,Kolhapur-Gorakhpur Express Slip,Exp,KOP,C SHAHU M RAJ KOLHAPUR TERM,GKP,GORAKHPUR JN,2107,51.67,PUBLIC_COMMUNITY
11040,Maharashtra Express,Exp,G,GONDIA JN,KOP,C SHAHU M RAJ KOLHAPUR TERM,1346,28.42,PUBLIC_COMMUNITY
11040-Slip,Gondia-Solapur Maharashtra Express Slip,Exp,G,GONDIA JN,SUR,SOLAPUR JN,1132,24.5,PUBLIC_COMMUNITY
11041,Mumbai - Chennai Express,Exp,CSTM,MUMBAI CST,MAS,CHENNAI CENTRAL,1283,26.75,PUBLIC_COMMUNITY
11043,MUMBAI LTT - MADURAI Exp,Exp,LTT,LOKMANYA TILAK TERM,MDU,MADURAI JN,1702,36.25,PUBLIC_COMMUNITY
11044,MADURAI - MUMBAI LTT Exp,Exp,MDU,MADURAI JN,LTT,LOKMANYA TILAK TERM,1702,35.75,PUBLIC_COMMUNITY
11045,KOLHAPUR CSMT - DHANBAD Deekshabhoomi Exp,Exp,KOP,C SHAHU M RAJ KOLHAPUR TERM,DHN,DHANBAD JN,2968,60.25,PUBLIC_COMMUNITY
11047,Hubli Express,Exp,MRJ,MIRAJ JN,UBL,HUBLI JN,279,6.25,PUBLIC_COMMUNITY
11048,Hubli Miraj Express,Exp,UBL,HUBLI JN,MRJ,MIRAJ JN,279,6.25,PUBLIC_COMMUNITY
11049,Ahmedabad-Kolhapur Express,Exp,ADI,AHMEDABAD JN,KOP,C SHAHU M RAJ KOLHAPUR TERM,961,19.92,PUBLIC_COMMUNITY
11050,Kolhapur-Ahmedabad Express,Exp,KOP,C SHAHU M RAJ KOLHAPUR TERM,ADI,AHMEDABAD JN,961,18.92,PUBLIC_COMMUNITY
11051,Solapur-Kolhapur Express,Exp,SUR,SOLAPUR JN,KOP,C SHAHU M RAJ KOLHAPUR TERM,315,6.08,PUBLIC_COMMUNITY
11052,Kolhapur Solapur Express,Exp,KOP,C SHAHU M RAJ KOLHAPUR TERM,SUR,SOLAPUR JN,315,6.25,PUBLIC_COMMUNITY
11056,GORAKHPUR - MUMBAI LTT Exp,Exp,GKP,GORAKHPUR JN,LTT,LOKMANYA TILAK TERM,1733,33.67,PUBLIC_COMMUNITY
11057,Dadar Amritsar Express,Exp,DR,MUMBAI DADAR CENTRAL,ASR,AMRITSAR JN,2037,40.75,PUBLIC_COMMUNITY
11057-Slip,Dadar Amritsar Express Slip,Exp,DR,MUMBAI DADAR CENTRAL,DHI,Dhule,375,7.67,PUBLIC_COMMUNITY
11058,Amritsar Dadar Express,Exp,ASR,AMRITSAR JN,DR,MUMBAI DADAR CENTRAL,2037,43.5,PUBLIC_COMMUNITY
11059,MUMBAI LTT - CHHAPRA Godan Exp,Exp,LTT,LOKMANYA TILAK TERM,CPR,CHHAPRA,1772,34.0,PUBLIC_COMMUNITY
11060,CHHAPRA - MUMBAI LTT Godan Exp,Exp,CPR,CHHAPRA,LTT,LOKMANYA TILAK TERM,1772,34.58,PUBLIC_COMMUNITY
11062,DARBHANGA - MUMBAI LTT Pawan Exp,Exp,DBG,DARBHANGA JN,LTT,LOKMANYA TILAK TERM,1791,35.92,PUBLIC_COMMUNITY
56305,Kottayam Kollam Passenger,Pass,KTYM,KOTTAYAM,QLN,KOLLAM JN,96,2.5,PUBLIC_COMMUNITY
58651,Ranchi Lohardaga Passenger,Pass,RNC,RANCHI,LAD,Lohardaga,67,1.5,PUBLIC_COMMUNITY
04858,Jodhpur Pipar Road Passenger Special,Pass,JU,JODHPUR JN,PPR,PIPAR ROAD JN,46,0.97,PUBLIC_COMMUNITY
05305,Farrukhabad-KanpurAnwarganj Passenger,Pass,FBD,FARRUKHABAD,CPA,KANPUR ANWARGANJ,138,3.42,PUBLIC_COMMUNITY
05306,KanpurAnwarganj-Farrukhabad Special,Exp,CPA,KANPUR ANWARGANJ,FBD,FARRUKHABAD,138,3.42,PUBLIC_COMMUNITY
05650,Kamakhya - Mumbai LTT (Weekly) Special,Exp,KYQ,KAMAKHYA,LTT,LOKMANYA TILAK TERM,2613,54.92,PUBLIC_COMMUNITY
05697,Hill Queen Express,JShtb,LMG,LUMDING JN,LFG,Lower Haflong,104,3.75,PUBLIC_COMMUNITY
05698,Hill Queen Express,JShtb,LFG,Lower Haflong,LMG,LUMDING JN,104,3.75,PUBLIC_COMMUNITY
06002,Kollam-Chennai Central SF Special,SF,QLN,KOLLAM JN,MAS,CHENNAI CENTRAL,858,16.17,PUBLIC_COMMUNITY
06003,Chennai Central-Kollam Special,Exp,MAS,CHENNAI CENTRAL,QLN,KOLLAM JN,857,14.75,PUBLIC_COMMUNITY
06004,Kollam-Chennai Central Special,Exp,QLN,KOLLAM JN,MAS,CHENNAI CENTRAL,857,16.92,PUBLIC_COMMUNITY
06005,Chennai Central-Kollam SF Special,SF,MAS,CHENNAI CENTRAL,QLN,KOLLAM JN,857,14.75,PUBLIC_COMMUNITY
06006,Kollam-Chennai Central SF Special,SF,QLN,KOLLAM JN,MAS,CHENNAI CENTRAL,857,16.92,PUBLIC_COMMUNITY
06007,Chennai Central-Kollam SF Special,SF,MAS,CHENNAI CENTRAL,QLN,KOLLAM JN,858,15.5,PUBLIC_COMMUNITY
06008,KollamChennai Central SF Special,SF,QLN,KOLLAM JN,MAS,CHENNAI CENTRAL,858,16.17,PUBLIC_COMMUNITY
06009,Chennai CentralKollam SF Special,SF,MAS,CHENNAI CENTRAL,QLN,KOLLAM JN,858,16.0,PUBLIC_COMMUNITY
06011,Chennai Central Kollam (Weekly) SF Special,SF,MAS,CHENNAI CENTRAL,QLN,KOLLAM JN,858,14.5,PUBLIC_COMMUNITY
06201,Mysore-Sainagar Shirdi Special,Exp,MYS,MYSORE JN,SNSI,SAINAGAR SHIRDI,1304,30.0,PUBLIC_COMMUNITY
06202,Sainagar Shirdi - Mysore Special,Exp,SNSI,SAINAGAR SHIRDI,MYS,MYSORE JN,1304,31.25,PUBLIC_COMMUNITY
06215,Mysore Nanjangud Town passenger,Pass,MYS,MYSORE JN,NTW,NANJANGUD TOWN,25,0.92,PUBLIC_COMMUNITY
06216,Nanjangud Town Mysore Passenger,Pass,NTW,NANJANGUD TOWN,MYS,MYSORE JN,25,0.83,PUBLIC_COMMUNITY
06228,Shimoga Mysore Express,Exp,SMET,Shimoga Town,MYS,MYSORE JN,276,8.83,PUBLIC_COMMUNITY
06301,Nagercoil-Mangalore Special,Exp,NCJ,NAGERCOIL JN,MAJN,MANGALORE JN,711,17.67,PUBLIC_COMMUNITY
06302,Mangalore-Nagercoil Special,Exp,MAJN,MANGALORE JN,NCJ,NAGERCOIL JN,711,15.58,PUBLIC_COMMUNITY
06501,Yesvantpur - Ahmedabad Garib Rath Special,GR,YPR,YESVANTPUR JN,ADI,AHMEDABAD JN,1719,34.83,PUBLIC_COMMUNITY
06502,Ahmedabad -Yesvantpur Garib Rath Special,GR,ADI,AHMEDABAD JN,YPR,YESVANTPUR JN,1719,39.17,PUBLIC_COMMUNITY
06535,Bijapur Express,Exp,YPR,YESVANTPUR JN,BJP,BIJAPUR,712,15.25,PUBLIC_COMMUNITY
06536,Bijapur-Yesvantpur Special,Exp,BJP,BIJAPUR,YPR,YESVANTPUR JN,712,15.58,PUBLIC_COMMUNITY
06591,Yesvantpur-Hosur Passenger Special,Pass,YPR,YESVANTPUR JN,HSRA,Hosur,67,1.58,PUBLIC_COMMUNITY
06592,Hosur-Yesvantpur Passenger,Pass,HSRA,Hosur,YPR,YESVANTPUR JN,67,1.67,PUBLIC_COMMUNITY
06594,Hosur-Yesvantpur Passenger Special,Pass,HSRA,Hosur,YPR,YESVANTPUR JN,67,1.58,PUBLIC_COMMUNITY
06595,Yesvantpur-Devanhalli Special,Pass,YPR,YESVANTPUR JN,DHL,Devanhalli,36,1.08,PUBLIC_COMMUNITY
06596,Devanahalli-Yesvantpur Special,Pass,DHL,Devanhalli,YPR,YESVANTPUR JN,36,1.17,PUBLIC_COMMUNITY
06617,Coimbatore-Nagercoil Special,Exp,CBE,COIMBATORE JN,NCJ,NAGERCOIL JN,497,10.33,PUBLIC_COMMUNITY
06618,Nagercoil-Coimbatore Special,Exp,NCJ,NAGERCOIL JN,CBE,COIMBATORE JN,497,11.75,PUBLIC_COMMUNITY
06621,Coimbatore-Yesvantpur SF Special,SF,CBE,COIMBATORE JN,YPR,YESVANTPUR JN,440,7.33,PUBLIC_COMMUNITY
06622,Yesvantpur-Coimbatore SF Special,SF,YPR,YESVANTPUR JN,CBE,COIMBATORE JN,440,7.42,PUBLIC_COMMUNITY
06837,Karaikkudi Manamadurai Passenger,Pass,KKDI,Karaikkudi Junction,MNM,MANAMADURAI JN,61,1.33,PUBLIC_COMMUNITY
06838,Manamadurai Karaikkudi Passenger,Pass,MNM,MANAMADURAI JN,KKDI,Karaikkudi Junction,61,1.33,PUBLIC_COMMUNITY
06839,Tiruchirappalli Karaikkudi Passenger Special,Pass,TPJ,TIRUCHIRAPPALLI,KKDI,Karaikkudi Junction,90,2.33,PUBLIC_COMMUNITY
06840,Karaikkudi-Tiruchirappalli Passenger Special,Pass,KKDI,Karaikkudi Junction,TPJ,TIRUCHIRAPPALLI,90,2.42,PUBLIC_COMMUNITY
06948,Hubli Jn - Vasco Da Gama Link Express,Exp,UBL,HUBLI JN,VSG,VASCO DA GAMA,236,7.5,PUBLIC_COMMUNITY
07003,Hyderabad-Korba Special,Exp,HYB,HYDERABAD DECCAN,KRBA,Korba,996,19.0,PUBLIC_COMMUNITY
07004,Korba-Hyderabad Special,Exp,KRBA,Korba,HYB,HYDERABAD DECCAN,999,20.75,PUBLIC_COMMUNITY
07105,Ajmer - Hyderabad Special,Exp,AII,AJMER JN,HYB,HYDERABAD DECCAN,2033,39.25,PUBLIC_COMMUNITY
40005,Chennai Beach Tambaram EMU,MEMU,MSB,CHENNAI BEACH,TBM,TAMBARAM,29,0.92,PUBLIC_COMMUNITY
55138,Shahganj Ballia Passenger,Pass,SHG,SHAHGANJ JN,BUI,BALLIA,168,4.5,PUBLIC_COMMUNITY
56393,Kottayam Kollam Passenger,Pass,KTYM,KOTTAYAM,QLN,KOLLAM JN,96,2.5,PUBLIC_COMMUNITY
24041,DELHI SARAI ROHILLA - KOTDWAR Mussoorie Exp,,NBD,NAJIBABAD JN,KTW,KOTDWARA,0,0.0,PUBLIC_COMMUNITY
07144,Shahu Maharaj T. Kolhapur - Hyderabad Special,Exp,KOP,C SHAHU M RAJ KOLHAPUR TERM,HYB,HYDERABAD DECCAN,998,23.25,PUBLIC_COMMUNITY
07301,Mysore Shimoga Express,Exp,MYS,MYSORE JN,SMET,Shimoga Town,276,7.92,PUBLIC_COMMUNITY
07403,Adilabad-Nanded Special,Pass,ADB,ADILABAD,NED,HUZUR SAHIB NANDED,185,4.75,PUBLIC_COMMUNITY
07404,Nanded-Adilabad Special,Pass,NED,HUZUR SAHIB NANDED,ADB,ADILABAD,185,4.5,PUBLIC_COMMUNITY
07603,Kacheguda Kamareddi Special,Pass,KCG,KACHEGUDA,KMC,KAMAREDDI,114,3.33,PUBLIC_COMMUNITY
07605,Kamareddi-Nizamabad Passenger Special,Pass,KMC,KAMAREDDI,NZB,NIZAMABAD,52,0.92,PUBLIC_COMMUNITY
07606,Nizamabad-Kamareddi Special,Pass,NZB,NIZAMABAD,KMC,KAMAREDDI,52,0.92,PUBLIC_COMMUNITY
07607,Secunderabad - Mancherial Special,Exp,SC,SECUNDERABAD JN,MCI,MANCHIRYAL,239,4.08,PUBLIC_COMMUNITY
07608,Mancherial - Secunderabad Special,Exp,MCI,MANCHIRYAL,SC,SECUNDERABAD JN,239,4.0,PUBLIC_COMMUNITY
08001,Kharagpur-Jhargram Express Special,Exp,KGP,KHARAGPUR JN,JGM,JHARGRAM,39,0.58,PUBLIC_COMMUNITY
08002,Jhargram-Kharagpur Special,Exp,JGM,JHARGRAM,KGP,KHARAGPUR JN,39,0.92,PUBLIC_COMMUNITY
08004,Mysore - Howrah Special,Exp,MYS,MYSORE JN,HWH,HOWRAH JN,2111,38.33,PUBLIC_COMMUNITY
08017,Kharagpur- Jhargram MEMU Special,MEMU,KGP,KHARAGPUR JN,JGM,JHARGRAM,38,0.83,PUBLIC_COMMUNITY
08018,Jhargram - Kharagpur MEMU Special,MEMU,JGM,JHARGRAM,KGP,KHARAGPUR JN,38,0.92,PUBLIC_COMMUNITY
08043,Kolkata Shalimar-Haridwar Puja Special,Exp,SHM,KOLKATA SHALIMAR,HW,HARIDWAR JN,1595,29.75,PUBLIC_COMMUNITY
08051,Kharagpur- Jhargram MEMU Special,MEMU,KGP,KHARAGPUR JN,JGM,JHARGRAM,38,0.63,PUBLIC_COMMUNITY
08052,Jhargram - Kharagpur MEMU Special,MEMU,JGM,JHARGRAM,KGP,KHARAGPUR JN,38,0.67,PUBLIC_COMMUNITY
08055,Shalimar-Tirupati Special,SF,SHM,KOLKATA SHALIMAR,TPTY,TIRUPATI MAIN,1616,26.17,PUBLIC_COMMUNITY
08113,Tatanagar Bilaspur Passenger,Pass,TATA,TATANAGAR JN,BSP,BILASPUR JN,470,14.25,PUBLIC_COMMUNITY
08114,Bilaspur Tatanagar Passenger,Pass,BSP,BILASPUR JN,TATA,TATANAGAR JN,470,17.67,PUBLIC_COMMUNITY
08469,Puri-Bangalore weekly Garib Rath special,GR,PURI,PURI,SBC,BANGALORE CITY JN,1529,32.25,PUBLIC_COMMUNITY
08470,Bangalore-Puri Garib Rath Special,GR,SBC,BANGALORE CITY JN,PURI,PURI,1529,29.92,PUBLIC_COMMUNITY
08471,Bhubaneswar - Tirupati Weekly Special,Exp,BBS,BHUBANESWAR,TPTY,TIRUPATI MAIN,1205,22.0,PUBLIC_COMMUNITY
08472,Tirupati - Bhubaneswar Weekly Special,Exp,TPTY,TIRUPATI MAIN,BBS,BHUBANESWAR,1205,24.0,PUBLIC_COMMUNITY
08565,Visakhapatnam-Secunderabad Special,Exp,VSKP,VISHAKAPATNAM,SC,SECUNDERABAD JN,701,13.33,PUBLIC_COMMUNITY
08566,Secunderabad Vishakaptnam Special,Exp,SC,SECUNDERABAD JN,VSKP,VISHAKAPATNAM,701,12.75,PUBLIC_COMMUNITY
08567,Visakhapatnam Sainagar Shirdi special,Exp,VSKP,VISHAKAPATNAM,SNSI,SAINAGAR SHIRDI,1403,29.5,PUBLIC_COMMUNITY
08568,Shirdi-Visakhapatnam Weekly Special,Exp,SNSI,SAINAGAR SHIRDI,VSKP,VISHAKAPATNAM,1405,28.42,PUBLIC_COMMUNITY
08569,Visakhapatnam-Kollam Sabarimalai Special,Exp,VSKP,VISHAKAPATNAM,QLN,KOLLAM JN,1568,30.5,PUBLIC_COMMUNITY
08786,Dalli Rajhara Durg Pass,Pass,DRZ,Dalli Rajhara,DURG,DURG,88,2.08,PUBLIC_COMMUNITY
08787,Raipur-Durg Special,Pass,R,RAIPUR JN,DURG,DURG,37,1.0,PUBLIC_COMMUNITY
08788,Durg-Raipur Special,Pass,DURG,DURG,R,RAIPUR JN,37,1.0,PUBLIC_COMMUNITY
09002,Ahmedabad Mumbai Central Superfast Special,SF,ADI,AHMEDABAD JN,BCT,Mumbai Central,491,8.08,PUBLIC_COMMUNITY
09021,BANDRA TERMINUS - JAMMU TAWI AC Suvidha Special (Starts 4 April),SF,BDTS,MUMBAI BANDRA TERMINUS,JAT,JAMMU TAWI,1955,32.75,PUBLIC_COMMUNITY
09051,Valsad-Varanasi Weekly Special,Exp,BL,VALSAD,BSB,VARANASI JN,1467,29.5,PUBLIC_COMMUNITY
09221,Porbandar Secunderabad Weekly Special,Exp,PBR,PORBANDAR,SC,SECUNDERABAD JN,1694,34.67,PUBLIC_COMMUNITY
09561,Bandra Terminus Okha Weekly Special,Exp,BDTS,MUMBAI BANDRA TERMINUS,OKHA,OKHA,980,20.33,PUBLIC_COMMUNITY
09733,Hanumangarh Kota Special,Exp,HMH,HANUMANGARH JN,KOTA,KOTA JN,852,15.08,PUBLIC_COMMUNITY
09734,Kota Hanumangarh Special,Exp,KOTA,KOTA JN,HMH,HANUMANGARH JN,852,16.08,PUBLIC_COMMUNITY
11015,Kushinagar Express,Exp,LTT,LOKMANYA TILAK TERM,GKP,GORAKHPUR JN,1680,32.67,PUBLIC_COMMUNITY
12084,Coimbatore-Mayiladuturai Jan Shatabdi,JShtb,CBE,COIMBATORE JN,MV,MAYILADUTURAI JN,362,6.67,PUBLIC_COMMUNITY
13401,InterCity Express,Exp,BGP,BHAGALPUR,DNR,DANAPUR,231,6.83,PUBLIC_COMMUNITY
13410,InterCity Express,Exp,BGP,BHAGALPUR,MLDT,MALDA TOWN,178,4.33,PUBLIC_COMMUNITY
40007,Chennai Beach Tambaram EMU(12 Car),MEMU,MSB,CHENNAI BEACH,TBM,TAMBARAM,33,0.92,PUBLIC_COMMUNITY
56320,Coimbatore Nagercoil Passenger,Pass,CBE,COIMBATORE JN,NCJ,NAGERCOIL JN,532,13.25,PUBLIC_COMMUNITY
08785,Durg Dalli Rajhara Pass,Pass,DURG,DURG,DRZ,Dalli Rajhara,88,2.08,PUBLIC_COMMUNITY
01494,Bijapur Hubli Special,Exp,BJP,BIJAPUR,UBL,HUBLI JN,249,6.08,PUBLIC_COMMUNITY
09222,Secunderabad-Porbandar Weekly Special,Exp,SC,SECUNDERABAD JN,PBR,PORBANDAR,1683,34.67,PUBLIC_COMMUNITY
09405,Ahmedabad Yesvantpur (Weekly) Special,Exp,ADI,AHMEDABAD JN,YPR,YESVANTPUR JN,1556,32.5,PUBLIC_COMMUNITY
09406,Yeshwantpur-Ahmedabad Special,Exp,YPR,YESVANTPUR JN,ADI,AHMEDABAD JN,1581,33.33,PUBLIC_COMMUNITY
09562,Okha - Bandra Terminus Weekly Special,Exp,OKHA,OKHA,BDTS,MUMBAI BANDRA TERMINUS,980,18.17,PUBLIC_COMMUNITY
09621,Ajmer Jaipur SF Special,SF,AII,AJMER JN,JP,JAIPUR,135,1.92,PUBLIC_COMMUNITY
09622,Jaipur Ajmer SF Special,SF,JP,JAIPUR,AII,AJMER JN,135,1.92,PUBLIC_COMMUNITY
09715,Jaipur Solapur (Weekly) Special,Exp,JP,JAIPUR,SUR,SOLAPUR JN,1744,37.67,PUBLIC_COMMUNITY
09716,Solapur - Jaipur Special,Exp,SUR,SOLAPUR JN,JP,JAIPUR,1744,35.75,PUBLIC_COMMUNITY
09721,Jaipur Delhi Sarai Rohilla SF Special,SF,JP,JAIPUR,DEE,DELHI SARAI ROHILLA,303,4.5,PUBLIC_COMMUNITY
09724,Jaipur - Sabarmati SF Holiday Spl,SF,JP,JAIPUR,SBI,SABARMATI JN,620,10.83,PUBLIC_COMMUNITY
09727,Indore-Jaipur Special,Exp,INDB,INDORE JN BG,JP,JAIPUR,599,9.5,PUBLIC_COMMUNITY
09728,Jaipur-Indore Special,Exp,JP,JAIPUR,INDB,INDORE JN BG,599,9.92,PUBLIC_COMMUNITY
09735,Secunderabad-Jaipur Special,Exp,SC,SECUNDERABAD JN,JP,JAIPUR,1666,30.5,PUBLIC_COMMUNITY
09736,Jaipur - Secunderabad (Weekly) Special,Exp,JP,JAIPUR,SC,SECUNDERABAD JN,1669,30.75,PUBLIC_COMMUNITY
09741,Rewari - Delhi Sarai Rohilla (Daily) Special,Exp,RE,REWARI,DEE,DELHI SARAI ROHILLA,78,1.5,PUBLIC_COMMUNITY
09742,Delhi Sarai Rohilla - Rewari (Daily) Special,Exp,DEE,DELHI SARAI ROHILLA,RE,REWARI,78,1.5,PUBLIC_COMMUNITY
09761,Surathgarh Anupgarh Passenger,Pass,APH,ANUPGARH,SOG,SURATGARH JN,78,1.58,PUBLIC_COMMUNITY
09762,Suratgarh - Anupgarh Passenger Special,Pass,SOG,SURATGARH JN,APH,ANUPGARH,76,1.58,PUBLIC_COMMUNITY
09763,Surathgarh Anupgarh Passenger,Pass,APH,ANUPGARH,SOG,SURATGARH JN,78,1.58,PUBLIC_COMMUNITY
09764,Suratgarh - Anupgarh Passenger Special,Pass,SOG,SURATGARH JN,APH,ANUPGARH,78,1.67,PUBLIC_COMMUNITY
09765,Phulera Rewari Passenger Special,Pass,FL,PHULERA JN,RE,REWARI,216,5.08,PUBLIC_COMMUNITY
09766,Rewari-Phulera Passenger Special,Pass,RE,REWARI,FL,PHULERA JN,216,5.08,PUBLIC_COMMUNITY
10001,Satpura Express,Exp,BTC,Balaghat Junction,JBP,JABALPUR,187,6.83,PUBLIC_COMMUNITY
10002,Satpura Express,Exp,JBP,JABALPUR,BTC,Balaghat Junction,187,6.67,PUBLIC_COMMUNITY
10103,MUMBAI CST - MADGAON Mandovi Exp,Exp,CSTM,MUMBAI CST,MAO,MADGAON,765,11.83,PUBLIC_COMMUNITY
10104,MADGAON - MUMBAI CST Mandovi Exp,Exp,MAO,MADGAON,CSTM,MUMBAI CST,765,12.0,PUBLIC_COMMUNITY
10111,MUMBAI CST - MADGAON Konkan Knaya Exp,Exp,CSTM,MUMBAI CST,MAO,MADGAON,765,11.67,PUBLIC_COMMUNITY
10112,MADGAON - MUMBAI CST Konkan Knaya Exp,Exp,MAO,MADGAON,CSTM,MUMBAI CST,765,11.83,PUBLIC_COMMUNITY
10215,Madgaon Ernakulam Weekly Super Fast Express,Exp,MAO,MADGAON,ERS,ERNAKULAM JN,850,13.42,PUBLIC_COMMUNITY
10216,Ernakulam Madgaon Weekly SF Express,Exp,ERS,ERNAKULAM JN,MAO,MADGAON,850,13.42,PUBLIC_COMMUNITY
11003,DADAR - SAWANTWADI RD Rajya Rani Exp,Exp,DR,MUMBAI DADAR CENTRAL,SWV,SAWANTWADI ROAD,646,11.0,PUBLIC_COMMUNITY
11004,SAWANTWADI RD - DADAR Rajya Rani Exp,Exp,SWV,SAWANTWADI ROAD,DR,MUMBAI DADAR CENTRAL,646,12.33,PUBLIC_COMMUNITY
11007,Deccan Express,Exp,CSTM,MUMBAI CST,PUNE,PUNE JN,192,4.0,PUBLIC_COMMUNITY
11009,Sinhagad Express,Exp,CSTM,MUMBAI CST,PUNE,PUNE JN,192,4.17,PUBLIC_COMMUNITY
11010,Sinhagad Express,Exp,PUNE,PUNE JN,CSTM,MUMBAI CST,192,3.83,PUBLIC_COMMUNITY
11011,Mahalaxmi Express,Exp,CSTM,MUMBAI CST,KOP,C SHAHU M RAJ KOLHAPUR TERM,518,10.95,PUBLIC_COMMUNITY
11012,Mahalaxmi Express,Exp,KOP,C SHAHU M RAJ KOLHAPUR TERM,CSTM,MUMBAI CST,518,10.92,PUBLIC_COMMUNITY
11014,Coimbatore Mumbai LTT Express,Exp,CBE,COIMBATORE JN,LTT,LOKMANYA TILAK TERM,1518,30.5,PUBLIC_COMMUNITY
11016,Kushinagar Express,Exp,GKP,GORAKHPUR JN,LTT,LOKMANYA TILAK TERM,1680,33.25,PUBLIC_COMMUNITY
11018,Chalukya Express,Exp,YPR,YESVANTPUR JN,DR,MUMBAI DADAR CENTRAL,1205,23.33,PUBLIC_COMMUNITY
15212,AMRITSAR - DARBHANGA Jan Nayak Exp,Exp,ASR,AMRITSAR JN,DBG,DARBHANGA JN,1499,33.08,PUBLIC_COMMUNITY
40013,Chennai Beach Tambaram EMU(12 Car),MEMU,MSB,CHENNAI BEACH,TBM,TAMBARAM,33,0.92,PUBLIC_COMMUNITY
56304,Nagercoil Kottayam Passenger,Pass,NCJ,NAGERCOIL JN,KTYM,KOTTAYAM,231,7.5,PUBLIC_COMMUNITY
56386,Kottayam Ernakulam Passenger,Pass,KTYM,KOTTAYAM,ERS,ERNAKULAM JN,60,1.67,PUBLIC_COMMUNITY
56390,Kottayam Ernakulam Passenger,Pass,KTYM,KOTTAYAM,ERS,ERNAKULAM JN,60,1.67,PUBLIC_COMMUNITY
02082,Loharu - Jaipur Passenger Spl (MG),Pass,LHU,Loharu,JP,JAIPUR,229,6.92,PUBLIC_COMMUNITY
02083,Jaipur-Loharu MG Passenger Special,Pass,JP,JAIPUR,LHU,Loharu,229,6.67,PUBLIC_COMMUNITY
02084,Loharu - Jaipur Passenger Spl (MG),Pass,LHU,Loharu,JP,JAIPUR,230,6.58,PUBLIC_COMMUNITY
02085,Jaipur - Churu Passenger Spl (MG),Pass,JP,JAIPUR,CUR,Churu,198,5.33,PUBLIC_COMMUNITY
02086,Churu - Jaipur Passenger Spl (MG),Pass,CUR,Churu,JP,JAIPUR,198,5.83,PUBLIC_COMMUNITY
02087,Jaipur - Churu Passenger Spl (MG),Pass,JP,JAIPUR,CUR,Churu,198,7.25,PUBLIC_COMMUNITY
02088,Churu - Jaipur Passenger Spl (MG),Pass,CUR,Churu,JP,JAIPUR,198,5.17,PUBLIC_COMMUNITY
02089,Sikar - Churu Passenger Spl (MG),Pass,SIKR,Sikar Junction,CUR,Churu,90,2.5,PUBLIC_COMMUNITY
02090,Sikar - Churu Passenger Spl (MG),Pass,CUR,Churu,SIKR,Sikar Junction,90,2.08,PUBLIC_COMMUNITY
02093,Jaipur Loharu Passenger,Pass,JP,JAIPUR,LHU,Loharu,229,6.92,PUBLIC_COMMUNITY
02411,Ratangarh-Sardarshahar Passenger,Pass,RTGH,Ratangarh Junction,SRDR,Sardarshahr,46,1.67,PUBLIC_COMMUNITY
02412,Sardarshahr-Ratangarh Passenger Special,Pass,SRDR,Sardarshahr,RTGH,Ratangarh Junction,46,1.67,PUBLIC_COMMUNITY
02413,Sadulpur-Shri Ganganagar Passenger Special,Pass,SDLP,Sadulpur Junction,SGNR,SHRI GANGANAGAR,246,5.75,PUBLIC_COMMUNITY
02423,Dibrugarh Guwahati Rajdhani Express,Raj,DBRT,DIBRUGARH TOWN,GHY,GUWAHATI,564,10.0,PUBLIC_COMMUNITY
02424,Guwahati Dibrugarh Rajdhani Express,Raj,GHY,GUWAHATI,DBRT,DIBRUGARH TOWN,564,10.92,PUBLIC_COMMUNITY
02435,Dibrugarh Guwahati Rajdhani Express,Raj,DBRT,DIBRUGARH TOWN,GHY,GUWAHATI,564,10.08,PUBLIC_COMMUNITY
02436,Guwahati Dibrugarh Rajdhani Express,Raj,GHY,GUWAHATI,DBRT,DIBRUGARH TOWN,564,10.67,PUBLIC_COMMUNITY
02451,Kalka Shimla Holiday Special,Pass,KLK,Kalka,SML,Shimla,95,5.17,PUBLIC_COMMUNITY
02452,Shimla Kalka Holiday Special,Pass,SML,Shimla,KLK,Kalka,96,5.33,PUBLIC_COMMUNITY
02453,Kalka Shimla Holiday Special,Pass,KLK,Kalka,SML,Shimla,95,5.42,PUBLIC_COMMUNITY
02454,Shimla Kalka Holiday Special,Pass,SML,Shimla,KLK,Kalka,96,5.92,PUBLIC_COMMUNITY
02779,Vasco da Gama Bangalore Link Express,SF,VSG,VASCO DA GAMA,SBC,BANGALORE CITY JN,705,16.42,PUBLIC_COMMUNITY
03283,Rajendra Nagar-Tatanagar Special,Exp,RJPB,RAJENDRA NAGAR BIHAR,TATA,TATANAGAR JN,496,10.83,PUBLIC_COMMUNITY
03284,Tatanagar-Rajendra Nagar Special,Exp,TATA,TATANAGAR JN,RJPB,RAJENDRA NAGAR BIHAR,496,11.0,PUBLIC_COMMUNITY
03686,Delhi Gaya S,SF,DLI,OLD DELHI,GAYA,GAYA JN,972,14.58,PUBLIC_COMMUNITY
04011,Sainagar Shirdi - H. Nizamuddin (Weekly) Special,Exp,SNSI,SAINAGAR SHIRDI,NZM,DELHI H NIZAMUDDIN,1361,26.92,PUBLIC_COMMUNITY
04031,Delhi-Panipat Special,Exp,DLI,OLD DELHI,PNP,PANIPAT JN,89,2.83,PUBLIC_COMMUNITY
04032,Panipat Delhi Special,Exp,PNP,PANIPAT JN,DLI,OLD DELHI,89,2.5,PUBLIC_COMMUNITY
04053,Anand Vihar T.-Jammu Tawi Special,Exp,ANVT,ANAND VIHAR TRM,JAT,JAMMU TAWI,633,12.58,PUBLIC_COMMUNITY
04054,Jammu Tawi-Anand Vihar Special,Exp,JAT,JAMMU TAWI,ANVT,ANAND VIHAR TRM,633,12.17,PUBLIC_COMMUNITY
04115,Allahabad - Mumbai LTT (Weekly) Special,Exp,ALD,ALLAHABAD JN,LTT,LOKMANYA TILAK TERM,1533,28.25,PUBLIC_COMMUNITY
02081,Jaipur Luharu Special,Exp,JP,JAIPUR,LHU,Loharu,229,6.58,PUBLIC_COMMUNITY
04116,Mumbai LTT-Allahabad Special,Exp,LTT,LOKMANYA TILAK TERM,ALD,ALLAHABAD JN,1533,30.0,PUBLIC_COMMUNITY
04201,Lucknow -New Delhi Special,Exp,LKO,LUCKNOW,NDLS,NEW DELHI,493,9.58,PUBLIC_COMMUNITY
04202,New Delhi-Lucknow tri-weekly Special,Exp,NDLS,NEW DELHI,LKO,LUCKNOW,493,9.83,PUBLIC_COMMUNITY
04203,Varanasi-Old Delhi Special,Exp,BSB,VARANASI JN,DLI,OLD DELHI,770,14.17,PUBLIC_COMMUNITY
11067-Slip,Saket Express Slip,Exp,LTT,LOKMANYA TILAK TERM,RBL,RAE BARELI JN,1502,27.0,PUBLIC_COMMUNITY
11108,Varanasi-Gwalior Bundelkhand Express,Exp,BSB,VARANASI JN,GWL,GWALIOR JN,624,14.83,PUBLIC_COMMUNITY
11109,Jhansi-Lucknow Intercity Express,Exp,JHS,JHANSI JN,LKO,LUCKNOW,292,5.83,PUBLIC_COMMUNITY
11110,Lucknow-Jhansi InterCity,Exp,LKO,LUCKNOW,JHS,JHANSI JN,292,6.08,PUBLIC_COMMUNITY
11123,Barauni-Gwalior Mail,Mail,BJU,BARAUNI JN,GWL,GWALIOR JN,1055,26.25,PUBLIC_COMMUNITY
11124,Gwalior Barauni Mail,Mail,GWL,GWALIOR JN,BJU,BARAUNI JN,1055,25.33,PUBLIC_COMMUNITY
11125,Indore Gwalior Express,Exp,INDB,INDORE JN BG,GWL,GWALIOR JN,562,12.17,PUBLIC_COMMUNITY
11126,Gwalior Indore Express,Exp,GWL,GWALIOR JN,INDB,INDORE JN BG,562,12.33,PUBLIC_COMMUNITY
11454,Prerna Express,Exp,NGP,NAGPUR,ADI,AHMEDABAD JN,959,18.08,PUBLIC_COMMUNITY
52071,BARI SADRI - MAVLI PASSENGER,Pass,BI,BARI SADRI,MVJ,MAVLI JN,82,2.92,PUBLIC_COMMUNITY
11063-Slip,Chennai Salem Express Slip,Exp,MS,CHENNAI EGMORE,MTDM,METUR DAM,393,9.08,PUBLIC_COMMUNITY
11065,MUMBAI LTT - DARBHANGA Pawan Exp,Exp,LTT,LOKMANYA TILAK TERM,DBG,DARBHANGA JN,1880,37.08,PUBLIC_COMMUNITY
11066,DARBHANGA - MUMBAI LTT Pawan Exp,Exp,DBG,DARBHANGA JN,LTT,LOKMANYA TILAK TERM,1880,38.58,PUBLIC_COMMUNITY
11067,MUMBAI LTT - FAIZABAD Saket Exp,Exp,LTT,LOKMANYA TILAK TERM,FD,FAIZABAD JN,1505,28.08,PUBLIC_COMMUNITY
11068,FAIZABAD - MUMBAI LTT Saket Exp,Exp,FD,FAIZABAD JN,LTT,LOKMANYA TILAK TERM,1505,30.08,PUBLIC_COMMUNITY
11069,Tulsi Express,Exp,LTT,LOKMANYA TILAK TERM,ALD,ALLAHABAD JN,1511,27.5,PUBLIC_COMMUNITY
11070,Tulsi Express,Exp,ALD,ALLAHABAD JN,LTT,LOKMANYA TILAK TERM,1511,29.42,PUBLIC_COMMUNITY
11071,Kamayani Express,Exp,LTT,LOKMANYA TILAK TERM,BSB,VARANASI JN,1640,30.75,PUBLIC_COMMUNITY
11072,Kamayani Express,Exp,BSB,VARANASI JN,LTT,LOKMANYA TILAK TERM,1640,31.25,PUBLIC_COMMUNITY
11077,Jhelum Express,Exp,PUNE,PUNE JN,JAT,JAMMU TAWI,2177,40.0,PUBLIC_COMMUNITY
11078,Jhelum Express,Exp,JAT,JAMMU TAWI,PUNE,PUNE JN,2173,40.83,PUBLIC_COMMUNITY
11087,Veraval Pune Express,Exp,VRL,VERAVAL,PUNE,PUNE JN,1066,22.33,PUBLIC_COMMUNITY
11088,Pune Veraval Express,Exp,PUNE,PUNE JN,VRL,VERAVAL,1066,20.83,PUBLIC_COMMUNITY
11089,BHAGAT KI KOTHI - PUNE Exp,Exp,BGKT,BHAGAT KI KOTHI,PUNE,PUNE JN,1094,23.25,PUBLIC_COMMUNITY
11090,PUNE - BHAGAT KI KOTHI Exp,Exp,PUNE,PUNE JN,BGKT,BHAGAT KI KOTHI,1094,21.75,PUBLIC_COMMUNITY
11091,BHUJ - PUNE Ahimsa Exp,Exp,BHUJ,BHUJ,PUNE,PUNE JN,993,20.75,PUBLIC_COMMUNITY
11092,PUNE - BHUJ Ahimsa Exp,Exp,PUNE,PUNE JN,BHUJ,BHUJ,993,19.5,PUBLIC_COMMUNITY
11093,MUMBAI CST - VARANASI Mahanagari Exp,Exp,CSTM,MUMBAI CST,BSB,VARANASI JN,1533,28.5,PUBLIC_COMMUNITY
11094,VARANASI - MUMBAI CST Mahanagari Exp,Exp,BSB,VARANASI JN,CSTM,MUMBAI CST,1533,26.83,PUBLIC_COMMUNITY
11095,Ahimsa Express,Exp,ADI,AHMEDABAD JN,PUNE,PUNE JN,635,12.75,PUBLIC_COMMUNITY
11096,Ahimsa Express,Exp,PUNE,PUNE JN,ADI,AHMEDABAD JN,635,11.92,PUBLIC_COMMUNITY
11105,Pratham Swatantrata Sangram Express,Exp,KOAA,KOLKATA CHITPUR,JHS,JHANSI JN,1326,25.42,PUBLIC_COMMUNITY
11106,Pratham Swatantrata Sangram Express,Exp,JHS,JHANSI JN,KOAA,KOLKATA CHITPUR,1326,25.08,PUBLIC_COMMUNITY
11266,AMBIKAPUR - JABALPUR Exp,Exp,ABKP,AMBIKAPUR,JBP,JABALPUR,433,8.83,PUBLIC_COMMUNITY
11401,Nandigram Express,Exp,CSTM,MUMBAI CST,NGP,NAGPUR,1139,23.67,PUBLIC_COMMUNITY
11402,Nandigram Express,Exp,NGP,NAGPUR,CSTM,MUMBAI CST,1139,23.67,PUBLIC_COMMUNITY
11403,NAGPUR - KOLHAPUR EXP,Exp,NGP,NAGPUR,KOP,C SHAHU M RAJ KOLHAPUR TERM,1038,24.42,PUBLIC_COMMUNITY
11404,KOLHAPUR - NAGPUR EXP,Exp,KOP,C SHAHU M RAJ KOLHAPUR TERM,NGP,NAGPUR,1038,23.75,PUBLIC_COMMUNITY
11423,Solapur - Hubli Express,Exp,SUR,SOLAPUR JN,UBL,HUBLI JN,358,8.08,PUBLIC_COMMUNITY
11424,Hubli Jn - Solapur Express,Exp,UBL,HUBLI JN,SUR,SOLAPUR JN,357,8.25,PUBLIC_COMMUNITY
11447,JABALPUR - KOL HOWRAH Shaktipunj Exp,Exp,JBP,JABALPUR,HWH,HOWRAH JN,1152,27.75,PUBLIC_COMMUNITY
11448,HOWRAH - JABALPUR Shaktipunj Exp,Exp,HWH,HOWRAH JN,JBP,JABALPUR,1152,25.25,PUBLIC_COMMUNITY
11449,JABALPUR - SHRI MATA VAISHNO DEVI KATRA Express,Exp,JBP,JABALPUR,SVDK,S M V D KATRA,1509,31.17,PUBLIC_COMMUNITY
11450,SHRI MATA VAISHNO DEVI KATRA - JABALPUR Express,Exp,SVDK,S M V D KATRA,JBP,JABALPUR,1509,32.92,PUBLIC_COMMUNITY
11451,JABALPUR - REWA Intercity Exp,Exp,JBP,JABALPUR,REWA,REWA,238,4.58,PUBLIC_COMMUNITY
11452,REWA - JABALPUR Intercity Exp,Exp,REWA,REWA,JBP,JABALPUR,238,4.42,PUBLIC_COMMUNITY
11453,Prerna Express,Exp,ADI,AHMEDABAD JN,NGP,NAGPUR,959,19.83,PUBLIC_COMMUNITY
11463,Somnath-Jabalpur Express,Exp,SMNH,SOMNATH,JBP,JABALPUR,1415,29.5,PUBLIC_COMMUNITY
11464,Jabalpur-Somnath Express,Exp,JBP,JABALPUR,SMNH,SOMNATH,1415,29.92,PUBLIC_COMMUNITY
11471,Indore-Jabalpur Overnight Express,Exp,INDB,INDORE JN BG,JBP,JABALPUR,555,11.92,PUBLIC_COMMUNITY
11472,Jabalpur-Indore Express,Exp,JBP,JABALPUR,INDB,INDORE JN BG,555,11.5,PUBLIC_COMMUNITY
12003,Lucknow-NewDelhi Swarn Shatabdi Express,Shtb,LKO,LUCKNOW,NDLS,NEW DELHI,511,6.5,PUBLIC_COMMUNITY
12020,Ranchi-Howrah Shatabdi Express,Shtb,RNC,RANCHI,HWH,HOWRAH JN,423,7.42,PUBLIC_COMMUNITY
12021,Barbil Janshatabdi,JShtb,HWH,HOWRAH JN,BBN,Barbil,398,6.92,PUBLIC_COMMUNITY
12022,Barbil Howrah Janshatabdi,JShtb,BBN,Barbil,HWH,HOWRAH JN,398,7.08,PUBLIC_COMMUNITY
12189,JABALPUR - DELHI H NIZAMUDDIN Mahakoshal SF Exp,SF,JBP,JABALPUR,NZM,DELHI H NIZAMUDDIN,961,17.42,PUBLIC_COMMUNITY
53030,Bhagalpur Azimganj Passenger,Pass,BGP,BHAGALPUR,AZ,AZIMGANJ JN,226,8.58,PUBLIC_COMMUNITY
56385,Ernakulam Kottayam Passenger,Pass,ERS,ERNAKULAM JN,KTYM,KOTTAYAM,60,1.92,PUBLIC_COMMUNITY
11465,SOMNATH - JABALPUR Exp (via Bina),Exp,SMNH,SOMNATH,JBP,JABALPUR,1570,32.83,PUBLIC_COMMUNITY
11466,JABALPUR - SOMNATH Exp (via Bina),Exp,JBP,JABALPUR,SMNH,SOMNATH,1570,31.92,PUBLIC_COMMUNITY
11702,INDORE - JABALPUR Intercity Exp,Exp,INDB,INDORE JN BG,JBP,JABALPUR,761,16.17,PUBLIC_COMMUNITY
12002,New Delhi-Bhopal Shatabdi Express,Shtb,NDLS,NEW DELHI,BPL,BHOPAL JN,701,7.83,PUBLIC_COMMUNITY
12004,NewDelh-Lucknowi Swarn Shatabdi Express,SF,NDLS,NEW DELHI,LKO,LUCKNOW,511,6.25,PUBLIC_COMMUNITY
12005,New Delhi-Kalka Shatabdi,Shtb,NDLS,NEW DELHI,KLK,Kalka,303,4.08,PUBLIC_COMMUNITY
12006,Kalka-New Delhi Shatabdi,Shtb,KLK,Kalka,NDLS,NEW DELHI,303,4.17,PUBLIC_COMMUNITY
12008,MYSORE - CHENNAI CENT Shatabdi Express,Shtb,MYS,MYSORE JN,MAS,CHENNAI CENTRAL,500,7.17,PUBLIC_COMMUNITY
12009,Mumbai-Ahmedabad Shatabdi Express,Shtb,BCT,Mumbai Central,ADI,AHMEDABAD JN,491,6.75,PUBLIC_COMMUNITY
12010,Ahmedabad-Mumbai Central Shatabdi,Shtb,ADI,AHMEDABAD JN,BCT,Mumbai Central,491,7.08,PUBLIC_COMMUNITY
12011,Kalka Shatabdi Express,Shtb,NDLS,NEW DELHI,KLK,Kalka,303,4.08,PUBLIC_COMMUNITY
12012,Kalka-New Delhi Shatabdi,Shtb,KLK,Kalka,NDLS,NEW DELHI,303,4.17,PUBLIC_COMMUNITY
12013,New Delhi-Amritsar Shatabdi Express,Shtb,NDLS,NEW DELHI,ASR,AMRITSAR JN,448,6.08,PUBLIC_COMMUNITY
12014,Amritsar-NewDelhi Shatabdi,Shtb,ASR,AMRITSAR JN,NDLS,NEW DELHI,448,6.25,PUBLIC_COMMUNITY
12015,New Delhi-Ajmer Shatabdi,Shtb,NDLS,NEW DELHI,AII,AJMER JN,443,6.58,PUBLIC_COMMUNITY
12016,Ajmer-New Delhi Shatabdi,Shtb,AII,AJMER JN,NDLS,NEW DELHI,443,6.83,PUBLIC_COMMUNITY
12017,New Delhi-Dehradun Shatabdi,Shtb,NDLS,NEW DELHI,DDN,DEHRADUN,315,5.83,PUBLIC_COMMUNITY
12018,Dehradun-New Delhi Shatabdi,Shtb,DDN,DEHRADUN,NDLS,NEW DELHI,315,5.75,PUBLIC_COMMUNITY
12023,Howrah-Patna Jan Shatabdi,JShtb,HWH,HOWRAH JN,PNBE,PATNA JN,532,8.17,PUBLIC_COMMUNITY
12024,Patna-Howrah Jan Shatabdi,JShtb,PNBE,PATNA JN,HWH,HOWRAH JN,532,7.67,PUBLIC_COMMUNITY
12025,Pune-Secunderabad Shatabdi Express,Shtb,PUNE,PUNE JN,SC,SECUNDERABAD JN,597,8.33,PUBLIC_COMMUNITY
12026,Secunderabad-Pune Shatabdi,Shtb,SC,SECUNDERABAD JN,PUNE,PUNE JN,597,8.33,PUBLIC_COMMUNITY
12028,BANGALORE CITY - CHENNAI CENT Shatabdi Exp,Shtb,SBC,BANGALORE CITY JN,MAS,CHENNAI CENTRAL,362,5.0,PUBLIC_COMMUNITY
12029,New Delhi-Amritsar Swarna Shatabdi Express,Shtb,NDLS,NEW DELHI,ASR,AMRITSAR JN,448,6.08,PUBLIC_COMMUNITY
12031,Amritsar Shatabdi Express,Shtb,NDLS,NEW DELHI,ASR,AMRITSAR JN,448,6.08,PUBLIC_COMMUNITY
12032,Amritsar Shatabdi Express,Shtb,ASR,AMRITSAR JN,NDLS,NEW DELHI,448,6.17,PUBLIC_COMMUNITY
12033,Kanpur Shatabdi,Shtb,CNB,KANPUR CENTRAL,NDLS,NEW DELHI,437,5.17,PUBLIC_COMMUNITY
12034,New Delhi-Kanpur Shatabdi Express,Shtb,NDLS,NEW DELHI,CNB,KANPUR CENTRAL,437,4.92,PUBLIC_COMMUNITY
12037,New Delhi-Ludhiana Shatabdi Express,Shtb,NDLS,NEW DELHI,LDH,LUDHIANA JN,329,5.33,PUBLIC_COMMUNITY
12038,Ludhiana-New Delhi Shatabdi Express,Shtb,LDH,LUDHIANA JN,NDLS,NEW DELHI,329,5.42,PUBLIC_COMMUNITY
12051,DADAR - MADGAON Jan Shatabdi Exp,JShtb,DR,MUMBAI DADAR CENTRAL,MAO,MADGAON,765,9.0,PUBLIC_COMMUNITY
12052,MADGAON - DADAR Jan Shatabdi Exp,JShtb,MAO,MADGAON,DR,MUMBAI DADAR CENTRAL,765,8.83,PUBLIC_COMMUNITY
12053,Haridwar Amritsar Jan Shatabdi Express,JShtb,HW,HARIDWAR JN,ASR,AMRITSAR JN,407,7.33,PUBLIC_COMMUNITY
12054,Amritsar Haridwar Jan Shatabdi,JShtb,ASR,AMRITSAR JN,HW,HARIDWAR JN,407,6.92,PUBLIC_COMMUNITY
12055,Dehradun Jan Shatabdi Express,JShtb,NDLS,NEW DELHI,DDN,DEHRADUN,303,5.92,PUBLIC_COMMUNITY
12059,Kota-Hazrat Nizamuddin Jan Shatabdi,JShtb,KOTA,KOTA JN,NZM,DELHI H NIZAMUDDIN,458,6.58,PUBLIC_COMMUNITY
12060,Hazarat Nizamuddin-Kota Jan Shatabdi,JShtb,NZM,DELHI H NIZAMUDDIN,KOTA,KOTA JN,458,6.33,PUBLIC_COMMUNITY
12063,Haridwar Chandigarh Una Link Jan Shatabdi Express,JShtb,HW,HARIDWAR JN,UHL,Una Himachal,368,7.58,PUBLIC_COMMUNITY
12064,Una Chandigarh Haridwar Link Jan Shatabdi,JShtb,UHL,Una Himachal,HW,HARIDWAR JN,368,8.92,PUBLIC_COMMUNITY
12067,Guwahati Jorhat Jan Shatabdi,JShtb,GHY,GUWAHATI,JTTN,Jorhat Town,376,6.67,PUBLIC_COMMUNITY
12083,Mayiladuturai-Coimbatore Jan Shatabdi,JShtb,MV,MAYILADUTURAI JN,CBE,COIMBATORE JN,362,6.58,PUBLIC_COMMUNITY
12107,Mumbai LTT Lucknow Superfast Express,SF,LTT,LOKMANYA TILAK TERM,LJN,LUCKNOW JN,1410,22.75,PUBLIC_COMMUNITY
12108,Lucknow Mumbai LTT Superfast Express,SF,LJN,LUCKNOW JN,LTT,LOKMANYA TILAK TERM,1409,24.0,PUBLIC_COMMUNITY
12110,Panchavati Express,SF,MMR,MANMAD JN,CSTM,MUMBAI CST,261,4.58,PUBLIC_COMMUNITY
12118,Manmad-Mumbai LTT Express,SF,MMR,MANMAD JN,LTT,LOKMANYA TILAK TERM,245,4.42,PUBLIC_COMMUNITY
56389,Ernakulam Kottayam Passenger,Pass,ERS,ERNAKULAM JN,KTYM,KOTTAYAM,60,1.92,PUBLIC_COMMUNITY
12056,Dehradun Jan Shatabdi Express,JShtb,DDN,DEHRADUN,NDLS,NEW DELHI,305,6.08,PUBLIC_COMMUNITY
12057,New Delhi-Una Janshatabdi,JShtb,NDLS,NEW DELHI,UHL,Una Himachal,410,7.58,PUBLIC_COMMUNITY
12058,Una-New Delhi Janshatabdi,JShtb,UHL,Una Himachal,NDLS,NEW DELHI,410,7.0,PUBLIC_COMMUNITY
12061,HabibGanj Bhopal-Jabalpur Jan Shatabdi,JShtb,HBJ,HABIBGANJ,JBP,JABALPUR,331,5.25,PUBLIC_COMMUNITY
12062,Jabalpur-HabibGanj Bhopal Jan Shatabdi,JShtb,JBP,JABALPUR,HBJ,HABIBGANJ,331,5.58,PUBLIC_COMMUNITY
12068,Jorhat Guwahati Jan Shatabdi,JShtb,JTTN,Jorhat Town,GHY,GUWAHATI,376,6.83,PUBLIC_COMMUNITY
12069,Raigarh-Gondia Jan Shatabdi,JShtb,RIG,RAIGARH,G,GONDIA JN,414,7.0,PUBLIC_COMMUNITY
12070,Gondia-Raigarh Jan Shatabdi,JShtb,G,GONDIA JN,RIG,RAIGARH,414,7.0,PUBLIC_COMMUNITY
12072,Aurangabad Mumbai Jan Shatabdi,JShtb,AWB,AURANGABAD,CSTM,MUMBAI CST,374,6.75,PUBLIC_COMMUNITY
12074,Bhubaneswar-Howrah Jan Shatabdi Express,JShtb,BBS,BHUBANESWAR,HWH,HOWRAH JN,439,6.5,PUBLIC_COMMUNITY
12075,Kozhikode-Trivandrum Jan Shatabdi Express,JShtb,CLT,KOZHIKODE,TVC,TRIVANDRUM CENTRAL,399,7.25,PUBLIC_COMMUNITY
12076,Trivandrum-Kozhikode Jan Shatabdi Express,JShtb,TVC,TRIVANDRUM CENTRAL,CLT,KOZHIKODE,399,7.0,PUBLIC_COMMUNITY
12078,Vijayawada Chennai Jan Shatabdi,JShtb,BZA,VIJAYAWADA JN,MAS,CHENNAI CENTRAL,431,6.58,PUBLIC_COMMUNITY
12079,Bangalore City-Hubli Jan Shatabdi,JShtb,SBC,BANGALORE CITY JN,UBL,HUBLI JN,469,7.42,PUBLIC_COMMUNITY
12080,Hubli Bangalore Janshatabdi,JShtb,UBL,HUBLI JN,SBC,BANGALORE CITY JN,469,7.42,PUBLIC_COMMUNITY
12081,Kozhikode - Trivandrum Jan Shatabdi,JShtb,CLT,KOZHIKODE,TVC,TRIVANDRUM CENTRAL,413,7.5,PUBLIC_COMMUNITY
12082,Trivandrum-Kozhikode Jan Shatabdi,JShtb,TVC,TRIVANDRUM CENTRAL,CLT,KOZHIKODE,413,7.75,PUBLIC_COMMUNITY
12101,MUMBAI LTT - HOWRAH Janeswari Super Deluxe Exp,SF,LTT,LOKMANYA TILAK TERM,HWH,HOWRAH JN,1952,31.0,PUBLIC_COMMUNITY
12102,HOWRAH - MUMBAI LTT Janeswari Super Deluxe Exp,SF,HWH,HOWRAH JN,LTT,LOKMANYA TILAK TERM,1952,30.83,PUBLIC_COMMUNITY
12103,Pune Lucknow Jn SuperFast Express,SF,PUNE,PUNE JN,LJN,LUCKNOW JN,1478,24.92,PUBLIC_COMMUNITY
12104,Lucknow Jn - Pune Express,SF,LJN,LUCKNOW JN,PUNE,PUNE JN,1477,25.58,PUBLIC_COMMUNITY
12105,Vidarbha Express,SF,CSTM,MUMBAI CST,G,GONDIA JN,968,16.0,PUBLIC_COMMUNITY
12106,Vidarbha Express,SF,G,GONDIA JN,CSTM,MUMBAI CST,968,15.92,PUBLIC_COMMUNITY
12109,Panchavati Express,SF,CSTM,MUMBAI CST,MMR,MANMAD JN,261,4.58,PUBLIC_COMMUNITY
12111,Mumbai CST-Amaravati SF Express,SF,CSTM,MUMBAI CST,AMI,Amravati,673,12.17,PUBLIC_COMMUNITY
12112,Amaravati-Mumbai CST Express,SF,AMI,Amravati,CSTM,MUMBAI CST,673,11.5,PUBLIC_COMMUNITY
12113,Pune-Nagpur Garib Rath Express,GR,PUNE,PUNE JN,NGP,NAGPUR,890,15.75,PUBLIC_COMMUNITY
12114,Nagpur-Pune Garib Rath,GR,NGP,NAGPUR,PUNE,PUNE JN,890,15.17,PUBLIC_COMMUNITY
12115,Siddheshwar Express,SF,CSTM,MUMBAI CST,SUR,SOLAPUR JN,455,8.25,PUBLIC_COMMUNITY
12116,Siddheshwar Express,SF,SUR,SOLAPUR JN,CSTM,MUMBAI CST,455,8.25,PUBLIC_COMMUNITY
12117,Mumbai LTT- Manmad Express,SF,LTT,LOKMANYA TILAK TERM,MMR,MANMAD JN,245,4.42,PUBLIC_COMMUNITY
12119,Amaravati Nagpur Express,SF,AMI,Amravati,NGP,NAGPUR,184,3.33,PUBLIC_COMMUNITY
12120,Nagpur Amravati Express,SF,NGP,NAGPUR,AMI,Amravati,184,3.33,PUBLIC_COMMUNITY
12122,DELHI H NIZAMUDDIN - JABALPUR S Kranti Exp,SKr,NZM,DELHI H NIZAMUDDIN,JBP,JABALPUR,909,14.58,PUBLIC_COMMUNITY
12135,Pune -Nagpur SuperFast Express,SF,PUNE,PUNE JN,NGP,NAGPUR,890,15.75,PUBLIC_COMMUNITY
12136,Nagpur Pune Express,SF,NGP,NAGPUR,PUNE,PUNE JN,890,15.17,PUBLIC_COMMUNITY
12137,Punjab Mail,SF,CSTM,MUMBAI CST,FZR,FIROZPUR CANT,1930,34.0,PUBLIC_COMMUNITY
12138,Punjab Mail,SF,FZR,FIROZPUR CANT,CSTM,MUMBAI CST,1930,33.92,PUBLIC_COMMUNITY
12139,Sevagram Express,SF,CSTM,MUMBAI CST,NGP,NAGPUR,838,15.17,PUBLIC_COMMUNITY
12139-Slip,Sewagram Express Slip,SF,CSTM,MUMBAI CST,NGP,NAGPUR,838,15.17,PUBLIC_COMMUNITY
12140,Sevagram Express,SF,NGP,NAGPUR,CSTM,MUMBAI CST,838,15.0,PUBLIC_COMMUNITY
12143,LTT Sultanpur Superfast Weekly Express,SF,LTT,LOKMANYA TILAK TERM,SLN,SULTANPUR,1550,27.08,PUBLIC_COMMUNITY
12144,Sultanpur-LTT Weekly SF Express,SF,SLN,SULTANPUR,LTT,LOKMANYA TILAK TERM,1550,28.25,PUBLIC_COMMUNITY
12148,Nizamuddin-Kolhapur Express,SF,NZM,DELHI H NIZAMUDDIN,KOP,C SHAHU M RAJ KOLHAPUR TERM,1915,34.33,PUBLIC_COMMUNITY
12161,Lashkar Superfast Express,SF,LTT,LOKMANYA TILAK TERM,AGC,AGRA CANTT,1334,20.5,PUBLIC_COMMUNITY
12162,Lashkar Express,SF,AGC,AGRA CANTT,LTT,LOKMANYA TILAK TERM,1334,22.92,PUBLIC_COMMUNITY
51817,Agra Fort Bandikui Pass,Pass,AF,AGRA FORT,BKI,BANDIKUI JN,150,3.5,PUBLIC_COMMUNITY
12123,Deccan Queen SF Express,SF,CSTM,MUMBAI CST,PUNE,PUNE JN,192,3.25,PUBLIC_COMMUNITY
12124,Deccan Queen SF Express,SF,PUNE,PUNE JN,CSTM,MUMBAI CST,192,3.17,PUBLIC_COMMUNITY
12125,Pragati Superfast Express,SF,CSTM,MUMBAI CST,PUNE,PUNE JN,192,3.47,PUBLIC_COMMUNITY
12126,Pragati Superfast Express,SF,PUNE,PUNE JN,CSTM,MUMBAI CST,192,3.33,PUBLIC_COMMUNITY
12127,MumbaiCST-Pune SF InterCity,SF,CSTM,MUMBAI CST,PUNE,PUNE JN,192,3.12,PUBLIC_COMMUNITY
12128,Pune-MumbaiCST Intercity Express,SF,PUNE,PUNE JN,CSTM,MUMBAI CST,192,3.08,PUBLIC_COMMUNITY
12129,PUNE - HOWRAH Azad Hind SF Exp,SF,PUNE,PUNE JN,HWH,HOWRAH JN,2020,33.42,PUBLIC_COMMUNITY
12130,HOWRAH - PUNE Azad Hind SF Exp,SF,HWH,HOWRAH JN,PUNE,PUNE JN,2020,32.92,PUBLIC_COMMUNITY
12131,Mumbai Dadar-Sainagar Shirdi Express,SF,DR,MUMBAI DADAR CENTRAL,SNSI,SAINAGAR SHIRDI,336,6.1,PUBLIC_COMMUNITY
12132,Sainagar Shirdi-Mumbai Dadar Express,SF,SNSI,SAINAGAR SHIRDI,DR,MUMBAI DADAR CENTRAL,336,6.08,PUBLIC_COMMUNITY
12133,MUMBAI CST - MANGALORE Exp,SF,CSTM,MUMBAI CST,MAJN,MANGALORE JN,1195,14.17,PUBLIC_COMMUNITY
12134,MANGALORE - MUMBAI CST Exp,SF,MAJN,MANGALORE JN,CSTM,MUMBAI CST,1195,14.42,PUBLIC_COMMUNITY
12141,MUMBAI LTT - PATLIPUTRA SF Exp,SF,LTT,LOKMANYA TILAK TERM,PPTA,PATLIPUTRA,1714,29.25,PUBLIC_COMMUNITY
12145,MUMBAI LTT - PURI SF Exp,SF,LTT,LOKMANYA TILAK TERM,PURI,PURI,1818,32.92,PUBLIC_COMMUNITY
12147,Kolhapur-Nizamuddin Express,SF,KOP,C SHAHU M RAJ KOLHAPUR TERM,NZM,DELHI H NIZAMUDDIN,1915,32.0,PUBLIC_COMMUNITY
12149,PUNE - PATLIPUTRA SF Exp,SF,PUNE,PUNE JN,PPTA,PATLIPUTRA,1781,31.08,PUBLIC_COMMUNITY
12150,PATLIPUTRA - PUNE SF Exp,SF,PPTA,PATLIPUTRA,PUNE,PUNE JN,1780,30.58,PUBLIC_COMMUNITY
12151,MUMBAI LTT - HOWRAH Samarsata SF Exp,SF,LTT,LOKMANYA TILAK TERM,HWH,HOWRAH JN,2082,35.83,PUBLIC_COMMUNITY
12152,HOWRAH - MUMBAI LTT Samarsata SF Exp,SF,HWH,HOWRAH JN,LTT,LOKMANYA TILAK TERM,2082,34.25,PUBLIC_COMMUNITY
12153,Lokmanya Tilak (T) Habibganj Express,SF,LTT,LOKMANYA TILAK TERM,HBJ,HABIBGANJ,822,13.08,PUBLIC_COMMUNITY
12154,Habibganj LTT Superfast Express,SF,HBJ,HABIBGANJ,LTT,LOKMANYA TILAK TERM,822,13.17,PUBLIC_COMMUNITY
12155,Shaan-e-Bhopal Express,SF,HBJ,HABIBGANJ,NZM,DELHI H NIZAMUDDIN,700,11.0,PUBLIC_COMMUNITY
12156,Shaan E Bhopal SF Express,SF,NZM,DELHI H NIZAMUDDIN,HBJ,HABIBGANJ,700,10.08,PUBLIC_COMMUNITY
12157,Hutatma Express,SF,PUNE,PUNE JN,SUR,SOLAPUR JN,264,4.0,PUBLIC_COMMUNITY
12158,Hutatma Express,SF,SUR,SOLAPUR JN,PUNE,PUNE JN,264,4.0,PUBLIC_COMMUNITY
12159,Amravati -Jabalpur Express,SF,AMI,Amravati,JBP,JABALPUR,726,13.0,PUBLIC_COMMUNITY
12160,Jabalpur - Amravati Express,SF,JBP,JABALPUR,AMI,Amravati,726,13.0,PUBLIC_COMMUNITY
12166,VARANASI - MUMBAI LTT Ratnagiri SF Exp,SF,BSB,VARANASI JN,LTT,LOKMANYA TILAK TERM,1483,25.25,PUBLIC_COMMUNITY
12167,MUMBAI LTT - VARANASI SF Exp,SF,LTT,LOKMANYA TILAK TERM,BSB,VARANASI JN,1480,27.25,PUBLIC_COMMUNITY
12168,VARANASI - MUMBAI LTT SF Exp,SF,BSB,VARANASI JN,LTT,LOKMANYA TILAK TERM,1480,26.08,PUBLIC_COMMUNITY
12169,Pune Solapur InterCity Express,SF,PUNE,PUNE JN,SUR,SOLAPUR JN,264,4.0,PUBLIC_COMMUNITY
12170,Solapur Pune Intercity Express,SF,SUR,SOLAPUR JN,PUNE,PUNE JN,264,4.08,PUBLIC_COMMUNITY
12171,Mumbai LTT -Haridwar AC Express,SF,LTT,LOKMANYA TILAK TERM,HW,HARIDWAR JN,1772,29.33,PUBLIC_COMMUNITY
12172,Haridwar-Mumbai LTT AC Express,SF,HW,HARIDWAR JN,LTT,LOKMANYA TILAK TERM,1772,29.08,PUBLIC_COMMUNITY
12173,Udyog Nagri Express,SF,LTT,LOKMANYA TILAK TERM,PBH,PARTAPGARH JN,1583,26.5,PUBLIC_COMMUNITY
12174,Udyog Nagri Express,SF,PBH,PARTAPGARH JN,LTT,LOKMANYA TILAK TERM,1583,28.42,PUBLIC_COMMUNITY
12177,Chambal Express,SF,HWH,HOWRAH JN,MTJ,MATHURA JN,1475,26.75,PUBLIC_COMMUNITY
12178,Chambal Express,SF,MTJ,MATHURA JN,HWH,HOWRAH JN,1475,26.42,PUBLIC_COMMUNITY
12183,Bhopal Partapgarh Express,SF,BPL,BHOPAL JN,PBH,PARTAPGARH JN,758,13.67,PUBLIC_COMMUNITY
12184,Pratapgarh-Bhopal Express,SF,PBH,PARTAPGARH JN,BPL,BHOPAL JN,756,13.67,PUBLIC_COMMUNITY
12185,BHOPAL HABIBGANJ - REWA Rewanchal Exp,SF,HBJ,HABIBGANJ,REWA,REWA,554,10.0,PUBLIC_COMMUNITY
12186,REWA - BHOPAL HABIBGANJ Rewanchal Exp,SF,REWA,REWA,HBJ,HABIBGANJ,554,10.0,PUBLIC_COMMUNITY
12187,Jabalpur-CST Garib Rath Express,GR,JBP,JABALPUR,CSTM,MUMBAI CST,997,16.75,PUBLIC_COMMUNITY
12188,Mumbai-Jabalpur Garib Rath Express,GR,CSTM,MUMBAI CST,JBP,JABALPUR,997,16.5,PUBLIC_COMMUNITY
12194,Partapgarh Bhopal SuperFast Express,SF,PBH,PARTAPGARH JN,BPL,BHOPAL JN,756,13.67,PUBLIC_COMMUNITY
12195,Agra Fort - Ajmer Express,SF,AF,AGRA FORT,AII,AJMER JN,376,6.58,PUBLIC_COMMUNITY
12196,Ajmer-Agra Fort Express,SF,AII,AJMER JN,AF,AGRA FORT,376,6.33,PUBLIC_COMMUNITY
53444,Bhagalpur Mandar Hill Passenger,Pass,BGP,BHAGALPUR,MDLE,Mandar Hill,50,2.08,PUBLIC_COMMUNITY
12176,Chambal Express,SF,GWL,GWALIOR JN,HWH,HOWRAH JN,1303,23.67,PUBLIC_COMMUNITY
12179,Lucknow Agra Intercity SF Express,SF,LJN,LUCKNOW JN,AGC,AGRA CANTT,330,5.83,PUBLIC_COMMUNITY
12180,Agra Lucknow Intercity SF Express,SF,AGC,AGRA CANTT,LJN,LUCKNOW JN,330,5.58,PUBLIC_COMMUNITY
12190,DELHI H NIZAMUDDIN - JABALPUR Mahakoshal SF Exp,SF,NZM,DELHI H NIZAMUDDIN,JBP,JABALPUR,961,17.42,PUBLIC_COMMUNITY
12191,Shridham Express,SF,NDLS,NEW DELHI,JBP,JABALPUR,1038,17.17,PUBLIC_COMMUNITY
12192,Jabalpur-New Delhi Superfast Express,SF,JBP,JABALPUR,NDLS,NEW DELHI,1038,17.92,PUBLIC_COMMUNITY
12197,Bhopal Gwalior InterCity Express,SF,BPL,BHOPAL JN,GWL,GWALIOR JN,485,8.42,PUBLIC_COMMUNITY
12198,Gwalior Bhopal InterCity Express,SF,GWL,GWALIOR JN,BPL,BHOPAL JN,485,8.75,PUBLIC_COMMUNITY
12201,MUMBAI LTT - KOCHUVELI Garib Rath Exp,GR,LTT,LOKMANYA TILAK TERM,KCVL,KOCHUVELI,1812,27.58,PUBLIC_COMMUNITY
12202,KOCHUVELI - MUMBAI LTT Garib Rath Exp,GR,KCVL,KOCHUVELI,LTT,LOKMANYA TILAK TERM,1812,26.92,PUBLIC_COMMUNITY
12203,Saharsa Amritsar Garib Rath,GR,SHC,SAHARSA JN,ASR,AMRITSAR JN,1723,29.75,PUBLIC_COMMUNITY
12204,Amritsar Saharsa Garib Rath,GR,ASR,AMRITSAR JN,SHC,SAHARSA JN,1723,29.5,PUBLIC_COMMUNITY
12205,New Delhi-Dehradun AC Express,SF,NDLS,NEW DELHI,DDN,DEHRADUN,303,5.75,PUBLIC_COMMUNITY
12206,Dehradun-NewDelhi AC Express,SF,DDN,DEHRADUN,NDLS,NEW DELHI,303,5.67,PUBLIC_COMMUNITY
12207,Kathgodam-Jammu Garib Rath Express,GR,KGM,KATHGODAM,JAT,JAMMU TAWI,769,15.17,PUBLIC_COMMUNITY
12208,Jammu-Kathgodam Garib Rath Express,GR,JAT,JAMMU TAWI,KGM,KATHGODAM,769,14.83,PUBLIC_COMMUNITY
12209,Kanpur-Kathgodam Garib Rath,GR,CNB,KANPUR CENTRAL,KGM,KATHGODAM,459,8.83,PUBLIC_COMMUNITY
12210,Kathgodam-Kanpur Garib Rath,GR,KGM,KATHGODAM,CNB,KANPUR CENTRAL,459,10.0,PUBLIC_COMMUNITY
12211,Muzaffarpur-Anand Vihar(T) Garib Rath Exp.,GR,MFP,MUZAFFARPUR JN,ANVT,ANAND VIHAR TRM,1060,21.17,PUBLIC_COMMUNITY
12212,Anand Vihar T.- Muzaffarpur Garib Rath,GR,ANVT,ANAND VIHAR TRM,MFP,MUZAFFARPUR JN,1060,20.75,PUBLIC_COMMUNITY
12213,Yeswantpur-Delhi Sarai Rohilla AC Duronto Express,Drnt,YPR,YESVANTPUR JN,DEE,DELHI SARAI ROHILLA,2314,31.17,PUBLIC_COMMUNITY
12214,Delhi Sarai Rohilla-Yesvantpur AC Duronto Express,Drnt,DEE,DELHI SARAI ROHILLA,YPR,YESVANTPUR JN,2314,32.5,PUBLIC_COMMUNITY
12215,Delhi Sarai Rohilla-Mumbai BandraT Garib Rath,GR,DEE,DELHI SARAI ROHILLA,BDTS,MUMBAI BANDRA TERMINUS,1431,22.83,PUBLIC_COMMUNITY
12216,Mumbai Bandra T. - Delhi Sarai Rohilla Garib Rath,GR,BDTS,MUMBAI BANDRA TERMINUS,DEE,DELHI SARAI ROHILLA,1431,23.42,PUBLIC_COMMUNITY
12217,KOCHUVELI - CHANDIGARH Kerala Sampark Kranti Exp,SKr,KCVL,KOCHUVELI,CDG,CHANDIGARH,3415,54.58,PUBLIC_COMMUNITY
12218,CHANDIGARH - KOCHUVELI Kerala Sampark Kranti Exp,SKr,CDG,CHANDIGARH,KCVL,KOCHUVELI,3415,53.83,PUBLIC_COMMUNITY
12219,Lokmanya Tilak (T)-Secunderabad AC Duronto Express,Drnt,LTT,LOKMANYA TILAK TERM,SC,SECUNDERABAD JN,773,12.0,PUBLIC_COMMUNITY
12220,Secunderabad-Mumbai LTT AC Duronto Express,Drnt,SC,SECUNDERABAD JN,LTT,LOKMANYA TILAK TERM,773,12.0,PUBLIC_COMMUNITY
12222,HOWRAH - PUNE AC Duronto Exp,Drnt,HWH,HOWRAH JN,PUNE,PUNE JN,2020,27.25,PUBLIC_COMMUNITY
12223,MUM LTT - ERNAKULAM AC Duronto,Drnt,LTT,LOKMANYA TILAK TERM,ERS,ERNAKULAM JN,1599,20.92,PUBLIC_COMMUNITY
12224,ERNAKULAM - MUM LTT AC Duronto,Drnt,ERS,ERNAKULAM JN,LTT,LOKMANYA TILAK TERM,1598,20.75,PUBLIC_COMMUNITY
12225,Kaifiat Express,SF,AMH,AZAMGARH,DLI,OLD DELHI,803,14.5,PUBLIC_COMMUNITY
12226,Kaifiat Express,SF,DLI,OLD DELHI,AMH,AZAMGARH,803,14.17,PUBLIC_COMMUNITY
12228,Indore- Mumbai Central Duronto Express,Drnt,INDB,INDORE JN BG,BCT,Mumbai Central,829,12.83,PUBLIC_COMMUNITY
12229,Lucknow Mail,SF,LKO,LUCKNOW,NDLS,NEW DELHI,493,8.67,PUBLIC_COMMUNITY
12230,Lucknow Mail,SF,NDLS,NEW DELHI,LKO,LUCKNOW,493,8.58,PUBLIC_COMMUNITY
12231,Lucknow-Chandigarh Express,SF,LKO,LUCKNOW,CDG,CHANDIGARH,667,11.42,PUBLIC_COMMUNITY
12232,Chandigarh - Lucknow Sadhbhavna SF Express,SF,CDG,CHANDIGARH,LKO,LUCKNOW,667,11.75,PUBLIC_COMMUNITY
12233,Lucknow New Delhi AC Express,SF,LKO,LUCKNOW,NDLS,NEW DELHI,493,8.0,PUBLIC_COMMUNITY
12239,Mumbai Central Jaipur AC Duronto Express,Drnt,BCT,Mumbai Central,JP,JAIPUR,1159,14.67,PUBLIC_COMMUNITY
12260,New Delhi-Sealdah AC Duronto Express,Drnt,NDLS,NEW DELHI,SDAH,KOLKATA SEALDAH,1453,16.33,PUBLIC_COMMUNITY
12271,Lucknow-New Delhi AC Duronto Express,Drnt,LKO,LUCKNOW,NDLS,NEW DELHI,493,8.0,PUBLIC_COMMUNITY
12273,Howrah-New Delhi Duronto Express,Drnt,HWH,HOWRAH JN,NDLS,NEW DELHI,1446,17.08,PUBLIC_COMMUNITY
12274,New Delhi-Howrah Duronto Express,Drnt,NDLS,NEW DELHI,HWH,HOWRAH JN,1441,17.0,PUBLIC_COMMUNITY
40029,Chennai Beach TambaramEMU (12 car),MEMU,MSB,CHENNAI BEACH,TBM,TAMBARAM,33,0.92,PUBLIC_COMMUNITY
56394,Kollam Kottayam Passenger,Pass,QLN,KOLLAM JN,KTYM,KOTTAYAM,96,2.92,PUBLIC_COMMUNITY
12234,NewDelhi-Lucknow AC Express,SF,NDLS,NEW DELHI,LKO,LUCKNOW,493,7.67,PUBLIC_COMMUNITY
12235,DIBRUGARH - NEW DELHI Rajdhani Exp,Raj,DBRG,DIBRUGARH,NDLS,NEW DELHI,2453,42.5,PUBLIC_COMMUNITY
12236,NEW DELHI - DIBRUGARH Rajdhani Exp,Raj,NDLS,NEW DELHI,DBRG,DIBRUGARH,2474,44.25,PUBLIC_COMMUNITY
12237,Varanasi-Jammu Tawi SF Express,SF,BSB,VARANASI JN,JAT,JAMMU TAWI,1261,22.58,PUBLIC_COMMUNITY
12238,Jammu-Varanasi SF Express,SF,JAT,JAMMU TAWI,BSB,VARANASI JN,1261,23.0,PUBLIC_COMMUNITY
12241,Chandigarh-Amritsar Duronto Express,Drnt,CDG,CHANDIGARH,ASR,AMRITSAR JN,267,4.25,PUBLIC_COMMUNITY
12242,Amritsar-Chandigarh Duronto Express,Drnt,ASR,AMRITSAR JN,CDG,CHANDIGARH,267,4.08,PUBLIC_COMMUNITY
12243,Chennai Central-Coimbatore AC Duronto Express,Drnt,MAS,CHENNAI CENTRAL,CBE,COIMBATORE JN,497,6.67,PUBLIC_COMMUNITY
12244,Coimbatore-Chennai Central AC Duronto Express,Drnt,CBE,COIMBATORE JN,MAS,CHENNAI CENTRAL,497,6.75,PUBLIC_COMMUNITY
12245,HOWRAH - YESVANTPUR AC Duronto Exp,Drnt,HWH,HOWRAH JN,YPR,YESVANTPUR JN,1946,29.0,PUBLIC_COMMUNITY
12251,Wainganga express,SF,YPR,YESVANTPUR JN,KRBA,Korba,1614,28.83,PUBLIC_COMMUNITY
12252,Wainganga express,SF,KRBA,Korba,YPR,YESVANTPUR JN,1605,29.5,PUBLIC_COMMUNITY
12253,YESVANTPUR - BHAGALPUR Anga SF Exp,SF,YPR,YESVANTPUR JN,BGP,BHAGALPUR,2473,43.0,PUBLIC_COMMUNITY
12254,BHAGALPUR - YESVANTPUR Anga SF Exp,SF,BGP,BHAGALPUR,YPR,YESVANTPUR JN,2474,43.58,PUBLIC_COMMUNITY
12261,MUMBAI CST - HOWRAH AC Duronto Exp,Drnt,CSTM,MUMBAI CST,HWH,HOWRAH JN,1968,26.42,PUBLIC_COMMUNITY
12262,HOWRAH - MUMBAI CST AC Duronto Exp,Drnt,HWH,HOWRAH JN,CSTM,MUMBAI CST,1968,26.17,PUBLIC_COMMUNITY
12264,Hazrat Nizamuddin-Pune AC Duronto Express,Drnt,NZM,DELHI H NIZAMUDDIN,PUNE,PUNE JN,1508,20.0,PUBLIC_COMMUNITY
12265,Delhi Sarai Rohilla Jammu Tawi Duronto Express,Drnt,DEE,DELHI SARAI ROHILLA,JAT,JAMMU TAWI,578,8.92,PUBLIC_COMMUNITY
12266,Jammu Tawi-Delhi Sarai Rohilla Duronto Express,Drnt,JAT,JAMMU TAWI,DEE,DELHI SARAI ROHILLA,578,8.58,PUBLIC_COMMUNITY
12267,Mumbai Central-Ahmedabad AC Duronto Express,Drnt,BCT,Mumbai Central,ADI,AHMEDABAD JN,491,6.58,PUBLIC_COMMUNITY
12268,Ahmedabad-Mumbai Central AC Duronto Express,Drnt,ADI,AHMEDABAD JN,BCT,Mumbai Central,491,6.5,PUBLIC_COMMUNITY
12269,Chennai-Hazrat Nizamuddin Duronto Express,Drnt,MAS,CHENNAI CENTRAL,NZM,DELHI H NIZAMUDDIN,2176,27.92,PUBLIC_COMMUNITY
12270,Hazrat Nizamuddin-Chennai Duronto,Drnt,NZM,DELHI H NIZAMUDDIN,MAS,CHENNAI CENTRAL,2176,28.33,PUBLIC_COMMUNITY
12272,New Delhi-Lucknow AC Duronto Express,Drnt,NDLS,NEW DELHI,LKO,LUCKNOW,493,7.67,PUBLIC_COMMUNITY
12275,Allahabad-New Delhi Duronto Express,Drnt,ALD,ALLAHABAD JN,NDLS,NEW DELHI,634,7.42,PUBLIC_COMMUNITY
12276,New Delhi-Allahabad Duronto Express,Drnt,NDLS,NEW DELHI,ALD,ALLAHABAD JN,634,7.33,PUBLIC_COMMUNITY
12277,Howrah Puri Duronto Express,Drnt,HWH,HOWRAH JN,PURI,PURI,502,7.25,PUBLIC_COMMUNITY
12301,Howrah-New Delhi Rajdhani Express,Raj,HWH,HOWRAH JN,NDLS,NEW DELHI,1447,17.0,PUBLIC_COMMUNITY
12303,Poorva Express,SF,HWH,HOWRAH JN,NDLS,NEW DELHI,1530,23.17,PUBLIC_COMMUNITY
12307,Howrah-Jodhpur SF Express,SF,HWH,HOWRAH JN,JU,JODHPUR JN,1814,30.5,PUBLIC_COMMUNITY
12307-Slip,Howrah-Bikaner Express,SF,HWH,HOWRAH JN,JU,JODHPUR JN,1814,30.5,PUBLIC_COMMUNITY
12311,Kalka Mail,SF,HWH,HOWRAH JN,KLK,Kalka,1743,32.83,PUBLIC_COMMUNITY
12313,KOL SEALDAH - NEW DELHI Rajdhani Exp,Raj,SDAH,KOLKATA SEALDAH,NDLS,NEW DELHI,1454,17.5,PUBLIC_COMMUNITY
12314,NEW DELHI - KOL SEALDAH Rajdhani Exp,Raj,NDLS,NEW DELHI,SDAH,KOLKATA SEALDAH,1454,17.75,PUBLIC_COMMUNITY
12316,Ananya Express,SF,UDZ,UDAIPUR CITY,SDAH,KOLKATA SEALDAH,2141,38.67,PUBLIC_COMMUNITY
12318,AKAL TAKHT Express,SF,ASR,AMRITSAR JN,SDAH,KOLKATA SEALDAH,1898,33.08,PUBLIC_COMMUNITY
12320,AGRA CANTT - KOLKATA CHITPUR SF Exp,SF,AGC,AGRA CANTT,KOAA,KOLKATA CHITPUR,1405,24.33,PUBLIC_COMMUNITY
12325,KOLKATA CHITPUR - NANGAL DAM Gurumukhi Exp,SF,KOAA,KOLKATA CHITPUR,NLDM,NANGAL DAM,1803,32.0,PUBLIC_COMMUNITY
12326,NANGAL DAM - KOLKATA CHITPUR Gurumukhi Exp,SF,NLDM,NANGAL DAM,KOAA,KOLKATA CHITPUR,1803,32.25,PUBLIC_COMMUNITY
12327,Upasana Express,SF,HWH,HOWRAH JN,DDN,DEHRADUN,1587,28.83,PUBLIC_COMMUNITY
12329,West Bengal Sampark Kranti,SKr,SDAH,KOLKATA SEALDAH,DLI,OLD DELHI,1448,22.75,PUBLIC_COMMUNITY
12330,West Bengal Sampark Kranti Express,SKr,DLI,OLD DELHI,SDAH,KOLKATA SEALDAH,1448,22.25,PUBLIC_COMMUNITY
12331,Himgiri Express,SF,HWH,HOWRAH JN,JAT,JAMMU TAWI,2021,36.42,PUBLIC_COMMUNITY
15941,JHAJHA - DIBRUGARH Exp,Exp,JAJ,JHAJHA,DBRG,DIBRUGARH,1710,36.42,PUBLIC_COMMUNITY
40031,Chennai Beach TambaramEMU (12 car),MEMU,MSB,CHENNAI BEACH,TBM,TAMBARAM,33,0.92,PUBLIC_COMMUNITY
55334,Mathura-KasGanj Passenger,Pass,AF,AGRA FORT,KSJ,KASGANJ,162,4.92,PUBLIC_COMMUNITY
63566,Jhajha Jasidih Passenger,MEMU,JAJ,JHAJHA,JSME,JASIDIH JN,44,1.0,PUBLIC_COMMUNITY
12278,Puri-Howrah AC Duronto Express,Drnt,PURI,PURI,HWH,HOWRAH JN,502,7.25,PUBLIC_COMMUNITY
12279,Jhansi-H.Nizamuddin Taj Express,SF,JHS,JHANSI JN,NZM,DELHI H NIZAMUDDIN,403,6.67,PUBLIC_COMMUNITY
12280,H.Nizamuddin-Jhansi Taj Express,SF,NZM,DELHI H NIZAMUDDIN,JHS,JHANSI JN,403,6.5,PUBLIC_COMMUNITY
12281,Bhubaneswar-New Delhi Duronto,Drnt,BBS,BHUBANESWAR,NDLS,NEW DELHI,1724,21.92,PUBLIC_COMMUNITY
12282,New Delhi-Bhubaneswar Duronto Express,Drnt,NDLS,NEW DELHI,BBS,BHUBANESWAR,1724,22.08,PUBLIC_COMMUNITY
12284,DELHI H NIZAMUDDIN - ERNAKULAM Duronto Exp,Drnt,NZM,DELHI H NIZAMUDDIN,ERS,ERNAKULAM JN,2943,41.92,PUBLIC_COMMUNITY
12287,Kochuveli-Dehradun Weekly Express,SF,KCVL,KOCHUVELI,DDN,DEHRADUN,3459,57.17,PUBLIC_COMMUNITY
12289,Mumbai CSTM-Nagpur Duronto Express,Drnt,CSTM,MUMBAI CST,NGP,NAGPUR,838,11.0,PUBLIC_COMMUNITY
12290,Nagpur-Mumbai CST Duronto Express,Drnt,NGP,NAGPUR,CSTM,MUMBAI CST,838,11.0,PUBLIC_COMMUNITY
12291,YESVANTPUR - CHENNAI SF Exp,SF,YPR,YESVANTPUR JN,MAS,CHENNAI CENTRAL,370,6.5,PUBLIC_COMMUNITY
12292,CHENNAI - YESVANTPUR SF Exp,SF,MAS,CHENNAI CENTRAL,YPR,YESVANTPUR JN,370,6.67,PUBLIC_COMMUNITY
12295,BANGALORE - PATLIPUTRA Sanghamitra SF Exp,SF,SBC,BANGALORE CITY JN,PPTA,PATLIPUTRA,2729,48.33,PUBLIC_COMMUNITY
12296,PATLIPUTRA - BANGALORE Sanghamitra SF Exp,SF,PPTA,PATLIPUTRA,SBC,BANGALORE CITY JN,2729,48.75,PUBLIC_COMMUNITY
12302,New Delhi-Howrah Rajdhani Express,Raj,NDLS,NEW DELHI,HWH,HOWRAH JN,1447,16.92,PUBLIC_COMMUNITY
12304,Poorva Express,SF,NDLS,NEW DELHI,HWH,HOWRAH JN,1530,24.42,PUBLIC_COMMUNITY
12305,Howrah-New Delhi Rajdhani Express,Raj,HWH,HOWRAH JN,NDLS,NEW DELHI,1530,19.83,PUBLIC_COMMUNITY
12306,New Delhi-Howrah Rajdhani Express,Raj,NDLS,NEW DELHI,HWH,HOWRAH JN,1542,19.67,PUBLIC_COMMUNITY
12308,Jodhpur-Howrah SF Express,SF,JU,JODHPUR JN,HWH,HOWRAH JN,1814,31.5,PUBLIC_COMMUNITY
12309,Rajendra Nagar-New Delhi Rajdhani Express,Raj,RJPB,RAJENDRA NAGAR BIHAR,NDLS,NEW DELHI,1001,12.58,PUBLIC_COMMUNITY
12310,New Delhi Rajendra Nagar Rajdhani Express,Raj,NDLS,NEW DELHI,RJPB,RAJENDRA NAGAR BIHAR,1001,12.83,PUBLIC_COMMUNITY
12312,Kalka Mail,SF,KLK,Kalka,HWH,HOWRAH JN,1743,31.58,PUBLIC_COMMUNITY
12321,HOWRAH - MUMBAI CST Mail (via Allahabad),SF,HWH,HOWRAH JN,CSTM,MUMBAI CST,2177,37.42,PUBLIC_COMMUNITY
12322,MUMBAI CST - HOWRAH Mail (via Allahabad),SF,CSTM,MUMBAI CST,HWH,HOWRAH JN,2177,38.33,PUBLIC_COMMUNITY
12323,Howrah-NewDelhi SF Express,SF,HWH,HOWRAH JN,NDLS,NEW DELHI,1447,22.25,PUBLIC_COMMUNITY
12324,New Delhi-Howrah SF Express,SF,NDLS,NEW DELHI,HWH,HOWRAH JN,1447,22.83,PUBLIC_COMMUNITY
12328,Upasana Express,SF,DDN,DEHRADUN,HWH,HOWRAH JN,1587,28.83,PUBLIC_COMMUNITY
12332,Himgiri Express,SF,JAT,JAMMU TAWI,HWH,HOWRAH JN,2021,36.5,PUBLIC_COMMUNITY
12333,Vibhuti Express,SF,HWH,HOWRAH JN,ALY,ALLAHABAD CITY,882,16.25,PUBLIC_COMMUNITY
12339,Coalfield Express,SF,HWH,HOWRAH JN,DHN,DHANBAD JN,259,4.33,PUBLIC_COMMUNITY
12340,Coalfield Express,SF,DHN,DHANBAD JN,HWH,HOWRAH JN,259,4.5,PUBLIC_COMMUNITY
12343-Slip,Darjeeling Mail Slip,Mail,SDAH,KOLKATA SEALDAH,HDB,HALDIBARI,624,17.33,PUBLIC_COMMUNITY
12344,Darjeeling Mail,SF,HDB,HALDIBARI,SDAH,KOLKATA SEALDAH,624,13.25,PUBLIC_COMMUNITY
12355,Archana Express,SF,RJPB,RAJENDRA NAGAR BIHAR,JAT,JAMMU TAWI,1510,27.33,PUBLIC_COMMUNITY
12359,KOLKATA CHITPUR - PATNA Garib Rath Exp,GR,KOAA,KOLKATA CHITPUR,PNBE,PATNA JN,534,9.5,PUBLIC_COMMUNITY
12363,KOLKATA CHITPUR - HALDIBARI SF Intercity Exp,SF,KOAA,KOLKATA CHITPUR,HDB,HALDIBARI,620,11.33,PUBLIC_COMMUNITY
12367,Vikramshila Express,SF,BGP,BHAGALPUR,ANVT,ANAND VIHAR TRM,1206,20.42,PUBLIC_COMMUNITY
12377,Padatik Express,SF,SDAH,KOLKATA SEALDAH,NJP,NEW JALPAIGURI,567,10.17,PUBLIC_COMMUNITY
12378,Padatik Express,SF,NJP,NEW JALPAIGURI,SDAH,KOLKATA SEALDAH,567,9.75,PUBLIC_COMMUNITY
12379,Sealdah - Amritsar Superfast Express,SF,SDAH,KOLKATA SEALDAH,ASR,AMRITSAR JN,1894,30.5,PUBLIC_COMMUNITY
12383,Howrah-Dhanbad AC DD Express,SF,HWH,HOWRAH JN,DHN,DHANBAD JN,259,4.33,PUBLIC_COMMUNITY
12384,Dhanbad-Howrah AC DD Express,SF,DHN,DHANBAD JN,HWH,HOWRAH JN,259,4.25,PUBLIC_COMMUNITY
12757,Tirupati-Coimbatore Intercity Express,SF,TPTY,TIRUPATI MAIN,CBE,COIMBATORE JN,472,7.83,PUBLIC_COMMUNITY
12758,Coimbatore-Tirupati (Triweekly) SF Intercity Expre,SF,CBE,COIMBATORE JN,TPTY,TIRUPATI MAIN,472,7.5,PUBLIC_COMMUNITY
17488,Tirumala Express,Exp,VSKP,VISHAKAPATNAM,TPTY,TIRUPATI MAIN,736,15.0,PUBLIC_COMMUNITY
19065,MUMBAI BANDRA - BHAGAT KI KOTHI Exp,Exp,BDTS,MUMBAI BANDRA TERMINUS,BGKT,BHAGAT KI KOTHI,935,17.58,PUBLIC_COMMUNITY
54552,Bhatinda Ambala Passenger,Pass,BTI,BHATINDA JN,UMB,AMBALA CANT JN,200,5.08,PUBLIC_COMMUNITY
56041,Tirupati-Pondicherry Passenger,Pass,TPTY,TIRUPATI MAIN,PDY,Puducherry,284,8.83,PUBLIC_COMMUNITY
57200,Rajahmundry Vijayawada Passenger,Pass,RJY,RAJAMUNDRY,BZA,VIJAYAWADA JN,149,5.0,PUBLIC_COMMUNITY
12246,YESVANTPUR - HOWRAH AC Duronto Exp,Drnt,YPR,YESVANTPUR JN,HWH,HOWRAH JN,1946,28.75,PUBLIC_COMMUNITY
12334,Vibhuti Express,SF,ALY,ALLAHABAD CITY,HWH,HOWRAH JN,882,16.25,PUBLIC_COMMUNITY
12337,Shantiniketan Express,SF,HWH,HOWRAH JN,BHP,BOLPUR SHANTINIKETAN,146,2.25,PUBLIC_COMMUNITY
12338,Shantiniketan Express,SF,BHP,BOLPUR SHANTINIKETAN,HWH,HOWRAH JN,146,2.5,PUBLIC_COMMUNITY
12341,Agniveena Express,SF,HWH,HOWRAH JN,ASN,ASANSOL JN,200,3.33,PUBLIC_COMMUNITY
12342,Agniveena Express,SF,ASN,ASANSOL JN,HWH,HOWRAH JN,200,3.25,PUBLIC_COMMUNITY
12345,HOWRAH - GUWAHATI Saraighat SF Exp,SF,HWH,HOWRAH JN,GHY,GUWAHATI,1020,17.67,PUBLIC_COMMUNITY
12347,Howrah-Rampur Hat SF Express,SF,HWH,HOWRAH JN,RPH,RAMPUR HAT,207,3.58,PUBLIC_COMMUNITY
12348,Rampur Hat-Howrah SF Express,SF,RPH,RAMPUR HAT,HWH,HOWRAH JN,207,3.67,PUBLIC_COMMUNITY
12351,Howrah- Danapur Express,SF,HWH,HOWRAH JN,DNR,DANAPUR,541,10.08,PUBLIC_COMMUNITY
12352,Danapur- Howrah Express,SF,DNR,DANAPUR,HWH,HOWRAH JN,541,10.0,PUBLIC_COMMUNITY
12356,Archana Express,SF,JAT,JAMMU TAWI,RJPB,RAJENDRA NAGAR BIHAR,1510,26.83,PUBLIC_COMMUNITY
12357,KOLKATA CHITPUR - AMRITSAR Durgiana SF Exp,SF,KOAA,KOLKATA CHITPUR,ASR,AMRITSAR JN,1812,28.33,PUBLIC_COMMUNITY
12358,AMRITSAR - KOLKATA CHITPUR Durgiana SF Exp,SF,ASR,AMRITSAR JN,KOAA,KOLKATA CHITPUR,1812,29.0,PUBLIC_COMMUNITY
12360,KOLKATA CHITPUR - PATNA Garib Rath Exp,GR,PNBE,PATNA JN,KOAA,KOLKATA CHITPUR,534,9.08,PUBLIC_COMMUNITY
12361,ASANSOL - MUMBAI CST SF Exp,SF,ASN,ASANSOL JN,CSTM,MUMBAI CST,2043,34.67,PUBLIC_COMMUNITY
12362,MUMBAI CST - ASANSOL SF Exp,SF,CSTM,MUMBAI CST,ASN,ASANSOL JN,2043,36.17,PUBLIC_COMMUNITY
12364,HALDIBARI - KOLKATA CHITPUR SF Intercity Exp,SF,HDB,HALDIBARI,KOAA,KOLKATA CHITPUR,620,11.08,PUBLIC_COMMUNITY
12365,Patna-Ranchi Jan Shatabdi Express,JShtb,PNBE,PATNA JN,RNC,RANCHI,411,7.67,PUBLIC_COMMUNITY
12366,Ranchi Patna Jan Shatabdi Express,JShtb,RNC,RANCHI,PNBE,PATNA JN,411,7.83,PUBLIC_COMMUNITY
12369,Kumbh Express,SF,HWH,HOWRAH JN,HW,HARIDWAR JN,1536,27.08,PUBLIC_COMMUNITY
12370,Kumbh Express,SF,HW,HARIDWAR JN,HWH,HOWRAH JN,1536,27.33,PUBLIC_COMMUNITY
12381,Poorva Express,SF,HWH,HOWRAH JN,NDLS,NEW DELHI,1446,23.0,PUBLIC_COMMUNITY
12382,Poorva Express,SF,NDLS,NEW DELHI,HWH,HOWRAH JN,1446,24.42,PUBLIC_COMMUNITY
12389,GAYA - CHENNAI EGMORE SF Exp,SF,GAYA,GAYA JN,MS,CHENNAI EGMORE,2346,39.0,PUBLIC_COMMUNITY
12390,CHENNAI EGMORE - GAYA SF Exp,SF,MS,CHENNAI EGMORE,GAYA,GAYA JN,2346,38.17,PUBLIC_COMMUNITY
12391,Shramjeevi Express,SF,RGD,Rajgir,NDLS,NEW DELHI,1103,21.0,PUBLIC_COMMUNITY
12392,Shramjeevi Express,SF,NDLS,NEW DELHI,RGD,Rajgir,1103,20.92,PUBLIC_COMMUNITY
12396,Ajmer-RajendraNagar Ziyarat Express,SF,AII,AJMER JN,RJPB,RAJENDRA NAGAR BIHAR,1305,23.17,PUBLIC_COMMUNITY
12404,Mathura Allahabad SF Express,SF,MTJ,MATHURA JN,ALD,ALLAHABAD JN,507,8.67,PUBLIC_COMMUNITY
12408,AMRITSAR - NEW JALPAIGURI Karmabhoomi Exp,SF,ASR,AMRITSAR JN,NJP,NEW JALPAIGURI,1834,33.08,PUBLIC_COMMUNITY
12410,Gondwana Express,SF,NZM,DELHI H NIZAMUDDIN,RIG,RAIGARH,1626,27.67,PUBLIC_COMMUNITY
12411,CHANDIGARH - AMRITSAR Intercity SF Exp,SF,CDG,CHANDIGARH,ASR,AMRITSAR JN,909,15.5,PUBLIC_COMMUNITY
12412,AMRITSAR - CHANDIGARH Intercity SF Exp,SF,ASR,AMRITSAR JN,CDG,CHANDIGARH,909,15.83,PUBLIC_COMMUNITY
12413,Pooja express,SF,AII,AJMER JN,JAT,JAMMU TAWI,1017,17.83,PUBLIC_COMMUNITY
12414,Pooja Express,SF,JAT,JAMMU TAWI,AII,AJMER JN,1017,18.0,PUBLIC_COMMUNITY
12419,Gomti Express,SF,LKO,LUCKNOW,NDLS,NEW DELHI,511,8.58,PUBLIC_COMMUNITY
12420,Gomti Express,SF,NDLS,NEW DELHI,LKO,LUCKNOW,511,8.75,PUBLIC_COMMUNITY
12423,DIBRUGARH TOWN - NEW DELHI Rajdhani Exp,Raj,DBRT,DIBRUGARH TOWN,NDLS,NEW DELHI,2443,37.92,PUBLIC_COMMUNITY
12427,REWA - DELHI ANAND VIHAR SF Exp,SF,REWA,REWA,ANVT,ANAND VIHAR TRM,860,14.75,PUBLIC_COMMUNITY
12428,DELHI ANAND VIHAR - REWA SF Exp,SF,ANVT,ANAND VIHAR TRM,REWA,REWA,860,14.33,PUBLIC_COMMUNITY
12431,TRIVANDRUM - DELHI H NIZAMUDDIN Rajdhani Exp,Raj,TVC,TRIVANDRUM CENTRAL,NZM,DELHI H NIZAMUDDIN,3149,41.42,PUBLIC_COMMUNITY
12432,DELHI H NIZAMUDDIN - TRIVANDRUM Rajdhani Exp,Raj,NZM,DELHI H NIZAMUDDIN,TVC,TRIVANDRUM CENTRAL,3149,42.08,PUBLIC_COMMUNITY
12437,Secunderabad Rajdhani Express,Raj,SC,SECUNDERABAD JN,NZM,DELHI H NIZAMUDDIN,1660,21.58,PUBLIC_COMMUNITY
12438,Secunderabad Rajdhani Express,Raj,NZM,DELHI H NIZAMUDDIN,SC,SECUNDERABAD JN,1660,22.0,PUBLIC_COMMUNITY
12439,RANCHI - NEW DELHI Rajdhani Exp,Raj,RNC,RANCHI,NDLS,NEW DELHI,1306,16.92,PUBLIC_COMMUNITY
12440,NEW DELHI - RANCHI Rajdhani Exp,Raj,NDLS,NEW DELHI,RNC,RANCHI,1306,17.0,PUBLIC_COMMUNITY
40001,Chennai Beach Tambaram EMU(12 Car),MEMU,MSB,CHENNAI BEACH,TBM,TAMBARAM,33,0.9,PUBLIC_COMMUNITY
12397,Mahabodhi Express,SF,GAYA,GAYA JN,NDLS,NEW DELHI,990,14.5,PUBLIC_COMMUNITY
12398,Mahabodhi Express,SF,NDLS,NEW DELHI,GAYA,GAYA JN,990,15.67,PUBLIC_COMMUNITY
12401,Magadh Express,SF,IPR,Islampur,NDLS,NEW DELHI,1063,19.58,PUBLIC_COMMUNITY
12402,Magadh Express,SF,NDLS,NEW DELHI,IPR,Islampur,1063,17.75,PUBLIC_COMMUNITY
12405,Gondwana Express,SF,BSL,BHUSAVAL JN,NZM,DELHI H NIZAMUDDIN,1476,25.75,PUBLIC_COMMUNITY
12406,H.Nizamuddin-Bhusaval Gondwana Express,SF,NZM,DELHI H NIZAMUDDIN,BSL,BHUSAVAL JN,1476,24.42,PUBLIC_COMMUNITY
12415,Indore-Nizamuddin Express,SF,INDB,INDORE JN BG,NZM,DELHI H NIZAMUDDIN,817,13.33,PUBLIC_COMMUNITY
12416,Nizamuddin-Indore Express,SF,NZM,DELHI H NIZAMUDDIN,INDB,INDORE JN BG,817,13.67,PUBLIC_COMMUNITY
12417,Prayagraj Express,SF,ALD,ALLAHABAD JN,NDLS,NEW DELHI,634,9.42,PUBLIC_COMMUNITY
12418,Prayagraj Express,SF,NDLS,NEW DELHI,ALD,ALLAHABAD JN,634,9.33,PUBLIC_COMMUNITY
12424,NEW DELHI - DIBRUGARH TOWN Rajdhani Exp,Raj,NDLS,NEW DELHI,DBRT,DIBRUGARH TOWN,2443,39.0,PUBLIC_COMMUNITY
12425,Jammu Rajdhani Express,Raj,NDLS,NEW DELHI,JAT,JAMMU TAWI,577,9.0,PUBLIC_COMMUNITY
12426,Jammu Rajdhani Express,Raj,JAT,JAMMU TAWI,NDLS,NEW DELHI,577,9.25,PUBLIC_COMMUNITY
12429,Bangalore - Hazrat Nizamuddin Rajdhani Express,Raj,SBC,BANGALORE CITY JN,NZM,DELHI H NIZAMUDDIN,2365,33.5,PUBLIC_COMMUNITY
12430,Delhi H Nizamuddin-Bangalore Rajdhani Express,Raj,NZM,DELHI H NIZAMUDDIN,SBC,BANGALORE CITY JN,2382,33.83,PUBLIC_COMMUNITY
12433,Chennai Central-Delhi H.Nizamuddin Rajdhani Expres,Raj,MAS,CHENNAI CENTRAL,NZM,DELHI H NIZAMUDDIN,2176,28.17,PUBLIC_COMMUNITY
12435,DIBRUGARH TOWN - NEW DELHI Rajdhani Exp,Raj,DBRT,DIBRUGARH TOWN,NDLS,NEW DELHI,2463,42.75,PUBLIC_COMMUNITY
12436,NEW DELHI - DIBRUGARH TOWN Rajdhani Exp,Raj,NDLS,NEW DELHI,DBRT,DIBRUGARH TOWN,2463,44.92,PUBLIC_COMMUNITY
12441,Bilaspur-New Delhi Rajdhani Express,Raj,BSP,BILASPUR JN,NDLS,NEW DELHI,1501,20.75,PUBLIC_COMMUNITY
12442,Bilaspur Rajdhani Express,Raj,NDLS,NEW DELHI,BSP,BILASPUR JN,1501,20.25,PUBLIC_COMMUNITY
12445,Uttar Sampark Kranti Express,SKr,NDLS,NEW DELHI,UHP,UDHAMPUR,630,11.25,PUBLIC_COMMUNITY
12446,Uttar Sampark Kranti Express,SKr,UHP,UDHAMPUR,NDLS,NEW DELHI,630,11.08,PUBLIC_COMMUNITY
12447,UP Sampark Kranti Express,SKr,MKP,MANIKPUR JN,NZM,DELHI H NIZAMUDDIN,695,12.42,PUBLIC_COMMUNITY
12448,UP Sampark Kranti Express,SKr,NZM,DELHI H NIZAMUDDIN,MKP,MANIKPUR JN,695,12.33,PUBLIC_COMMUNITY
12497,Shan-e-Punjab Express,SF,NDLS,NEW DELHI,ASR,AMRITSAR JN,448,7.58,PUBLIC_COMMUNITY
12455,DelhiSaraiRohilla-ShriGanganagar AC SF Express,SF,DEE,DELHI SARAI ROHILLA,SGNR,SHRI GANGANAGAR,486,8.83,PUBLIC_COMMUNITY
12456,ShriGanganagar-DelhiSaraiRohilla AC SF Express,SF,SGNR,SHRI GANGANAGAR,DEE,DELHI SARAI ROHILLA,486,8.58,PUBLIC_COMMUNITY
12457,Delhi SaraiRohilla-Bikaner Express,SF,DEE,DELHI SARAI ROHILLA,BKN,BIKANER JN,458,8.17,PUBLIC_COMMUNITY
12458,Bikaner-DelhiSaraiRohiilla Express,SF,BKN,BIKANER JN,DEE,DELHI SARAI ROHILLA,458,7.67,PUBLIC_COMMUNITY
12468,Jaipur Bikaner InterCity Express,SF,JP,JAIPUR,BKN,BIKANER JN,382,6.67,PUBLIC_COMMUNITY
12472,Jammu Tawi - Mumbai Bandra (T.) SF Swaraj Express,SF,JAT,JAMMU TAWI,BDTS,MUMBAI BANDRA TERMINUS,1950,30.83,PUBLIC_COMMUNITY
12475,Hapa - Jammu Tawi Sarvodaya SF Express,SF,HAPA,HAPA,JAT,JAMMU TAWI,1992,33.42,PUBLIC_COMMUNITY
12476,Jammu Tawi - Hapa Sarvodaya SF Express,SF,JAT,JAMMU TAWI,HAPA,HAPA,1992,33.5,PUBLIC_COMMUNITY
12477,Jamnagar - Jammu Tawi SF Sindhu Express,SF,JAM,JAMNAGAR,JAT,JAMMU TAWI,2000,33.67,PUBLIC_COMMUNITY
12479,JODHPUR - MUMBAI BANDRA Suryanagari SF Exp,SF,JU,JODHPUR JN,BDTS,MUMBAI BANDRA TERMINUS,935,17.0,PUBLIC_COMMUNITY
12480,MUMBAI BANDRA - JODHPUR Suryanagari SF Exp,SF,BDTS,MUMBAI BANDRA TERMINUS,JU,JODHPUR JN,935,17.0,PUBLIC_COMMUNITY
12485,H S NANDED - SHRI GANGANAGAR Exp,SF,NED,HUZUR SAHIB NANDED,SGNR,SHRI GANGANAGAR,1965,35.42,PUBLIC_COMMUNITY
12486,SHRI GANGANAGAR - H S NANDED Exp,SF,SGNR,SHRI GANGANAGAR,NED,HUZUR SAHIB NANDED,1965,33.25,PUBLIC_COMMUNITY
12487,Seemanchal Express,SF,JBN,JOGBANI,ANVT,ANAND VIHAR TRM,1383,24.33,PUBLIC_COMMUNITY
12489,Bikaner-Dadar Express,SF,BKN,BIKANER JN,DDR,MUMBAI DADAR WEST,1245,22.42,PUBLIC_COMMUNITY
12490,Dadar - Bikaner Express,SF,DDR,MUMBAI DADAR WEST,BKN,BIKANER JN,1245,22.58,PUBLIC_COMMUNITY
12491,BARAUNI - JAMMU TAWI Maur Dhwaj Express,SF,BJU,BARAUNI JN,JAT,JAMMU TAWI,1510,28.83,PUBLIC_COMMUNITY
12492,JAMMU TAWI - BARAUNI Maur Dhwaj Express,SF,JAT,JAMMU TAWI,BJU,BARAUNI JN,1510,28.25,PUBLIC_COMMUNITY
12496,KOLKATA CHITPUR - BIKANER Pratap Exp,SF,KOAA,KOLKATA CHITPUR,BKN,BIKANER JN,1885,31.0,PUBLIC_COMMUNITY
16359,ERNAKULAM - PATNA Exp,Exp,ERS,ERNAKULAM JN,PNBE,PATNA JN,2988,59.08,PUBLIC_COMMUNITY
22607,ERNAKULAM - BANGALORE Weekly SF Exp,SF,ERS,ERNAKULAM JN,SBC,BANGALORE CITY JN,625,11.33,PUBLIC_COMMUNITY
53446,Bhagalpur Mandar Hill Passenger,Pass,BGP,BHAGALPUR,MDLE,Mandar Hill,0,2.08,PUBLIC_COMMUNITY
12449,MADGAON - CHANDIGARH Goa Sampark Kranti Exp,SKr,MAO,MADGAON,CDG,CHANDIGARH,2094,29.5,PUBLIC_COMMUNITY
12450,CHANDIGARH - MADGAON Goa Sampark Kranti Exp,SKr,CDG,CHANDIGARH,MAO,MADGAON,2094,29.83,PUBLIC_COMMUNITY
12451,Shram Shakti Express,SF,CNB,KANPUR CENTRAL,NDLS,NEW DELHI,440,6.58,PUBLIC_COMMUNITY
12452,Shram Shakti Express,SF,NDLS,NEW DELHI,CNB,KANPUR CENTRAL,440,6.25,PUBLIC_COMMUNITY
12453,Ranchi-New Delhi Rajdhani Express,Raj,RNC,RANCHI,NDLS,NEW DELHI,1341,17.67,PUBLIC_COMMUNITY
12454,New Delhi-Ranchi Rajdhani Express,Raj,NDLS,NEW DELHI,RNC,RANCHI,1341,18.5,PUBLIC_COMMUNITY
12459,NewDelhi-Amritsar SF InterCity,SF,NDLS,NEW DELHI,ASR,AMRITSAR JN,448,8.0,PUBLIC_COMMUNITY
12460,Amritsar-New Delhi Intercity Express,SF,ASR,AMRITSAR JN,NDLS,NEW DELHI,448,7.92,PUBLIC_COMMUNITY
12461,Mandore Express,SF,DLI,OLD DELHI,JU,JODHPUR JN,620,10.58,PUBLIC_COMMUNITY
12462,Mandore Express,SF,JU,JODHPUR JN,DLI,OLD DELHI,620,10.42,PUBLIC_COMMUNITY
12464,Rajasthan Sampark Kranti Express,SKr,JU,JODHPUR JN,DEE,DELHI SARAI ROHILLA,616,10.58,PUBLIC_COMMUNITY
12465,Indore-Jodhpur Ranthambhore Express,SF,INDB,INDORE JN BG,JU,JODHPUR JN,911,15.67,PUBLIC_COMMUNITY
12466,Jodhpur-Indore Ranthambhore Intercity Express,SF,JU,JODHPUR JN,INDB,INDORE JN BG,911,16.5,PUBLIC_COMMUNITY
12469,Kanpur Jammu Express,SF,CNB,KANPUR CENTRAL,JAT,JAMMU TAWI,1026,18.75,PUBLIC_COMMUNITY
12470,Jammu Kanpur Express,SF,JAT,JAMMU TAWI,CNB,KANPUR CENTRAL,1026,18.58,PUBLIC_COMMUNITY
12473,Sarvodaya SF Express,SF,ADI,AHMEDABAD JN,JAT,JAMMU TAWI,1669,27.17,PUBLIC_COMMUNITY
12474,Sarvodaya SF Express,SF,JAT,JAMMU TAWI,ADI,AHMEDABAD JN,1669,26.92,PUBLIC_COMMUNITY
12478,Jammu Tawi - Jamnagar (Weekly) Sindhu SF Express,SF,JAT,JAMMU TAWI,JAM,JAMNAGAR,2000,33.75,PUBLIC_COMMUNITY
12481,Delhi Sriganganagar InterCity,SF,DLI,OLD DELHI,SGNR,SHRI GANGANAGAR,424,7.5,PUBLIC_COMMUNITY
12482,Sriganganagar Delhi InterCity Express,SF,SGNR,SHRI GANGANAGAR,DLI,OLD DELHI,424,7.75,PUBLIC_COMMUNITY
12484,AMRITSAR - KOCHUVELI SF Exp,SF,ASR,AMRITSAR JN,KCVL,KOCHUVELI,3597,57.42,PUBLIC_COMMUNITY
12493,Bangalore-Hazrat Nizammudin Rajdhani Express,Raj,SBC,BANGALORE CITY JN,NZM,DELHI H NIZAMUDDIN,2294,33.5,PUBLIC_COMMUNITY
12494,Hazrat Nizamuddin-Bangalore Rajdhani Express,Raj,NZM,DELHI H NIZAMUDDIN,SBC,BANGALORE CITY JN,2383,33.83,PUBLIC_COMMUNITY
12501,GUWAHATI - NEW DELHI Poorvottar Sampark Kranti Exp,SKr,GHY,GUWAHATI,NDLS,NEW DELHI,1974,31.0,PUBLIC_COMMUNITY
12502,NEW DELHI - GUWAHATI Poorvottar Sampark Kranti Exp,SKr,NDLS,NEW DELHI,SCL,SILCHAR,1974,32.5,PUBLIC_COMMUNITY
12507,TRIVANDRUM - GUWAHATI SF Exp,SF,TVC,TRIVANDRUM CENTRAL,GHY,GUWAHATI,3331,58.83,PUBLIC_COMMUNITY
12508,GUWAHATI - TRIVANDRUM SF Exp,SF,GHY,GUWAHATI,TVC,TRIVANDRUM CENTRAL,3332,59.75,PUBLIC_COMMUNITY
12511,Rapti Sagar Express,SF,GKP,GORAKHPUR JN,TVC,TRIVANDRUM CENTRAL,3251,59.08,PUBLIC_COMMUNITY
12512,Rapti Sagar Expres,SF,TVC,TRIVANDRUM CENTRAL,GKP,GORAKHPUR JN,3251,57.67,PUBLIC_COMMUNITY
12514,GUWAHATI - SECUNDERABAD Exp,SF,GHY,GUWAHATI,SC,SECUNDERABAD JN,2551,45.83,PUBLIC_COMMUNITY
12519,MUMBAI LTT - KAMAKHYA AC Exp,SF,LTT,LOKMANYA TILAK TERM,KYQ,KAMAKHYA,1667,24.58,PUBLIC_COMMUNITY
12520,KAMAKHYA - MUMBAI LTT AC Exp,SF,KYQ,KAMAKHYA,LTT,LOKMANYA TILAK TERM,1667,24.25,PUBLIC_COMMUNITY
12522,Raptisagar Express,SF,ERS,ERNAKULAM JN,BJU,BARAUNI JN,3441,60.67,PUBLIC_COMMUNITY
12527,Mumbai CST-Latur Superfast Express.,SF,CSTM,MUMBAI CST,LUR,LATUR,530,9.5,PUBLIC_COMMUNITY
12528,Latur-Mumbai CST Superfast Express,SF,LUR,LATUR,CSTM,MUMBAI CST,530,9.5,PUBLIC_COMMUNITY
12535,Lucknow-Raipur Garib Rath Express,GR,LJN,LUCKNOW JN,R,RAIPUR JN,917,16.58,PUBLIC_COMMUNITY
12536,Raipur-Lucknow Garib Rath,GR,R,RAIPUR JN,LJN,LUCKNOW JN,917,16.75,PUBLIC_COMMUNITY
12537,Bapudham Express,SF,MKI,BAPUDHAM MOTIHARI,MUV,MANDUADIH,465,8.33,PUBLIC_COMMUNITY
12538,Bapudham Express,SF,MUV,MANDUADIH,MKI,BAPUDHAM MOTIHARI,465,8.42,PUBLIC_COMMUNITY
12539,YESVANTPUR - LUCKNOW SF Exp,SF,YPR,YESVANTPUR JN,LKO,LUCKNOW,2554,46.0,PUBLIC_COMMUNITY
12540,LUCKNOW - YESVANTPUR SF Exp,SF,LKO,LUCKNOW,YPR,YESVANTPUR JN,2532,44.67,PUBLIC_COMMUNITY
12541,Gorakhpur-Mumbai LTT SF Express,SF,GKP,GORAKHPUR JN,LTT,LOKMANYA TILAK TERM,1680,30.42,PUBLIC_COMMUNITY
12543,Yesvantpur-Tirupati Tri Weekly Intercity,SF,YPR,YESVANTPUR JN,TPTY,TIRUPATI MAIN,345,6.17,PUBLIC_COMMUNITY
12544,Tirupati-Yesvantpur Tri Weekly SF Intercity,SF,TPTY,TIRUPATI MAIN,YPR,YESVANTPUR JN,345,6.08,PUBLIC_COMMUNITY
12549,DURG - JAMMU TAWI SF Exp,SF,DURG,DURG,JAT,JAMMU TAWI,1873,33.08,PUBLIC_COMMUNITY
12550,JAMMU TAWI - DURG SF Exp,SF,JAT,JAMMU TAWI,DURG,DURG,1873,33.33,PUBLIC_COMMUNITY
12553,Vaishali SF Express,SF,BJU,BARAUNI JN,NDLS,NEW DELHI,1185,21.0,PUBLIC_COMMUNITY
40003,Chennai Beach Tambaram EMU(12 Car),MEMU,MSB,CHENNAI BEACH,TBM,TAMBARAM,33,0.9,PUBLIC_COMMUNITY
12498,Shan-e-Punjab Express,SF,ASR,AMRITSAR JN,NDLS,NEW DELHI,448,7.58,PUBLIC_COMMUNITY
12505,GUWAHATI - DELHI ANAND VIHAR North East Exp,SF,GHY,GUWAHATI,ANVT,ANAND VIHAR TRM,1866,33.5,PUBLIC_COMMUNITY
12506,DELHI ANAND VIHAR - GUWAHATI North East Exp,SF,ANVT,ANAND VIHAR TRM,GHY,GUWAHATI,1867,33.83,PUBLIC_COMMUNITY
12509,BENGALURU - GUWAHATI (Kaziranga) SF Express,SF,BNC,BANGALORE CANT,GHY,GUWAHATI,2992,54.33,PUBLIC_COMMUNITY
12510,GUWAHATI - BENGALURU (Kaziranga) SF Express,SF,GHY,GUWAHATI,SBC,BANGALORE CITY JN,2992,53.33,PUBLIC_COMMUNITY
12515,RIVANDRUM - GUWAHATI Exp,SF,TVC,TRIVANDRUM CENTRAL,GHY,GUWAHATI,3552,65.0,PUBLIC_COMMUNITY
12516,GUWAHATI - TRIVANDRUM CENTRAL EXP,SF,GHY,GUWAHATI,TVC,TRIVANDRUM CENTRAL,3552,64.42,PUBLIC_COMMUNITY
12517,KOLKATA - GUWAHATI Garib Rath Exp,GR,KOAA,KOLKATA CHITPUR,GHY,GUWAHATI,1027,18.0,PUBLIC_COMMUNITY
12518,GUWAHATI - KOLKATA Garib Rath Exp,GR,GHY,GUWAHATI,KOAA,KOLKATA CHITPUR,1027,18.0,PUBLIC_COMMUNITY
12521,Raptisagar Express,SF,BJU,BARAUNI JN,ERS,ERNAKULAM JN,3441,62.33,PUBLIC_COMMUNITY
12523,New Jalpaiguri-New Delhi Superfast Express,SF,NJP,NEW JALPAIGURI,NDLS,NEW DELHI,1500,27.92,PUBLIC_COMMUNITY
12524,New Delhi New Jalpaiguri SuperFast Express,SF,NDLS,NEW DELHI,NJP,NEW JALPAIGURI,1497,27.42,PUBLIC_COMMUNITY
12525,Indrayani SF Express,SF,CSTM,MUMBAI CST,PUNE,PUNE JN,192,3.47,PUBLIC_COMMUNITY
12526,Indrayani SF Express,SF,PUNE,PUNE JN,CSTM,MUMBAI CST,192,3.33,PUBLIC_COMMUNITY
12529,Bhopal-Jabalpur Intercity Express,SF,HBJ,HABIBGANJ,JBP,JABALPUR,331,5.33,PUBLIC_COMMUNITY
12530,Jabalpur-Bhopal Intercity,SF,JBP,JABALPUR,HBJ,HABIBGANJ,331,5.92,PUBLIC_COMMUNITY
12531,Gorakhpur Lucknow InterCity Express,SF,GKP,GORAKHPUR JN,LJN,LUCKNOW JN,279,4.92,PUBLIC_COMMUNITY
12532,Lucknow Gorakhpur Inter City Express,SF,LJN,LUCKNOW JN,GKP,GORAKHPUR JN,279,4.92,PUBLIC_COMMUNITY
12533,Pushpak Express,SF,LJN,LUCKNOW JN,CSTM,MUMBAI CST,1426,24.33,PUBLIC_COMMUNITY
12534,Pushpak Express,SF,CSTM,MUMBAI CST,LJN,LUCKNOW JN,1426,24.33,PUBLIC_COMMUNITY
12545,RAXAUL - MUMBAI LTT Karmabhoomi Exp,SF,RXL,RAXAUL JN,LTT,LOKMANYA TILAK TERM,1963,33.67,PUBLIC_COMMUNITY
12547,Agra Fort Ahmedabad Tri Weekly Express,SF,AF,AGRA FORT,ADI,AHMEDABAD JN,867,15.17,PUBLIC_COMMUNITY
12548,Ahmedabad-Agra Fort Express,SF,ADI,AHMEDABAD JN,AF,AGRA FORT,867,15.25,PUBLIC_COMMUNITY
12554,Vaishali SF Express,SF,NDLS,NEW DELHI,BJU,BARAUNI JN,1185,21.42,PUBLIC_COMMUNITY
12557,Sapt Kranti SF Express,SF,MFP,MUZAFFARPUR JN,ANVT,ANAND VIHAR TRM,1060,18.92,PUBLIC_COMMUNITY
12558,Sapt Kranti SF Express,SF,ANVT,ANAND VIHAR TRM,MFP,MUZAFFARPUR JN,1060,19.58,PUBLIC_COMMUNITY
12569,Jaynagar-Delhi AnandViharT Garib Rath,GR,JYG,JAYNAGAR,ANVT,ANAND VIHAR TRM,1252,20.25,PUBLIC_COMMUNITY
12570,Anand Vihar Terminus-Jaynagar Garib Rath Express,GR,ANVT,ANAND VIHAR TRM,JYG,JAYNAGAR,1252,20.5,PUBLIC_COMMUNITY
12571,Howrah Prasanti Nilayam SF Express,SF,HWH,HOWRAH JN,SSPN,SATYA SAI P NILAYAM,1763,30.58,PUBLIC_COMMUNITY
12572,Prashanti Nilayam Howrah SF Express,SF,SSPN,SATYA SAI P NILAYAM,HWH,HOWRAH JN,1763,31.0,PUBLIC_COMMUNITY
12573,SainagarShirdi-Howrah Express,SF,SNSI,SAINAGAR SHIRDI,HWH,HOWRAH JN,1792,29.58,PUBLIC_COMMUNITY
12577,DARBHANGA - MYSORE BAGMATI SF Exp,SF,DBG,DARBHANGA JN,MYS,MYSORE JN,2910,52.67,PUBLIC_COMMUNITY
12578,MYSORE - DARBHANGA BAGMATI SF Exp,SF,MYS,MYSORE JN,DBG,DARBHANGA JN,2910,52.08,PUBLIC_COMMUNITY
12579,Digha- Puri SamudraKanya Express,SF,DGHA,Digha Flag Station,PURI,PURI,549,10.08,PUBLIC_COMMUNITY
12581,Pune Bhubaneshwar Express,SF,PUNE,PUNE JN,BBS,BHUBANESWAR,1689,30.33,PUBLIC_COMMUNITY
12582,Bhubaneshwar-Pune Express,SF,BBS,BHUBANESWAR,PUNE,PUNE JN,1689,30.75,PUBLIC_COMMUNITY
12583,LUCKNOW - DELHI ANAND VIHAR T DOUBLE DECKER,SF,LJN,LUCKNOW JN,ANVT,ANAND VIHAR TRM,2071,38.58,PUBLIC_COMMUNITY
12584,DELHI ANAND VIHAR T - LUCKNOW DOUBLE DECKER,SF,ANVT,ANAND VIHAR TRM,LJN,LUCKNOW JN,2071,38.42,PUBLIC_COMMUNITY
12592,YESVANTPUR - GORAKHPUR SF Exp,SF,YPR,YESVANTPUR JN,GKP,GORAKHPUR JN,2529,46.33,PUBLIC_COMMUNITY
12593,Lucknow-Bhopal Garib Rath,GR,LJN,LUCKNOW JN,BPL,BHOPAL JN,585,10.83,PUBLIC_COMMUNITY
12594,Bhopal-Lucknow Garib Rath Express,GR,BPL,BHOPAL JN,LJN,LUCKNOW JN,585,11.0,PUBLIC_COMMUNITY
12605,Pallavan Superfast Express,SF,MS,CHENNAI EGMORE,TPJ,TIRUCHIRAPPALLI,336,5.58,PUBLIC_COMMUNITY
12606,Pallavan Superfast Express,SF,TPJ,TIRUCHIRAPPALLI,MS,CHENNAI EGMORE,336,5.58,PUBLIC_COMMUNITY
12607,CHENNAI CENTRAL - BANGALORE Lalbagh Exp,SF,MAS,CHENNAI CENTRAL,SBC,BANGALORE CITY JN,358,6.0,PUBLIC_COMMUNITY
12608,BANGALORE - CHENNAI CENTRAL Lalbagh Exp,SF,SBC,BANGALORE CITY JN,MAS,CHENNAI CENTRAL,362,5.75,PUBLIC_COMMUNITY
12609,CHENNAI CENT - BANGALORE SF Intercity Exp,SF,MAS,CHENNAI CENTRAL,SBC,BANGALORE CITY JN,362,6.5,PUBLIC_COMMUNITY
40009,Chennai Beach Tambaram EMU(12 Car),MEMU,MSB,CHENNAI BEACH,TBM,TAMBARAM,33,0.92,PUBLIC_COMMUNITY
12556,Gorakhdham Express,SF,HSR,Hisar,GKP,GORAKHPUR JN,962,17.42,PUBLIC_COMMUNITY
12559,Shiv Ganga Express,SF,BSB,VARANASI JN,NDLS,NEW DELHI,758,12.42,PUBLIC_COMMUNITY
12560,Shiv Ganga Express,SF,NDLS,NEW DELHI,BSB,VARANASI JN,758,12.75,PUBLIC_COMMUNITY
12562,Swatantrata Sainani Express,SF,NDLS,NEW DELHI,DBG,DARBHANGA JN,1166,21.42,PUBLIC_COMMUNITY
12563,Mumbai LTT - Faizabad SF Express,SF,LTT,LOKMANYA TILAK TERM,FD,FAIZABAD JN,1600,27.17,PUBLIC_COMMUNITY
12564,Faizabad-Mumbai LTT SF Express,SF,FD,FAIZABAD JN,LTT,LOKMANYA TILAK TERM,1600,29.08,PUBLIC_COMMUNITY
12565,Bihar Sampark Kranti Express,SKr,DBG,DARBHANGA JN,NDLS,NEW DELHI,1172,20.92,PUBLIC_COMMUNITY
12566,Bihar Sampark Kranti Express,SKr,NDLS,NEW DELHI,DBG,DARBHANGA JN,1172,20.92,PUBLIC_COMMUNITY
12575,Kharagpur Purulia Express,SF,KGP,KHARAGPUR JN,PRR,PURULIA JN,208,4.0,PUBLIC_COMMUNITY
12576,Purulia Khargapur Intercity Express,SF,PRR,PURULIA JN,KGP,KHARAGPUR JN,208,3.92,PUBLIC_COMMUNITY
12587,Amarnath Express,SF,GKP,GORAKHPUR JN,JAT,JAMMU TAWI,1248,22.25,PUBLIC_COMMUNITY
12588,Amarnath Express,SF,JAT,JAMMU TAWI,GKP,GORAKHPUR JN,1248,22.08,PUBLIC_COMMUNITY
12589,Gorakhpur-Secunderabad Express,SF,GKP,GORAKHPUR JN,SC,SECUNDERABAD JN,1827,32.42,PUBLIC_COMMUNITY
12590,Secunderabad - Gorakhpur Express,SF,SC,SECUNDERABAD JN,GKP,GORAKHPUR JN,1827,31.83,PUBLIC_COMMUNITY
12601,Chennai Mangalore Mail,SF,MAS,CHENNAI CENTRAL,MAQ,MANGALORE CNTL,889,16.0,PUBLIC_COMMUNITY
12602,Chennai Mail,SF,MAQ,MANGALORE CNTL,MAS,CHENNAI CENTRAL,889,16.17,PUBLIC_COMMUNITY
12603,Chennai - Hyderabad Express,SF,MAS,CHENNAI CENTRAL,HYB,HYDERABAD DECCAN,715,13.0,PUBLIC_COMMUNITY
12604,Hyderabad - Chennai Express,SF,HYB,HYDERABAD DECCAN,MAS,CHENNAI CENTRAL,715,13.0,PUBLIC_COMMUNITY
12611,Chennai Central-H.Nizamuddin Garib Rath Express,GR,MAS,CHENNAI CENTRAL,NZM,DELHI H NIZAMUDDIN,2177,28.17,PUBLIC_COMMUNITY
12612,H Nizamuddin-Chennai Garib Rath Express,GR,NZM,DELHI H NIZAMUDDIN,MAS,CHENNAI CENTRAL,2176,28.25,PUBLIC_COMMUNITY
12613,Tippu Express,SF,MYS,MYSORE JN,SBC,BANGALORE CITY JN,139,2.5,PUBLIC_COMMUNITY
12614,Tippu Express,SF,SBC,BANGALORE CITY JN,MYS,MYSORE JN,139,2.5,PUBLIC_COMMUNITY
12616,GrandTrunk Express,SF,NDLS,NEW DELHI,MAS,CHENNAI CENTRAL,2184,35.58,PUBLIC_COMMUNITY
12620,MANGALORE CENT - MUMBAI LTT Matsyagandha Exp,SF,MAQ,MANGALORE CNTL,LTT,LOKMANYA TILAK TERM,1186,15.92,PUBLIC_COMMUNITY
12622,Tamil Nadu Express,SF,NDLS,NEW DELHI,MAS,CHENNAI CENTRAL,2184,32.75,PUBLIC_COMMUNITY
12623,Chennai Tiruvananthapuram SF Mail,SF,MAS,CHENNAI CENTRAL,TVC,TRIVANDRUM CENTRAL,909,15.67,PUBLIC_COMMUNITY
12625,Kerala Express,SF,TVC,TRIVANDRUM CENTRAL,NDLS,NEW DELHI,3036,50.42,PUBLIC_COMMUNITY
12626,Kerala Express,SF,NDLS,NEW DELHI,TVC,TRIVANDRUM CENTRAL,3036,51.08,PUBLIC_COMMUNITY
12628,Karnataka Express,SF,NDLS,NEW DELHI,SBC,BANGALORE CITY JN,2406,40.42,PUBLIC_COMMUNITY
12629,Karnataka Sampark Kranti Express,SKr,YPR,YESVANTPUR JN,NZM,DELHI H NIZAMUDDIN,2610,44.42,PUBLIC_COMMUNITY
12630,Karnataka Sampark Kranti Express,SKr,NZM,DELHI H NIZAMUDDIN,YPR,YESVANTPUR JN,2610,45.75,PUBLIC_COMMUNITY
12635,CHENNAI EGMORE - MADURAI Vaigai SF Exp,SF,MS,CHENNAI EGMORE,MDU,MADURAI JN,497,8.08,PUBLIC_COMMUNITY
12637,CHENNAI EGMORE - MADURAI Pandiyan SF Exp,SF,MS,CHENNAI EGMORE,MDU,MADURAI JN,497,9.0,PUBLIC_COMMUNITY
12638,MADURAI - CHENNAI EGMORE Pandiyan SF Exp,SF,MDU,MADURAI JN,MS,CHENNAI EGMORE,497,9.0,PUBLIC_COMMUNITY
12640,BANGALORE - CHENNAI CENT Brindavan Exp,SF,SBC,BANGALORE CITY JN,MAS,CHENNAI CENTRAL,362,5.92,PUBLIC_COMMUNITY
12643,Swarna Jayanthi Express,SF,TVC,TRIVANDRUM CENTRAL,NZM,DELHI H NIZAMUDDIN,3014,50.75,PUBLIC_COMMUNITY
12644,Swarna Jayanti Express,SF,NZM,DELHI H NIZAMUDDIN,TVC,TRIVANDRUM CENTRAL,3014,53.17,PUBLIC_COMMUNITY
12649,Karnataka Sampark Kranti Express,SKr,YPR,YESVANTPUR JN,NZM,DELHI H NIZAMUDDIN,2277,35.08,PUBLIC_COMMUNITY
12650,Karnataka Sampark Kranti Express,SKr,NZM,DELHI H NIZAMUDDIN,YPR,YESVANTPUR JN,2276,36.25,PUBLIC_COMMUNITY
12651,MADURAI - DELHI H NIZAMUDDIN Tamil Nadu S Kranti,SKr,MDU,MADURAI JN,NZM,DELHI H NIZAMUDDIN,2677,42.08,PUBLIC_COMMUNITY
12654,Mangalore Tiruchirappalli Weekly Superfast Express,SF,MAQ,MANGALORE CNTL,TPJ,TIRUCHIRAPPALLI,635,11.5,PUBLIC_COMMUNITY
12657,CHENNAI - BANGALORE Mail,SF,MAS,CHENNAI CENTRAL,SBC,BANGALORE CITY JN,362,5.92,PUBLIC_COMMUNITY
12658,BANGALORE - CHENNAI Mail,SF,SBC,BANGALORE CITY JN,MAS,CHENNAI CENTRAL,362,5.92,PUBLIC_COMMUNITY
12662,SENGOTTAI - CHENNAI EGMORE Pothigai SF Exp,SF,SCT,SENGOTTAI,MS,CHENNAI EGMORE,670,12.08,PUBLIC_COMMUNITY
12664,Tiruchirappalli-Howrah Express,SF,TPJ,TIRUCHIRAPPALLI,HWH,HOWRAH JN,2025,35.33,PUBLIC_COMMUNITY
15605,Jorhat Town InterCity Express,Exp,GHY,GUWAHATI,MXN,MARIANI JN,405,11.0,PUBLIC_COMMUNITY
40011,Chennai Beach Tambaram EMU(12 Car),MEMU,MSB,CHENNAI BEACH,TBM,TAMBARAM,33,0.92,PUBLIC_COMMUNITY
12617,ERNAKULAM - NEW DELHI H NIZAMUDDIN Mangala Lakshadweep Exp,SF,ERS,ERNAKULAM JN,NZM,DELHI H NIZAMUDDIN,3067,48.0,PUBLIC_COMMUNITY
12618,NEW DELHI H NIZAMUDDIN - ERNAKULAM Mangala Lakshadweep Exp,SF,NZM,DELHI H NIZAMUDDIN,ERS,ERNAKULAM JN,3067,48.67,PUBLIC_COMMUNITY
12621,Tamil Nadu Express,SF,MAS,CHENNAI CENTRAL,NDLS,NEW DELHI,2184,33.0,PUBLIC_COMMUNITY
12627,Karnataka Express,SF,SBC,BANGALORE CITY JN,NDLS,NEW DELHI,2406,39.25,PUBLIC_COMMUNITY
12631,CHENNAI EGMORE - TIRUNELVELI Nellai SF Exp,SF,MS,CHENNAI EGMORE,TEN,TIRUNELVELI,653,11.67,PUBLIC_COMMUNITY
12632,TIRUNELVELI - CHENNAI EGMORE Nellai SF Exp,SF,TEN,TIRUNELVELI,MS,CHENNAI EGMORE,653,11.83,PUBLIC_COMMUNITY
12634,KANNIYAKUMARI - CHENNAI EGMORE SF Exp,SF,CAPE,KANYAKUMARI,MS,CHENNAI EGMORE,742,13.5,PUBLIC_COMMUNITY
12639,CHENNAI CENT - BANGALORE Brindavan Exp,SF,MAS,CHENNAI CENTRAL,SBC,BANGALORE CITY JN,362,6.08,PUBLIC_COMMUNITY
12642,D H NIZAMUDDIN - KANYAKUMARI Thirukkural Exp,SF,NZM,DELHI H NIZAMUDDIN,CAPE,KANYAKUMARI,2919,50.75,PUBLIC_COMMUNITY
12645,Millennium Expres,SF,ERS,ERNAKULAM JN,NZM,DELHI H NIZAMUDDIN,2809,46.17,PUBLIC_COMMUNITY
12646,Millennium Express,SF,NZM,DELHI H NIZAMUDDIN,ERS,ERNAKULAM JN,2809,48.0,PUBLIC_COMMUNITY
12647,Kongu Express,SF,CBE,COIMBATORE JN,NZM,DELHI H NIZAMUDDIN,2671,47.0,PUBLIC_COMMUNITY
12648,Kongu Express,SF,NZM,DELHI H NIZAMUDDIN,CBE,COIMBATORE JN,2671,48.83,PUBLIC_COMMUNITY
12655,Navjeevan Express,SF,ADI,AHMEDABAD JN,MAS,CHENNAI CENTRAL,1893,33.58,PUBLIC_COMMUNITY
12656,Navajivan Express,SF,MAS,CHENNAI CENTRAL,ADI,AHMEDABAD JN,1893,33.58,PUBLIC_COMMUNITY
12659,Gurudev Express,SF,NCJ,NAGERCOIL JN,SHM,KOLKATA SHALIMAR,2583,47.25,PUBLIC_COMMUNITY
12660,Shalimar-Nagercoil Gurudev Express,SF,SHM,KOLKATA SHALIMAR,NCJ,NAGERCOIL JN,2583,47.0,PUBLIC_COMMUNITY
12667,CHENNAI EGMORE - NAGERCOIL SF Exp,SF,MS,CHENNAI EGMORE,NCJ,NAGERCOIL JN,727,13.33,PUBLIC_COMMUNITY
12668,NAGERCOIL - CHENNAI EGMORE SF Exp,SF,NCJ,NAGERCOIL JN,MS,CHENNAI EGMORE,727,12.92,PUBLIC_COMMUNITY
12673,Cheran Express,SF,MAS,CHENNAI CENTRAL,CBE,COIMBATORE JN,497,8.0,PUBLIC_COMMUNITY
12674,Cheran Express,SF,CBE,COIMBATORE JN,MAS,CHENNAI CENTRAL,497,8.25,PUBLIC_COMMUNITY
12675,Kovai Express,SF,MAS,CHENNAI CENTRAL,CBE,COIMBATORE JN,497,7.67,PUBLIC_COMMUNITY
12676,Kovai Express,SF,CBE,COIMBATORE JN,MAS,CHENNAI CENTRAL,497,7.33,PUBLIC_COMMUNITY
12677,Bangalore City - Ernakulam Intercity SF Express,SF,SBC,BANGALORE CITY JN,ERS,ERNAKULAM JN,587,10.67,PUBLIC_COMMUNITY
12678,Ernakulam-BangaloreCity Intercity Express,SF,ERS,ERNAKULAM JN,SBC,BANGALORE CITY JN,587,10.67,PUBLIC_COMMUNITY
12679,ChennaiCentral-Coimbatore InterCity,SF,MAS,CHENNAI CENTRAL,CBE,COIMBATORE JN,497,7.75,PUBLIC_COMMUNITY
12680,Coimbatore-Chennai Central InterCity SF Express,SF,CBE,COIMBATORE JN,MAS,CHENNAI CENTRAL,497,7.58,PUBLIC_COMMUNITY
12681,Chennai-Coimbatore Express,SF,MAS,CHENNAI CENTRAL,CBE,COIMBATORE JN,497,8.33,PUBLIC_COMMUNITY
12682,Coimbatore-Chennai Express,SF,CBE,COIMBATORE JN,MAS,CHENNAI CENTRAL,497,8.0,PUBLIC_COMMUNITY
12683,ERNAKULAM - BANGALORE SF Exp,SF,ERS,ERNAKULAM JN,SBC,BANGALORE CITY JN,625,11.33,PUBLIC_COMMUNITY
12695,Chennai-Trivandrum SuperFast Express,SF,MAS,CHENNAI CENTRAL,TVC,TRIVANDRUM CENTRAL,922,16.25,PUBLIC_COMMUNITY
12696,Trivandrum-Chennai Superfast Express,SF,TVC,TRIVANDRUM CENTRAL,MAS,CHENNAI CENTRAL,922,16.67,PUBLIC_COMMUNITY
12697,Chennai-Thiruvananthapuram Express,SF,MAS,CHENNAI CENTRAL,TVC,TRIVANDRUM CENTRAL,909,15.33,PUBLIC_COMMUNITY
12698,Thiruvananthapuram Central Chennai Central weekly express,SF,TVC,TRIVANDRUM CENTRAL,MAS,CHENNAI CENTRAL,909,16.25,PUBLIC_COMMUNITY
12701,Hussain Sagar Express,SF,CSTM,MUMBAI CST,HYB,HYDERABAD DECCAN,790,14.33,PUBLIC_COMMUNITY
12702,Hussain Sagar Express,SF,HYB,HYDERABAD DECCAN,CSTM,MUMBAI CST,790,14.33,PUBLIC_COMMUNITY
12703,Howrah - Secunderabad Falaknuma SF Express,SF,HWH,HOWRAH JN,SC,SECUNDERABAD JN,1545,26.17,PUBLIC_COMMUNITY
12704,Falaknuma Express,SF,SC,SECUNDERABAD JN,HWH,HOWRAH JN,1545,25.75,PUBLIC_COMMUNITY
12707,Andhra Pradesh Sampark Kranti Express,SKr,TPTY,TIRUPATI MAIN,NZM,DELHI H NIZAMUDDIN,2302,36.25,PUBLIC_COMMUNITY
12708,Andhra Pradesh Sampark Kranti Express,SKr,NZM,DELHI H NIZAMUDDIN,TPTY,TIRUPATI MAIN,2302,38.17,PUBLIC_COMMUNITY
12710,Simhapuri SF Express,SF,SC,SECUNDERABAD JN,GDR,GUDUR JN,644,10.33,PUBLIC_COMMUNITY
12711,Pinakini Express,SF,BZA,VIJAYAWADA JN,MAS,CHENNAI CENTRAL,431,7.0,PUBLIC_COMMUNITY
12712,Pinakini Express,SF,MAS,CHENNAI CENTRAL,BZA,VIJAYAWADA JN,431,7.08,PUBLIC_COMMUNITY
12714,Satavahana Express,SF,SC,SECUNDERABAD JN,BZA,VIJAYAWADA JN,351,5.58,PUBLIC_COMMUNITY
12715,Sachkhand SF Express,SF,NED,HUZUR SAHIB NANDED,ASR,AMRITSAR JN,2081,34.75,PUBLIC_COMMUNITY
15718,Mariani-Guwahati Intercity Express,Exp,MXN,MARIANI JN,GHY,GUWAHATI,404,10.25,PUBLIC_COMMUNITY
40015,Chennai Beach Tambaram EMU(12 Car),MEMU,MSB,CHENNAI BEACH,TBM,TAMBARAM,33,0.92,PUBLIC_COMMUNITY
52473,PATHANKOT - JOGINDER NAGAR PASSENGER,Pass,PTK,PATHANKOT,JDNX,JOGINDER NAGAR,170,9.75,PUBLIC_COMMUNITY
12666,KANYAKUMARI - KOL HOWRAH Weekly Exp,SF,CAPE,KANYAKUMARI,HWH,HOWRAH JN,2431,43.5,PUBLIC_COMMUNITY
12669,CHENNAI CENTRAL - CHHAPRA Ganga Kaveri Exp,SF,MAS,CHENNAI CENTRAL,CPR,CHHAPRA,2343,42.08,PUBLIC_COMMUNITY
12670,CHHAPRA - CHENNAI CENTRAL Ganga Kaveri Exp,SF,CPR,CHHAPRA,MAS,CHENNAI CENTRAL,2343,41.42,PUBLIC_COMMUNITY
12671,Nilgiri (Blue Mountain) Express,SF,MAS,CHENNAI CENTRAL,MTP,Mettupalayam,532,9.25,PUBLIC_COMMUNITY
12672,Nilgiri (Blue Mountain) Express,SF,MTP,Mettupalayam,MAS,CHENNAI CENTRAL,532,9.33,PUBLIC_COMMUNITY
12685,Chennai - Mangalore Express,SF,MAS,CHENNAI CENTRAL,MAQ,MANGALORE CNTL,889,16.08,PUBLIC_COMMUNITY
12686,Mangalore - Chennai Express,SF,MAQ,MANGALORE CNTL,MAS,CHENNAI CENTRAL,889,15.83,PUBLIC_COMMUNITY
12687,Chennai Dehradun Express,SF,MAS,CHENNAI CENTRAL,DDN,DEHRADUN,2488,43.25,PUBLIC_COMMUNITY
12688,Dehradun Chennai Express,SF,DDN,DEHRADUN,MAS,CHENNAI CENTRAL,2488,42.92,PUBLIC_COMMUNITY
12690,NAGERCOIL - CHENNAI SF Exp,SF,NCJ,NAGERCOIL JN,MAS,CHENNAI CENTRAL,927,16.75,PUBLIC_COMMUNITY
12691,CHENNAI - SSP NILAYAM SF Exp,SF,MAS,CHENNAI CENTRAL,SSPN,SATYA SAI P NILAYAM,529,9.83,PUBLIC_COMMUNITY
12692,SSP NILAYAM - CHENNAI SF Exp,SF,SSPN,SATYA SAI P NILAYAM,MAS,CHENNAI CENTRAL,529,10.5,PUBLIC_COMMUNITY
12693,CHENNAI EGMORE - TUTICORIN Pearl City SF Exp,SF,MS,CHENNAI EGMORE,TN,TUTICORIN,656,11.92,PUBLIC_COMMUNITY
12694,TUTICORIN - CHENNAI EGMORE Pearl City SF Exp,SF,TN,TUTICORIN,MS,CHENNAI EGMORE,656,11.92,PUBLIC_COMMUNITY
12705,Guntur-Secunderabad SF Intercity,SF,GNT,GUNTUR JN,SC,SECUNDERABAD JN,383,6.83,PUBLIC_COMMUNITY
12706,Secunderabad-Guntur SF Intercity,SF,SC,SECUNDERABAD JN,GNT,GUNTUR JN,383,6.75,PUBLIC_COMMUNITY
12716,Sachkhand SF Express,SF,ASR,AMRITSAR JN,NED,HUZUR SAHIB NANDED,2081,34.17,PUBLIC_COMMUNITY
12719,AJMER - HYDERABAD DECCAN SF Exp,SF,AII,AJMER JN,HYB,HYDERABAD DECCAN,1711,30.83,PUBLIC_COMMUNITY
12720,HYDERABAD DECCAN - AJMER SF Exp,SF,HYB,HYDERABAD DECCAN,AII,AJMER JN,1711,30.58,PUBLIC_COMMUNITY
12725,Siddhaganga Intercity Express,SF,SBC,BANGALORE CITY JN,DWR,DHARWAR,490,8.83,PUBLIC_COMMUNITY
12726,Siddhaganga InterCity Express,SF,DWR,DHARWAR,SBC,BANGALORE CITY JN,490,8.83,PUBLIC_COMMUNITY
12731,Tirupati-Secunderabad Express,SF,TPTY,TIRUPATI MAIN,SC,SECUNDERABAD JN,801,14.25,PUBLIC_COMMUNITY
12732,Secunderabad-Tirupati Express,SF,SC,SECUNDERABAD JN,TPTY,TIRUPATI MAIN,801,14.5,PUBLIC_COMMUNITY
12733,Narayanadri Express,SF,TPTY,TIRUPATI MAIN,SC,SECUNDERABAD JN,661,12.0,PUBLIC_COMMUNITY
12734,Narayanadri Express,SF,SC,SECUNDERABAD JN,TPTY,TIRUPATI MAIN,661,12.0,PUBLIC_COMMUNITY
12737,Gowthami SF Express,SF,COA,Kakinada Port,SC,SECUNDERABAD JN,566,10.25,PUBLIC_COMMUNITY
12738,Secunderabad - Kakinada Gowthami SF Express,SF,SC,SECUNDERABAD JN,COA,Kakinada Port,566,10.25,PUBLIC_COMMUNITY
12740,Secunderabad-Visakhapatnam Garib Rath,GR,SC,SECUNDERABAD JN,VSKP,VISHAKAPATNAM,701,11.25,PUBLIC_COMMUNITY
12741,VASCO DA GAMA - PATNA SF Exp,SF,VSG,VASCO DA GAMA,PNBE,PATNA JN,2419,41.0,PUBLIC_COMMUNITY
12742,PATNA - VASCO DA GAMA SF Exp,SF,PNBE,PATNA JN,VSG,VASCO DA GAMA,2419,42.92,PUBLIC_COMMUNITY
12747,Palnadu Express,SF,GNT,GUNTUR JN,VKB,VIKARABAD JN,353,6.42,PUBLIC_COMMUNITY
12748,Palnadu Express,SF,VKB,VIKARABAD JN,GNT,GUNTUR JN,353,6.25,PUBLIC_COMMUNITY
12750,Mumbai LTT-Visakhapatnam SF Express,SF,LTT,LOKMANYA TILAK TERM,VSKP,VISHAKAPATNAM,1502,26.33,PUBLIC_COMMUNITY
12751,Manuguru-Secunderabad Tri Weekly SF Express,SF,MUGR,Manuguru,SC,SECUNDERABAD JN,331,6.0,PUBLIC_COMMUNITY
12752,Secunderabad-Manuguru SF Express,SF,SC,SECUNDERABAD JN,MUGR,Manuguru,331,6.0,PUBLIC_COMMUNITY
12753,Chennai-NewJalpaiguri SF Express,SF,MAS,CHENNAI CENTRAL,NJP,NEW JALPAIGURI,2257,40.75,PUBLIC_COMMUNITY
12754,New Jalpaiguri-Chennai SF Express,SF,NJP,NEW JALPAIGURI,MAS,CHENNAI CENTRAL,2257,40.92,PUBLIC_COMMUNITY
12763,Padmavati Express,SF,TPTY,TIRUPATI MAIN,SC,SECUNDERABAD JN,737,12.83,PUBLIC_COMMUNITY
12764,Padmavati Express,SF,SC,SECUNDERABAD JN,TPTY,TIRUPATI MAIN,737,12.5,PUBLIC_COMMUNITY
12777,HUBLI - TRIVANDRUM KOCHUVELI SF Exp,SF,UBL,HUBLI JN,KCVL,KOCHUVELI,1307,23.67,PUBLIC_COMMUNITY
40045,Chennai Beach TambaramEMU,MEMU,MSB,CHENNAI BEACH,TBM,TAMBARAM,29,0.92,PUBLIC_COMMUNITY
52469,PATHANKOT - BAIJNATHPAPROLA PASSENGER,Pass,PTK,PATHANKOT,BJPL,BAIJNATH PAPROLA,141,6.67,PUBLIC_COMMUNITY
53448,Bhagalpur Banka Passenger,Pass,BGP,BHAGALPUR,BAKA,Banka,53,2.25,PUBLIC_COMMUNITY
55010,Chhapra Bhatni Passenger,Pass,CPR,CHHAPRA,BTT,BHATNI JN,110,3.17,PUBLIC_COMMUNITY
55102,Barhaj Bazar Bhatni Passenger,Pass,BHJ,Barhaj Bazar,BTT,BHATNI JN,0,1.92,PUBLIC_COMMUNITY
55103,Bhatani Barhaj Passenger,Pass,BTT,BHATNI JN,BHJ,Barhaj Bazar,0,1.5,PUBLIC_COMMUNITY
55118,Bhatni Chhapra Passenger,Pass,BTT,BHATNI JN,SV,SIWAN JN,49,1.33,PUBLIC_COMMUNITY
55123,Bhatani Manduadih Passenger,Pass,BTT,BHATNI JN,MUV,MANDUADIH,165,5.92,PUBLIC_COMMUNITY
12717,Ratnachal SF Express,SF,VSKP,VISHAKAPATNAM,BZA,VIJAYAWADA JN,351,6.08,PUBLIC_COMMUNITY
12718,Ratnachal SF Express,SF,BZA,VIJAYAWADA JN,VSKP,VISHAKAPATNAM,351,6.0,PUBLIC_COMMUNITY
12721,Dakshin SF Express,SF,HYB,HYDERABAD DECCAN,NZM,DELHI H NIZAMUDDIN,1670,29.58,PUBLIC_COMMUNITY
12722,Dakshin SF Express,SF,NZM,DELHI H NIZAMUDDIN,HYB,HYDERABAD DECCAN,1670,30.17,PUBLIC_COMMUNITY
12723,Andhra Pradesh Express,SF,HYB,HYDERABAD DECCAN,NDLS,NEW DELHI,1677,26.67,PUBLIC_COMMUNITY
12724,Andhra Pradesh Express,SF,NDLS,NEW DELHI,HYB,HYDERABAD DECCAN,1677,26.33,PUBLIC_COMMUNITY
12727,Godavari SF Express,SF,VSKP,VISHAKAPATNAM,HYB,HYDERABAD DECCAN,711,12.83,PUBLIC_COMMUNITY
12728,Godavari SF Express,SF,HYB,HYDERABAD DECCAN,VSKP,VISHAKAPATNAM,711,12.58,PUBLIC_COMMUNITY
12729,Pune-Nanded Express,SF,PUNE,PUNE JN,NED,HUZUR SAHIB NANDED,662,12.0,PUBLIC_COMMUNITY
12730,Nanded-Pune SuperFast Express,SF,NED,HUZUR SAHIB NANDED,PUNE,PUNE JN,662,12.0,PUBLIC_COMMUNITY
12755,Sangrami SF Expres,SF,MAS,CHENNAI CENTRAL,HLZ,Haldia,1647,27.58,PUBLIC_COMMUNITY
12756,Sangrami Expres,SF,HLZ,Haldia,MAS,CHENNAI CENTRAL,1647,29.5,PUBLIC_COMMUNITY
12759,Charminar Express,SF,MAS,CHENNAI CENTRAL,HYB,HYDERABAD DECCAN,790,13.83,PUBLIC_COMMUNITY
12760,Charminar Express,SF,HYB,HYDERABAD DECCAN,MAS,CHENNAI CENTRAL,790,13.75,PUBLIC_COMMUNITY
12785,Kacheguda-Bangalore SF Express,SF,KCG,KACHEGUDA,SBC,BANGALORE CITY JN,625,11.33,PUBLIC_COMMUNITY
12789,Rameswaram Kanyakumari SF Express,SF,RMM,RAMESWARAM,CAPE,KANYAKUMARI,407,7.33,PUBLIC_COMMUNITY
12790,Kanyakumari Rameswaram SF Express,SF,CAPE,KANYAKUMARI,RMM,RAMESWARAM,407,7.33,PUBLIC_COMMUNITY
12791,SECUNDERABAD - DANAPUR SF EXP,SF,SC,SECUNDERABAD JN,DNR,DANAPUR,1840,33.17,PUBLIC_COMMUNITY
12792,DANAPUR - SECUNDERABAD SF EXP,SF,DNR,DANAPUR,SC,SECUNDERABAD JN,1840,33.42,PUBLIC_COMMUNITY
12793,Chennai Egmore Madurai BI-Weekly Superfast Express,SF,MS,CHENNAI EGMORE,MDU,MADURAI JN,561,10.08,PUBLIC_COMMUNITY
12794,Madurai Chennai Egmore BI-Weekly Superfast Express,SF,MDU,MADURAI JN,MS,CHENNAI EGMORE,561,10.17,PUBLIC_COMMUNITY
12802,Purushottam SF Express,SF,NDLS,NEW DELHI,PURI,PURI,1863,31.0,PUBLIC_COMMUNITY
12805,Janmabhoomi Express,SF,VSKP,VISHAKAPATNAM,SC,SECUNDERABAD JN,689,12.42,PUBLIC_COMMUNITY
12806,Janmabhoomi Express,SF,SC,SECUNDERABAD JN,VSKP,VISHAKAPATNAM,689,12.5,PUBLIC_COMMUNITY
12811,MUMBAI - HATIA LTT SF Exp,SF,LTT,LOKMANYA TILAK TERM,HTE,HATIA,1706,27.5,PUBLIC_COMMUNITY
12812,HATIA - MUMBAI LTT SF Exp,SF,HTE,HATIA,LTT,LOKMANYA TILAK TERM,1706,27.92,PUBLIC_COMMUNITY
12813,Steel Express,SF,HWH,HOWRAH JN,TATA,TATANAGAR JN,250,3.92,PUBLIC_COMMUNITY
12814,Steel Express,SF,TATA,TATANAGAR JN,HWH,HOWRAH JN,250,4.08,PUBLIC_COMMUNITY
12816,New Delhi-Puri Superfast Express,SF,NDLS,NEW DELHI,PURI,PURI,1794,29.92,PUBLIC_COMMUNITY
12817,Jharkhand Swarna Jayanti SF Express,SF,HTE,HATIA,ANVT,ANAND VIHAR TRM,1300,23.17,PUBLIC_COMMUNITY
12818,Jharkhand Swarna Jayanti Express,SF,ANVT,ANAND VIHAR TRM,HTE,HATIA,1303,20.83,PUBLIC_COMMUNITY
12819,Orissa Sampark Kranti Express,SKr,BBS,BHUBANESWAR,NDLS,NEW DELHI,1799,29.17,PUBLIC_COMMUNITY
12820,Orissa Sampark Kranti Express,SKr,NDLS,NEW DELHI,BBS,BHUBANESWAR,1799,29.0,PUBLIC_COMMUNITY
12821,Dhauli Express,SF,HWH,HOWRAH JN,PURI,PURI,502,8.5,PUBLIC_COMMUNITY
12822,Dhauli Express,SF,PURI,PURI,HWH,HOWRAH JN,502,8.42,PUBLIC_COMMUNITY
12827,Howrah Purulia Express,SF,HWH,HOWRAH JN,PRR,PURULIA JN,323,5.5,PUBLIC_COMMUNITY
12828,Howrah Express,SF,PRR,PURULIA JN,HWH,HOWRAH JN,323,5.83,PUBLIC_COMMUNITY
12829,Chennai Bhubaneswar SF Express,SF,MAS,CHENNAI CENTRAL,BBS,BHUBANESWAR,1223,20.42,PUBLIC_COMMUNITY
12830,Bhubaneswar Chennai Superfast Express,SF,BBS,BHUBANESWAR,MAS,CHENNAI CENTRAL,1223,20.92,PUBLIC_COMMUNITY
12831,DHANBAD - BHUBANESWAR Garib Rath Exp,GR,DHN,DHANBAD JN,BBS,BHUBANESWAR,780,16.25,PUBLIC_COMMUNITY
12832,BHUBANESWAR - DHANBAD Garib Rath Exp,GR,BBS,BHUBANESWAR,DHN,DHANBAD JN,780,14.58,PUBLIC_COMMUNITY
12833,AHMEDABAD - HOWRAH SF EXP,SF,ADI,AHMEDABAD JN,HWH,HOWRAH JN,2087,37.58,PUBLIC_COMMUNITY
12834,HOWRAH - AHMEDABAD SF EXP,SF,HWH,HOWRAH JN,ADI,AHMEDABAD JN,2087,37.5,PUBLIC_COMMUNITY
40017,Chennai Beach Tambaram EMU(12 Car),MEMU,MSB,CHENNAI BEACH,TBM,TAMBARAM,33,0.92,PUBLIC_COMMUNITY
55104,Barhaj Bazar Bhatni Passenger,Pass,BHJ,Barhaj Bazar,BTT,BHATNI JN,0,1.42,PUBLIC_COMMUNITY
55117,Siwan Bhatni Passenger,Pass,SV,SIWAN JN,BTT,BHATNI JN,49,3.08,PUBLIC_COMMUNITY
55121,Bhatni Varanasi Passenger,Pass,BTT,BHATNI JN,BSB,VARANASI JN,161,5.08,PUBLIC_COMMUNITY
55122,Manduadih Bhatni Passenger,Pass,MUV,MANDUADIH,BTT,BHATNI JN,165,5.33,PUBLIC_COMMUNITY
55124,Varanasi City- Bhatni Passenger,Pass,BCY,VARANASI CITY,BTT,BHATNI JN,158,5.75,PUBLIC_COMMUNITY
12779,VASCO DA GAMA - DELHI H NIZAMUDDIN Goa Exp,SF,VSG,VASCO DA GAMA,NZM,DELHI H NIZAMUDDIN,2202,39.08,PUBLIC_COMMUNITY
12780-Slip,H.Nizamuddin Hubli Goa Express Slip,SF,NZM,DELHI H NIZAMUDDIN,VSG,VASCO DA GAMA,2202,39.42,PUBLIC_COMMUNITY
12781,Mysore-Nizamuddin Swarna Jayanti Express,SF,MYS,MYSORE JN,NZM,DELHI H NIZAMUDDIN,2618,44.92,PUBLIC_COMMUNITY
12787,Bilaspur Tirunelveli SF Express,SF,BSP,BILASPUR JN,TEN,TIRUNELVELI,2493,44.92,PUBLIC_COMMUNITY
12788,Tirunelveli Bilaspur SF Express,SF,TEN,TIRUNELVELI,BSP,BILASPUR JN,2494,44.58,PUBLIC_COMMUNITY
12801,Purushottam SF Express,SF,PURI,PURI,NDLS,NEW DELHI,1863,31.0,PUBLIC_COMMUNITY
12804,Swarna Jayanti Express,SF,NZM,DELHI H NIZAMUDDIN,VSKP,VISHAKAPATNAM,2096,35.42,PUBLIC_COMMUNITY
12807,Samata Express,SF,VSKP,VISHAKAPATNAM,NZM,DELHI H NIZAMUDDIN,1911,34.33,PUBLIC_COMMUNITY
12808,Samata Express,SF,NZM,DELHI H NIZAMUDDIN,VSKP,VISHAKAPATNAM,1911,33.83,PUBLIC_COMMUNITY
12815,Puri New Delhi Superfast Express,SF,PURI,PURI,NDLS,NEW DELHI,1804,30.08,PUBLIC_COMMUNITY
12823,Chhattisgarh Sampark Kranti Express,SKr,DURG,DURG,NZM,DELHI H NIZAMUDDIN,1281,21.08,PUBLIC_COMMUNITY
12824,Chhattisgarh Sampark Kranti Express,SKr,NZM,DELHI H NIZAMUDDIN,DURG,DURG,1284,21.75,PUBLIC_COMMUNITY
12825,Jharkhand Sampark Kranti Express,SKr,RNC,RANCHI,NDLS,NEW DELHI,1306,21.17,PUBLIC_COMMUNITY
12837,Howrah-Puri Express,SF,HWH,HOWRAH JN,PURI,PURI,502,8.92,PUBLIC_COMMUNITY
12838,Puri Howrah Express,SF,PURI,PURI,HWH,HOWRAH JN,502,8.75,PUBLIC_COMMUNITY
12839,Howrah Chennai Superfast Mail,SF,HWH,HOWRAH JN,MAS,CHENNAI CENTRAL,1662,28.08,PUBLIC_COMMUNITY
12841,Coromandel Express,SF,HWH,HOWRAH JN,MAS,CHENNAI CENTRAL,1662,26.42,PUBLIC_COMMUNITY
12842,Coromandel Express,SF,MAS,CHENNAI CENTRAL,HWH,HOWRAH JN,1662,27.08,PUBLIC_COMMUNITY
12845,BHUBANESWAR - BENGALURU CANTT SF Exp,SF,BBS,BHUBANESWAR,BNC,BANGALORE CANT,1524,27.67,PUBLIC_COMMUNITY
40019,Chennai Beach Tambaram EMU,MEMU,MSB,CHENNAI BEACH,TBM,TAMBARAM,33,0.92,PUBLIC_COMMUNITY
12887,Howrah-Puri Express,SF,HWH,HOWRAH JN,PURI,PURI,502,9.0,PUBLIC_COMMUNITY
12886,Aranyak Express,SF,BJE,Bhojudih Junction,SHM,KOLKATA SHALIMAR,311,5.58,PUBLIC_COMMUNITY
12885,Aranyak Express,SF,SHM,KOLKATA SHALIMAR,BJE,Bhojudih Junction,311,5.33,PUBLIC_COMMUNITY
12883,Rupashi Bangla Express,SF,HWH,HOWRAH JN,PRR,PURULIA JN,333,5.83,PUBLIC_COMMUNITY
12882,Puri Howrah Garib Rath,GR,PURI,PURI,HWH,HOWRAH JN,502,8.83,PUBLIC_COMMUNITY
12881,Howrah Puri Garib Rath,GR,HWH,HOWRAH JN,PURI,PURI,502,9.0,PUBLIC_COMMUNITY
12872,TITLAGARH - HOWRAH Ispat Exp,SF,TIG,TITLAGARH,HWH,HOWRAH JN,745,13.42,PUBLIC_COMMUNITY
12873,Jharkhand Swarna Jayanti Express,SF,HTE,HATIA,ANVT,ANAND VIHAR TRM,1334,24.17,PUBLIC_COMMUNITY
12874,Jharkhand Swarna Jayanti Express,SF,ANVT,ANAND VIHAR TRM,HTE,HATIA,1334,24.08,PUBLIC_COMMUNITY
12875,PURI - NEW DELHI Neelanchal SF Exp,SF,PURI,PURI,NDLS,NEW DELHI,1910,34.75,PUBLIC_COMMUNITY
12876,NEW DELHI - PURI Neelanchal SF Exp,SF,NDLS,NEW DELHI,PURI,PURI,1910,34.67,PUBLIC_COMMUNITY
12877,Ranchi-New Delhi Garib Rath,GR,RNC,RANCHI,NDLS,NEW DELHI,1341,17.67,PUBLIC_COMMUNITY
12780,DELHI H NIZAMUDDIN - VASCO DA GAMA Goa Exp,SF,NZM,DELHI H NIZAMUDDIN,VSG,VASCO DA GAMA,2202,39.42,PUBLIC_COMMUNITY
12843,Puri Ahmedabad Superfast Express,SF,PURI,PURI,ADI,AHMEDABAD JN,2130,37.92,PUBLIC_COMMUNITY
12844,Ahmedabad Puri Superfast Express,SF,ADI,AHMEDABAD JN,PURI,PURI,2130,38.83,PUBLIC_COMMUNITY
12879,MUMBAI LTT - BHUBANESWAR SF Exp,SF,LTT,LOKMANYA TILAK TERM,BBS,BHUBANESWAR,1788,31.33,PUBLIC_COMMUNITY
12884,Rupashi Bangla Express,SF,PRR,PURULIA JN,HWH,HOWRAH JN,333,5.67,PUBLIC_COMMUNITY
12880,BHUBANESWAR - MUMBAI LTT SF Exp,SF,BBS,BHUBANESWAR,LTT,LOKMANYA TILAK TERM,1789,30.42,PUBLIC_COMMUNITY
12891,Baripada- Bhubaneswar Express,SF,BPO,Baripada,BBS,BHUBANESWAR,275,4.88,PUBLIC_COMMUNITY
12888,Howrah Express,SF,PURI,PURI,HWH,HOWRAH JN,502,8.83,PUBLIC_COMMUNITY
12893,BHUBANESWAR - BALANGIR SF Exp,SF,BBS,BHUBANESWAR,BLGR,BALANGIR,397,6.92,PUBLIC_COMMUNITY
12892,Bhubaneswar Baripada SF Express,SF,BBS,BHUBANESWAR,BPO,Baripada,275,4.92,PUBLIC_COMMUNITY
12895,Kolkata-Puri Express,SF,HWH,HOWRAH JN,PURI,PURI,502,9.0,PUBLIC_COMMUNITY
12894,BALANGIR - BHUBANESWAR SF Exp,SF,BLGR,BALANGIR,BBS,BHUBANESWAR,397,7.17,PUBLIC_COMMUNITY
12897,Puducherry-Bhubaneswar Express,SF,PDY,Puducherry,BBS,BHUBANESWAR,1424,24.25,PUBLIC_COMMUNITY
12896,Puri-Howrah Express,SF,PURI,PURI,HWH,HOWRAH JN,502,8.83,PUBLIC_COMMUNITY
12903,Golden Temple Mail,SF,BCT,Mumbai Central,ASR,AMRITSAR JN,1891,32.25,PUBLIC_COMMUNITY
12898,Bhubaneswar-Puducherry Superfast Express,SF,BBS,BHUBANESWAR,PDY,Puducherry,1424,25.58,PUBLIC_COMMUNITY
12908,Maharashtra Sampark Kranti Express,SKr,NZM,DELHI H NIZAMUDDIN,BDTS,MUMBAI BANDRA TERMINUS,1366,20.25,PUBLIC_COMMUNITY
12906-Slip,Howrah-Porbandar SF Express Slip,SF,HWH,HOWRAH JN,OKHA,OKHA,2586,45.08,PUBLIC_COMMUNITY
12911,Valsad-Haridwar Exp,SF,BL,VALSAD,HW,HARIDWAR JN,1433,24.58,PUBLIC_COMMUNITY
12910,H.Nizamuddin-Bandra Terminus Garib Rath Express,GR,NZM,DELHI H NIZAMUDDIN,BDTS,MUMBAI BANDRA TERMINUS,1366,16.5,PUBLIC_COMMUNITY
12913,Indore-Nagpur Weekly Express,SF,INDB,INDORE JN BG,NGP,NAGPUR,652,11.83,PUBLIC_COMMUNITY
12912,Haridwar Valsad Superfast Express,SF,HW,HARIDWAR JN,BL,VALSAD,1433,23.58,PUBLIC_COMMUNITY
12919,Malwa Express,SF,INDB,INDORE JN BG,JAT,JAMMU TAWI,1540,27.5,PUBLIC_COMMUNITY
12914,Nagpur-Indore Weekly Express,SF,NGP,NAGPUR,INDB,INDORE JN BG,652,11.58,PUBLIC_COMMUNITY
12921,Flying Rani Express,SF,BCT,Mumbai Central,ST,SURAT,263,4.67,PUBLIC_COMMUNITY
12920,Malwa Express,SF,JAT,JAMMU TAWI,INDB,INDORE JN BG,1540,27.83,PUBLIC_COMMUNITY
12923,Indore Nagpur Express,SF,INDB,INDORE JN BG,NGP,NAGPUR,607,11.0,PUBLIC_COMMUNITY
12922,Flying Rani Express,SF,ST,SURAT,BCT,Mumbai Central,263,4.75,PUBLIC_COMMUNITY
12925,Paschim Express,SF,BDTS,MUMBAI BANDRA TERMINUS,ASR,AMRITSAR JN,1821,31.67,PUBLIC_COMMUNITY
12924,Indore Express,SF,NGP,NAGPUR,INDB,INDORE JN BG,607,10.42,PUBLIC_COMMUNITY
12925-Slip,Paschim Express Slip,SF,BDTS,MUMBAI BANDRA TERMINUS,ASR,AMRITSAR JN,1821,31.67,PUBLIC_COMMUNITY
12926,Paschim Express,SF,ASR,AMRITSAR JN,BDTS,MUMBAI BANDRA TERMINUS,1821,31.08,PUBLIC_COMMUNITY
12927,Mumbai Central -Vadodara Express,SF,BCT,Mumbai Central,BRC,VADODARA JN,392,6.42,PUBLIC_COMMUNITY
12928,Vadodara - Mumbai Central Express,SF,BRC,VADODARA JN,BCT,Mumbai Central,392,6.25,PUBLIC_COMMUNITY
12929,Valsad Dahod InterCity Express,SF,BL,VALSAD,DHD,DAHOD,344,6.0,PUBLIC_COMMUNITY
12930,Dahod Valsad InterCity Express,SF,DHD,DAHOD,BL,VALSAD,344,6.17,PUBLIC_COMMUNITY
12935,Bandra Surat InterCity Express,SF,BDTS,MUMBAI BANDRA TERMINUS,ST,SURAT,252,4.33,PUBLIC_COMMUNITY
12936,Surat Bandra InterCity Express,SF,ST,SURAT,BDTS,MUMBAI BANDRA TERMINUS,252,4.33,PUBLIC_COMMUNITY
12937,GANDHIDHAM - HOWRAH Garbha Exp,SF,GIMB,GANDHIDHAM BG,HWH,HOWRAH JN,2509,44.08,PUBLIC_COMMUNITY
12938,HOWRAH - GANDHIDHAM Garbha Exp,SF,HWH,HOWRAH JN,GIMB,GANDHIDHAM BG,2509,42.25,PUBLIC_COMMUNITY
12939,Pune-Jaipur SF Express,SF,PUNE,PUNE JN,JP,JAIPUR,1302,22.33,PUBLIC_COMMUNITY
12940,Jaipur-Pune SF Express,SF,JP,JAIPUR,PUNE,PUNE JN,1302,22.83,PUBLIC_COMMUNITY
40025,Chennai Beach TambaramEMU (12 car),MEMU,MSB,CHENNAI BEACH,TBM,TAMBARAM,33,0.92,PUBLIC_COMMUNITY
58115,CKP ROU SARANDA PASSENGER,Pass,CKP,CHAKRADHARPUR,ROU,ROURKELA,101,2.17,PUBLIC_COMMUNITY
12901,Gujarat Mail,SF,BCT,Mumbai Central,ADI,AHMEDABAD JN,491,8.67,PUBLIC_COMMUNITY
12902,Gujarat Mail,SF,ADI,AHMEDABAD JN,BCT,Mumbai Central,491,8.75,PUBLIC_COMMUNITY
12907,Maharashtra Sampark Kranti Express,SKr,BDTS,MUMBAI BANDRA TERMINUS,NZM,DELHI H NIZAMUDDIN,1366,20.92,PUBLIC_COMMUNITY
12909,Bandra Terminus- Hazrat Nizamuddin Garib Rath,GR,BDTS,MUMBAI BANDRA TERMINUS,NZM,DELHI H NIZAMUDDIN,1366,16.83,PUBLIC_COMMUNITY
12915,Ashram SF Express,SF,ADI,AHMEDABAD JN,DLI,OLD DELHI,933,15.67,PUBLIC_COMMUNITY
12916,Ashram SF Express,SF,DLI,OLD DELHI,ADI,AHMEDABAD JN,933,16.33,PUBLIC_COMMUNITY
12917,Gujarat Sampark Kranti Express,SKr,ADI,AHMEDABAD JN,NZM,DELHI H NIZAMUDDIN,1085,17.33,PUBLIC_COMMUNITY
12933,Karnavati Express,SF,BCT,Mumbai Central,ADI,AHMEDABAD JN,491,7.75,PUBLIC_COMMUNITY
12934,Karnavati Express,SF,ADI,AHMEDABAD JN,BCT,Mumbai Central,491,7.67,PUBLIC_COMMUNITY
12943,Valsad-Kanpur Udyogkarmi Express,SF,BL,VALSAD,CNB,KANPUR CENTRAL,1305,23.83,PUBLIC_COMMUNITY
12944,Kanpur-Valsad Udyogkarmi Express,SF,CNB,KANPUR CENTRAL,BL,VALSAD,1305,23.58,PUBLIC_COMMUNITY
12945,SURAT - MAHUVA SF Exp,SF,ST,SURAT,MHV,MAHUVA JN,1409,25.08,PUBLIC_COMMUNITY
12947,Azimabad Express,SF,ADI,AHMEDABAD JN,PNBE,PATNA JN,1772,31.0,PUBLIC_COMMUNITY
12948,Azimabad Express,SF,PNBE,PATNA JN,ADI,AHMEDABAD JN,1772,30.33,PUBLIC_COMMUNITY
12949,PORBANDAR - K SANTRAGANCHI Kavi Guru SF Exp,SF,PBR,PORBANDAR,SRC,SANTRAGACHI JN,2657,48.25,PUBLIC_COMMUNITY
12951,Mumbai Central-New Delhi Rajdhani Express,Raj,BCT,Mumbai Central,NDLS,NEW DELHI,1384,15.83,PUBLIC_COMMUNITY
12955,Mumbai-Jaipur SF Express,SF,BCT,Mumbai Central,JP,JAIPUR,1159,18.0,PUBLIC_COMMUNITY
12956,Jaipur-Mumbai SF Express,SF,JP,JAIPUR,BCT,Mumbai Central,1159,17.67,PUBLIC_COMMUNITY
12959,MUMBAI DADAR - BHUJ SF Exp,SF,DDR,MUMBAI DADAR WEST,BHUJ,BHUJ,977,17.75,PUBLIC_COMMUNITY
12960,BHUJ - MUMBAI DADAR SF Exp,SF,BHUJ,BHUJ,DDR,MUMBAI DADAR WEST,977,17.75,PUBLIC_COMMUNITY
12961,Avantika Express,SF,BCT,Mumbai Central,INDB,INDORE JN BG,829,13.92,PUBLIC_COMMUNITY
12962,Avantika Express,SF,INDB,INDORE JN BG,BCT,Mumbai Central,829,14.75,PUBLIC_COMMUNITY
12965,Gwalior Udaipur Express,SF,GWL,GWALIOR JN,UDZ,UDAIPUR CITY,794,14.33,PUBLIC_COMMUNITY
12966,Udaipur Gwalior Express,SF,UDZ,UDAIPUR CITY,GWL,GWALIOR JN,794,14.42,PUBLIC_COMMUNITY
12967,Chennai-Jaipur SF Express,SF,MAS,CHENNAI CENTRAL,JP,JAIPUR,2185,36.33,PUBLIC_COMMUNITY
12968,Jaipur-Chennai SF Express,SF,JP,JAIPUR,MAS,CHENNAI CENTRAL,2185,38.08,PUBLIC_COMMUNITY
12969,Coimbatore-Jaipur Express,SF,CBE,COIMBATORE JN,JP,JAIPUR,2682,44.67,PUBLIC_COMMUNITY
12970,Jaipur-Coimbatore Express,SF,JP,JAIPUR,CBE,COIMBATORE JN,2682,46.33,PUBLIC_COMMUNITY
12971,Bhavnagar Express,SF,BDTS,MUMBAI BANDRA TERMINUS,BVC,BHAVNAGAR TERMINUS,778,14.08,PUBLIC_COMMUNITY
12973,Indore-Jaipur SF Express,SF,INDB,INDORE JN BG,JP,JAIPUR,599,9.5,PUBLIC_COMMUNITY
12974,Jaipur Indore SF Express,SF,JP,JAIPUR,INDB,INDORE JN BG,599,10.0,PUBLIC_COMMUNITY
12975,Mysore-Jaipur SF Express,SF,MYS,MYSORE JN,JP,JAIPUR,2479,43.67,PUBLIC_COMMUNITY
12976,Jaipur-Mysore SF Express,SF,JP,JAIPUR,MYS,MYSORE JN,2479,44.67,PUBLIC_COMMUNITY
12977,ERNAKULAM - AJMER Marusagar Exp,SF,ERS,ERNAKULAM JN,AII,AJMER JN,2859,44.42,PUBLIC_COMMUNITY
12978,AJMER - ERNAKULAM Marusagar Exp,SF,AII,AJMER JN,ERS,ERNAKULAM JN,2859,44.67,PUBLIC_COMMUNITY
12979,Mumbai Bandra (T.) - Jaipur (Tri-weekly) SF Exp,SF,BDTS,MUMBAI BANDRA TERMINUS,JP,JAIPUR,1148,18.75,PUBLIC_COMMUNITY
12981,Chetak Express,SF,DEE,DELHI SARAI ROHILLA,UDZ,UDAIPUR CITY,673,12.17,PUBLIC_COMMUNITY
12982,Chetak Express,SF,UDZ,UDAIPUR CITY,DEE,DELHI SARAI ROHILLA,673,11.83,PUBLIC_COMMUNITY
12983,Ajmer-Chandigarh GaribRath Express,GR,AII,AJMER JN,CDG,CHANDIGARH,740,12.75,PUBLIC_COMMUNITY
12984,Chandigarh-Ajmer GaribRath,GR,CDG,CHANDIGARH,AII,AJMER JN,740,12.83,PUBLIC_COMMUNITY
12988,Ajmer Sealdah Express,SF,AII,AJMER JN,SDAH,KOLKATA SEALDAH,1642,27.17,PUBLIC_COMMUNITY
12989,Dadar Ajmer Superfast Express,SF,DDR,MUMBAI DADAR WEST,AII,AJMER JN,976,17.5,PUBLIC_COMMUNITY
12990,Ajmer-Dadar SF Express,SF,AII,AJMER JN,DDR,MUMBAI DADAR WEST,976,17.5,PUBLIC_COMMUNITY
12991,Udaipur-Ajmer Express,SF,UDZ,UDAIPUR CITY,AII,AJMER JN,301,5.42,PUBLIC_COMMUNITY
12992,Ajmer Udaipur Express,SF,AII,AJMER JN,UDZ,UDAIPUR CITY,301,5.25,PUBLIC_COMMUNITY
40027,Chennai Beach TambaramEMU (12 car),MEMU,MSB,CHENNAI BEACH,TBM,TAMBARAM,33,0.92,PUBLIC_COMMUNITY
40033,Chennai Beach TambaramEMU (12 car),MEMU,MSB,CHENNAI BEACH,TBM,TAMBARAM,33,0.92,PUBLIC_COMMUNITY
40055,Chennai Beach TambaramEMU,MEMU,MSB,CHENNAI BEACH,TBM,TAMBARAM,29,0.92,PUBLIC_COMMUNITY
58610,Chakradharpur Tatanagar Passenger,Pass,CKP,CHAKRADHARPUR,TATA,TATANAGAR JN,62,1.75,PUBLIC_COMMUNITY
12941,Ahmedabad-Asansol (Weekly) SF Parasnath Express,SF,ADI,AHMEDABAD JN,ASN,ASANSOL JN,2021,34.92,PUBLIC_COMMUNITY
12942,Asansol Ahmedabad (Weekly) SF Express,SF,ASN,ASANSOL JN,ADI,AHMEDABAD JN,2021,34.0,PUBLIC_COMMUNITY
12954,August Kranti Rajdhani Express,Raj,NZM,DELHI H NIZAMUDDIN,BCT,Mumbai Central,1377,17.67,PUBLIC_COMMUNITY
12957,Ahmadabad-New Delhi Swarna Jayanti Rajdhani Expres,Raj,ADI,AHMEDABAD JN,NDLS,NEW DELHI,934,13.67,PUBLIC_COMMUNITY
12958,New Delhi-Ahmedabad Swarna Jayanti Rajdhani Expres,Raj,NDLS,NEW DELHI,ADI,AHMEDABAD JN,934,13.67,PUBLIC_COMMUNITY
12963,Mewar Express,SF,NZM,DELHI H NIZAMUDDIN,UDZ,UDAIPUR CITY,743,12.25,PUBLIC_COMMUNITY
12964,Mewar Express,SF,UDZ,UDAIPUR CITY,NZM,DELHI H NIZAMUDDIN,743,12.25,PUBLIC_COMMUNITY
12995,Bandra-Udaipur SF Express,SF,BDTS,MUMBAI BANDRA TERMINUS,UDZ,UDAIPUR CITY,945,17.17,PUBLIC_COMMUNITY
12996,Udaipur Bandra SF Express Slip,SF,UDZ,UDAIPUR CITY,BDTS,MUMBAI BANDRA TERMINUS,945,16.92,PUBLIC_COMMUNITY
12997,Tirunelveli - Hapa (Biweekly) SF Express,SF,TEN,TIRUNELVELI,HAPA,HAPA,2730,44.08,PUBLIC_COMMUNITY
12998,Hapa-Tirunelveli Express,SF,HAPA,HAPA,TEN,TIRUNELVELI,2730,44.17,PUBLIC_COMMUNITY
13005,Howrah-Amritsar Mail,Mail,HWH,HOWRAH JN,ASR,AMRITSAR JN,1910,37.75,PUBLIC_COMMUNITY
13007,Udyan Abha Toofan Express,Exp,HWH,HOWRAH JN,SGNR,SHRI GANGANAGAR,1978,45.58,PUBLIC_COMMUNITY
13008-Slip,Udyan Abha Toofan Express Slip,Exp,SGNR,SHRI GANGANAGAR,KLK,Kalka,433,9.0,PUBLIC_COMMUNITY
13009,Doon Express,Exp,HWH,HOWRAH JN,DDN,DEHRADUN,1557,34.58,PUBLIC_COMMUNITY
13009-Slip,Doon Express Slip,Exp,HWH,HOWRAH JN,KTW,KOTDWARA,1461,33.33,PUBLIC_COMMUNITY
13010,Doon Express,Exp,DDN,DEHRADUN,HWH,HOWRAH JN,1557,34.5,PUBLIC_COMMUNITY
13011,InterCity Express,Exp,HWH,HOWRAH JN,MLDT,MALDA TOWN,340,7.42,PUBLIC_COMMUNITY
13012,InterCity Express,Exp,MLDT,MALDA TOWN,HWH,HOWRAH JN,340,6.92,PUBLIC_COMMUNITY
13015,Howrah Bolpur KaviGuru Express,Exp,HWH,HOWRAH JN,BHP,BOLPUR SHANTINIKETAN,158,3.0,PUBLIC_COMMUNITY
13017,Ganadevta Express,Exp,HWH,HOWRAH JN,AZ,AZIMGANJ JN,278,7.0,PUBLIC_COMMUNITY
13018,Ganadevta Express,Exp,AZ,AZIMGANJ JN,HWH,HOWRAH JN,278,6.25,PUBLIC_COMMUNITY
13019,Bagh Express,Exp,HWH,HOWRAH JN,KGM,KATHGODAM,1521,35.75,PUBLIC_COMMUNITY
13020,Bagh Express,Exp,KGM,KATHGODAM,HWH,HOWRAH JN,1521,38.75,PUBLIC_COMMUNITY
13021,Mithila Express,Exp,HWH,HOWRAH JN,RXL,RAXAUL JN,693,16.75,PUBLIC_COMMUNITY
13022,Mithila Express,Exp,RXL,RAXAUL JN,HWH,HOWRAH JN,693,18.0,PUBLIC_COMMUNITY
13023,Howrah-Gaya Express,Exp,HWH,HOWRAH JN,GAYA,GAYA JN,654,15.08,PUBLIC_COMMUNITY
13025,Howrah-Bhopal Express,Exp,HWH,HOWRAH JN,BPL,BHOPAL JN,1459,29.08,PUBLIC_COMMUNITY
13026,Bhopal-Howrah Express,Exp,BPL,BHOPAL JN,HWH,HOWRAH JN,1459,31.42,PUBLIC_COMMUNITY
13027,Kaviguru Express,Exp,HWH,HOWRAH JN,AZ,AZIMGANJ JN,278,5.83,PUBLIC_COMMUNITY
13028,Kaviguru Express,Exp,AZ,AZIMGANJ JN,HWH,HOWRAH JN,278,6.25,PUBLIC_COMMUNITY
13039,Howrah-Rajgir Express Slip,Exp,HWH,HOWRAH JN,RGD,Rajgir,552,15.83,PUBLIC_COMMUNITY
13040,Janata Express,Exp,DLI,OLD DELHI,HWH,HOWRAH JN,1540,38.42,PUBLIC_COMMUNITY
13049,Howrah-Amritsar Express,Exp,HWH,HOWRAH JN,ASR,AMRITSAR JN,1922,44.17,PUBLIC_COMMUNITY
13050,Amritsar Howrah Express,Exp,ASR,AMRITSAR JN,HWH,HOWRAH JN,1922,45.58,PUBLIC_COMMUNITY
13051,Hool Express,Exp,HWH,HOWRAH JN,SURI,SIURI,241,4.92,PUBLIC_COMMUNITY
13052,Hool Express,Exp,SURI,SIURI,HWH,HOWRAH JN,241,4.92,PUBLIC_COMMUNITY
13054,Siuri-Howrah Intercity Express,Exp,SURI,SIURI,HWH,HOWRAH JN,211,4.83,PUBLIC_COMMUNITY
13072,Howrah Express,Exp,JMP,JAMALPUR JN,HWH,HOWRAH JN,467,10.0,PUBLIC_COMMUNITY
13104,Bhagirathi Express,Exp,LGL,Lalgola,SDAH,KOLKATA SEALDAH,227,4.58,PUBLIC_COMMUNITY
13105,Sealdah-Ballia Express,Exp,SDAH,KOLKATA SEALDAH,BUI,BALLIA,679,16.75,PUBLIC_COMMUNITY
13106,Ballia-Sealdah Express,Exp,BUI,BALLIA,SDAH,KOLKATA SEALDAH,679,18.58,PUBLIC_COMMUNITY
13107,Maitree Express BR,Exp,DHCA,Dhaca Cantt.,KOAA,KOLKATA CHITPUR,375,11.75,PUBLIC_COMMUNITY
13108,Maitree Express BR,Exp,KOAA,KOLKATA CHITPUR,DHCA,Dhaca Cantt.,375,10.83,PUBLIC_COMMUNITY
13109,Maitree Express IR,Exp,KOAA,KOLKATA CHITPUR,DHCA,Dhaca Cantt.,375,10.83,PUBLIC_COMMUNITY
13110,Maitree Express,Exp,DHCA,Dhaca Cantt.,KOAA,KOLKATA CHITPUR,375,11.75,PUBLIC_COMMUNITY
13111,Lal Quila Express,Exp,KOAA,KOLKATA CHITPUR,DLI,OLD DELHI,1527,30.92,PUBLIC_COMMUNITY
13111-Slip,Lal Quila Express Slip,Exp,KOAA,KOLKATA CHITPUR,GRD,Giridih,322,8.25,PUBLIC_COMMUNITY
40035,Chennai Beach TambaramEMU (12 car),MEMU,MSB,CHENNAI BEACH,TBM,TAMBARAM,33,0.92,PUBLIC_COMMUNITY
40059,Chennai Beach TambaramEMU,MEMU,MSB,CHENNAI BEACH,TBM,TAMBARAM,29,0.92,PUBLIC_COMMUNITY
13008,Udyan Abha Toofan Express,Exp,MGS,MUGHAL SARAI JN,HWH,HOWRAH JN,755,17.92,PUBLIC_COMMUNITY
13013,Barddhaman Rampurhat Tri-Weekly Express,Exp,BWN,BARDDHAMAN JN,RPH,RAMPUR HAT,112,2.33,PUBLIC_COMMUNITY
13014,Rampurhat-Barddhaman Tri-Weekly Express,Exp,RPH,RAMPUR HAT,BWN,BARDDHAMAN JN,112,2.67,PUBLIC_COMMUNITY
13016,Bolpur-Howrah Kavi Guru Express,Exp,BHP,BOLPUR SHANTINIKETAN,HWH,HOWRAH JN,158,3.08,PUBLIC_COMMUNITY
13024,Gaya-Howrah Express,Exp,GAYA,GAYA JN,HWH,HOWRAH JN,654,15.5,PUBLIC_COMMUNITY
13112,Lal Quila Express,Exp,DLI,OLD DELHI,KOAA,KOLKATA CHITPUR,1552,34.67,PUBLIC_COMMUNITY
13113,Hazarduari Express,Exp,KOAA,KOLKATA CHITPUR,LGL,Lalgola,223,5.33,PUBLIC_COMMUNITY
13114,Hazarduari Express,Exp,LGL,Lalgola,KOAA,KOLKATA CHITPUR,223,5.58,PUBLIC_COMMUNITY
13117,Kolkata Berhampore Court Express,Exp,KOAA,KOLKATA CHITPUR,BPC,Berhampore Court,182,3.83,PUBLIC_COMMUNITY
13118,Berhampore Court Kolkata Express,Exp,BPC,Berhampore Court,KOAA,KOLKATA CHITPUR,182,4.25,PUBLIC_COMMUNITY
13133,Sealdah-Varanasi Express,Exp,SDAH,KOLKATA SEALDAH,BSB,VARANASI JN,871,24.42,PUBLIC_COMMUNITY
13134,Varanasi- Sealdah Express,Exp,BSB,VARANASI JN,SDAH,KOLKATA SEALDAH,871,26.25,PUBLIC_COMMUNITY
13141,Testa Torsa Express,Exp,SDAH,KOLKATA SEALDAH,NOQ,NEW ALIPURDAUR,716,17.58,PUBLIC_COMMUNITY
13141-Slip,Testa Torsa Express Slip,Exp,SDAH,KOLKATA SEALDAH,HDB,HALDIBARI,628,15.42,PUBLIC_COMMUNITY
13142,Teesta Torsa Express,Exp,NOQ,NEW ALIPURDAUR,SDAH,KOLKATA SEALDAH,716,16.83,PUBLIC_COMMUNITY
13145,Radhikapur Express,Exp,KOAA,KOLKATA CHITPUR,RDP,Radhikapur,476,11.33,PUBLIC_COMMUNITY
13146,Radhikapur Express,Exp,RDP,Radhikapur,KOAA,KOLKATA CHITPUR,476,11.75,PUBLIC_COMMUNITY
13147,Uttar Banga Express,Exp,SDAH,KOLKATA SEALDAH,NCB,NEW COOCH BEHAR,693,13.83,PUBLIC_COMMUNITY
13148,Uttar Banga Express,Exp,NCB,NEW COOCH BEHAR,SDAH,KOLKATA SEALDAH,693,13.92,PUBLIC_COMMUNITY
13149,Kanchan Kanya Express,Exp,SDAH,KOLKATA SEALDAH,APDJ,ALIPUR DUAR JN,735,15.67,PUBLIC_COMMUNITY
13150,Kanchan Kanya Express,Exp,APDJ,ALIPUR DUAR JN,SDAH,KOLKATA SEALDAH,735,15.5,PUBLIC_COMMUNITY
13152,JammuTawi-Kolkata Chitpur Express,Exp,JAT,JAMMU TAWI,KOAA,KOLKATA CHITPUR,1982,44.83,PUBLIC_COMMUNITY
13153-Slip,Gour Express Slip,Exp,SDAH,KOLKATA SEALDAH,BLGT,BALURGHAT,454,11.42,PUBLIC_COMMUNITY
13154,Malda Town-Sealdah Gour Express,Exp,MLDT,MALDA TOWN,SDAH,KOLKATA SEALDAH,347,7.75,PUBLIC_COMMUNITY
13156,SITAMARHI - KOLKATA CHITPUR Mithilanchal Exp,Exp,SMI,SITAMARHI JN,KOAA,KOLKATA CHITPUR,553,13.0,PUBLIC_COMMUNITY
13159,KOLKATA CHITPUR - JOGBANI Exp,Exp,KOAA,KOLKATA CHITPUR,JBN,JOGBANI,542,14.33,PUBLIC_COMMUNITY
13160,JOGBANI - KOLKATA CHITPUR Exp,Exp,JBN,JOGBANI,KOAA,KOLKATA CHITPUR,542,13.17,PUBLIC_COMMUNITY
13161,KOLKATA CHITPUR - BALURGHAT Tebhaga Exp,Exp,KOAA,KOLKATA CHITPUR,BLGT,BALURGHAT,438,9.17,PUBLIC_COMMUNITY
13162,BALURGHAT - KOLKATA CHITPUR Tebhaga Exp,Exp,BLGT,BALURGHAT,KOAA,KOLKATA CHITPUR,437,8.83,PUBLIC_COMMUNITY
13163,Hatey Bazare Express,Exp,SDAH,KOLKATA SEALDAH,SHC,SAHARSA JN,589,16.08,PUBLIC_COMMUNITY
13164,Hatey Bazare Express,Exp,SHC,SAHARSA JN,SDAH,KOLKATA SEALDAH,589,16.92,PUBLIC_COMMUNITY
13185,Ganga Sagar Express,Exp,SDAH,KOLKATA SEALDAH,JYG,JAYNAGAR,624,16.25,PUBLIC_COMMUNITY
13186,Ganga Sagar Express,Exp,JYG,JAYNAGAR,SDAH,KOLKATA SEALDAH,624,14.83,PUBLIC_COMMUNITY
13188,Rampurhat- Sealdah Express,Exp,RPH,RAMPUR HAT,SDAH,KOLKATA SEALDAH,226,4.67,PUBLIC_COMMUNITY
13202,MUMBAI LTT - RAJENDRA NAGAR PATNA Janta Exp,Exp,LTT,LOKMANYA TILAK TERM,RJPB,RAJENDRA NAGAR BIHAR,1715,35.67,PUBLIC_COMMUNITY
13225,Jaynagar-Danapur Intercity,Exp,JYG,JAYNAGAR,DNR,DANAPUR,277,9.92,PUBLIC_COMMUNITY
13226,Danapur-Jaynagar Intercity,Exp,DNR,DANAPUR,JYG,JAYNAGAR,277,8.25,PUBLIC_COMMUNITY
13233,Rajgriha Express,Exp,RGD,Rajgir,DNR,DANAPUR,109,3.42,PUBLIC_COMMUNITY
13234,Rajgriha Express,Exp,DNR,DANAPUR,RGD,Rajgir,109,3.75,PUBLIC_COMMUNITY
13237,Patna Mathura Express,Exp,PNBE,PATNA JN,MTJ,MATHURA JN,938,19.5,PUBLIC_COMMUNITY
13238,Mathura Patna Express,Exp,MTJ,MATHURA JN,PNBE,PATNA JN,936,19.33,PUBLIC_COMMUNITY
13239,Patna Mathura Express,Exp,PNBE,PATNA JN,MTJ,MATHURA JN,895,19.5,PUBLIC_COMMUNITY
13240,Mathura Patna Express,Exp,MTJ,MATHURA JN,PNBE,PATNA JN,895,19.33,PUBLIC_COMMUNITY
13241,Banka Patna Express,Exp,BAKA,Banka,RJPB,RAJENDRA NAGAR BIHAR,272,7.75,PUBLIC_COMMUNITY
13242,Patna Banka Express,Exp,RJPB,RAJENDRA NAGAR BIHAR,BAKA,Banka,272,7.42,PUBLIC_COMMUNITY
13243,Patna Dehri On Sone InterCity Express,Exp,PNBE,PATNA JN,DOS,DEHRI ON SONE,177,4.92,PUBLIC_COMMUNITY
13248,RAJENDRA NAGAR - GUWAHATI Capital Exp,Exp,RJPB,RAJENDRA NAGAR BIHAR,GHY,GUWAHATI,980,22.83,PUBLIC_COMMUNITY
19321,Indore-Rajendranagar Express,Exp,INDB,INDORE JN BG,RJPB,RAJENDRA NAGAR BIHAR,1400,26.92,PUBLIC_COMMUNITY
40037,Chennai Beach TambaramEMU (12 car),MEMU,MSB,CHENNAI BEACH,TBM,TAMBARAM,33,0.92,PUBLIC_COMMUNITY
13235,Sahibganj-Danapur InterCity,Exp,SBG,SAHIBGANJ JN,DNR,DANAPUR,306,9.2,PUBLIC_COMMUNITY
13236,Danapur-Sahibganj InterCity,Exp,DNR,DANAPUR,SBG,SAHIBGANJ JN,306,8.0,PUBLIC_COMMUNITY
13244,Dehri On Sone Patna InterCity Express,Exp,DOS,DEHRI ON SONE,PNBE,PATNA JN,177,4.67,PUBLIC_COMMUNITY
13246,Capital Express,Exp,DNR,DANAPUR,NJP,NEW JALPAIGURI,501,14.08,PUBLIC_COMMUNITY
13247,GUWAHATI - RAJENDRA NAGAR Capital Exp,Exp,GHY,GUWAHATI,RJPB,RAJENDRA NAGAR BIHAR,980,23.83,PUBLIC_COMMUNITY
13251,Islampur Rajendra Nagar Express,Exp,IPR,Islampur,RJPB,RAJENDRA NAGAR BIHAR,63,2.25,PUBLIC_COMMUNITY
13252,Rajendra Nagar Islampur Express,Exp,RJPB,RAJENDRA NAGAR BIHAR,IPR,Islampur,63,2.0,PUBLIC_COMMUNITY
13287,DURG - RAJENDRA NAGAR South Bihar Exp,Exp,DURG,DURG,RJPB,RAJENDRA NAGAR BIHAR,1130,24.83,PUBLIC_COMMUNITY
13288,RAJENDRA NAGAR BIHAR - DURG South Bihar Exp,Exp,RJPB,RAJENDRA NAGAR BIHAR,DURG,DURG,1130,24.83,PUBLIC_COMMUNITY
13301,Suvarna Rekha Express,Exp,DHN,DHANBAD JN,TATA,TATANAGAR JN,193,5.67,PUBLIC_COMMUNITY
13302,Suvarna Rekha Express,Exp,TATA,TATANAGAR JN,DHN,DHANBAD JN,193,5.42,PUBLIC_COMMUNITY
13304,Dhanbad InterCity Express,Exp,RNC,RANCHI,DHN,DHANBAD JN,162,4.17,PUBLIC_COMMUNITY
13305,Dhanbad-Gaya InterCity,Exp,DHN,DHANBAD JN,GAYA,GAYA JN,199,3.42,PUBLIC_COMMUNITY
13306,Gaya-Dhanbad InterCity,Exp,GAYA,GAYA JN,DHN,DHANBAD JN,199,3.58,PUBLIC_COMMUNITY
13307,Ganga Sutlej Express,Exp,DHN,DHANBAD JN,FZR,FIROZPUR CANT,1599,37.0,PUBLIC_COMMUNITY
13308,Ganga Sutlej Express,Exp,FZR,FIROZPUR CANT,DHN,DHANBAD JN,1599,34.5,PUBLIC_COMMUNITY
13317,Black Diamond Express,Exp,HWH,HOWRAH JN,DHN,DHANBAD JN,271,4.92,PUBLIC_COMMUNITY
13319,Baidyanthdham-Ranchi Express,Exp,BDME,Baidyanathdham Deoghar,RNC,RANCHI,328,7.67,PUBLIC_COMMUNITY
13320,Ranchi-Baidyanathdham Express,Exp,RNC,RANCHI,BDME,Baidyanathdham Deoghar,333,8.25,PUBLIC_COMMUNITY
13329,Ganga Damodar Express,Exp,DHN,DHANBAD JN,PNBE,PATNA JN,291,6.08,PUBLIC_COMMUNITY
13330,Ganga Damodar Express,Exp,PNBE,PATNA JN,DHN,DHANBAD JN,291,5.83,PUBLIC_COMMUNITY
13331,Dhanbad Patna Express,Exp,DHN,DHANBAD JN,PNBE,PATNA JN,373,8.67,PUBLIC_COMMUNITY
13332,Patna Dhanbad Express,Exp,PNBE,PATNA JN,DHN,DHANBAD JN,373,7.83,PUBLIC_COMMUNITY
13345,Varanasi-Singrauli Intercity,Exp,BSB,VARANASI JN,SGRL,SINGRAULI,209,5.92,PUBLIC_COMMUNITY
13347,Palamau Express,Exp,BRKA,BARKAKANA,PNBE,PATNA JN,494,11.33,PUBLIC_COMMUNITY
13348,Palamau Express,Exp,PNBE,PATNA JN,BRKA,BARKAKANA,494,12.83,PUBLIC_COMMUNITY
13352,ALAPPUZHA - DHANBAD (Bokaro) Express,Exp,ALLP,ALLEPPEY,DHN,DHANBAD JN,2536,55.25,PUBLIC_COMMUNITY
13404,Vananchal Express,Exp,BGP,BHAGALPUR,RNC,RANCHI,561,13.75,PUBLIC_COMMUNITY
13413,Farakka Express,Exp,MLDT,MALDA TOWN,DLI,OLD DELHI,1416,33.33,PUBLIC_COMMUNITY
13414,Farakka Express,Exp,DLI,OLD DELHI,MLDT,MALDA TOWN,1416,33.5,PUBLIC_COMMUNITY
13415,Malda Patna Express,Exp,MLDT,MALDA TOWN,PNBE,PATNA JN,399,9.0,PUBLIC_COMMUNITY
13416,Patna-Malda Express,Exp,PNBE,PATNA JN,MLDT,MALDA TOWN,399,10.58,PUBLIC_COMMUNITY
13419,Jan Sewa Express,Exp,BGP,BHAGALPUR,MFP,MUZAFFARPUR JN,240,6.75,PUBLIC_COMMUNITY
13421,Nabadwipdham Malda Express,Exp,NDAE,NABADWIP DHAM,MLDT,MALDA TOWN,226,5.0,PUBLIC_COMMUNITY
13422,Malda Nabadwipdham Express,Exp,MLDT,MALDA TOWN,NDAE,NABADWIP DHAM,226,5.17,PUBLIC_COMMUNITY
13465,InterCity Express,Exp,HWH,HOWRAH JN,MLDT,MALDA TOWN,331,7.08,PUBLIC_COMMUNITY
13466,InterCity Express,Exp,MLDT,MALDA TOWN,HWH,HOWRAH JN,331,6.67,PUBLIC_COMMUNITY
13483,Farakka Express,Exp,MLDT,MALDA TOWN,DLI,OLD DELHI,1456,33.33,PUBLIC_COMMUNITY
13484,Farakka Express,Exp,DLI,OLD DELHI,MLDT,MALDA TOWN,1456,33.5,PUBLIC_COMMUNITY
13501,Haldia-Asansol Express,Exp,HLZ,Haldia,ASN,ASANSOL JN,322,6.42,PUBLIC_COMMUNITY
40039,Chennai Beach TambaramEMU (12 car),MEMU,MSB,CHENNAI BEACH,TBM,TAMBARAM,33,0.92,PUBLIC_COMMUNITY
40041,Chennai Beach TambaramEMU (12 car),MEMU,MSB,CHENNAI BEACH,TBM,TAMBARAM,33,0.92,PUBLIC_COMMUNITY
40043,Chennai Beach TambaramEMU,MEMU,MSB,CHENNAI BEACH,TBM,TAMBARAM,33,0.92,PUBLIC_COMMUNITY
40047,Chennai Beach TambaramEMU (12 car),MEMU,MSB,CHENNAI BEACH,TBM,TAMBARAM,29,0.92,PUBLIC_COMMUNITY
40049,Chennai Beach TambaramEMU (12 car),MEMU,MSB,CHENNAI BEACH,TBM,TAMBARAM,29,0.92,PUBLIC_COMMUNITY
40051,Chennai Beach TambaramEMU (12 car),MEMU,MSB,CHENNAI BEACH,TBM,TAMBARAM,29,0.92,PUBLIC_COMMUNITY
40053,Chennai Beach TambaramEMU (12 car),MEMU,MSB,CHENNAI BEACH,TBM,TAMBARAM,29,0.92,PUBLIC_COMMUNITY
56842,Erode Tiruchchirapalli Passenger,Pass,ED,ERODE JN,TPJ,TIRUCHIRAPPALLI,141,3.75,PUBLIC_COMMUNITY
56860,Villupuram Tambaram Passenger,Pass,VM,VILLUPURAM JN,TBM,TAMBARAM,133,3.0,PUBLIC_COMMUNITY
12259,Sealdah-New Delhi AC Duronto Express,Drnt,SDAH,KOLKATA SEALDAH,NDLS,NEW DELHI,1453,16.33,PUBLIC_COMMUNITY
13346,Singrauli-Varanasi Intercity,Exp,SGRL,SINGRAULI,BSB,VARANASI JN,209,6.58,PUBLIC_COMMUNITY
13502,Asansol Haldia Express,Exp,ASN,ASANSOL JN,HLZ,Haldia,322,6.5,PUBLIC_COMMUNITY
13504,Asansol-Sealdah InterCity Express,Exp,ASN,ASANSOL JN,SDAH,KOLKATA SEALDAH,220,4.17,PUBLIC_COMMUNITY
13506,Asansol Digha Express,Exp,ASN,ASANSOL JN,DGHA,Digha Flag Station,372,7.92,PUBLIC_COMMUNITY
13507,Asansol-Gorakhpur Express,Exp,ASN,ASANSOL JN,GKP,GORAKHPUR JN,644,13.83,PUBLIC_COMMUNITY
13509,Asansol-Gonda Express,Exp,ASN,ASANSOL JN,GD,GONDA JN,862,20.83,PUBLIC_COMMUNITY
13510,Gonda-Asansol Express,Exp,GD,GONDA JN,ASN,ASANSOL JN,862,20.25,PUBLIC_COMMUNITY
14001,OLD DELHI - ATARI SHYAM SINGH Samjhauta Exp,Exp,DLI,OLD DELHI,ATT,ATARI,472,8.17,PUBLIC_COMMUNITY
14002,ATARI SHYAM SINGH - OLD DELHI Samjhauta Exp,Exp,ATT,ATARI,DLI,OLD DELHI,472,7.08,PUBLIC_COMMUNITY
14004,New Delhi-New Farakka Express,Exp,NDLS,NEW DELHI,NFK,NEW FARAKKA JN,1387,29.25,PUBLIC_COMMUNITY
14005,Lichhavi Express,Exp,SMI,SITAMARHI JN,ANVT,ANAND VIHAR TRM,1285,28.42,PUBLIC_COMMUNITY
14006,Lichhavi Express,Exp,ANVT,ANAND VIHAR TRM,SMI,SITAMARHI JN,1285,30.5,PUBLIC_COMMUNITY
14007,Muzaffarpur-Old Delhi Sadbhavna Express,Exp,MFP,MUZAFFARPUR JN,DLI,OLD DELHI,1106,24.58,PUBLIC_COMMUNITY
14008,Old Delhi-Muzaffarpur Sadbhavana Express,Exp,DLI,OLD DELHI,MFP,MUZAFFARPUR JN,1106,25.67,PUBLIC_COMMUNITY
14009,Patalkot Express,Exp,CWA,Chhindwara Junction,DEE,DELHI SARAI ROHILLA,1050,20.0,PUBLIC_COMMUNITY
14010,Patalkot Express,Exp,DEE,DELHI SARAI ROHILLA,CWA,Chhindwara Junction,1050,21.5,PUBLIC_COMMUNITY
14011,Kathgodam-Anand Vihar AC Express,Exp,KGM,KATHGODAM,ANVT,ANAND VIHAR TRM,271,5.58,PUBLIC_COMMUNITY
14012,Anand Vihar-Kathgodam AC Express,Exp,ANVT,ANAND VIHAR TRM,KGM,KATHGODAM,271,5.92,PUBLIC_COMMUNITY
14013,Sadbhavna Express,Exp,SLN,SULTANPUR,DLI,OLD DELHI,645,13.33,PUBLIC_COMMUNITY
14014,Sadbhavna Express,Exp,DLI,OLD DELHI,SLN,SULTANPUR,645,13.83,PUBLIC_COMMUNITY
14015,Sadbhavna Express,Exp,RXL,RAXAUL JN,DLI,OLD DELHI,1236,28.25,PUBLIC_COMMUNITY
14016,Sadbhavana Express,Exp,DLI,OLD DELHI,RXL,RAXAUL JN,1236,29.17,PUBLIC_COMMUNITY
14017,Sadbhavna Express,Exp,MFP,MUZAFFARPUR JN,DLI,OLD DELHI,1147,24.58,PUBLIC_COMMUNITY
14018,Sadbhavana Expres,Exp,DLI,OLD DELHI,MFP,MUZAFFARPUR JN,1147,25.67,PUBLIC_COMMUNITY
14020,Delhi SR Chhindwara Kanhan Valley Express,Exp,DEE,DELHI SARAI ROHILLA,CWA,Chhindwara Junction,1050,21.5,PUBLIC_COMMUNITY
14033,Jammu Mail,Mail,DLI,OLD DELHI,UHP,UDHAMPUR,637,15.33,PUBLIC_COMMUNITY
14034,Jammu Mail,Mail,UHP,UDHAMPUR,DLI,OLD DELHI,637,15.17,PUBLIC_COMMUNITY
14035,Dhauladhar Express,Exp,DLI,OLD DELHI,PTK,PATHANKOT,496,9.83,PUBLIC_COMMUNITY
14036,Dhauladhar Express,Exp,PTK,PATHANKOT,DLI,OLD DELHI,496,9.25,PUBLIC_COMMUNITY
14037,Delhi-Pathankot Express,Exp,DLI,OLD DELHI,PTK,PATHANKOT,554,10.0,PUBLIC_COMMUNITY
14038,Pathankot Delhi Express,Exp,PTK,PATHANKOT,DLI,OLD DELHI,554,10.42,PUBLIC_COMMUNITY
14041-Slip,Mussoorie Express Slip,Exp,DEE,DELHI SARAI ROHILLA,KTW,KOTDWARA,243,8.42,PUBLIC_COMMUNITY
14042,DEHRADUN - DELHI SARAI ROHILLA Mussoorie Exp,Exp,DDN,DEHRADUN,DEE,DELHI SARAI ROHILLA,339,11.25,PUBLIC_COMMUNITY
14043,KOTDWAR - OLD DELHI Garhwal Exp,Exp,KTW,KOTDWARA,DLI,OLD DELHI,238,7.25,PUBLIC_COMMUNITY
14044,OLD DELHI - KOTDWAR Garhwal Exp,Exp,DLI,OLD DELHI,KTW,KOTDWARA,238,7.0,PUBLIC_COMMUNITY
14056,OLD DELHI - DIBRUGARH Brahmaputra Exp,Mail,DLI,OLD DELHI,DBRG,DIBRUGARH,2589,52.5,PUBLIC_COMMUNITY
14083,Sikkim Mahananda Express,Exp,APDJ,ALIPUR DUAR JN,DLI,OLD DELHI,1651,34.92,PUBLIC_COMMUNITY
14084,Sikkim Mahananda Express,Exp,DLI,OLD DELHI,APDJ,ALIPUR DUAR JN,1651,35.25,PUBLIC_COMMUNITY
14085,Haryana Express,Exp,TKJ,TILAK BRIDGE,SSA,Sirsa,264,6.5,PUBLIC_COMMUNITY
14086,Haryana Express,Exp,SSA,Sirsa,TKJ,TILAK BRIDGE,264,6.42,PUBLIC_COMMUNITY
14095,Himalayan Queen,Exp,DEE,DELHI SARAI ROHILLA,KLK,Kalka,305,5.42,PUBLIC_COMMUNITY
14096,Himalayan Queen,Exp,KLK,Kalka,DEE,DELHI SARAI ROHILLA,305,5.83,PUBLIC_COMMUNITY
14096-Slip,Himalayan Queen Slip,Exp,KLK,Kalka,BNW,Bhiwani,335,6.5,PUBLIC_COMMUNITY
14109,Chitrakoot Kanpur Express,Exp,CKTD,CHITRAKUTDHAM KARWI,CNB,KANPUR CENTRAL,213,4.75,PUBLIC_COMMUNITY
14110,Kanpur Chitrakoot Express,Exp,CNB,KANPUR CENTRAL,CKTD,CHITRAKUTDHAM KARWI,213,4.58,PUBLIC_COMMUNITY
14114,Link Express,Exp,DDN,DEHRADUN,ALD,ALLAHABAD JN,863,18.75,PUBLIC_COMMUNITY
40057,Chennai Beach TambaramEMU (12 car),MEMU,MSB,CHENNAI BEACH,TBM,TAMBARAM,29,0.92,PUBLIC_COMMUNITY
51672,KATNI - ITARSI Fast Passenger,Pass,KTE,KATNI,ET,ITARSI JN,335,6.33,PUBLIC_COMMUNITY
12343,Darjeeling Mail,SF,SDAH,KOLKATA SEALDAH,NJP,NEW JALPAIGURI,567,9.92,PUBLIC_COMMUNITY
12483,KOCHUVELI - AMRITSAR SF Exp,SF,KCVL,KOCHUVELI,ASR,AMRITSAR JN,3597,58.5,PUBLIC_COMMUNITY
14119,Kathgodam Dehradun Express,Exp,KGM,KATHGODAM,DDN,DEHRADUN,335,8.58,PUBLIC_COMMUNITY
14120,Dehradun Kathgodam Express,Exp,DDN,DEHRADUN,KGM,KATHGODAM,335,8.33,PUBLIC_COMMUNITY
14123,Pratapgarh Kanpur InterCity Express,Exp,PBH,PARTAPGARH JN,CNB,KANPUR CENTRAL,245,4.92,PUBLIC_COMMUNITY
14124,Kanpur Pratapgarh InterCity Express,Exp,CNB,KANPUR CENTRAL,PBH,PARTAPGARH JN,245,5.25,PUBLIC_COMMUNITY
14126,Saryu Express,Exp,FD,FAIZABAD JN,ALD,ALLAHABAD JN,157,4.75,PUBLIC_COMMUNITY
14163,Sangam Express,Exp,ALD,ALLAHABAD JN,MTC,MEERUT CITY,639,12.92,PUBLIC_COMMUNITY
14163-Slip,Sangam Express Slip,Exp,ALD,ALLAHABAD JN,DDN,DEHRADUN,863,19.42,PUBLIC_COMMUNITY
14164,Sangam Express,Exp,MTC,MEERUT CITY,ALD,ALLAHABAD JN,639,13.17,PUBLIC_COMMUNITY
14201,Jaunpur-Rae Bareliy Express,Exp,JNU,JAUNPUR JN,RBL,RAE BARELI JN,203,5.5,PUBLIC_COMMUNITY
14203,Varanasi Lucknow InterCity Express,Exp,BSB,VARANASI JN,LKO,LUCKNOW,302,5.83,PUBLIC_COMMUNITY
14204,Lucknow Varanasi InterCity Express,Exp,LKO,LUCKNOW,BSB,VARANASI JN,302,6.5,PUBLIC_COMMUNITY
14205,Faizabad Delhi Express,Exp,FD,FAIZABAD JN,DLI,OLD DELHI,615,12.08,PUBLIC_COMMUNITY
14206,Delhi-Faizabad Express,Exp,DLI,OLD DELHI,FD,FAIZABAD JN,615,12.67,PUBLIC_COMMUNITY
14207,Padmavat Express,Exp,PBH,PARTAPGARH JN,DLI,OLD DELHI,660,14.17,PUBLIC_COMMUNITY
14208,Padmavat Express,Exp,DLI,OLD DELHI,PBH,PARTAPGARH JN,660,12.5,PUBLIC_COMMUNITY
14210,Lucknow-Vindhyachal InterCity,Exp,LKO,LUCKNOW,BDL,VINDHYACHAL,284,5.67,PUBLIC_COMMUNITY
14211,Agra-New Delhi Intercity Express,Exp,AGC,AGRA CANTT,NDLS,NEW DELHI,195,4.33,PUBLIC_COMMUNITY
14212,NewDelhi-Agra InterCity Express,Exp,NDLS,NEW DELHI,AGC,AGRA CANTT,195,4.17,PUBLIC_COMMUNITY
14213,Varanasi-Gonda Intercity Express,Exp,BSB,VARANASI JN,GD,GONDA JN,256,5.58,PUBLIC_COMMUNITY
14214,Gonda-Varanasi Intercity Express,Exp,GD,GONDA JN,BSB,VARANASI JN,256,6.75,PUBLIC_COMMUNITY
14215,Ganga Gomti Express,Exp,ALD,ALLAHABAD JN,LKO,LUCKNOW,201,4.17,PUBLIC_COMMUNITY
14216,Ganga Gomti Express,Exp,LKO,LUCKNOW,ALD,ALLAHABAD JN,201,4.33,PUBLIC_COMMUNITY
14217,Unchahar Express,Exp,ALD,ALLAHABAD JN,CDG,CHANDIGARH,913,20.0,PUBLIC_COMMUNITY
14227,Varuna Express,Exp,BSB,VARANASI JN,LKO,LUCKNOW,284,4.92,PUBLIC_COMMUNITY
14228,Varuna Express,Exp,LKO,LUCKNOW,BSB,VARANASI JN,284,5.5,PUBLIC_COMMUNITY
14235,Varanasi Bareilly Express,Exp,BSB,VARANASI JN,BE,BAREILLY,559,14.08,PUBLIC_COMMUNITY
14236,Bareilly Varanasi Express,Exp,BE,BAREILLY,BSB,VARANASI JN,559,15.33,PUBLIC_COMMUNITY
14257,Kashi Vishwanath Express,Exp,BSB,VARANASI JN,NDLS,NEW DELHI,794,16.42,PUBLIC_COMMUNITY
14258,Kashi Vishwanath Express,Exp,NDLS,NEW DELHI,BSB,VARANASI JN,794,17.08,PUBLIC_COMMUNITY
14259,MUGHAL SARAI - LUCKNOW Ekatmata Exp,Exp,MGS,MUGHAL SARAI JN,LKO,LUCKNOW,2796,53.67,PUBLIC_COMMUNITY
14265,Varanasi Dehradun Janata Express,Exp,BSB,VARANASI JN,DDN,DEHRADUN,846,22.17,PUBLIC_COMMUNITY
14265-Slip,Varanasi-Ramnagar Express Slip,Exp,BSB,VARANASI JN,RMR,RAMNAGAR,705,21.67,PUBLIC_COMMUNITY
14266,Dehradun Varanasi Janata Express,Exp,DDN,DEHRADUN,BSB,VARANASI JN,846,21.5,PUBLIC_COMMUNITY
14307,Bareilly Express,Exp,PRG,PRAYAG,BE,BAREILLY,461,12.67,PUBLIC_COMMUNITY
14308,Bareilly-Prayag Passenger,Pass,BE,BAREILLY,PRG,PRAYAG,461,12.5,PUBLIC_COMMUNITY
14309,Ujjaini Express,Exp,UJN,UJJAIN JN,DDN,DEHRADUN,1241,28.0,PUBLIC_COMMUNITY
14310,Ujjaini Express,Exp,DDN,DEHRADUN,UJN,UJJAIN JN,1241,27.0,PUBLIC_COMMUNITY
14311,BAREILLY - BHUJ Ala Hazrat Exp,Exp,BE,BAREILLY,BHUJ,BHUJ,1543,31.92,PUBLIC_COMMUNITY
14314,BAREILLY - MUMBAI LTT Weekly Exp,Exp,BE,BAREILLY,LTT,LOKMANYA TILAK TERM,1608,33.25,PUBLIC_COMMUNITY
14315,Bareilly-NewDelhi InterCity,Exp,BE,BAREILLY,NDLS,NEW DELHI,258,5.17,PUBLIC_COMMUNITY
14316,NewDelhi-Bareilly InterCity,Exp,NDLS,NEW DELHI,BE,BAREILLY,258,5.33,PUBLIC_COMMUNITY
14317,INDORE - DEHRADUN Exp,Exp,INDB,INDORE JN BG,DDN,DEHRADUN,1183,27.92,PUBLIC_COMMUNITY
14318,DEHRADUN - INDORE Exp,Exp,DDN,DEHRADUN,INDB,INDORE JN BG,1179,24.58,PUBLIC_COMMUNITY
14321,BAREILLY - BHUJ Ala Hazrat Exp,Exp,BE,BAREILLY,BHUJ,BHUJ,1410,27.83,PUBLIC_COMMUNITY
19131,MUMBAI BANDRA - BHUJ Kutch Exp,Exp,BDTS,MUMBAI BANDRA TERMINUS,BHUJ,BHUJ,839,16.33,PUBLIC_COMMUNITY
40107,Chennai Beach Tambaram EMU,MEMU,MSB,CHENNAI BEACH,TBM,TAMBARAM,29,0.92,PUBLIC_COMMUNITY
40555,Chennai Beach Chengalpet Semi Fast EMU,MEMU,MSB,CHENNAI BEACH,CGL,CHENGALPATTU,59,1.67,PUBLIC_COMMUNITY
14322,BHUJ - BAREILLY Ala Hazrat Exp,Exp,BHUJ,BHUJ,BE,BAREILLY,1410,28.0,PUBLIC_COMMUNITY
14323,New Delhi-Rohtak Express,Exp,NDLS,NEW DELHI,ROK,ROHTAK JN,72,2.17,PUBLIC_COMMUNITY
14324,New Delhi Express,Exp,ROK,ROHTAK JN,NDLS,NEW DELHI,72,1.75,PUBLIC_COMMUNITY
14369,Tribeni Express,Exp,SGRL,SINGRAULI,BE,BAREILLY,723,18.08,PUBLIC_COMMUNITY
14370,Triveni Express,Exp,BE,BAREILLY,SGRL,SINGRAULI,723,19.25,PUBLIC_COMMUNITY
14370-Slip,Triveni Express Slip,Exp,BE,BAREILLY,BRWD,BARWADIH JN,862,22.75,PUBLIC_COMMUNITY
14511-Slip,Allahabad-Saharanpur Nauchandi Express Slip,Exp,ALD,ALLAHABAD JN,KRJ,KHURJA JN,695,15.58,PUBLIC_COMMUNITY
14512,Saharanpur-Allahabad Nauchandi Express,Exp,SRE,SAHARANPUR,ALD,ALLAHABAD JN,774,17.17,PUBLIC_COMMUNITY
14519,Kissan Express,Exp,DLI,OLD DELHI,BTI,BHATINDA JN,337,7.42,PUBLIC_COMMUNITY
14520,Kisan Express,Exp,BTI,BHATINDA JN,DLI,OLD DELHI,337,7.42,PUBLIC_COMMUNITY
14524,Harihar Express,Exp,UMB,AMBALA CANT JN,MFP,MUZAFFARPUR JN,1201,25.25,PUBLIC_COMMUNITY
14525,Ambala Cantt-Shri GangaNagar InterCity Express,Exp,UMB,AMBALA CANT JN,SGNR,SHRI GANGANAGAR,328,7.17,PUBLIC_COMMUNITY
14526,Shri Ganganagar-Ambala Cantt InterCity Express,Exp,SGNR,SHRI GANGANAGAR,UMB,AMBALA CANT JN,328,6.92,PUBLIC_COMMUNITY
14545,Farukhnagar Saharanpur Express,Exp,FN,Farukhnagar,SRE,SAHARANPUR,216,8.17,PUBLIC_COMMUNITY
14546,Saharanpur Farukhnagar Express,Exp,SRE,SAHARANPUR,FN,Farukhnagar,216,6.58,PUBLIC_COMMUNITY
14553,Himachal Express,Exp,DLI,OLD DELHI,UHL,Una Himachal,371,9.08,PUBLIC_COMMUNITY
14554,Himachal Express,Exp,UHL,Una Himachal,DLI,OLD DELHI,371,8.67,PUBLIC_COMMUNITY
14555,Bareilly-Delhi Express,Exp,BE,BAREILLY,DLI,OLD DELHI,274,6.92,PUBLIC_COMMUNITY
14556,Delhi-Bareilly Express,Exp,DLI,OLD DELHI,BE,BAREILLY,274,6.92,PUBLIC_COMMUNITY
14603,SAHARSA - AMRITSAR Jan Sadharan Exp,Exp,SHC,SAHARSA JN,ASR,AMRITSAR JN,1580,34.5,PUBLIC_COMMUNITY
14607,Amritsar Atari Samjhauta Express,Exp,ASR,AMRITSAR JN,ATT,ATARI,24,0.67,PUBLIC_COMMUNITY
14608,Atari Amritsar Samjhauta Express,Exp,ATT,ATARI,ASR,AMRITSAR JN,24,0.67,PUBLIC_COMMUNITY
14609,Hemkunt Express,Exp,RKSH,RISHIKESH,JAT,JAMMU TAWI,558,12.17,PUBLIC_COMMUNITY
14610,Hemkunt Express,Exp,JAT,JAMMU TAWI,RKSH,RISHIKESH,558,13.33,PUBLIC_COMMUNITY
14629,Ludhiana Firozpur Sutlej Express,Exp,LDH,LUDHIANA JN,FZR,FIROZPUR CANT,124,2.42,PUBLIC_COMMUNITY
14630,Firozpur Ludhiana Sutlej Express,Exp,FZR,FIROZPUR CANT,LDH,LUDHIANA JN,124,2.58,PUBLIC_COMMUNITY
14631,Dehradun Amritsar Express,Exp,DDN,DEHRADUN,ASR,AMRITSAR JN,463,11.83,PUBLIC_COMMUNITY
14632,Amritsar Dehradun Express,Exp,ASR,AMRITSAR JN,DDN,DEHRADUN,463,11.83,PUBLIC_COMMUNITY
14633,Ravi Express,Exp,ASR,AMRITSAR JN,PTK,PATHANKOT,107,2.42,PUBLIC_COMMUNITY
14634,Ravi Express,Exp,PTK,PATHANKOT,ASR,AMRITSAR JN,107,2.42,PUBLIC_COMMUNITY
14645,Shalimar Express,Exp,DLI,OLD DELHI,JAT,JAMMU TAWI,640,13.42,PUBLIC_COMMUNITY
14646,Shalimar Express,Exp,JAT,JAMMU TAWI,DLI,OLD DELHI,640,13.92,PUBLIC_COMMUNITY
14650,Saryu Yamuna Express,Exp,ASR,AMRITSAR JN,JYG,JAYNAGAR,1670,38.08,PUBLIC_COMMUNITY
14659-Slip,Delhi-Jaisalmer Express Slip,Exp,DLI,OLD DELHI,BME,BARMER,829,16.25,PUBLIC_COMMUNITY
14660,Jaisalmer Delhi Express,Exp,JSM,JAISALMER,DLI,OLD DELHI,918,17.92,PUBLIC_COMMUNITY
14661,Delhi Barmer Link Express,Exp,JU,JODHPUR JN,BME,BARMER,209,4.67,PUBLIC_COMMUNITY
14662,Barmer-Delhi MALANI Express,Exp,BME,BARMER,DLI,OLD DELHI,829,16.67,PUBLIC_COMMUNITY
14673,Shaheed Express,Exp,JYG,JAYNAGAR,ASR,AMRITSAR JN,1654,40.42,PUBLIC_COMMUNITY
14674,Shaheed Express,Exp,ASR,AMRITSAR JN,JYG,JAYNAGAR,1654,38.08,PUBLIC_COMMUNITY
14681,New Delhi-Jalandhar Express,Exp,NDLS,NEW DELHI,JUC,JALANDHAR CITY,439,8.67,PUBLIC_COMMUNITY
14682,Jalandhar NDLS Express,Exp,JUC,JALANDHAR CITY,NDLS,NEW DELHI,439,8.5,PUBLIC_COMMUNITY
14701,Jaisalmer-Bikaner Express,Exp,JSM,JAISALMER,BKN,BIKANER JN,327,5.92,PUBLIC_COMMUNITY
14702,Bikaner-Jaisalmer Express,Exp,BKN,BIKANER JN,JSM,JAISALMER,327,5.92,PUBLIC_COMMUNITY
14703,Bikaner Express,Exp,JSM,JAISALMER,LGH,LALGARH JN,323,5.42,PUBLIC_COMMUNITY
14704,Jaisalmer Express,Exp,LGH,LALGARH JN,JSM,JAISALMER,323,6.0,PUBLIC_COMMUNITY
14705,Delhi Sarai Rohilla Sadulpur Express,Exp,DEE,DELHI SARAI ROHILLA,SDLP,Sadulpur Junction,220,4.17,PUBLIC_COMMUNITY
14706,Sadulpur Delhi Sarai Rohilla Express,Exp,SDLP,Sadulpur Junction,DEE,DELHI SARAI ROHILLA,220,4.25,PUBLIC_COMMUNITY
15011,LUCKNOW - CHANDIGARH Exp,Exp,LJN,LUCKNOW JN,CDG,CHANDIGARH,724,15.92,PUBLIC_COMMUNITY
15012,CHANDIGARH - LUCKNOW Exp,Exp,CDG,CHANDIGARH,LJN,LUCKNOW JN,724,15.92,PUBLIC_COMMUNITY
13103,Bhagirathi Express,Exp,SDAH,KOLKATA SEALDAH,LGL,Lalgola,227,4.5,PUBLIC_COMMUNITY
13245,Capital Express,Exp,NJP,NEW JALPAIGURI,DNR,DANAPUR,501,14.17,PUBLIC_COMMUNITY
14708,MUMBAI BANDRA - BIKANER Ranakpur Exp,Exp,BDTS,MUMBAI BANDRA TERMINUS,BKN,BIKANER JN,1212,24.58,PUBLIC_COMMUNITY
14711,Haridwar Shri Ganganagar InterCity Express,Exp,HW,HARIDWAR JN,SGNR,SHRI GANGANAGAR,485,9.83,PUBLIC_COMMUNITY
14712,Shriganganagar Haridwar Express,Exp,SGNR,SHRI GANGANAGAR,HW,HARIDWAR JN,485,9.42,PUBLIC_COMMUNITY
14723,Kalindi Express,Exp,CNB,KANPUR CENTRAL,BNW,Bhiwani,605,16.58,PUBLIC_COMMUNITY
14724,Kalindi Express,Exp,BNW,Bhiwani,CNB,KANPUR CENTRAL,605,16.92,PUBLIC_COMMUNITY
14731,Delhi Bhatinda Intercity Express,Exp,DLI,OLD DELHI,BTI,BHATINDA JN,399,8.0,PUBLIC_COMMUNITY
14732,Bhatinda Delhi Express,Exp,BTI,BHATINDA JN,DLI,OLD DELHI,399,7.67,PUBLIC_COMMUNITY
14795,Ekta Express,Exp,BNW,Bhiwani,KLK,Kalka,299,6.67,PUBLIC_COMMUNITY
14796,Ekta Express,Exp,KLK,Kalka,BNW,Bhiwani,299,6.5,PUBLIC_COMMUNITY
14801,Jodhpur Gandhidham Express,Exp,JU,JODHPUR JN,GIMB,GANDHIDHAM BG,559,9.75,PUBLIC_COMMUNITY
14802,Gandhidham Jodhpur Express,Exp,GIMB,GANDHIDHAM BG,JU,JODHPUR JN,559,9.17,PUBLIC_COMMUNITY
14809,Jaisalmer Jodhpur Express,Exp,JSM,JAISALMER,JU,JODHPUR JN,301,5.75,PUBLIC_COMMUNITY
14810,Jaisalmer Express,Exp,JU,JODHPUR JN,JSM,JAISALMER,301,5.75,PUBLIC_COMMUNITY
14853,Marudhar Express,Exp,BSB,VARANASI JN,JU,JODHPUR JN,1201,23.67,PUBLIC_COMMUNITY
14854,Marudhar Express,Exp,JU,JODHPUR JN,BSB,VARANASI JN,1201,24.67,PUBLIC_COMMUNITY
14863,Marudhar Express,Exp,BSB,VARANASI JN,JU,JODHPUR JN,1161,22.75,PUBLIC_COMMUNITY
14864,Marudhar Express,Exp,JU,JODHPUR JN,BSB,VARANASI JN,1161,22.75,PUBLIC_COMMUNITY
14865,Marudhar Express,Exp,BSB,VARANASI JN,JU,JODHPUR JN,1179,23.25,PUBLIC_COMMUNITY
14866,Marudhar Express,Exp,JU,JODHPUR JN,BSB,VARANASI JN,1179,23.67,PUBLIC_COMMUNITY
14887-Slip,Kalka - Sriganganar Express (Slip),Exp,KLK,Kalka,SGNR,SHRI GANGANAGAR,433,9.42,PUBLIC_COMMUNITY
14887S,KALKA BARMER Express Slip,Exp,KLK,Kalka,BME,BARMER,1117,22.25,PUBLIC_COMMUNITY
14888,Barmer-Kalka Express,Exp,BME,BARMER,KLK,Kalka,1117,23.08,PUBLIC_COMMUNITY
14889,Thar Link Express,Exp,BGKT,BHAGAT KI KOTHI,MBF,Munabao,325,6.0,PUBLIC_COMMUNITY
14890,Thar Link Express,Exp,MBF,Munabao,BGKT,BHAGAT KI KOTHI,325,4.83,PUBLIC_COMMUNITY
15001,Rapti Ganga Express,Exp,MFP,MUZAFFARPUR JN,DDN,DEHRADUN,1124,24.0,PUBLIC_COMMUNITY
15002,Rapti Ganga Express,Exp,DDN,DEHRADUN,MFP,MUZAFFARPUR JN,1124,24.33,PUBLIC_COMMUNITY
15004,Chauri Chaura Express,Exp,GKP,GORAKHPUR JN,CPA,KANPUR ANWARGANJ,552,13.75,PUBLIC_COMMUNITY
15005,Rapti Ganga Express,Exp,GKP,GORAKHPUR JN,DDN,DEHRADUN,815,16.83,PUBLIC_COMMUNITY
15006,Rapti Ganga Express,Exp,DDN,DEHRADUN,GKP,GORAKHPUR JN,815,16.5,PUBLIC_COMMUNITY
15007,Krishak Express,Exp,MUV,MANDUADIH,LJN,LUCKNOW JN,513,13.17,PUBLIC_COMMUNITY
15009,Chitrakoot Express,Exp,LJN,LUCKNOW JN,JBP,JABALPUR,582,14.17,PUBLIC_COMMUNITY
15010,Chitrakoot Express,Exp,JBP,JABALPUR,LJN,LUCKNOW JN,582,12.83,PUBLIC_COMMUNITY
15013,Ranikhet Express,Exp,DLI,OLD DELHI,KGM,KATHGODAM,278,6.5,PUBLIC_COMMUNITY
15013-Slip,Ranikhet Express Slip,Exp,DLI,OLD DELHI,RMR,RAMNAGAR,239,6.25,PUBLIC_COMMUNITY
15014,Ranikhet Express,Exp,KGM,KATHGODAM,DLI,OLD DELHI,278,7.25,PUBLIC_COMMUNITY
15016,YESVANTPUR - GORAKHPUR Exp,Exp,YPR,YESVANTPUR JN,GKP,GORAKHPUR JN,2515,54.67,PUBLIC_COMMUNITY
15018,GORAKHPUR - MUMBAI LTT Kashi Exp,Exp,GKP,GORAKHPUR JN,LTT,LOKMANYA TILAK TERM,1714,37.17,PUBLIC_COMMUNITY
15018-Slip,Gorakhpur -Kolhapur Slip,Exp,GKP,GORAKHPUR JN,KOP,C SHAHU M RAJ KOLHAPUR TERM,2108,55.25,PUBLIC_COMMUNITY
15019,Gorakhpur Nautanwa Express,Exp,GKP,GORAKHPUR JN,NTV,Nautanwa,82,2.5,PUBLIC_COMMUNITY
15020,Gorakhpur Nautanwa Express,Exp,NTV,Nautanwa,GKP,GORAKHPUR JN,82,2.0,PUBLIC_COMMUNITY
15021,Kolkata Shalimar-Gorakhpur Bhojpuri Express,Exp,SHM,KOLKATA SHALIMAR,GKP,GORAKHPUR JN,1050,19.92,PUBLIC_COMMUNITY
15022,Bhojpuri Express,Exp,GKP,GORAKHPUR JN,SHM,KOLKATA SHALIMAR,1050,20.25,PUBLIC_COMMUNITY
15023,GORAKHPUR - YESVANTPUR Exp,Exp,GKP,GORAKHPUR JN,YPR,YESVANTPUR JN,2473,51.25,PUBLIC_COMMUNITY
15035,Uttarakhand Sampark Kranti Express,SKr,DLI,OLD DELHI,KGM,KATHGODAM,278,6.67,PUBLIC_COMMUNITY
15035-Slip,Uttarakhand Sampark Kranti Express Slip,SKr,DLI,OLD DELHI,RMR,RAMNAGAR,239,4.58,PUBLIC_COMMUNITY
15236,Darbhanga-Howrah Express,Exp,DBG,DARBHANGA JN,HWH,HOWRAH JN,536,10.83,PUBLIC_COMMUNITY
41057,Chennai Beach Velachery EMU,MEMU,MSB,CHENNAI BEACH,VLCY,Velachery,19,0.67,PUBLIC_COMMUNITY
41501,Chennai Beach Velachery EMU,MEMU,MSB,CHENNAI BEACH,VLCY,Velachery,18,0.67,PUBLIC_COMMUNITY
14649,Saryu Yamuna Express,Exp,JYG,JAYNAGAR,ASR,AMRITSAR JN,1670,40.42,PUBLIC_COMMUNITY
15003,Chauri Chaura Express,Exp,CPA,KANPUR ANWARGANJ,GKP,GORAKHPUR JN,552,14.08,PUBLIC_COMMUNITY
15008,Krishak Express,Exp,LJN,LUCKNOW JN,MUV,MANDUADIH,513,13.92,PUBLIC_COMMUNITY
15027,Maurya Express,Exp,HTE,HATIA,GKP,GORAKHPUR JN,857,24.25,PUBLIC_COMMUNITY
15028,Maurya Express,Exp,GKP,GORAKHPUR JN,HTE,HATIA,864,24.75,PUBLIC_COMMUNITY
15037,Kanpur Kasganj Express,Exp,CNB,KANPUR CENTRAL,KSJ,KASGANJ,247,5.75,PUBLIC_COMMUNITY
15038,Kasganj Kanpur Express,Exp,KSJ,KASGANJ,CNB,KANPUR CENTRAL,247,5.58,PUBLIC_COMMUNITY
15039,Farrukhabad Kasganj Express,Exp,FBD,FARRUKHABAD,KSJ,KASGANJ,107,2.58,PUBLIC_COMMUNITY
15040,Farrukhabad Express,Exp,KSJ,KASGANJ,FBD,FARRUKHABAD,107,2.08,PUBLIC_COMMUNITY
15041,Farrukhabad Kasganj Express,Exp,FBD,FARRUKHABAD,KSJ,KASGANJ,107,2.25,PUBLIC_COMMUNITY
15042,Farrukhabad Express,Exp,KSJ,KASGANJ,FBD,FARRUKHABAD,107,2.42,PUBLIC_COMMUNITY
15045,Gorakhpur-Okha Express,Exp,GKP,GORAKHPUR JN,OKHA,OKHA,2306,48.42,PUBLIC_COMMUNITY
15046,Okha-Gorakhpur Express,Exp,OKHA,OKHA,GKP,GORAKHPUR JN,2306,49.42,PUBLIC_COMMUNITY
15047,Purvanchal Express,Exp,KOAA,KOLKATA CHITPUR,GKP,GORAKHPUR JN,859,17.42,PUBLIC_COMMUNITY
15048,Purvanchal Express,Exp,GKP,GORAKHPUR JN,KOAA,KOLKATA CHITPUR,859,16.75,PUBLIC_COMMUNITY
15049,Poorvanchal Express,Exp,KOAA,KOLKATA CHITPUR,GKP,GORAKHPUR JN,883,19.17,PUBLIC_COMMUNITY
15050,Poorvanchal Express,Exp,GKP,GORAKHPUR JN,KOAA,KOLKATA CHITPUR,883,20.25,PUBLIC_COMMUNITY
15051,Poorvanchal Express,Exp,KOAA,KOLKATA CHITPUR,GKP,GORAKHPUR JN,875,17.67,PUBLIC_COMMUNITY
15052,Gorakhpur Kolkata Express,Exp,GKP,GORAKHPUR JN,KOAA,KOLKATA CHITPUR,876,18.08,PUBLIC_COMMUNITY
15097,Barauni-Jammu Amarnath Express,Exp,BJU,BARAUNI JN,JAT,JAMMU TAWI,1648,31.33,PUBLIC_COMMUNITY
15098,Jammu-Barauni Amarnath Express,Exp,JAT,JAMMU TAWI,BJU,BARAUNI JN,1648,31.0,PUBLIC_COMMUNITY
15101,Chhapra-Mumbai Jansadharan Express,Exp,CPR,CHHAPRA,CSTM,MUMBAI CST,1973,33.25,PUBLIC_COMMUNITY
15102,Mumbai CST Chhapra Jansadharan Express,Exp,CSTM,MUMBAI CST,CPR,CHHAPRA,1973,37.75,PUBLIC_COMMUNITY
15103,Gorakhpur Manduadih Intercity Express,Exp,GKP,GORAKHPUR JN,MUV,MANDUADIH,235,5.67,PUBLIC_COMMUNITY
15104,Manduadih Gorakhpur InterCity,Exp,MUV,MANDUADIH,GKP,GORAKHPUR JN,235,5.67,PUBLIC_COMMUNITY
15105,Chhapra Gorakhpur InterCity Express,Exp,CPR,CHHAPRA,GKP,GORAKHPUR JN,180,4.0,PUBLIC_COMMUNITY
15106,Gorakhpur Chhapra InterCity Express,Exp,GKP,GORAKHPUR JN,CPR,CHHAPRA,180,4.25,PUBLIC_COMMUNITY
15107,Chhapra Mathura Express,Exp,CPR,CHHAPRA,MTJ,MATHURA JN,874,16.92,PUBLIC_COMMUNITY
15108,Mathura Chhapra Express,Exp,MTJ,MATHURA JN,CPR,CHHAPRA,874,17.83,PUBLIC_COMMUNITY
15109,Budhpurnima Express,Exp,RGD,Rajgir,BSB,VARANASI JN,410,9.17,PUBLIC_COMMUNITY
15110,Budhpurnima Express,Exp,BSB,VARANASI JN,RGD,Rajgir,410,8.5,PUBLIC_COMMUNITY
15159,Sarnath Express,Exp,CPR,CHHAPRA,DURG,DURG,1083,24.17,PUBLIC_COMMUNITY
15160,Sarnath Express,Exp,DURG,DURG,CPR,CHHAPRA,1083,25.08,PUBLIC_COMMUNITY
15201,Hajipur Raxaul InterCity,Exp,HJP,HAJIPUR JN,RXL,RAXAUL JN,184,5.58,PUBLIC_COMMUNITY
15203,Barauni-Lucknow Express,Exp,BJU,BARAUNI JN,LJN,LUCKNOW JN,674,16.25,PUBLIC_COMMUNITY
15209,SAHARSA - AMRITSAR Jan Seva Exp,Exp,SHC,SAHARSA JN,ASR,AMRITSAR JN,1521,33.08,PUBLIC_COMMUNITY
15210,AMRITSAR - SAHARSA Jan Seva Exp,Exp,ASR,AMRITSAR JN,SHC,SAHARSA JN,1533,32.83,PUBLIC_COMMUNITY
15211,DARBHANGA - AMRITSAR Jan Nayak Exp,Exp,DBG,DARBHANGA JN,ASR,AMRITSAR JN,1499,32.42,PUBLIC_COMMUNITY
15215,Muzaffarpur-Narkatiaganj Express,Exp,MFP,MUZAFFARPUR JN,NKE,NARKATIAGANJ JN,160,3.92,PUBLIC_COMMUNITY
15216,Narkatiaganj-Muzaffarpur Express,Exp,NKE,NARKATIAGANJ JN,MFP,MUZAFFARPUR JN,160,3.58,PUBLIC_COMMUNITY
15228,MUZAFFARPUR - YESVANTPUR Weekly Exp,Exp,MFP,MUZAFFARPUR JN,YPR,YESVANTPUR JN,2733,51.92,PUBLIC_COMMUNITY
15267,RAXAUL - MUMBAI LTT Jan Sadharan Exp,Exp,RXL,RAXAUL JN,LTT,LOKMANYA TILAK TERM,1979,37.33,PUBLIC_COMMUNITY
15273,Satyagraha Express,Exp,RXL,RAXAUL JN,DLI,OLD DELHI,964,24.5,PUBLIC_COMMUNITY
15274,Satyagraha Express,Exp,DLI,OLD DELHI,RXL,RAXAUL JN,964,23.58,PUBLIC_COMMUNITY
15283,Janaki Express,Exp,SHC,SAHARSA JN,JYG,JAYNAGAR,245,6.08,PUBLIC_COMMUNITY
15284,Janaki Express,Exp,JYG,JAYNAGAR,SHC,SAHARSA JN,245,6.17,PUBLIC_COMMUNITY
15320,AISHBAGH - PALIA KALAN EXP,Exp,ASSH,AISHBAGH,PLK,PALIA KALAN,222,6.75,PUBLIC_COMMUNITY
15322,Kapilavastu Express,Exp,GD,GONDA JN,ANDN,Anand Nagar,179,5.42,PUBLIC_COMMUNITY
15902,DIBRUGARH - BENGALURU CITY Weekly Exp,Exp,DBRG,DIBRUGARH,SBC,BANGALORE CITY JN,3578,65.67,PUBLIC_COMMUNITY
15204,Lucknow-Barauni Express,Exp,LJN,LUCKNOW JN,BJU,BARAUNI JN,674,17.5,PUBLIC_COMMUNITY
15269,MUZAFFARPUR - AHMEDABAD Jan Sadharan Exp,Exp,MFP,MUZAFFARPUR JN,ADI,AHMEDABAD JN,1752,37.5,PUBLIC_COMMUNITY
15272,Muzzafarpur-Howrah JanSadharan Express,Exp,MFP,MUZAFFARPUR JN,HWH,HOWRAH JN,549,11.67,PUBLIC_COMMUNITY
15275,Saharsa-Barauni Express,Exp,SHC,SAHARSA JN,BJU,BARAUNI JN,107,3.25,PUBLIC_COMMUNITY
15276,Barauni-Saharsa Express,Exp,BJU,BARAUNI JN,SHC,SAHARSA JN,107,3.08,PUBLIC_COMMUNITY
15279,Poorbiya Express,Exp,SHC,SAHARSA JN,ANDI,ADARSH NAGAR DELHI,1210,27.25,PUBLIC_COMMUNITY
15280,Poorabiya Express,Exp,ANDI,ADARSH NAGAR DELHI,SHC,SAHARSA JN,1202,27.17,PUBLIC_COMMUNITY
15281,Kosi Express,Exp,SHC,SAHARSA JN,PNBE,PATNA JN,224,5.25,PUBLIC_COMMUNITY
15282,Kosi Express,Exp,PNBE,PATNA JN,SHC,SAHARSA JN,224,5.58,PUBLIC_COMMUNITY
15307,Nainital Express,Exp,LKU,LAL KUAN,ASH,AISHBAGH,363,9.83,PUBLIC_COMMUNITY
15308,Nainital Express,Exp,ASH,AISHBAGH,LKU,LAL KUAN,363,9.58,PUBLIC_COMMUNITY
15308-Slip,Nainital Express Slip,Exp,ASH,AISHBAGH,TPU,Tanakpur,322,12.67,PUBLIC_COMMUNITY
15309,Rohilkhand Express,Exp,KSJF,Kasganj Mg,ASH,AISHBAGH,421,11.67,PUBLIC_COMMUNITY
15310,Rohilkhand Express,Exp,ASH,AISHBAGH,KSJF,Kasganj Mg,421,12.5,PUBLIC_COMMUNITY
15311,KUMAON EXPRESS,Exp,KSJF,Kasganj Mg,LKKA,Lal Kuan,188,5.67,PUBLIC_COMMUNITY
15312,Kumaun Express,Exp,LKKA,Lal Kuan,KSJF,Kasganj Mg,188,5.92,PUBLIC_COMMUNITY
15313,Aishbagh Bareilly Express,Exp,ASH,AISHBAGH,BRY,BAREILLY,317,9.75,PUBLIC_COMMUNITY
15314,Aishbagh Express,Exp,BRY,BAREILLY,ASH,AISHBAGH,317,9.0,PUBLIC_COMMUNITY
15315,Gonda-Kasganj Gokul Express,Exp,GD,GONDA JN,KSJ,KASGANJ,499,13.25,PUBLIC_COMMUNITY
15316,Kasganj-Gonda Gokul Express,Exp,KSJ,KASGANJ,GD,GONDA JN,498,13.58,PUBLIC_COMMUNITY
15319,PALIA KALAN - AISHBAGH  Exp,Exp,PLK,PALIA KALAN,ASSH,AISHBAGH,222,6.42,PUBLIC_COMMUNITY
15321,Kapilavastu Express,Exp,ANDN,Anand Nagar,GD,GONDA JN,179,5.25,PUBLIC_COMMUNITY
15603,Guwahati Ledo Intercity Express,Exp,GHY,GUWAHATI,LEDO,Ledo,571,13.75,PUBLIC_COMMUNITY
15604,Ledo Guwahati Intercity Express,Exp,LEDO,Ledo,GHY,GUWAHATI,571,13.33,PUBLIC_COMMUNITY
15606,Guwahati InterCity Express,Exp,MXN,MARIANI JN,GHY,GUWAHATI,405,10.08,PUBLIC_COMMUNITY
15609,Awadh Assam Express,Exp,GHY,GUWAHATI,LGH,LALGARH JN,2559,56.25,PUBLIC_COMMUNITY
15609-Slip,Jivachh Link Express,Exp,GHY,GUWAHATI,DBG,DARBHANGA JN,877,22.42,PUBLIC_COMMUNITY
15610,Awadh Assam Express,Exp,LGH,LALGARH JN,GHY,GUWAHATI,2559,56.25,PUBLIC_COMMUNITY
15611,Lokmanya Tilak (T)-Kamakhya Karmabhoomi Express,Exp,LTT,LOKMANYA TILAK TERM,KYQ,KAMAKHYA,2942,55.83,PUBLIC_COMMUNITY
15612,Kamakhya-Mumbai LTT Karmabhoomi Express,Exp,KYQ,KAMAKHYA,LTT,LOKMANYA TILAK TERM,2942,52.5,PUBLIC_COMMUNITY
15620,KAMAKHYA - GAYA Weekly Exp,Exp,KYQ,KAMAKHYA,GAYA,GAYA JN,1091,22.58,PUBLIC_COMMUNITY
15629,CHENNAI EGMORE - GUWAHATI Exp,Exp,MS,CHENNAI EGMORE,GHY,GUWAHATI,2795,54.42,PUBLIC_COMMUNITY
15630,GUWAHATI - CHENNAI EGMORE Exp,Exp,GHY,GUWAHATI,MS,CHENNAI EGMORE,2796,53.25,PUBLIC_COMMUNITY
15631,BARMER - GUWAHATI Exp,Exp,BME,BARMER,GHY,GUWAHATI,2473,48.25,PUBLIC_COMMUNITY
15632,GUWAHATI - BARMER Exp,Exp,GHY,GUWAHATI,BME,BARMER,2473,46.08,PUBLIC_COMMUNITY
15635,OKHA - GUWAHATI EXP,Exp,OKHA,OKHA,GHY,GUWAHATI,3237,67.67,PUBLIC_COMMUNITY
15636,GUWAHATI - OKHA DWARKA EXP,Exp,GHY,GUWAHATI,OKHA,OKHA,3237,65.75,PUBLIC_COMMUNITY
15639,PURI - GUWAHATI Exp,Exp,PURI,PURI,GHY,GUWAHATI,1528,31.92,PUBLIC_COMMUNITY
15643,PURI - KAMAKHYA Weekly Express,Exp,PURI,PURI,KYQ,KAMAKHYA,1572,30.08,PUBLIC_COMMUNITY
15644,KAMAKHYA - PURI Weekly Spl,Exp,KYQ,KAMAKHYA,PURI,PURI,1572,32.0,PUBLIC_COMMUNITY
15669,Nagaland Express,Exp,KYQ,KAMAKHYA,DMV,DIMAPUR,256,6.17,PUBLIC_COMMUNITY
15670,Nagaland Express,Exp,DMV,DIMAPUR,KYQ,KAMAKHYA,256,5.5,PUBLIC_COMMUNITY
15691,Cachar Express,Exp,LMG,LUMDING JN,SCL,SILCHAR,215,10.83,PUBLIC_COMMUNITY
15714,InterCity Express,Exp,PNBE,PATNA JN,KIR,KATIHAR JN,290,7.33,PUBLIC_COMMUNITY
15743,InterCity Express,Exp,APDJ,ALIPUR DUAR JN,KYQ,KAMAKHYA,297,6.17,PUBLIC_COMMUNITY
15771,AlipurDuar-Kamakhya Intercity Express,Exp,APDJ,ALIPUR DUAR JN,KYQ,KAMAKHYA,297,6.5,PUBLIC_COMMUNITY
15772,Kamakhya-AlipurDuar Intercity Express,Exp,KYQ,KAMAKHYA,APDJ,ALIPUR DUAR JN,297,6.25,PUBLIC_COMMUNITY
22602,SAINAGAR SHIRDI - CHENNAI CENT SF Exp,SF,SNSI,SAINAGAR SHIRDI,MAS,CHENNAI CENTRAL,1392,25.25,PUBLIC_COMMUNITY
51631,Bhopal Bina Passenger,Pass,BPL,BHOPAL JN,BINA,BINA JN,139,3.75,PUBLIC_COMMUNITY
13508,Gorakhpur-Asansol Express,Exp,GKP,GORAKHPUR JN,ASN,ASANSOL JN,644,14.33,PUBLIC_COMMUNITY
15645,MUMBAI LTT - GUWAHATI Exp,Exp,LTT,LOKMANYA TILAK TERM,GHY,GUWAHATI,2594,51.42,PUBLIC_COMMUNITY
15646,GUWAHATI - MUMBAI LTT Exp,Exp,GHY,GUWAHATI,LTT,LOKMANYA TILAK TERM,2594,51.25,PUBLIC_COMMUNITY
15647,MUMBAI LTT - GUWAHATI Exp,Exp,LTT,LOKMANYA TILAK TERM,GHY,GUWAHATI,2735,52.92,PUBLIC_COMMUNITY
15648,GUWAHATI - MUMBAI LTT Exp,Exp,GHY,GUWAHATI,LTT,LOKMANYA TILAK TERM,2735,53.0,PUBLIC_COMMUNITY
15652,JAMMU TAWI - GUWAHATI Lohit Exp,Exp,JAT,JAMMU TAWI,GHY,GUWAHATI,2352,48.17,PUBLIC_COMMUNITY
15654,JAMMU TAWI - GUWAHATI Amarnath Exp,Exp,JAT,JAMMU TAWI,GHY,GUWAHATI,2431,48.17,PUBLIC_COMMUNITY
15658,GUWAHATI - KOLKATA SEALDAH KanchanJungha Exp,Exp,GHY,GUWAHATI,SDAH,KOLKATA SEALDAH,975,20.92,PUBLIC_COMMUNITY
15661,RANCHI - KAMAKHYA Exp,Exp,RNC,RANCHI,KYQ,KAMAKHYA,1216,25.33,PUBLIC_COMMUNITY
15662,KAMAKHYA - RANCHI Exp,Exp,KYQ,KAMAKHYA,RNC,RANCHI,1216,25.75,PUBLIC_COMMUNITY
15665,Guwahati-Dimapur Express,Exp,GHY,GUWAHATI,DMV,DIMAPUR,250,5.42,PUBLIC_COMMUNITY
15666,Dimapur-Guwahati Express,Exp,DMV,DIMAPUR,GHY,GUWAHATI,250,6.0,PUBLIC_COMMUNITY
15667,GANDHIDHAM - KAMAKHYA Exp,Exp,GIMB,GANDHIDHAM BG,KYQ,KAMAKHYA,3157,64.75,PUBLIC_COMMUNITY
15668,KAMAKHYA - GANDHIDHAM Exp,Exp,KYQ,KAMAKHYA,GIMB,GANDHIDHAM BG,3159,65.0,PUBLIC_COMMUNITY
15692,Cachar Express,Exp,SCL,SILCHAR,LMG,LUMDING JN,215,11.17,PUBLIC_COMMUNITY
15693,Barak Valley Express,Exp,LMG,LUMDING JN,SCL,SILCHAR,215,12.5,PUBLIC_COMMUNITY
15694,Barak Valley Express,Exp,SCL,SILCHAR,LMG,LUMDING JN,215,11.5,PUBLIC_COMMUNITY
15695,Lumding Agartala Express,Exp,LMG,LUMDING JN,AGTL,Agartala,412,16.33,PUBLIC_COMMUNITY
15696,Agartala Lumding Express,Exp,AGTL,Agartala,LMG,LUMDING JN,412,18.33,PUBLIC_COMMUNITY
15713,InterCity Express,Exp,KIR,KATIHAR JN,PNBE,PATNA JN,290,6.5,PUBLIC_COMMUNITY
15715,Garib Nawaz Express,Exp,KNE,KISHANGANJ,AII,AJMER JN,1835,39.83,PUBLIC_COMMUNITY
15716,Garib Nawaz Express Slip,Exp,AII,AJMER JN,KNE,KISHANGANJ,1816,40.17,PUBLIC_COMMUNITY
15716-Slip,Garib Nawaz Express,Exp,AII,AJMER JN,RDP,Radhikapur,1812,40.17,PUBLIC_COMMUNITY
15717,Guwahati Mariani Intercity Express,Exp,GHY,GUWAHATI,MXN,MARIANI JN,404,10.75,PUBLIC_COMMUNITY
15719,Katihar sguj InterCity Express,Exp,KIR,KATIHAR JN,SGUJ,SILIGURI JN,190,4.17,PUBLIC_COMMUNITY
15720,Siliguri Katihar InterCity Express,Exp,SGUJ,SILIGURI JN,KIR,KATIHAR JN,190,4.83,PUBLIC_COMMUNITY
15721,Paharia Express,Exp,DGHA,Digha Flag Station,NJP,NEW JALPAIGURI,752,16.25,PUBLIC_COMMUNITY
15722,Paharia Express,Exp,NJP,NEW JALPAIGURI,DGHA,Digha Flag Station,752,14.75,PUBLIC_COMMUNITY
15723,NewJalpaiguri-Darbhanga Weekly Express,Exp,NJP,NEW JALPAIGURI,DBG,DARBHANGA JN,469,10.5,PUBLIC_COMMUNITY
15724,Darbhanga-NewJalpaiguri Weekly Express,Exp,DBG,DARBHANGA JN,NJP,NEW JALPAIGURI,469,10.83,PUBLIC_COMMUNITY
15764,NewJalpaiguri-Balurghat Intercity Express,Exp,NJP,NEW JALPAIGURI,BLGT,BALURGHAT,303,5.92,PUBLIC_COMMUNITY
15765,New Jalpaiguri Alipur Duar Intercity Express,Exp,NJP,NEW JALPAIGURI,APDJ,ALIPUR DUAR JN,169,3.75,PUBLIC_COMMUNITY
15766,Alipur Duar-New Jalpaiguri Intercity Express,Exp,APDJ,ALIPUR DUAR JN,NJP,NEW JALPAIGURI,169,4.08,PUBLIC_COMMUNITY
15767,New Jalpaiguri-Alipur Duar Intercity Express,Exp,NJP,NEW JALPAIGURI,APDJ,ALIPUR DUAR JN,169,4.33,PUBLIC_COMMUNITY
15768,Alipurduar Jn-New Jalpaiguri InterCity Express,Exp,APDJ,ALIPUR DUAR JN,NJP,NEW JALPAIGURI,169,4.17,PUBLIC_COMMUNITY
15769,Alipurduar Lumding Express,Exp,APDJ,ALIPUR DUAR JN,LMG,LUMDING JN,447,9.75,PUBLIC_COMMUNITY
15770,Lumding Alipurduar Express,Exp,LMG,LUMDING JN,APDJ,ALIPUR DUAR JN,447,9.67,PUBLIC_COMMUNITY
15903,Dibrugarh-Chandigarh Weekly Express,Exp,DBRG,DIBRUGARH,CDG,CHANDIGARH,2661,53.08,PUBLIC_COMMUNITY
15904,Chandigarh-Dibrugarh Weekly Express,Exp,CDG,CHANDIGARH,DBRT,DIBRUGARH TOWN,2664,55.08,PUBLIC_COMMUNITY
16053,Tirupati Express,Exp,MAS,CHENNAI CENTRAL,TPTY,TIRUPATI MAIN,151,3.17,PUBLIC_COMMUNITY
16054,Chennai Express,Exp,TPTY,TIRUPATI MAIN,MAS,CHENNAI CENTRAL,151,3.33,PUBLIC_COMMUNITY
16057,Saptagiri Express,Exp,MAS,CHENNAI CENTRAL,TPTY,TIRUPATI MAIN,151,3.08,PUBLIC_COMMUNITY
16058,Saptagiri Express,Exp,TPTY,TIRUPATI MAIN,MAS,CHENNAI CENTRAL,151,3.25,PUBLIC_COMMUNITY
16093,Chennai Lucknow Express,Exp,MAS,CHENNAI CENTRAL,LKO,LUCKNOW,2088,39.33,PUBLIC_COMMUNITY
16094,Lucknow Chennai Express,Exp,LJN,LUCKNOW JN,MAS,CHENNAI CENTRAL,2088,41.83,PUBLIC_COMMUNITY
16203,Garudadri Express,Exp,MAS,CHENNAI CENTRAL,TPTY,TIRUPATI MAIN,151,3.5,PUBLIC_COMMUNITY
16204,Garudadri Express,Exp,TPTY,TIRUPATI MAIN,MAS,CHENNAI CENTRAL,151,4.17,PUBLIC_COMMUNITY
55201,Narkatiaganj Gorakhpur Passenger,Pass,NKE,NARKATIAGANJ JN,GKP,GORAKHPUR JN,150,4.42,PUBLIC_COMMUNITY
15640,GUWAHATI - PURI Exp,Exp,GHY,GUWAHATI,PURI,PURI,1528,32.58,PUBLIC_COMMUNITY
15905,KANNIYAKUMARI - DIBRUGARH Vivek Exp,Exp,CAPE,KANYAKUMARI,DBRG,DIBRUGARH,4279,85.5,PUBLIC_COMMUNITY
15906,DIBRUGARH - KANNIYAKUMARI Vivek Exp,Exp,DBRG,DIBRUGARH,CAPE,KANYAKUMARI,4278,82.67,PUBLIC_COMMUNITY
15927,Kamakhya Dibrugarh Express,Exp,KYQ,KAMAKHYA,DBRG,DIBRUGARH,512,11.42,PUBLIC_COMMUNITY
15928,Dibrugarh Kamakhya Express,Exp,DBRG,DIBRUGARH,KYQ,KAMAKHYA,512,11.58,PUBLIC_COMMUNITY
15929,CHENNAI EGMORE - DIBRUGARH Weekly Exp,Exp,MS,CHENNAI EGMORE,DBRG,DIBRUGARH,3352,67.5,PUBLIC_COMMUNITY
15930,DIBRUGARH - CHENNAI EGMORE Weekly Exp,Exp,DBRG,DIBRUGARH,MS,CHENNAI EGMORE,3352,68.5,PUBLIC_COMMUNITY
15933,Dibrugarh-Amritsar Weekly Express,Exp,DBRG,DIBRUGARH,ASR,AMRITSAR JN,2870,61.75,PUBLIC_COMMUNITY
15934,Amritsar-DibrugarhTown Weekly Express,Exp,ASR,AMRITSAR JN,DBRT,DIBRUGARH TOWN,2877,60.58,PUBLIC_COMMUNITY
15942,DIBRUGARH - JHAJHA Exp,Exp,DBRG,DIBRUGARH,JAJ,JHAJHA,1710,35.25,PUBLIC_COMMUNITY
15960,DIBRUGARH - HOWRAH Kamrup Exp,Exp,DBRG,DIBRUGARH,HWH,HOWRAH JN,1528,35.17,PUBLIC_COMMUNITY
16031,Andaman Express,Exp,MAS,CHENNAI CENTRAL,JAT,JAMMU TAWI,2800,55.92,PUBLIC_COMMUNITY
16032,Andaman Express,Exp,JAT,JAMMU TAWI,MAS,CHENNAI CENTRAL,2800,58.42,PUBLIC_COMMUNITY
16041,Chennai- Alapuzha Alleppey Express,Exp,MAS,CHENNAI CENTRAL,ALLP,ALLEPPEY,746,13.5,PUBLIC_COMMUNITY
16085,Arakkonam-Jolarpettai Express,Exp,AJJ,ARAKKONAM,JTJ,JOLARPETTAI,145,3.08,PUBLIC_COMMUNITY
16086,Arakkonam Express,Exp,JTJ,JOLARPETTAI,AJJ,ARAKKONAM,145,2.83,PUBLIC_COMMUNITY
16089,Yelagiri Express,Exp,MAS,CHENNAI CENTRAL,TPT,TIRUPATTUR JN,220,4.58,PUBLIC_COMMUNITY
16090,Yelagiri Express,Exp,TPT,TIRUPATTUR JN,MAS,CHENNAI CENTRAL,220,4.5,PUBLIC_COMMUNITY
16108,Mangalore Chennai Egmore Express,Exp,MAQ,MANGALORE CNTL,MS,CHENNAI EGMORE,983,22.25,PUBLIC_COMMUNITY
16115,Chennai Egmore Puducherry Express,Exp,MS,CHENNAI EGMORE,PDY,Puducherry,196,3.67,PUBLIC_COMMUNITY
16116,Puducherry Chennai Express,Exp,PDY,Puducherry,MS,CHENNAI EGMORE,196,3.75,PUBLIC_COMMUNITY
16125,CHENNAI EGMORE - JODHPUR Exp,Exp,MS,CHENNAI EGMORE,JU,JODHPUR JN,2356,43.75,PUBLIC_COMMUNITY
16127,CHENNAI EGMORE - GURUVAYUR Exp,Exp,MS,CHENNAI EGMORE,GUV,GURUVAYUR,1100,23.0,PUBLIC_COMMUNITY
16128,GURUVAYUR - CHENNAI EGMORE Exp,Exp,GUV,GURUVAYUR,MS,CHENNAI EGMORE,1100,24.42,PUBLIC_COMMUNITY
16175,Kamban Express,Exp,MS,CHENNAI EGMORE,NCR,Nagore,436,10.0,PUBLIC_COMMUNITY
16176,Kamban Express,Exp,NCR,Nagore,MS,CHENNAI EGMORE,436,9.33,PUBLIC_COMMUNITY
16177,Rock Fort Express,Exp,MS,CHENNAI EGMORE,KMU,KUMBAKONAM,425,9.17,PUBLIC_COMMUNITY
16178,Rock Fort (Malai Kottai) Express,Exp,KMU,KUMBAKONAM,MS,CHENNAI EGMORE,425,9.33,PUBLIC_COMMUNITY
16179,Mannai Express,Exp,MS,CHENNAI EGMORE,MQ,Mannargudi,395,8.42,PUBLIC_COMMUNITY
16180,Mannai Express,Exp,MQ,Mannargudi,MS,CHENNAI EGMORE,395,8.58,PUBLIC_COMMUNITY
16201,Bangalore City-Shimoga InterCity,Exp,SBC,BANGALORE CITY JN,SMET,Shimoga Town,274,5.5,PUBLIC_COMMUNITY
16202,Shimoga-Bangalore City InterCity,Exp,SMET,Shimoga Town,SBC,BANGALORE CITY JN,274,5.58,PUBLIC_COMMUNITY
16205,Talaguppa Mysore Intercity Express,Exp,TLGP,Talguppa,MYS,MYSORE JN,373,7.92,PUBLIC_COMMUNITY
16206,Mysore - Talguppa Intercity Express,Exp,MYS,MYSORE JN,TLGP,Talguppa,373,8.25,PUBLIC_COMMUNITY
16209,Ajmer-Mysore Express,Exp,AII,AJMER JN,MYS,MYSORE JN,2290,49.58,PUBLIC_COMMUNITY
16210,Mysore-Ajmer Express,Exp,MYS,MYSORE JN,AII,AJMER JN,2290,47.25,PUBLIC_COMMUNITY
16215,Chamundi Express,Exp,MYS,MYSORE JN,SBC,BANGALORE CITY JN,139,2.92,PUBLIC_COMMUNITY
16216,Chamundi Express,Exp,SBC,BANGALORE CITY JN,MYS,MYSORE JN,139,2.92,PUBLIC_COMMUNITY
16227,Bangalore-Shimoga Express,Exp,SBC,BANGALORE CITY JN,SMET,Shimoga Town,274,6.92,PUBLIC_COMMUNITY
16228,Shimoga-Bangalore Express,Exp,SMET,Shimoga Town,SBC,BANGALORE CITY JN,274,6.33,PUBLIC_COMMUNITY
16231,Mayiladuturai Mysore Express,Exp,MV,MAYILADUTURAI JN,MYS,MYSORE JN,680,15.58,PUBLIC_COMMUNITY
16232,Mysore Mayiladuturai Express,Exp,MYS,MYSORE JN,MV,MAYILADUTURAI JN,680,15.25,PUBLIC_COMMUNITY
16302,Venad Express,Exp,TVC,TRIVANDRUM CENTRAL,SRR,SHORANUR JN,327,7.67,PUBLIC_COMMUNITY
16305,Ernakulam Kannur InterCity Express,Exp,ERS,ERNAKULAM JN,CAN,KANNUR,283,5.75,PUBLIC_COMMUNITY
16309,Ernakulam-Patna Express,Exp,ERS,ERNAKULAM JN,PNBE,PATNA JN,2790,51.58,PUBLIC_COMMUNITY
16310,Patna - Ernakulam Express,Exp,PNBE,PATNA JN,ERS,ERNAKULAM JN,2790,51.5,PUBLIC_COMMUNITY
16322,Tiruvananthapuram Bangalore Weekly Express,Exp,TVC,TRIVANDRUM CENTRAL,SBC,BANGALORE CITY JN,843,16.5,PUBLIC_COMMUNITY
16323,Trivandrum Shalimar Biweekly Express,Exp,TVC,TRIVANDRUM CENTRAL,SHM,KOLKATA SHALIMAR,2566,45.25,PUBLIC_COMMUNITY
16326,Ahilyanagari Express,Exp,TVC,TRIVANDRUM CENTRAL,INDB,INDORE JN BG,2653,47.5,PUBLIC_COMMUNITY
11271,ITARSI - BHOPAL Vindhyachal Exp,Exp,ET,ITARSI JN,BPL,BHOPAL JN,738,17.08,PUBLIC_COMMUNITY
12809,MUMBAI CST - HOWRAH SF Mail (via NAGPUR),SF,CSTM,MUMBAI CST,HWH,HOWRAH JN,1968,33.25,PUBLIC_COMMUNITY
14003,New Farakka-New Delhi Express,Exp,NFK,NEW FARAKKA JN,NDLS,NEW DELHI,1387,28.67,PUBLIC_COMMUNITY
16221,Kaveri Express,Exp,MYS,MYSORE JN,MAS,CHENNAI CENTRAL,500,10.92,PUBLIC_COMMUNITY
16233,Mayiladuturai Tiruchirappalli Express,Exp,MV,MAYILADUTURAI JN,TPJ,TIRUCHIRAPPALLI,120,2.67,PUBLIC_COMMUNITY
16234,Tiruchchirapalli Mayiladuturai Express,Exp,TPJ,TIRUCHIRAPPALLI,MV,MAYILADUTURAI JN,120,2.67,PUBLIC_COMMUNITY
16301,Venad Express,Exp,SRR,SHORANUR JN,TVC,TRIVANDRUM CENTRAL,327,7.83,PUBLIC_COMMUNITY
16303,Vanchinad Express,Exp,ERS,ERNAKULAM JN,TVC,TRIVANDRUM CENTRAL,220,4.67,PUBLIC_COMMUNITY
16304,Vanchinad Express,Exp,TVC,TRIVANDRUM CENTRAL,ERS,ERNAKULAM JN,220,4.67,PUBLIC_COMMUNITY
16306,Kannur Ernakulam InterCity Express,Exp,CAN,KANNUR,ERS,ERNAKULAM JN,283,6.0,PUBLIC_COMMUNITY
16308,Executive Express,Exp,CAN,KANNUR,ALLP,ALLEPPEY,339,8.0,PUBLIC_COMMUNITY
16313,Executive Express,Exp,ERS,ERNAKULAM JN,CAN,KANNUR,283,6.67,PUBLIC_COMMUNITY
16314,Executive Express,Exp,CAN,KANNUR,ERS,ERNAKULAM JN,283,6.5,PUBLIC_COMMUNITY
16315,BANGALORE - KOCHUVELI Exp,Exp,SBC,BANGALORE CITY JN,KCVL,KOCHUVELI,837,16.17,PUBLIC_COMMUNITY
16316,KOCHUVELI - BANGALORE Exp,Exp,KCVL,KOCHUVELI,SBC,BANGALORE CITY JN,837,16.5,PUBLIC_COMMUNITY
16317,Himsagar Express,Exp,CAPE,KANYAKUMARI,JAT,JAMMU TAWI,3715,71.17,PUBLIC_COMMUNITY
16318,Himsagar Express,Exp,JAT,JAMMU TAWI,CAPE,KANYAKUMARI,3715,70.25,PUBLIC_COMMUNITY
16318-Slip,Himsagar Express Slip,Exp,JAT,JAMMU TAWI,TEN,TIRUNELVELI,3561,66.58,PUBLIC_COMMUNITY
16324,Shalimar Tiruvananthapuram Express,Exp,SHM,KOLKATA SHALIMAR,TVC,TRIVANDRUM CENTRAL,2566,47.75,PUBLIC_COMMUNITY
16325,Ahilyanagari Express,Exp,INDB,INDORE JN BG,TVC,TRIVANDRUM CENTRAL,2653,49.75,PUBLIC_COMMUNITY
16327,Korba Tiruvananthapuram Express,Exp,KRBA,Korba,TVC,TRIVANDRUM CENTRAL,2519,46.0,PUBLIC_COMMUNITY
16328,Trivandrum-Korba Express,Exp,TVC,TRIVANDRUM CENTRAL,KRBA,Korba,2516,46.5,PUBLIC_COMMUNITY
16331,MUMBAI CST - TRIVANDRUM Exp,Exp,CSTM,MUMBAI CST,TVC,TRIVANDRUM CENTRAL,1946,38.92,PUBLIC_COMMUNITY
16332,TRIVANDRUM - MUMBAI CST Exp,Exp,TVC,TRIVANDRUM CENTRAL,CSTM,MUMBAI CST,1946,40.58,PUBLIC_COMMUNITY
16333,VERAVAL - TRIVANDRUM Exp,Exp,VRL,VERAVAL,TVC,TRIVANDRUM CENTRAL,2709,48.17,PUBLIC_COMMUNITY
16334,TRIVANDRUM - VERAVAL Exp,Exp,TVC,TRIVANDRUM CENTRAL,VRL,VERAVAL,2709,49.42,PUBLIC_COMMUNITY
16335,GANDHIDHAM - NAGERCOIL Weekly Exp,Exp,GIMB,GANDHIDHAM BG,NCJ,NAGERCOIL JN,2649,47.42,PUBLIC_COMMUNITY
16336,NAGERCOIL - GANDHIDHAM Weekly Exp,Exp,NCJ,NAGERCOIL JN,GIMB,GANDHIDHAM BG,2649,47.67,PUBLIC_COMMUNITY
16337,OKHA - ERNAKULAM Exp,Exp,OKHA,OKHA,ERS,ERNAKULAM JN,2557,44.67,PUBLIC_COMMUNITY
16338,ERNAKULAM - OKHA Exp,Exp,ERS,ERNAKULAM JN,OKHA,OKHA,2557,45.58,PUBLIC_COMMUNITY
16339,MUMBAI CST - NAGERCOIL Exp,Exp,CSTM,MUMBAI CST,NCJ,NAGERCOIL JN,1882,39.17,PUBLIC_COMMUNITY
16340,NAGERCOIL - MUMBAI CST Exp,Exp,NCJ,NAGERCOIL JN,CSTM,MUMBAI CST,1882,37.92,PUBLIC_COMMUNITY
16341,Guruvayur-Ernakulam-Trivandrum Intercity Express,Exp,GUV,GURUVAYUR,TVC,TRIVANDRUM CENTRAL,303,6.75,PUBLIC_COMMUNITY
16342,Trivandrum-Ernakulam-Guruvayur Intercity Express,Exp,TVC,TRIVANDRUM CENTRAL,GUV,GURUVAYUR,303,6.83,PUBLIC_COMMUNITY
16343,Amrita Express,Exp,TVC,TRIVANDRUM CENTRAL,PGTN,PALGHAT TOWN,376,9.5,PUBLIC_COMMUNITY
16344,Amrita Express,Exp,PGTN,PALGHAT TOWN,TVC,TRIVANDRUM CENTRAL,376,8.58,PUBLIC_COMMUNITY
16347,Trivandrum Mangalore Express,Exp,TVC,TRIVANDRUM CENTRAL,MAQ,MANGALORE CNTL,634,14.5,PUBLIC_COMMUNITY
16348,Trivandrum Express,Exp,MAQ,MANGALORE CNTL,TVC,TRIVANDRUM CENTRAL,634,14.33,PUBLIC_COMMUNITY
16349,Trivandrum Nilambur Road Rajya Rani Express,Exp,TVC,TRIVANDRUM CENTRAL,NIL,Nilambur Road,393,8.92,PUBLIC_COMMUNITY
16350,Nilambur Road Trivandrum Rajya Rani Express,Exp,NIL,Nilambur Road,TVC,TRIVANDRUM CENTRAL,393,9.67,PUBLIC_COMMUNITY
16381,Mumbai CST - Kanyakumari Express,Exp,CSTM,MUMBAI CST,CAPE,KANYAKUMARI,2135,45.0,PUBLIC_COMMUNITY
16382,Kanniyakumari-Mumbai CST Express,Exp,CAPE,KANYAKUMARI,CSTM,MUMBAI CST,2135,47.33,PUBLIC_COMMUNITY
16517,Yeshvantapur-Kannur Express,Exp,YPR,YESVANTPUR JN,CAN,KANNUR,640,15.0,PUBLIC_COMMUNITY
16527,Yesvantpur - Kannur Express,Exp,YPR,YESVANTPUR JN,CAN,KANNUR,649,12.5,PUBLIC_COMMUNITY
16529,Udyan Express,Exp,CSTM,MUMBAI CST,SBC,BANGALORE CITY JN,1153,24.75,PUBLIC_COMMUNITY
16530,Udyan Express,Exp,SBC,BANGALORE CITY JN,CSTM,MUMBAI CST,1153,23.67,PUBLIC_COMMUNITY
16532,Garib Nawaz Express,Exp,YPR,YESVANTPUR JN,AII,AJMER JN,2218,48.17,PUBLIC_COMMUNITY
16560,Yeshvantapur-Mysore Express,Exp,YPR,YESVANTPUR JN,MYS,MYSORE JN,143,3.67,PUBLIC_COMMUNITY
58402,Paradip Cuttack Passenger,Pass,PRDP,Paradip,CTC,CUTTACK,83,2.25,PUBLIC_COMMUNITY
14511,Allahabad-Saharanpur Nauchandi Express,Exp,ALD,ALLAHABAD JN,SRE,SAHARANPUR,774,18.08,PUBLIC_COMMUNITY
16345,MUMBAI LTT - TRIVANDRUM Netravati Exp,Exp,LTT,LOKMANYA TILAK TERM,TVC,TRIVANDRUM CENTRAL,1804,31.0,PUBLIC_COMMUNITY
16346,TRIVANDRUM - MUMBAI LTT Netravati Exp,Exp,TVC,TRIVANDRUM CENTRAL,LTT,LOKMANYA TILAK TERM,1804,30.83,PUBLIC_COMMUNITY
16351,MUMBAI CST - NAGERCOIL Balaji Exp,Exp,CSTM,MUMBAI CST,NCJ,NAGERCOIL JN,1967,41.5,PUBLIC_COMMUNITY
16360,PATNA - ERNAKULAM Express,Exp,PNBE,PATNA JN,ERS,ERNAKULAM JN,2988,54.5,PUBLIC_COMMUNITY
16501,Ahmedabad Bangalore Express,Exp,ADI,AHMEDABAD JN,SBC,BANGALORE CITY JN,1802,34.83,PUBLIC_COMMUNITY
16502,Bangalore - Ahmedabad (Weekly) Express,Exp,SBC,BANGALORE CITY JN,ADI,AHMEDABAD JN,1802,38.25,PUBLIC_COMMUNITY
16505,GANDHIDHAM - BANGALORE Exp,Exp,GIMB,GANDHIDHAM BG,SBC,BANGALORE CITY JN,1962,43.0,PUBLIC_COMMUNITY
16506,BANGALORE - GANDHIDHAM Exp,Exp,SBC,BANGALORE CITY JN,GIMB,GANDHIDHAM BG,1962,39.58,PUBLIC_COMMUNITY
16508,BANGALORE - BHAGAT KI KOTHI Exp,Exp,SBC,BANGALORE CITY JN,JU,JODHPUR JN,2121,42.67,PUBLIC_COMMUNITY
16516,Karwar-Yeshvantpur Express,Exp,KAWR,KARWAR,YPR,YESVANTPUR JN,794,16.92,PUBLIC_COMMUNITY
16518,Kannur-Yesvantpur Express,Exp,CAN,KANNUR,YPR,YESVANTPUR JN,640,14.92,PUBLIC_COMMUNITY
16520,BANGALORE - JOLARPETTAI Exp,Exp,SBC,BANGALORE CITY JN,JTJ,JOLARPETTAI,145,3.33,PUBLIC_COMMUNITY
16521,Bangarpet-Bangalore Express,Exp,BWT,BANGARAPET,SBC,BANGALORE CITY JN,70,1.75,PUBLIC_COMMUNITY
16522,Bangalore Bangarpet Express,Exp,SBC,BANGALORE CITY JN,BWT,BANGARAPET,70,1.58,PUBLIC_COMMUNITY
16525,KANNIYAKUMARI - BANGALORE Island Exp,Exp,CAPE,KANYAKUMARI,SBC,BANGALORE CITY JN,944,20.42,PUBLIC_COMMUNITY
16528,Kannur - Yeshvantpur Express,Exp,CAN,KANNUR,YPR,YESVANTPUR JN,649,12.92,PUBLIC_COMMUNITY
16531,Garib Nawaz Express,Exp,AII,AJMER JN,YPR,YESVANTPUR JN,2236,46.92,PUBLIC_COMMUNITY
16533,BHAGAT KI KOTHI - BANGALORE CITY Exp,Exp,BGKT,BHAGAT KI KOTHI,SBC,BANGALORE CITY JN,2199,47.0,PUBLIC_COMMUNITY
16534,BANGALORE CITY - JODHPUR Exp,Exp,SBC,BANGALORE CITY JN,JU,JODHPUR JN,2181,47.25,PUBLIC_COMMUNITY
16535,Gol Gumbaz Express,Exp,YPR,YESVANTPUR JN,SUR,SOLAPUR JN,822,17.67,PUBLIC_COMMUNITY
16536,Gol Gumbaz Express,Exp,SUR,SOLAPUR JN,YPR,YESVANTPUR JN,822,17.67,PUBLIC_COMMUNITY
16537,Bangalore-Nagercoil Weekly Express,Exp,SBC,BANGALORE CITY JN,NCJ,NAGERCOIL JN,723,14.92,PUBLIC_COMMUNITY
16538,Nagercoil-Bangalore Express,Exp,NCJ,NAGERCOIL JN,SBC,BANGALORE CITY JN,723,15.25,PUBLIC_COMMUNITY
16557,Rajya Rani Express,Exp,MYS,MYSORE JN,SBC,BANGALORE CITY JN,137,3.42,PUBLIC_COMMUNITY
16559,Mysore-Yeshvantapur Express,Exp,MYS,MYSORE JN,YPR,YESVANTPUR JN,143,3.75,PUBLIC_COMMUNITY
16589,Rani Chennamma Express,Exp,SBC,BANGALORE CITY JN,KOP,C SHAHU M RAJ KOLHAPUR TERM,795,16.42,PUBLIC_COMMUNITY
16590,Rani Chennamma Express,Exp,KOP,C SHAHU M RAJ KOLHAPUR TERM,SBC,BANGALORE CITY JN,795,17.25,PUBLIC_COMMUNITY
16591,Hampi Express,Exp,UBL,HUBLI JN,SBC,BANGALORE CITY JN,567,12.17,PUBLIC_COMMUNITY
16592,Hampi Express,Exp,SBC,BANGALORE CITY JN,UBL,HUBLI JN,567,13.0,PUBLIC_COMMUNITY
16593,Nanded-Bangalore Express,Exp,NED,HUZUR SAHIB NANDED,SBC,BANGALORE CITY JN,1042,24.17,PUBLIC_COMMUNITY
16594,Bangalore-Nanded Express,Exp,SBC,BANGALORE CITY JN,NED,HUZUR SAHIB NANDED,1030,23.92,PUBLIC_COMMUNITY
16605,Eranad Express,Exp,MAQ,MANGALORE CNTL,NCJ,NAGERCOIL JN,690,16.17,PUBLIC_COMMUNITY
16606,Eranad Express,Exp,NCJ,NAGERCOIL JN,MAQ,MANGALORE CNTL,690,15.5,PUBLIC_COMMUNITY
16609,Nagercoil-Coimbatore Express,Exp,NCJ,NAGERCOIL JN,CBE,COIMBATORE JN,536,11.0,PUBLIC_COMMUNITY
16610,Coimbatore-Nagercoil Express,Exp,CBE,COIMBATORE JN,NCJ,NAGERCOIL JN,536,10.42,PUBLIC_COMMUNITY
16612,Coimbatore Tuticorin Link Express,Exp,CBE,COIMBATORE JN,TN,TUTICORIN,465,9.67,PUBLIC_COMMUNITY
16687,Navyug Express,Exp,MAQ,MANGALORE CNTL,JAT,JAMMU TAWI,3609,68.08,PUBLIC_COMMUNITY
16688,Navyug Express,Exp,JAT,JAMMU TAWI,MAQ,MANGALORE CNTL,3609,66.5,PUBLIC_COMMUNITY
16688-Slip,Navyug Express Slip,Exp,JAT,JAMMU TAWI,TEN,TIRUNELVELI,3601,66.58,PUBLIC_COMMUNITY
16702,Rameswaram-Chennai Egmore Express,Exp,RMM,RAMESWARAM,MS,CHENNAI EGMORE,665,13.5,PUBLIC_COMMUNITY
16713,Setu Express,Exp,MS,CHENNAI EGMORE,RMM,RAMESWARAM,600,11.75,PUBLIC_COMMUNITY
16714,Setu Express,Exp,RMM,RAMESWARAM,MS,CHENNAI EGMORE,600,12.33,PUBLIC_COMMUNITY
16731,Tuticorin Mysore Express,Exp,TN,TUTICORIN,MYS,MYSORE JN,783,17.58,PUBLIC_COMMUNITY
16735,Chendhur Express,Exp,MS,CHENNAI EGMORE,TCN,Tiruchendur,779,15.92,PUBLIC_COMMUNITY
16853,Cholan Express (Day Express),Exp,MS,CHENNAI EGMORE,TPJ,TIRUCHIRAPPALLI,401,8.25,PUBLIC_COMMUNITY
17001,Sainagar Shirdi Secunderabad Express,Exp,SNSI,SAINAGAR SHIRDI,SC,SECUNDERABAD JN,776,16.17,PUBLIC_COMMUNITY
17015,Visakha Express,Exp,BBS,BHUBANESWAR,SC,SECUNDERABAD JN,1135,22.92,PUBLIC_COMMUNITY
63151,Jasidih Baidyanathdham Passenger,MEMU,JSME,JASIDIH JN,BDME,Baidyanathdham Deoghar,6,0.33,PUBLIC_COMMUNITY
15653,GUWAHATI - JAMMU TAWI Amarnath Exp,Exp,GHY,GUWAHATI,JAT,JAMMU TAWI,2431,47.08,PUBLIC_COMMUNITY
16603,Maveli Express,Exp,MAQ,MANGALORE CNTL,TVC,TRIVANDRUM CENTRAL,619,13.5,PUBLIC_COMMUNITY
16604,Maveli Express,Exp,TVC,TRIVANDRUM CENTRAL,MAQ,MANGALORE CNTL,619,13.42,PUBLIC_COMMUNITY
16611,Tuticorin Coimbatore Link Express,Exp,TN,TUTICORIN,CBE,COIMBATORE JN,465,10.0,PUBLIC_COMMUNITY
16613,RAJKOT - COIMBATORE Exp,Exp,RJT,RAJKOT JN,CBE,COIMBATORE JN,2237,45.0,PUBLIC_COMMUNITY
16614,COIMBATORE - RAJKOT Exp,Exp,CBE,COIMBATORE JN,RJT,RAJKOT JN,2237,44.33,PUBLIC_COMMUNITY
16628,West Coast Express,Exp,MAQ,MANGALORE CNTL,MAS,CHENNAI CENTRAL,902,17.5,PUBLIC_COMMUNITY
16629,Malabar Express,Exp,TVC,TRIVANDRUM CENTRAL,MAQ,MANGALORE CNTL,634,15.58,PUBLIC_COMMUNITY
16630,Malabar Express,Exp,MAQ,MANGALORE CNTL,TVC,TRIVANDRUM CENTRAL,634,14.67,PUBLIC_COMMUNITY
16649,Parasuram Express,Exp,MAQ,MANGALORE CNTL,TVC,TRIVANDRUM CENTRAL,634,13.83,PUBLIC_COMMUNITY
16650,Parasuram Express,Exp,TVC,TRIVANDRUM CENTRAL,MAQ,MANGALORE CNTL,634,13.92,PUBLIC_COMMUNITY
16669,Yercaud Express,Exp,MAS,CHENNAI CENTRAL,ED,ERODE JN,396,7.75,PUBLIC_COMMUNITY
16670,Yercaud Express,Exp,ED,ERODE JN,MAS,CHENNAI CENTRAL,396,7.5,PUBLIC_COMMUNITY
16724,TRIVANDRUM - CHENNAI EGMORE Anantapuri Exp,Exp,TVC,TRIVANDRUM CENTRAL,MS,CHENNAI EGMORE,798,16.33,PUBLIC_COMMUNITY
16732,Mysore-Tuticorin Express,Exp,MYS,MYSORE JN,TN,TUTICORIN,783,17.0,PUBLIC_COMMUNITY
16733,Rameswaram-Okha Express,Exp,RMM,RAMESWARAM,OKHA,OKHA,3196,66.42,PUBLIC_COMMUNITY
16734,Okha-Rameswaram Express,Exp,OKHA,OKHA,RMM,RAMESWARAM,3196,61.75,PUBLIC_COMMUNITY
16736,Chendhur Express,Exp,TCN,Tiruchendur,MS,CHENNAI EGMORE,779,15.92,PUBLIC_COMMUNITY
16779,TIRUPATI - RAMESWARAM Exp,Exp,TPTY,TIRUPATI MAIN,RMM,RAMESWARAM,667,16.42,PUBLIC_COMMUNITY
16780,RAMESWARAM - TIRUPATI Exp,Exp,RMM,RAMESWARAM,TPTY,TIRUPATI MAIN,667,15.08,PUBLIC_COMMUNITY
16787,TIRUNELVELI - KATRA Exp,Exp,TEN,TIRUNELVELI,SVDK,S M V D KATRA,3561,69.42,PUBLIC_COMMUNITY
16788,JAMMU ERODE - TIRUNELVELI Link Exp,Exp,ED,ERODE JN,TEN,TIRUNELVELI,458,9.5,PUBLIC_COMMUNITY
16854,Cholan Express( Day Express),Exp,TPJ,TIRUCHIRAPPALLI,MS,CHENNAI EGMORE,401,8.42,PUBLIC_COMMUNITY
16861,Tiruturaipudi Karaikkudi Express,Exp,TTP,Tiruturaipudi Junction,KKDI,Karaikkudi Junction,123,3.5,PUBLIC_COMMUNITY
16862,Karaikkudi Tiruturaipudi Express,Exp,KKDI,Karaikkudi Junction,TTP,Tiruturaipudi Junction,123,3.5,PUBLIC_COMMUNITY
16865,Tea Garden Express,Exp,NCR,Nagore,ERS,ERNAKULAM JN,582,13.75,PUBLIC_COMMUNITY
16866,Tea Garden Express,Exp,ERS,ERNAKULAM JN,NCR,Nagore,582,13.67,PUBLIC_COMMUNITY
17003,Hyderabad-Kolhapur BiWeekly Express,Exp,HYB,HYDERABAD DECCAN,KOP,C SHAHU M RAJ KOLHAPUR TERM,998,23.58,PUBLIC_COMMUNITY
17004,Kolhapur-Hyderabad BiWeekly Express,Exp,KOP,C SHAHU M RAJ KOLHAPUR TERM,HYB,HYDERABAD DECCAN,998,23.25,PUBLIC_COMMUNITY
17005,HYDERABAD DECCAN - RAXAUL  Exp,Exp,HYB,HYDERABAD DECCAN,RXL,RAXAUL JN,2015,39.5,PUBLIC_COMMUNITY
17006,RAXAUL - HYDERABAD Deccan Exp,Exp,RXL,RAXAUL JN,HYB,HYDERABAD DECCAN,2015,40.17,PUBLIC_COMMUNITY
17013,Pune-Hyderabad Express,Exp,PUNE,PUNE JN,HYB,HYDERABAD DECCAN,649,14.25,PUBLIC_COMMUNITY
17014,Hyderabad-Pune Express,Exp,HYB,HYDERABAD DECCAN,PUNE,PUNE JN,649,14.5,PUBLIC_COMMUNITY
17032,Hyderabad-Mumbai Express,Exp,HYB,HYDERABAD DECCAN,CSTM,MUMBAI CST,790,16.42,PUBLIC_COMMUNITY
17037,SECUNDERABAD - BIKANER Express,Exp,SC,SECUNDERABAD JN,BKN,BIKANER JN,2113,41.75,PUBLIC_COMMUNITY
17057-Slip,Mumbai -Daund Devagiri Express Slip,Exp,CSTM,MUMBAI CST,DD,DAUND JN,497,14.83,PUBLIC_COMMUNITY
17203,Bhavnagar(T)-Kakinada Town Express,Exp,BVC,BHAVNAGAR TERMINUS,CCT,KAKINADA TOWN,2053,40.83,PUBLIC_COMMUNITY
17204,Kakinada Town- Bhavnagar Express,Exp,CCT,KAKINADA TOWN,BVC,BHAVNAGAR TERMINUS,2053,40.75,PUBLIC_COMMUNITY
17205,Sainagar Shirdi-Kakinada Express,Exp,SNSI,SAINAGAR SHIRDI,CCT,KAKINADA TOWN,1339,26.17,PUBLIC_COMMUNITY
17206,Kakinada-Sainagar Shirdi Express,Exp,CCT,KAKINADA TOWN,SNSI,SAINAGAR SHIRDI,1339,27.0,PUBLIC_COMMUNITY
17209,BANGALORE - KAKINADA TOWN Seshadri Exp,Exp,SBC,BANGALORE CITY JN,CCT,KAKINADA TOWN,963,19.42,PUBLIC_COMMUNITY
17210,KAKINADA TOWN -BANGALORE Seshadri Exp,Exp,CCT,KAKINADA TOWN,SBC,BANGALORE CITY JN,963,19.0,PUBLIC_COMMUNITY
17212,Machilipatnam Express,Exp,YPR,YESVANTPUR JN,MTM,Machilipatnam,778,15.83,PUBLIC_COMMUNITY
17213,Narasapur-Nagarsol Express,Exp,NS,Narasapur,NSL,NAGARSOL,1086,22.0,PUBLIC_COMMUNITY
17229,Sabari Express,Exp,TVC,TRIVANDRUM CENTRAL,HYB,HYDERABAD DECCAN,1568,30.42,PUBLIC_COMMUNITY
17230,Sabari Express,Exp,HYB,HYDERABAD DECCAN,TVC,TRIVANDRUM CENTRAL,1568,30.92,PUBLIC_COMMUNITY
17304,Malgudi Express,Exp,YPR,YESVANTPUR JN,MYS,MYSORE JN,143,3.25,PUBLIC_COMMUNITY
17307,Basava Express,Exp,YPR,YESVANTPUR JN,BGK,BAGALKOT,860,18.5,PUBLIC_COMMUNITY
17309,YESVANTPUR - VASCO DA GAMA Exp,Exp,YPR,YESVANTPUR JN,VSG,VASCO DA GAMA,700,14.75,PUBLIC_COMMUNITY
12073,Howrah-Bhubaneswar Jan Shatabdi Express,JShtb,HWH,HOWRAH JN,BBS,BHUBANESWAR,439,6.75,PUBLIC_COMMUNITY
14209,Vindhyachal-Lucknow InterCity,Exp,BDL,VINDHYACHAL,LKO,LUCKNOW,284,5.92,PUBLIC_COMMUNITY
15227,YESVANTPUR - MUZAFFARPUR Weekly Exp,Exp,YPR,YESVANTPUR JN,MFP,MUZAFFARPUR JN,2733,52.08,PUBLIC_COMMUNITY
16042,Alappuzha-Chennai Express,Exp,ALLP,ALLEPPEY,MAS,CHENNAI CENTRAL,746,14.0,PUBLIC_COMMUNITY
16307,Executive Express,Exp,ALLP,ALLEPPEY,CAN,KANNUR,339,8.0,PUBLIC_COMMUNITY
17017,Rajkot Secunderabad Express,Exp,RJT,RAJKOT JN,SC,SECUNDERABAD JN,1478,29.5,PUBLIC_COMMUNITY
17035,Telangana Express,Exp,SC,SECUNDERABAD JN,SKZR,SIRPUR KAGAZNAGAR,297,5.42,PUBLIC_COMMUNITY
17036,Telangana Express,Exp,SKZR,SIRPUR KAGAZNAGAR,SC,SECUNDERABAD JN,297,5.5,PUBLIC_COMMUNITY
17049,Machilipatnam Secunderabad Express,Exp,MTM,Machilipatnam,SC,SECUNDERABAD JN,431,9.0,PUBLIC_COMMUNITY
17050,Secunderabad Machilipatnam Express,Exp,SC,SECUNDERABAD JN,MTM,Machilipatnam,431,8.5,PUBLIC_COMMUNITY
17057,Mumbai-Secunderabad Devagiri Expres,Exp,CSTM,MUMBAI CST,SC,SECUNDERABAD JN,881,17.17,PUBLIC_COMMUNITY
17058,Devagiri Express,Exp,SC,SECUNDERABAD JN,CSTM,MUMBAI CST,881,17.58,PUBLIC_COMMUNITY
17063,Ajanta Express,Exp,MMR,MANMAD JN,SC,SECUNDERABAD JN,621,11.92,PUBLIC_COMMUNITY
17064,Ajanta Express,Exp,SC,SECUNDERABAD JN,MMR,MANMAD JN,621,12.58,PUBLIC_COMMUNITY
17201,Golconda Express,Exp,GNT,GUNTUR JN,SC,SECUNDERABAD JN,383,8.0,PUBLIC_COMMUNITY
17202,Golconda Express,Exp,SC,SECUNDERABAD JN,GNT,GUNTUR JN,383,8.25,PUBLIC_COMMUNITY
17207,Sainagar Shiridi Vijayawada Express,Exp,SNSI,SAINAGAR SHIRDI,BZA,VIJAYAWADA JN,1127,22.25,PUBLIC_COMMUNITY
17208,Vijayawada Sainagar Shirdi Express,Exp,BZA,VIJAYAWADA JN,SNSI,SAINAGAR SHIRDI,1127,22.75,PUBLIC_COMMUNITY
17211,Machilipatnam Yeshvantapur Express,Exp,MTM,Machilipatnam,YPR,YESVANTPUR JN,778,18.5,PUBLIC_COMMUNITY
17214,Nagarsol Narsapur Express,Exp,NSL,NAGARSOL,NS,Narasapur,1086,22.0,PUBLIC_COMMUNITY
17225,Amaravati Express,Exp,BZA,VIJAYAWADA JN,UBL,HUBLI JN,693,14.75,PUBLIC_COMMUNITY
17226,Amaravati Express,Exp,UBL,HUBLI JN,BZA,VIJAYAWADA JN,693,14.58,PUBLIC_COMMUNITY
17226-Slip,Amaravathi Express Slip,Exp,UBL,HUBLI JN,KCG,KACHEGUDA,617,16.75,PUBLIC_COMMUNITY
17233,Bhagyanagar Express,Exp,SC,SECUNDERABAD JN,BPQ,BALHARSHAH,367,9.58,PUBLIC_COMMUNITY
17234,Bhagyanagar Express,Exp,BPQ,BALHARSHAH,SC,SECUNDERABAD JN,367,8.75,PUBLIC_COMMUNITY
17239,Simhadri Express,Exp,GNT,GUNTUR JN,VSKP,VISHAKAPATNAM,383,9.83,PUBLIC_COMMUNITY
17240,Simhadri Express,Exp,VSKP,VISHAKAPATNAM,GNT,GUNTUR JN,383,8.33,PUBLIC_COMMUNITY
17241,Simhadri Link Express,Exp,NS,Narasapur,NDD,NIDADAVOLU JN,76,2.0,PUBLIC_COMMUNITY
17255,Narasapur Hyderabad Express,Exp,NS,Narasapur,HYB,HYDERABAD DECCAN,462,10.5,PUBLIC_COMMUNITY
17256,Hyderabad-Narsapur Express,Exp,HYB,HYDERABAD DECCAN,NS,Narasapur,462,10.92,PUBLIC_COMMUNITY
17301,Mysore Dharwad Express,Exp,MYS,MYSORE JN,DWR,DHARWAR,491,10.0,PUBLIC_COMMUNITY
17302,Dharwad Mysore Express,Exp,DWR,DHARWAR,MYS,MYSORE JN,491,10.25,PUBLIC_COMMUNITY
17303,Malgudi Express,Exp,MYS,MYSORE JN,YPR,YESVANTPUR JN,143,3.33,PUBLIC_COMMUNITY
17305,Hubli-H.Nizamuddin Goa Express,Exp,UBL,HUBLI JN,NZM,DELHI H NIZAMUDDIN,2147,38.0,PUBLIC_COMMUNITY
17308,Basava Express,Exp,BGK,BAGALKOT,YPR,YESVANTPUR JN,860,20.0,PUBLIC_COMMUNITY
17312,VASCO DA GAMA - CHENNAI CENT Exp,Exp,VSG,VASCO DA GAMA,MAS,CHENNAI CENTRAL,1070,21.42,PUBLIC_COMMUNITY
17313,CHENNAI CENT - HUBLI Weekly Exp,Exp,MAS,CHENNAI CENTRAL,UBL,HUBLI JN,834,16.58,PUBLIC_COMMUNITY
17314,HUBLI - CHENNAI CENT Weekly Exp,Exp,UBL,HUBLI JN,MAS,CHENNAI CENTRAL,834,15.58,PUBLIC_COMMUNITY
17315,VASCO DA GAMA - VELANKANNI Weekly Exp,Exp,VSG,VASCO DA GAMA,VLNK,VELANKANNI,1315,27.17,PUBLIC_COMMUNITY
17316,VELANKANNI - VASCO DA GAMA Weekly Exp,Exp,VLNK,VELANKANNI,VSG,VASCO DA GAMA,1315,29.5,PUBLIC_COMMUNITY
17403,Tirupati Narasapur Express,Exp,GDV,GUDIVADA JN,NS,Narasapur,96,2.33,PUBLIC_COMMUNITY
17479-Slip,Puri-Shirdi Express Slip,Exp,PURI,PURI,SNSI,SAINAGAR SHIRDI,1971,44.25,PUBLIC_COMMUNITY
17480,Tirupati-Puri Express,Exp,TPTY,TIRUPATI MAIN,PURI,PURI,1232,28.75,PUBLIC_COMMUNITY
17610,PURNA - PATNA Exp,Exp,PAU,PURNA JN,PNBE,PATNA JN,1819,33.33,PUBLIC_COMMUNITY
17643,Circar Express,Exp,MS,CHENNAI EGMORE,COA,Kakinada Port,702,16.33,PUBLIC_COMMUNITY
17644,Circar Express,Exp,COA,Kakinada Port,MS,CHENNAI EGMORE,702,15.83,PUBLIC_COMMUNITY
18002,Kandari Express,Exp,DGHA,Digha Flag Station,HWH,HOWRAH JN,189,3.5,PUBLIC_COMMUNITY
18207,Durg Jaipur Express,Exp,DURG,DURG,JP,JAIPUR,1268,23.67,PUBLIC_COMMUNITY
56261,ARAKKONAM - BANGALORE Passenger,Pass,AJJ,ARAKKONAM,SBC,BANGALORE CITY JN,290,10.75,PUBLIC_COMMUNITY
12175,Chambal Express,SF,HWH,HOWRAH JN,GWL,GWALIOR JN,1303,23.58,PUBLIC_COMMUNITY
12574,Howrah-SainagarShirdi Express,SF,HWH,HOWRAH JN,SNSI,SAINAGAR SHIRDI,1791,29.92,PUBLIC_COMMUNITY
12713,Satavahana Express,SF,BZA,VIJAYAWADA JN,SC,SECUNDERABAD JN,351,5.58,PUBLIC_COMMUNITY
17401,Tirupati-Machilipatnam Express,Exp,TPTY,TIRUPATI MAIN,MTM,Machilipatnam,467,9.67,PUBLIC_COMMUNITY
17402,Machilipatanam-Tirupati Express,Exp,MTM,Machilipatnam,TPTY,TIRUPATI MAIN,467,9.58,PUBLIC_COMMUNITY
17404,Narasapur Tirupati Link Express,Exp,NS,Narasapur,TPTY,TIRUPATI MAIN,525,11.25,PUBLIC_COMMUNITY
17405,Krishna Express,Exp,TPTY,TIRUPATI MAIN,ADB,ADILABAD,1228,24.83,PUBLIC_COMMUNITY
17406,Krishna Express,Exp,ADB,ADILABAD,TPTY,TIRUPATI MAIN,1228,24.42,PUBLIC_COMMUNITY
17415,Haripriya Express,Exp,TPTY,TIRUPATI MAIN,KOP,C SHAHU M RAJ KOLHAPUR TERM,903,20.08,PUBLIC_COMMUNITY
17416,Haripriya Express,Exp,KOP,C SHAHU M RAJ KOLHAPUR TERM,TPTY,TIRUPATI MAIN,903,20.92,PUBLIC_COMMUNITY
17429,Rayalaseema Express,Exp,HYB,HYDERABAD DECCAN,TPTY,TIRUPATI MAIN,732,14.75,PUBLIC_COMMUNITY
17430,Rayalaseema Express,Exp,TPTY,TIRUPATI MAIN,HYB,HYDERABAD DECCAN,732,16.0,PUBLIC_COMMUNITY
17479,Puri-Tirupati Express,Exp,PURI,PURI,TPTY,TIRUPATI MAIN,1232,27.25,PUBLIC_COMMUNITY
17481,Bilaspur-Tirupati Express,Exp,BSP,BILASPUR JN,TPTY,TIRUPATI MAIN,1403,30.17,PUBLIC_COMMUNITY
17482,Tirupati-Bilaspur Express,Exp,TPTY,TIRUPATI MAIN,BSP,BILASPUR JN,1403,31.17,PUBLIC_COMMUNITY
17487,Tirumala Express,Exp,TPTY,TIRUPATI MAIN,VSKP,VISHAKAPATNAM,736,14.08,PUBLIC_COMMUNITY
17603,Prasanti Nilayam Express,Exp,KCG,KACHEGUDA,YPR,YESVANTPUR JN,664,13.5,PUBLIC_COMMUNITY
17607,Tungabhadra Express,Exp,SC,SECUNDERABAD JN,KRNT,KURNOOL TOWN,244,5.0,PUBLIC_COMMUNITY
17608,Tungabhadra Express,Exp,KRNT,KURNOOL TOWN,SC,SECUNDERABAD JN,244,4.92,PUBLIC_COMMUNITY
17613,Pune Nanded Exp,Exp,PUNE,PUNE JN,NED,HUZUR SAHIB NANDED,557,12.0,PUBLIC_COMMUNITY
17614,Nanded Pune Express,Exp,NED,HUZUR SAHIB NANDED,PUNE,PUNE JN,557,12.0,PUBLIC_COMMUNITY
17617,Tapovan Express,Exp,CSTM,MUMBAI CST,NED,HUZUR SAHIB NANDED,610,11.75,PUBLIC_COMMUNITY
17618,Tapovan Express,Exp,NED,HUZUR SAHIB NANDED,CSTM,MUMBAI CST,610,11.58,PUBLIC_COMMUNITY
17687,Manmad-Dharmabad Composite Express,Exp,MMR,MANMAD JN,DAB,DHARMABAD,422,8.83,PUBLIC_COMMUNITY
17688,Dharmabad-Manmad Composit Express,Exp,DAB,DHARMABAD,MMR,MANMAD JN,422,9.17,PUBLIC_COMMUNITY
18003,Jhargram Purulia Express,Exp,JGM,JHARGRAM,PRR,PURULIA JN,187,3.42,PUBLIC_COMMUNITY
18004,Purulia Jhargram Express,Exp,PRR,PURULIA JN,JGM,JHARGRAM,187,3.17,PUBLIC_COMMUNITY
18007,Shalimar-Baripada Express,Exp,SHM,KOLKATA SHALIMAR,BPO,Baripada,265,5.0,PUBLIC_COMMUNITY
18008,Baripada-Shalimar Express,Exp,BPO,Baripada,SHM,KOLKATA SHALIMAR,265,5.17,PUBLIC_COMMUNITY
18048,VASCO-DA-GAMA - HOWRAH Amaravati Exp,Exp,VSG,VASCO DA GAMA,HWH,HOWRAH JN,2147,39.25,PUBLIC_COMMUNITY
18102,Jammu-Rourkela Express,Exp,JAT,JAMMU TAWI,ROU,ROURKELA,2158,47.58,PUBLIC_COMMUNITY
18105,Rourkela-Bhubaneswar InterCity,Exp,ROU,ROURKELA,BBS,BHUBANESWAR,419,7.5,PUBLIC_COMMUNITY
18106,Bhubaneswar-Rourkela InterCity,Exp,BBS,BHUBANESWAR,ROU,ROURKELA,419,7.92,PUBLIC_COMMUNITY
18108,KORAPUT - ROURKELA Exp,Exp,KRPU,KORAPUT,ROU,ROURKELA,645,13.83,PUBLIC_COMMUNITY
18190,Allapuzha Dhanbad Slip Express,Exp,ROU,ROURKELA,TATA,TATANAGAR JN,163,2.92,PUBLIC_COMMUNITY
18191,Utsarg Express,Exp,CPR,CHHAPRA,CPA,KANPUR ANWARGANJ,549,14.67,PUBLIC_COMMUNITY
18192,Utsarg Express,Exp,CPA,KANPUR ANWARGANJ,CPR,CHHAPRA,549,16.17,PUBLIC_COMMUNITY
18201,Durg-Nautanwa (via Varanasi)Express,Exp,DURG,DURG,NTV,Nautanwa,1224,26.58,PUBLIC_COMMUNITY
18205,Durg -Nautanwa Express,Exp,DURG,DURG,NTV,Nautanwa,1152,27.33,PUBLIC_COMMUNITY
18208,Jaipur Durg Express,Exp,JP,JAIPUR,DURG,DURG,1268,24.67,PUBLIC_COMMUNITY
18209,Dalli Rajhara Raipur Express,Exp,DRZ,Dalli Rajhara,R,RAIPUR JN,126,3.25,PUBLIC_COMMUNITY
18236,Bilaspur Express Cum Passenger,Exp,BSP,BILASPUR JN,BPL,BHOPAL JN,717,21.83,PUBLIC_COMMUNITY
18239,Gerva Road-Nagpur Express,Exp,GAD,Gevra Road,NGP,NAGPUR,513,11.75,PUBLIC_COMMUNITY
18240,Nagpur Bilaspur Express,Exp,NGP,NAGPUR,BSP,BILASPUR JN,412,7.67,PUBLIC_COMMUNITY
18241,Durg Ambikapur Express,Exp,DURG,DURG,ABKP,AMBIKAPUR,469,10.92,PUBLIC_COMMUNITY
18241-Slip,Durg Ambikapur Express Slip,Exp,DURG,DURG,CHRM,Chirmiri,381,11.92,PUBLIC_COMMUNITY
18301,Rayagada Express,Exp,SBP,SAMBALPUR,RGDA,RAYAGADA,322,6.83,PUBLIC_COMMUNITY
52179,Dhaulpur Sirmuttra Passenger,Pass,DHO,DHAULPUR,SRMT,Sirmuttra,70,3.0,PUBLIC_COMMUNITY
56014,Vellore Cantt-Arakkonam Passenger,Pass,VLR,VELLORE CANT,AJJ,ARAKKONAM,71,2.42,PUBLIC_COMMUNITY
12380,Amritsar - Sealdah Superfast Express,SF,ASR,AMRITSAR JN,SDAH,KOLKATA SEALDAH,1894,30.58,PUBLIC_COMMUNITY
12663,Howrah-Tiruchirappalli Express,SF,HWH,HOWRAH JN,TPJ,TIRUCHIRAPPALLI,2025,36.25,PUBLIC_COMMUNITY
14260,LUCKNOW CHARBAGH - MUGHAL SARAI Ekatmata Exp,Exp,LKO,LUCKNOW,MGS,MUGHAL SARAI JN,2796,52.0,PUBLIC_COMMUNITY
15901,BENGALURU - NEW TINSUKIA Weekly Exp,Exp,SBC,BANGALORE CITY JN,NTSK,NEW TINSUKIA JN,3578,68.25,PUBLIC_COMMUNITY
16312,KOCHUVELI - BIKANER Express,Exp,KCVL,KOCHUVELI,BKN,BIKANER JN,3002,54.75,PUBLIC_COMMUNITY
16515,Yesvantpur - Karwar Express,Exp,YPR,YESVANTPUR JN,KAWR,KARWAR,794,15.5,PUBLIC_COMMUNITY
17038,BIKANER - SECUNDERABAD Express,Exp,BKN,BIKANER JN,SC,SECUNDERABAD JN,2113,41.17,PUBLIC_COMMUNITY
17310,VASCO DA GAMA - YESVANTPUR Exp,Exp,VSG,VASCO DA GAMA,YPR,YESVANTPUR JN,700,14.67,PUBLIC_COMMUNITY
17609,PATNA - PURNA Exp,Exp,PNBE,PATNA JN,PAU,PURNA JN,1819,31.92,PUBLIC_COMMUNITY
18029,MUMBAI LTT [Kurla] - KOLKATA SALIMAR Exp,Exp,LTT,LOKMANYA TILAK TERM,SHM,KOLKATA SHALIMAR,1951,38.42,PUBLIC_COMMUNITY
18048-Slip,Amaravati Express,Exp,VSG,VASCO DA GAMA,KCG,KACHEGUDA,853,21.83,PUBLIC_COMMUNITY
18101,Tatanagar Jammu Tawi Express,Exp,TATA,TATANAGAR JN,JAT,JAMMU TAWI,2026,46.83,PUBLIC_COMMUNITY
18102-Slip,Jammu-Tata Muri Express Slip,Exp,JAT,JAMMU TAWI,TATA,TATANAGAR JN,2026,43.83,PUBLIC_COMMUNITY
18103,Jallianwalabagh Express,Exp,TATA,TATANAGAR JN,ASR,AMRITSAR JN,1749,33.25,PUBLIC_COMMUNITY
18181,Tata-Chapra Express,Exp,TATA,TATANAGAR JN,CPR,CHHAPRA,636,18.75,PUBLIC_COMMUNITY
18181-Slip,Tata-Chapra Express Slip,Exp,TATA,TATANAGAR JN,KIR,KATIHAR JN,600,16.75,PUBLIC_COMMUNITY
18182,Chhapra-Tata Express,Exp,CPR,CHHAPRA,TATA,TATANAGAR JN,636,17.83,PUBLIC_COMMUNITY
18183,Tata-Danapur Express,Exp,TATA,TATANAGAR JN,DNR,DANAPUR,512,11.45,PUBLIC_COMMUNITY
18184,Danapur-Tatanagar Express,Exp,DNR,DANAPUR,TATA,TATANAGAR JN,512,11.17,PUBLIC_COMMUNITY
18189,Tatanagar- Alappuzha (Alleppey) Express,Exp,TATA,TATANAGAR JN,ALLP,ALLEPPEY,2358,52.67,PUBLIC_COMMUNITY
18202,Nautanwa-Durg Nautanwa Express,Exp,NTV,Nautanwa,DURG,DURG,1224,27.5,PUBLIC_COMMUNITY
18203,Betwa Express,Exp,DURG,DURG,CNB,KANPUR CENTRAL,885,17.42,PUBLIC_COMMUNITY
18204,Betwa Express,Exp,CNB,KANPUR CENTRAL,DURG,DURG,885,18.83,PUBLIC_COMMUNITY
18206,Nautanwa-Durg Express,Exp,NTV,Nautanwa,DURG,DURG,1152,29.17,PUBLIC_COMMUNITY
18233,INDORE - BILASPUR Narmada Exp,Exp,INDB,INDORE JN BG,BSP,BILASPUR JN,1010,24.58,PUBLIC_COMMUNITY
18234,BILASPUR - INDORE Narmada Exp,Exp,BSP,BILASPUR JN,INDB,INDORE JN BG,1010,24.75,PUBLIC_COMMUNITY
18237,Chhattisgarh Express,Exp,BSP,BILASPUR JN,ASR,AMRITSAR JN,2008,41.92,PUBLIC_COMMUNITY
18238,Chhattisgarh Express,Exp,ASR,AMRITSAR JN,BSP,BILASPUR JN,2022,44.08,PUBLIC_COMMUNITY
18238-Slip,Chhattisgarh Express Slip,Exp,ASR,AMRITSAR JN,CWA,Chhindwara Junction,1557,36.25,PUBLIC_COMMUNITY
18242,Ambikapur Durg Express Cum Passenger,Exp,ABKP,AMBIKAPUR,DURG,DURG,469,11.58,PUBLIC_COMMUNITY
18302-Slip,Sambalpur Express Slip,Exp,RGDA,RAYAGADA,PURI,PURI,695,16.75,PUBLIC_COMMUNITY
18401,Puri - Okha (Weekly) Express,Exp,PURI,PURI,OKHA,OKHA,2779,54.5,PUBLIC_COMMUNITY
18410,Sri Jagannath Express,Exp,PURI,PURI,HWH,HOWRAH JN,502,9.33,PUBLIC_COMMUNITY
18417,Jharsuguda-Bhubaneswar Rajya Rani Express,Exp,JSG,JHARSUGUDA JN,BBS,BHUBANESWAR,341,8.5,PUBLIC_COMMUNITY
18418,Bhubaneswar-Jharsuguda Rajya Rani Express,Exp,BBS,BHUBANESWAR,JSG,JHARSUGUDA JN,341,7.42,PUBLIC_COMMUNITY
18447,Hirakhand Express,Exp,BBS,BHUBANESWAR,JDB,JAGDALPUR,785,17.08,PUBLIC_COMMUNITY
18447-Slip,Hirakhand Express Slip,Exp,BBS,BHUBANESWAR,KRDL,Kirandul,935,25.75,PUBLIC_COMMUNITY
18448,Hirakhand Express,Exp,JDB,JAGDALPUR,BBS,BHUBANESWAR,785,16.92,PUBLIC_COMMUNITY
18449,Baidyanathdham Express,Exp,PURI,PURI,PNBE,PATNA JN,937,19.92,PUBLIC_COMMUNITY
18450,Baidyanathdham Express,Exp,PNBE,PATNA JN,PURI,PURI,928,18.42,PUBLIC_COMMUNITY
18452,PURI - HATIA Tapaswini Exp,Exp,PURI,PURI,HTE,HATIA,691,15.0,PUBLIC_COMMUNITY
18463,Prasanti Express,Exp,BBS,BHUBANESWAR,SBC,BANGALORE CITY JN,1546,30.33,PUBLIC_COMMUNITY
18464,Prasanti Express,Exp,SBC,BANGALORE CITY JN,BBS,BHUBANESWAR,1546,30.75,PUBLIC_COMMUNITY
18495,Rameswaram-Bhubaneswar Express,Exp,RMM,RAMESWARAM,BBS,BHUBANESWAR,1892,34.75,PUBLIC_COMMUNITY
18496,Bhubaneswar-Rameswaram Weekly Express,Exp,BBS,BHUBANESWAR,RMM,RAMESWARAM,1892,35.92,PUBLIC_COMMUNITY
18602,Jammu Tawi-Rourkela Express,Exp,MURI,MURI,HTE,HATIA,67,1.75,PUBLIC_COMMUNITY
18604,Bhagalpur Ranchi Express,Exp,BGP,BHAGALPUR,RNC,RANCHI,507,12.67,PUBLIC_COMMUNITY
18605,Ranchi-Jaynagar Express,Exp,RNC,RANCHI,JYG,JAYNAGAR,612,14.92,PUBLIC_COMMUNITY
12610,BANGALORE - CHENNAI CENT SF Intercity Exp,SF,SBC,BANGALORE CITY JN,MAS,CHENNAI CENTRAL,362,6.5,PUBLIC_COMMUNITY
13303,Dhanbad Ranchi InterCity Express,Exp,DHN,DHANBAD JN,RNC,RANCHI,162,4.42,PUBLIC_COMMUNITY
16526,BANGALORE - KANNIYAKUMARI Island Exp,Exp,SBC,BANGALORE CITY JN,CAPE,KANYAKUMARI,944,21.33,PUBLIC_COMMUNITY
18210,Raipur Dalli Rajhara Express,Exp,R,RAIPUR JN,DRZ,Dalli Rajhara,126,3.58,PUBLIC_COMMUNITY
18309,Nagavali Express,Exp,SBP,SAMBALPUR,NED,HUZUR SAHIB NANDED,1479,29.58,PUBLIC_COMMUNITY
18402,Okha Puri Weekly Express,Exp,OKHA,OKHA,PURI,PURI,2779,51.0,PUBLIC_COMMUNITY
18405,PURI - AHMEDABAD Exp,Exp,PURI,PURI,ADI,AHMEDABAD JN,1992,37.25,PUBLIC_COMMUNITY
18406,AHMEDABAD - PURI Exp,Exp,ADI,AHMEDABAD JN,PURI,PURI,1992,39.58,PUBLIC_COMMUNITY
18413,Paradip Puri InterCity Express,Exp,PRDP,Paradip,PURI,PURI,174,4.75,PUBLIC_COMMUNITY
18414,Puri Paradip InterCity Express,Exp,PURI,PURI,PRDP,Paradip,174,4.17,PUBLIC_COMMUNITY
18415,Banspani-Puri InterCity,Exp,BSPX,Banspani,PURI,PURI,334,7.45,PUBLIC_COMMUNITY
18416,Puri-Banspani InterCity,Exp,PURI,PURI,BSPX,Banspani,334,8.0,PUBLIC_COMMUNITY
18419,Puri-Darbhanga Weekly Express,Exp,PURI,PURI,DBG,DARBHANGA JN,942,21.08,PUBLIC_COMMUNITY
18420,Darbhanga-Puri Weekly Express,Exp,DBG,DARBHANGA JN,PURI,PURI,942,20.33,PUBLIC_COMMUNITY
18425,PURI - DURG Exp,Exp,PURI,PURI,DURG,DURG,786,16.0,PUBLIC_COMMUNITY
18426,DURG - PURI Exp,Exp,DURG,DURG,PURI,PURI,786,16.83,PUBLIC_COMMUNITY
18452-Slip,Tapaswini Express Slip,Exp,PURI,PURI,RGDA,RAYAGADA,696,16.67,PUBLIC_COMMUNITY
18473,PURI - JODHPUR Express,Exp,PURI,PURI,JU,JODHPUR JN,2433,46.5,PUBLIC_COMMUNITY
18477,Utkal Express,Exp,PURI,PURI,HW,HARIDWAR JN,2379,47.5,PUBLIC_COMMUNITY
18478,Utkal Express,Exp,HW,HARIDWAR JN,PURI,PURI,2378,48.58,PUBLIC_COMMUNITY
18507,VISAKHAPATNAM - AMRITSAR Hirakud Exp,Exp,VSKP,VISHAKAPATNAM,ASR,AMRITSAR JN,2574,48.08,PUBLIC_COMMUNITY
18509,Visakhapatnam-Nanded Express,Exp,VSKP,VISHAKAPATNAM,NED,HUZUR SAHIB NANDED,973,18.92,PUBLIC_COMMUNITY
18510,Nanded-Visakhapatnam Express,Exp,NED,HUZUR SAHIB NANDED,VSKP,VISHAKAPATNAM,973,18.0,PUBLIC_COMMUNITY
18517,Korba Visakhapatnam Express,Exp,KRBA,Korba,VSKP,VISHAKAPATNAM,731,15.33,PUBLIC_COMMUNITY
18518,Visakhapatnam-Korba Express,Exp,VSKP,VISHAKAPATNAM,KRBA,Korba,728,15.17,PUBLIC_COMMUNITY
18601,Rourkela-JammuTawi Express,Exp,ROU,ROURKELA,JAT,JAMMU TAWI,2158,50.42,PUBLIC_COMMUNITY
18603,Ranchi-Bhagalpur Tri-Weekly Express,Exp,RNC,RANCHI,BGP,BHAGALPUR,514,12.83,PUBLIC_COMMUNITY
18606,Jaynagar-Ranchi Express,Exp,JYG,JAYNAGAR,RNC,RANCHI,612,14.5,PUBLIC_COMMUNITY
18617,Howrah-Ranchi Intercity,Exp,HWH,HOWRAH JN,RNC,RANCHI,462,7.92,PUBLIC_COMMUNITY
18621,Patliputra Express,Exp,PNBE,PATNA JN,HTE,HATIA,547,13.67,PUBLIC_COMMUNITY
18624,Hatia-Rajendranagar Express,Exp,HTE,HATIA,RJPB,RAJENDRA NAGAR BIHAR,421,11.83,PUBLIC_COMMUNITY
18625,Patna-Hatia Super Express,Exp,PNBE,PATNA JN,HTE,HATIA,418,9.25,PUBLIC_COMMUNITY
18626,Hatia-Patna Super Express,Exp,HTE,HATIA,PNBE,PATNA JN,415,9.5,PUBLIC_COMMUNITY
18627,Howrah-Ranchi InterCity Express,Exp,HWH,HOWRAH JN,RNC,RANCHI,423,8.0,PUBLIC_COMMUNITY
18628,Ranchi-Howrah InterCity Express,Exp,RNC,RANCHI,HWH,HOWRAH JN,423,7.92,PUBLIC_COMMUNITY
18646,East Coast Express,Exp,HYB,HYDERABAD DECCAN,HWH,HOWRAH JN,1592,30.17,PUBLIC_COMMUNITY
19005,Saurashtra Mail,Mail,BCT,Mumbai Central,OKHA,OKHA,990,19.58,PUBLIC_COMMUNITY
19005-Slip,Saurashtra Mail,Mail,BCT,Mumbai Central,VRL,VERAVAL,923,19.33,PUBLIC_COMMUNITY
19006,Saurashtra Mail,Mail,OKHA,OKHA,BCT,Mumbai Central,990,19.25,PUBLIC_COMMUNITY
19017,Saurashtra Janata Express,Exp,BDTS,MUMBAI BANDRA TERMINUS,JAM,JAMNAGAR,812,15.92,PUBLIC_COMMUNITY
19039,Awadh Express,Exp,BDTS,MUMBAI BANDRA TERMINUS,MFP,MUZAFFARPUR JN,2153,47.17,PUBLIC_COMMUNITY
19040,Awadh Express,Exp,MFP,MUZAFFARPUR JN,BDTS,MUMBAI BANDRA TERMINUS,2153,46.42,PUBLIC_COMMUNITY
19049,MUMBAI BANDRA T - PATNA Exp,Exp,BDTS,MUMBAI BANDRA TERMINUS,PNBE,PATNA JN,1845,35.75,PUBLIC_COMMUNITY
19050,PATNA - MUMBAI BANDRA T Exp,Exp,PNBE,PATNA JN,BDTS,MUMBAI BANDRA TERMINUS,1845,34.17,PUBLIC_COMMUNITY
19051,VALSAD - MUZAFFARPUR Shramik Exp,Exp,BL,VALSAD,MFP,MUZAFFARPUR JN,1729,33.83,PUBLIC_COMMUNITY
19052,MUZAFFARPUR - VALSAD Shramik Exp,Exp,MFP,MUZAFFARPUR JN,BL,VALSAD,1732,32.58,PUBLIC_COMMUNITY
19053,SURAT - MUZAFFARPUR Exp,Exp,ST,SURAT,MFP,MUZAFFARPUR JN,2135,47.0,PUBLIC_COMMUNITY
19054,MUZAFFARPUR - SURAT Exp,Exp,MFP,MUZAFFARPUR JN,ST,SURAT,2136,45.67,PUBLIC_COMMUNITY
56523,KSR BENGALURU CITY - HINDUPUR Passenger,Pass,SBC,BANGALORE CITY JN,HUP,HINDUPUR,101,2.92,PUBLIC_COMMUNITY
12904,Golden Temple Mail,SF,ASR,AMRITSAR JN,BCT,Mumbai Central,1891,32.17,PUBLIC_COMMUNITY
13006,Amritsar Howrah Mail,Mail,ASR,AMRITSAR JN,HWH,HOWRAH JN,1910,36.58,PUBLIC_COMMUNITY
18609,RANCHI - MUMBAI LTT Exp,Exp,RNC,RANCHI,LTT,LOKMANYA TILAK TERM,2012,39.0,PUBLIC_COMMUNITY
18610,MUMBAI LTT - RANCHI Exp,Exp,LTT,LOKMANYA TILAK TERM,RNC,RANCHI,2012,39.58,PUBLIC_COMMUNITY
18611,Ranchi-Varanasi Express,Exp,RNC,RANCHI,BSB,VARANASI JN,572,12.75,PUBLIC_COMMUNITY
18613,Ranchi Chopan Express,Exp,RNC,RANCHI,CPU,CHOPAN,480,9.58,PUBLIC_COMMUNITY
18614,Chopan Ranchi Express,Exp,CPU,CHOPAN,RNC,RANCHI,473,11.25,PUBLIC_COMMUNITY
18615,HOWRAH - HATIA Kriya Yoga Express,Exp,HWH,HOWRAH JN,HTE,HATIA,423,9.25,PUBLIC_COMMUNITY
18622,Patliputra Express,Exp,HTE,HATIA,PNBE,PATNA JN,547,14.33,PUBLIC_COMMUNITY
18623,Patna Rajendra Nagar-Hatia Express,Exp,RJPB,RAJENDRA NAGAR BIHAR,HTE,HATIA,421,11.42,PUBLIC_COMMUNITY
18623-Slip,Hatia Express Slip,Exp,RJPB,RAJENDRA NAGAR BIHAR,BRKA,BARKAKANA,365,11.25,PUBLIC_COMMUNITY
18631,Ranchi Garib Nawaz Express,Exp,RNC,RANCHI,AII,AJMER JN,1671,33.17,PUBLIC_COMMUNITY
18632,Garib Nawaz Express,Exp,AII,AJMER JN,RNC,RANCHI,1671,32.75,PUBLIC_COMMUNITY
19011,Gujarat Express,Exp,BCT,Mumbai Central,ADI,AHMEDABAD JN,491,9.33,PUBLIC_COMMUNITY
19012,Gujarat Express,Exp,ADI,AHMEDABAD JN,BCT,Mumbai Central,491,9.5,PUBLIC_COMMUNITY
19018,Saurashtra Janata Express,Exp,JAM,JAMNAGAR,BDTS,MUMBAI BANDRA TERMINUS,812,16.08,PUBLIC_COMMUNITY
19019,Bandra T - Dehradun Express,Exp,BDTS,MUMBAI BANDRA TERMINUS,DDN,DEHRADUN,1682,41.92,PUBLIC_COMMUNITY
19020,Dehradun - Bandra Terminus Express,Exp,DDN,DEHRADUN,BDTS,MUMBAI BANDRA TERMINUS,1682,41.75,PUBLIC_COMMUNITY
19023,Mumbai Firozpur Janata Express,Exp,BCT,Mumbai Central,FZR,FIROZPUR CANT,1772,38.92,PUBLIC_COMMUNITY
19024,Firozpur Mumbai Janata Express,Exp,FZR,FIROZPUR CANT,BCT,Mumbai Central,1770,39.67,PUBLIC_COMMUNITY
19025-Slip,Surat Bhavnagar Express Slip Slip,Exp,ST,SURAT,BVC,BHAVNAGAR TERMINUS,526,11.92,PUBLIC_COMMUNITY
19026,Bhavnagar Surat (Slip) Express,Exp,MHV,MAHUVA JN,ST,SURAT,629,12.25,PUBLIC_COMMUNITY
19037,Awadh Express,Exp,BDTS,MUMBAI BANDRA TERMINUS,GKP,GORAKHPUR JN,1844,39.0,PUBLIC_COMMUNITY
19038,Awadh Express,Exp,GKP,GORAKHPUR JN,BDTS,MUMBAI BANDRA TERMINUS,1844,39.42,PUBLIC_COMMUNITY
19048,BHAGALPUR - SURAT Tapti Ganga Exp,Exp,BGP,BHAGALPUR,ST,SURAT,1826,33.58,PUBLIC_COMMUNITY
19059,Surat-Jamnagar InterCity Express,Exp,ST,SURAT,JAM,JAMNAGAR,561,10.4,PUBLIC_COMMUNITY
19060,Jamnagar-Surat InterCity Express,Exp,JAM,JAMNAGAR,ST,SURAT,561,10.17,PUBLIC_COMMUNITY
19113,Bhilad Vadodara Express,Exp,BLD,BHILAD,BRC,VADODARA JN,236,4.5,PUBLIC_COMMUNITY
19114,Vadodara Bhilad Express,Exp,BRC,VADODARA JN,BLD,BHILAD,236,4.5,PUBLIC_COMMUNITY
19116,BHUJ - MUMBAI BANDRA Sayaji Nagari Exp,Exp,BHUJ,BHUJ,BDTS,MUMBAI BANDRA TERMINUS,839,15.67,PUBLIC_COMMUNITY
19132,BHUJ - MUMBAI BANDRA Kutch Exp,Exp,BHUJ,BHUJ,BDTS,MUMBAI BANDRA TERMINUS,839,15.67,PUBLIC_COMMUNITY
19151,PALANPUR - GANDHIDHAM Exp,Exp,PNU,PALANPUR JN,GIMB,GANDHIDHAM BG,301,6.5,PUBLIC_COMMUNITY
19152,GANDHIDHAM - PALANPUR Exp,Exp,GIMB,GANDHIDHAM BG,PNU,PALANPUR JN,301,7.0,PUBLIC_COMMUNITY
19215,Saurashtra Express,Exp,BCT,Mumbai Central,PBR,PORBANDAR,955,21.5,PUBLIC_COMMUNITY
19216,Saurashtra Express,Exp,PBR,PORBANDAR,BCT,Mumbai Central,955,22.17,PUBLIC_COMMUNITY
19223,AHMEDABAD - JAMMU TAWI Exp,Exp,ADI,AHMEDABAD JN,JAT,JAMMU TAWI,1476,32.25,PUBLIC_COMMUNITY
19224,JAMMU TAWI - AHMEDABAD Exp,Exp,JAT,JAMMU TAWI,ADI,AHMEDABAD JN,1476,31.33,PUBLIC_COMMUNITY
19225,Bhatinda Jammu Tawi Express,Exp,BTI,BHATINDA JN,JAT,JAMMU TAWI,490,11.58,PUBLIC_COMMUNITY
19226,Jammu Tawi Bhatinda Express,Exp,JAT,JAMMU TAWI,BTI,BHATINDA JN,490,12.08,PUBLIC_COMMUNITY
19259,KOCHUVELI - BHAVNAGAR Exp,Exp,KCVL,KOCHUVELI,BVC,BHAVNAGAR TERMINUS,2569,45.75,PUBLIC_COMMUNITY
19260,BHAVNAGAR - KOCHUVELI Exp,Exp,BVC,BHAVNAGAR TERMINUS,KCVL,KOCHUVELI,2569,45.75,PUBLIC_COMMUNITY
19263,Porbandar-Delhi Sarai Rohilla (Biweekly) Express,Exp,PBR,PORBANDAR,DEE,DELHI SARAI ROHILLA,1392,28.5,PUBLIC_COMMUNITY
19264,Delhi SaraiRohilla-Porbandar Express,Exp,DEE,DELHI SARAI ROHILLA,PBR,PORBANDAR,1392,28.58,PUBLIC_COMMUNITY
19269,Porbandar Muzaffarpur Express,Exp,PBR,PORBANDAR,MFP,MUZAFFARPUR JN,2470,51.08,PUBLIC_COMMUNITY
19270,Muzaffarpur-Porbandar Express,Exp,MFP,MUZAFFARPUR JN,PBR,PORBANDAR,2470,50.42,PUBLIC_COMMUNITY
19305,Shipra Express,Exp,INDB,INDORE JN BG,HWH,HOWRAH JN,1754,31.25,PUBLIC_COMMUNITY
19309,Shanti Express,Exp,GNC,Gandhinagar Capital,INDB,INDORE JN BG,571,11.67,PUBLIC_COMMUNITY
19310,Shanti Express,Exp,INDB,INDORE JN BG,GNC,Gandhinagar Capital,571,11.25,PUBLIC_COMMUNITY
19313,Indore-Patna Express,Exp,INDB,INDORE JN BG,PNBE,PATNA JN,1357,26.33,PUBLIC_COMMUNITY
14604,AMRITSAR - SAHARSA Jan Sadharan Exp,Exp,ASR,AMRITSAR JN,SHC,SAHARSA JN,1580,30.92,PUBLIC_COMMUNITY
15708,Amrapali Express,Exp,ASR,AMRITSAR JN,KIR,KATIHAR JN,1805,36.92,PUBLIC_COMMUNITY
18451,HATIA - PURI Tapaswini Exp,Exp,HTE,HATIA,PURI,PURI,691,15.17,PUBLIC_COMMUNITY
19105,Ahmedabad-Haridwar Mail,Mail,ADI,AHMEDABAD JN,HW,HARIDWAR JN,1208,26.17,PUBLIC_COMMUNITY
19107,Ahmedabad-Udhampur Janmabhoomi Express,Exp,ADI,AHMEDABAD JN,UHP,UDHAMPUR,1539,33.25,PUBLIC_COMMUNITY
19108,Udhampur-Ahmedabad Janmabhoomi Express,Exp,UHP,UDHAMPUR,ADI,AHMEDABAD JN,1539,34.17,PUBLIC_COMMUNITY
19109,Gujarat Queen Express,Exp,BL,VALSAD,ADI,AHMEDABAD JN,298,6.17,PUBLIC_COMMUNITY
19110,Gujarat Queen Express,Exp,ADI,AHMEDABAD JN,BL,VALSAD,298,6.33,PUBLIC_COMMUNITY
19119,Ahmedabad Somnath Intercity Express,Exp,ADI,AHMEDABAD JN,VRL,VERAVAL,430,9.0,PUBLIC_COMMUNITY
19120,Somnath Ahmedabad Intercity Express,Exp,SMNH,SOMNATH,ADI,AHMEDABAD JN,435,9.67,PUBLIC_COMMUNITY
19129,Baroda Ahmedabad Express,Exp,BRC,VADODARA JN,ADI,AHMEDABAD JN,100,2.25,PUBLIC_COMMUNITY
19130,Ahmedabad Baroda Express,Exp,ADI,AHMEDABAD JN,BRC,VADODARA JN,100,2.58,PUBLIC_COMMUNITY
19143,Lokshakti Express,Exp,BDTS,MUMBAI BANDRA TERMINUS,ADI,AHMEDABAD JN,481,9.17,PUBLIC_COMMUNITY
19144,Lokshakti Express,Exp,ADI,AHMEDABAD JN,BDTS,MUMBAI BANDRA TERMINUS,481,9.0,PUBLIC_COMMUNITY
19165,Sabarmati Express,Exp,ADI,AHMEDABAD JN,DBG,DARBHANGA JN,1944,46.42,PUBLIC_COMMUNITY
19166,Sabarmati Express,Exp,DBG,DARBHANGA JN,ADI,AHMEDABAD JN,1944,47.42,PUBLIC_COMMUNITY
19167,Sabarmati Express,Exp,ADI,AHMEDABAD JN,BSB,VARANASI JN,1598,37.0,PUBLIC_COMMUNITY
19168,Sabarmati Express,Exp,BSB,VARANASI JN,ADI,AHMEDABAD JN,1598,38.08,PUBLIC_COMMUNITY
19221,Ahmedabad-Veraval Somnath Express,Exp,ADI,AHMEDABAD JN,VRL,VERAVAL,432,8.33,PUBLIC_COMMUNITY
19222,Veraval-Ahmedabad Somnath Express,Exp,VRL,VERAVAL,ADI,AHMEDABAD JN,432,8.33,PUBLIC_COMMUNITY
19311,Pune Indore Express,Exp,PUNE,PUNE JN,INDB,INDORE JN BG,972,18.17,PUBLIC_COMMUNITY
19312,Indore Pune Express,Exp,INDB,INDORE JN BG,PUNE,PUNE JN,972,18.17,PUBLIC_COMMUNITY
19314,Patna Indore Express,Exp,RJPB,RAJENDRA NAGAR BIHAR,INDB,INDORE JN BG,1359,28.17,PUBLIC_COMMUNITY
19322,Patna-Indore Express,Exp,RJPB,RAJENDRA NAGAR BIHAR,INDB,INDORE JN BG,1400,28.17,PUBLIC_COMMUNITY
19323,Indore Habibganj InterCity Express,Exp,INDB,INDORE JN BG,HBJ,HABIBGANJ,224,4.0,PUBLIC_COMMUNITY
19565,Uttaranchal Express,Exp,OKHA,OKHA,DDN,DEHRADUN,1680,35.33,PUBLIC_COMMUNITY
19566,Uttranchal Express,Exp,DDN,DEHRADUN,OKHA,OKHA,1680,34.58,PUBLIC_COMMUNITY
19571,Rajkot-Porbandar Express,Exp,RJT,RAJKOT JN,PBR,PORBANDAR,202,4.67,PUBLIC_COMMUNITY
19572,Porbandar-Rajkot Express,Exp,PBR,PORBANDAR,RJT,RAJKOT JN,202,4.17,PUBLIC_COMMUNITY
19601,Ajmer New Jalpaiguri Weekly Express,Exp,AII,AJMER JN,NJP,NEW JALPAIGURI,1936,36.08,PUBLIC_COMMUNITY
19602,New Jalpaiguri Ajmer Weekly Express,Exp,NJP,NEW JALPAIGURI,AII,AJMER JN,1936,37.25,PUBLIC_COMMUNITY
19603,Ajmer-Sultanpur Weekly Express,Exp,AII,AJMER JN,SLN,SULTANPUR,1068,20.5,PUBLIC_COMMUNITY
19604,Sultanpur Ajmer Express,Exp,SLN,SULTANPUR,AII,AJMER JN,1068,20.5,PUBLIC_COMMUNITY
19657,Indore Jn - Udaipur Express,Exp,INDB,INDORE JN BG,UDZ,UDAIPUR CITY,479,10.92,PUBLIC_COMMUNITY
19658,Udaipur Indore Express,Exp,UDZ,UDAIPUR CITY,INDB,INDORE JN BG,479,12.0,PUBLIC_COMMUNITY
19707,Aravalli Express,Exp,BDTS,MUMBAI BANDRA TERMINUS,JP,JAIPUR,1106,21.75,PUBLIC_COMMUNITY
19708,Aravalli Express,Exp,JP,JAIPUR,BDTS,MUMBAI BANDRA TERMINUS,1106,21.75,PUBLIC_COMMUNITY
19709,JAIPUR - KAMAKHYA Kavi Guru Exp,Exp,JP,JAIPUR,KYQ,KAMAKHYA,2212,48.08,PUBLIC_COMMUNITY
19710,KAMAKHYA - JAIPUR Kavi Guru Exp,Exp,KYQ,KAMAKHYA,JP,JAIPUR,2212,46.67,PUBLIC_COMMUNITY
19711,Jaipur-Bhopal Express,Exp,JP,JAIPUR,BPL,BHOPAL JN,790,17.83,PUBLIC_COMMUNITY
19712,Bhopal Jaipur Express,Exp,BPL,BHOPAL JN,JP,JAIPUR,790,16.58,PUBLIC_COMMUNITY
19735,Intercity Express,Exp,JP,JAIPUR,LHU,Loharu,229,6.17,PUBLIC_COMMUNITY
19771,Jaipur - Amritsar Express,Exp,JP,JAIPUR,ASR,AMRITSAR JN,872,18.58,PUBLIC_COMMUNITY
19781,Jaipur-Amritsar Express,Exp,JP,JAIPUR,ASR,AMRITSAR JN,713,14.33,PUBLIC_COMMUNITY
19801,Kota-Indore Intercity Express,Exp,KOTA,KOTA JN,INDB,INDORE JN BG,433,7.83,PUBLIC_COMMUNITY
19802,Indore-Kota InterCity Express,Exp,INDB,INDORE JN BG,KOTA,KOTA JN,433,8.58,PUBLIC_COMMUNITY
19943,UDAIPUR - AHMEDABAD Exp,Exp,UDZ,UDAIPUR CITY,ADI,AHMEDABAD JN,298,9.0,PUBLIC_COMMUNITY
19944,AHMEDABAD - UDAIPUR Exp,Exp,ADIJ,AHMEDABAD JN,UDZ,UDAIPUR CITY,298,9.08,PUBLIC_COMMUNITY
22112,Nagpur-Bhusaval SF Express,SF,NGP,NAGPUR,BSL,BHUSAVAL JN,604,10.42,PUBLIC_COMMUNITY
12946,MAHUVA - SURAT SF Exp,SF,MHV,MAHUVA JN,ST,SURAT,1409,25.25,PUBLIC_COMMUNITY
18104,Jallianwalabagh Express,Exp,ASR,AMRITSAR JN,TATA,TATANAGAR JN,1745,32.92,PUBLIC_COMMUNITY
18302,Sambalpur Express,Exp,RGDA,RAYAGADA,SBP,SAMBALPUR,322,6.5,PUBLIC_COMMUNITY
18303,SAMBALPUR - PURI Intercity Exp,Exp,SBP,SAMBALPUR,PURI,PURI,341,6.58,PUBLIC_COMMUNITY
19324,Habibganj Indore InterCity Express,Exp,HBJ,HABIBGANJ,INDB,INDORE JN BG,224,4.17,PUBLIC_COMMUNITY
19325,Indore Amritsar (Weekly) Express,Exp,INDB,INDORE JN BG,ASR,AMRITSAR JN,1344,27.25,PUBLIC_COMMUNITY
19326,Amritsar Indore Express,Exp,ASR,AMRITSAR JN,INDB,INDORE JN BG,1337,24.67,PUBLIC_COMMUNITY
19327,Ratlam Chittaurgarh Express,Exp,RTM,RATLAM JN,COR,CHITTAURGARH,189,4.17,PUBLIC_COMMUNITY
19328,Chittaurgarh Ratlam Express,Exp,COR,CHITTAURGARH,RTM,RATLAM JN,189,3.92,PUBLIC_COMMUNITY
19567,TUTICORIN - OKHA Exp,Exp,TN,TUTICORIN,OKHA,OKHA,2535,46.83,PUBLIC_COMMUNITY
19568,OKHA - TUTICORIN Exp,Exp,OKHA,OKHA,TN,TUTICORIN,2548,51.42,PUBLIC_COMMUNITY
19569,Okha Varanasi Express,Exp,OKHA,OKHA,BSB,VARANASI JN,2041,39.25,PUBLIC_COMMUNITY
19570,Varanasi Okha Weekly Express,Exp,BSB,VARANASI JN,OKHA,OKHA,2041,39.67,PUBLIC_COMMUNITY
19653,Ratlam-Ajmer Express,Exp,RTM,RATLAM JN,AII,AJMER JN,375,7.5,PUBLIC_COMMUNITY
19654,Ajmer-Ratlam Express,Exp,AII,AJMER JN,RTM,RATLAM JN,375,7.5,PUBLIC_COMMUNITY
19736,Loharu-Jaipur Intercity Express,Exp,LHU,Loharu,JP,JAIPUR,229,6.92,PUBLIC_COMMUNITY
19772,Amritsar - Jaipur Express,Exp,ASR,AMRITSAR JN,JP,JAIPUR,872,17.0,PUBLIC_COMMUNITY
19782,Amritsar-Jaipur Express,Exp,ASR,AMRITSAR JN,JP,JAIPUR,713,13.67,PUBLIC_COMMUNITY
19911,Mahesana Ahmedabad InterCity Express,Exp,MSH,MAHESANA JN,ADI,AHMEDABAD JN,69,2.08,PUBLIC_COMMUNITY
19915,Mahesana Ahmedabad InterCity,Exp,MSH,MAHESANA JN,ADI,AHMEDABAD JN,69,2.08,PUBLIC_COMMUNITY
21028,Solapur-Gondia Slip Exp.,Mail,SUR,SOLAPUR JN,G,GONDIA JN,1132,25.92,PUBLIC_COMMUNITY
21107,Khajuraho-Varanasi Bundelkhand Link Express,Exp,KURJ,KHAJURAHO,BSB,VARANASI JN,453,11.5,PUBLIC_COMMUNITY
21108,Bundelkhand Link Express,Exp,BSB,VARANASI JN,KURJ,KHAJURAHO,453,10.92,PUBLIC_COMMUNITY
21125,Indore Bhind Express,Exp,INDB,INDORE JN BG,BIX,BHIND,644,14.33,PUBLIC_COMMUNITY
21126,Bhind Indore Express,Exp,BIX,BHIND,INDB,INDORE JN BG,644,14.67,PUBLIC_COMMUNITY
22131,PUNE - MANDUADIH Gyan Ganga Exp,SF,PUNE,PUNE JN,MUV,MANDUADIH,1537,27.08,PUBLIC_COMMUNITY
22132,MANDUADIH - PUNE Gyan Ganga Exp,SF,MUV,MANDUADIH,PUNE,PUNE JN,1537,27.5,PUBLIC_COMMUNITY
22162,Damoh Bhopal Rajya Rani Express,Exp,DMO,DAMOH,BPL,BHOPAL JN,291,5.08,PUBLIC_COMMUNITY
22410,Anand ViharT Delhi-Sasaram GaribRath Express,GR,ANVT,ANAND VIHAR TRM,SSM,SASARAM,874,13.0,PUBLIC_COMMUNITY
22424,New Delhi-Guwahati Rajdhani Express,Raj,NDLS,NEW DELHI,GHY,GUWAHATI,1879,27.33,PUBLIC_COMMUNITY
22463,Rajasthan Sampark Kranti Express,SF,MTD,MERTA ROAD JN,BKN,BIKANER JN,173,3.83,PUBLIC_COMMUNITY
22471,Bikaner - Delhi Sarai Rohilla SF Intercity Express,SF,BKN,BIKANER JN,DEE,DELHI SARAI ROHILLA,458,8.17,PUBLIC_COMMUNITY
22472,Delhi Sarai Rohilla - Bikaner SF Intercity Express,SF,DEE,DELHI SARAI ROHILLA,BKN,BIKANER JN,458,8.17,PUBLIC_COMMUNITY
22601,CHENNAI CENT - SAINAGAR SHIRDI SF Exp,SF,MAS,CHENNAI CENTRAL,SNSI,SAINAGAR SHIRDI,1392,25.33,PUBLIC_COMMUNITY
22608,BANGALORE - ERNAKULAM Weekly SF Exp,SF,SBC,BANGALORE CITY JN,ERS,ERNAKULAM JN,625,11.08,PUBLIC_COMMUNITY
22681,MYSORE - CHENNAI Weekly SF Exp,SF,MYS,MYSORE JN,MAS,CHENNAI CENTRAL,500,9.08,PUBLIC_COMMUNITY
22682,CHENNAI - MYSORE Weekly SF Exp,SF,MAS,CHENNAI CENTRAL,MYS,MYSORE JN,500,9.08,PUBLIC_COMMUNITY
22811,Bhubaneshwar-New Delhi Rajdhani Express,Raj,BBS,BHUBANESWAR,NDLS,NEW DELHI,1724,23.08,PUBLIC_COMMUNITY
22812,New Delhi-Bhubaneswar Rajdhani Express,Raj,NDLS,NEW DELHI,BBS,BHUBANESWAR,1724,22.67,PUBLIC_COMMUNITY
22835,Shalimar-Puri Express,SF,SHM,KOLKATA SHALIMAR,PURI,PURI,500,8.92,PUBLIC_COMMUNITY
22836,Puri-Shalimar weekly superfast express,SF,PURI,PURI,SHM,KOLKATA SHALIMAR,500,9.08,PUBLIC_COMMUNITY
22845,PUNE - HATIA SF Exp,Exp,PUNE,PUNE JN,HTE,HATIA,1774,30.42,PUBLIC_COMMUNITY
22846,HATIA - PUNE SF Exp,SF,HTE,HATIA,PUNE,PUNE JN,1774,30.75,PUBLIC_COMMUNITY
22855,Santragachi-Tirupati Superfast Express,SF,SRC,SANTRAGACHI JN,TPTY,TIRUPATI MAIN,1597,25.92,PUBLIC_COMMUNITY
22856,TirupatiSantragachi Superfast Express,SF,TPTY,TIRUPATI MAIN,SRC,SANTRAGACHI JN,1597,26.25,PUBLIC_COMMUNITY
22905,Okha Howrah Triweekly SF Express,SF,OKHA,OKHA,HWH,HOWRAH JN,2586,46.5,PUBLIC_COMMUNITY
58126,Sambalpur Jharsuguda Passenger,Pass,SBP,SAMBALPUR,JSG,JHARSUGUDA JN,50,1.33,PUBLIC_COMMUNITY
18310,Nagavali Express,Exp,NED,HUZUR SAHIB NANDED,SBP,SAMBALPUR,1479,28.0,PUBLIC_COMMUNITY
22403,Puducherry-New Delhi SF Express,SF,PDY,Puducherry,NDLS,NEW DELHI,2384,42.92,PUBLIC_COMMUNITY
22405,Bhagalpur - Delhi AnandVihar T. Garib Rath Express,GR,BGP,BHAGALPUR,ANVT,ANAND VIHAR TRM,1207,18.92,PUBLIC_COMMUNITY
22407,Varanasi-Delhi Anand Vihar Terminus Garib Rath,GR,BSB,VARANASI JN,ANVT,ANAND VIHAR TRM,781,14.5,PUBLIC_COMMUNITY
22408,Delhi Anand Vihar Terminus-Varanasi Garib Rath,GR,ANVT,ANAND VIHAR TRM,BSB,VARANASI JN,781,13.92,PUBLIC_COMMUNITY
22409,Sasaram-Anand ViharT Delhi GariRath Express,GR,SSM,SASARAM,ANVT,ANAND VIHAR TRM,874,14.58,PUBLIC_COMMUNITY
22423,Guwahati-New Delhi Rajdhani Express,Raj,GHY,GUWAHATI,NDLS,NEW DELHI,1880,27.08,PUBLIC_COMMUNITY
22447,Khajuraho Nizamuddin Express,SF,KURJ,KHAJURAHO,NZM,DELHI H NIZAMUDDIN,604,11.17,PUBLIC_COMMUNITY
22481,Jodhpur-Delhi Sarai Rohilla Express,SF,JU,JODHPUR JN,DEE,DELHI SARAI ROHILLA,622,10.58,PUBLIC_COMMUNITY
22482,Delhi Sarai Rohilla-Jodhpur Express,SF,DEE,DELHI SARAI ROHILLA,JU,JODHPUR JN,622,10.75,PUBLIC_COMMUNITY
22609,Mangalore - Palghat Intercity Express,SF,MAQ,MANGALORE CNTL,PGT,PALAKKAD,352,6.25,PUBLIC_COMMUNITY
22610,Palghat Mangalore Intercity,Exp,PGT,PALAKKAD,MAQ,MANGALORE CNTL,352,6.25,PUBLIC_COMMUNITY
22688,Chandigarh Chennai Express,SF,CDG,CHANDIGARH,MAS,CHENNAI CENTRAL,2509,42.5,PUBLIC_COMMUNITY
22815,Bilaspur-Ernakulam Express,SF,BSP,BILASPUR JN,ERS,ERNAKULAM JN,2155,37.42,PUBLIC_COMMUNITY
22816,Ernakulam-Bilaspur Express,SF,ERS,ERNAKULAM JN,BSP,BILASPUR JN,2156,37.08,PUBLIC_COMMUNITY
22853,Kolkata Shalimar-Visakhapatnam Superfast express,SF,SHM,KOLKATA SHALIMAR,VSKP,VISHAKAPATNAM,880,14.08,PUBLIC_COMMUNITY
22854,Visakhapatnam-Shalimar Express,SF,VSKP,VISHAKAPATNAM,SHM,KOLKATA SHALIMAR,880,13.75,PUBLIC_COMMUNITY
22861,Rajya Rani Express,SF,SHM,KOLKATA SHALIMAR,BQA,BANKURA,229,4.25,PUBLIC_COMMUNITY
22862,Rajya Rani Express,SF,BQA,BANKURA,SHM,KOLKATA SHALIMAR,229,4.25,PUBLIC_COMMUNITY
22926,Paschim Express,SF,KLK,Kalka,BDTS,MUMBAI BANDRA TERMINUS,1676,28.92,PUBLIC_COMMUNITY
22996,Ajmer Bandra SF Express,SF,AII,AJMER JN,BDTS,MUMBAI BANDRA TERMINUS,1017,18.0,PUBLIC_COMMUNITY
23112,Giridih Kolkata Express,Exp,GRD,Giridih,KOAA,KOLKATA CHITPUR,335,8.67,PUBLIC_COMMUNITY
23142,Teesta Torsa Express,Exp,HDB,HALDIBARI,SDAH,KOLKATA SEALDAH,628,15.33,PUBLIC_COMMUNITY
23154,Gour Express,Exp,BLGT,BALURGHAT,SDAH,KOLKATA SEALDAH,454,12.25,PUBLIC_COMMUNITY
24033,Jammu Mail,Mail,DLI,OLD DELHI,HSX,Hoshiarpur,411,10.08,PUBLIC_COMMUNITY
24034,Jammu Mail,Mail,HSX,Hoshiarpur,DLI,OLD DELHI,411,10.58,PUBLIC_COMMUNITY
24042,KOTDWAR - NAJIBABAD Mussoorie Exp,Exp,KTW,KOTDWARA,DEE,DELHI SARAI ROHILLA,243,10.58,PUBLIC_COMMUNITY
24887,Haridwar-Barmer Link Express,Exp,HW,HARIDWAR JN,BME,BARMER,1169,24.92,PUBLIC_COMMUNITY
24888,Barmer-Haridwar Link Express,Exp,BME,BARMER,HW,HARIDWAR JN,1169,26.75,PUBLIC_COMMUNITY
25014,Corbett Park Link Express,Exp,RMR,RAMNAGAR,DLI,OLD DELHI,239,6.0,PUBLIC_COMMUNITY
25036,Ramnagar Delhi Link Express,Exp,RMR,RAMNAGAR,DLI,OLD DELHI,239,5.5,PUBLIC_COMMUNITY
25202,Narkatiaganj Sugauli InterCity Link Express,Exp,NKE,NARKATIAGANJ JN,SGL,SAGAULI JN,59,1.25,PUBLIC_COMMUNITY
25610,Jivachh Link Express,Exp,DBG,DARBHANGA JN,GHY,GUWAHATI,877,22.5,PUBLIC_COMMUNITY
25715,Radhikapur Delhi Link Express,Exp,RDP,Radhikapur,DLI,OLD DELHI,1372,30.83,PUBLIC_COMMUNITY
28242,Chirmiri Durg Express Cum Pass,Exp,CHRM,Chirmiri,DURG,DURG,381,13.08,PUBLIC_COMMUNITY
28624,Barkakana Rajendranagar Slip Express,Exp,BRKA,BARKAKANA,RJPB,RAJENDRA NAGAR BIHAR,365,14.67,PUBLIC_COMMUNITY
29019,Nimach Kota Link Exp,Exp,NMH,NIMACH,MTC,MEERUT CITY,755,17.75,PUBLIC_COMMUNITY
29020,Dehradun Express Slip,Exp,MTC,MEERUT CITY,NMH,NIMACH,755,17.92,PUBLIC_COMMUNITY
30145,BBD Bag-Krishnanagar Local,MEMU,BBDB,BENOY BADAL DINESH GARDENS,KNJ,Krishnanagar City Junction,102,2.57,PUBLIC_COMMUNITY
31393,Sealdah-Kalyani Local,MEMU,SDAH,KOLKATA SEALDAH,KYI,Kalyani,48,1.27,PUBLIC_COMMUNITY
31511,Sealdah-Shantipur Local,Pass,SDAH,KOLKATA SEALDAH,STB,Shantipur,93,2.42,PUBLIC_COMMUNITY
31581,Sealdah-Shantipur-Krishnanagar City Local,MEMU,SDAH,KOLKATA SEALDAH,KNJ,Krishnanagar City Junction,108,2.83,PUBLIC_COMMUNITY
31801,Sealdah KNJ Ladies Special,Klkt,SDAH,KOLKATA SEALDAH,KNJ,Krishnanagar City Junction,99,2.42,PUBLIC_COMMUNITY
31921,SDAH GEDE LOCAL,MEMU,SDAH,KOLKATA SEALDAH,GEDE,Gede,116,2.72,PUBLIC_COMMUNITY
31923,SDAH GEDE LOCAL,MEMU,SDAH,KOLKATA SEALDAH,GEDE,Gede,116,2.73,PUBLIC_COMMUNITY
31925,SDAH GEDE LOCAL,MEMU,SDAH,KOLKATA SEALDAH,GEDE,Gede,116,2.62,PUBLIC_COMMUNITY
31927,Sealdah Gede EMU,MEMU,SDAH,KOLKATA SEALDAH,GEDE,Gede,116,2.68,PUBLIC_COMMUNITY
31929,Sealdah-Gede Local,MEMU,SDAH,KOLKATA SEALDAH,GEDE,Gede,116,2.72,PUBLIC_COMMUNITY
15657,KOLKATA SEALDAH - GUWAHATI KanchanJungha Exp,Exp,SDAH,KOLKATA SEALDAH,GHY,GUWAHATI,975,21.92,PUBLIC_COMMUNITY
23010,Doon Express,Exp,KTW,KOTDWARA,HWH,HOWRAH JN,1461,32.92,PUBLIC_COMMUNITY
23111,Danapur Express,Exp,GRD,Giridih,DNR,DANAPUR,298,8.42,PUBLIC_COMMUNITY
23225,InterCity Link Express,Exp,SHC,SAHARSA JN,DNR,DANAPUR,229,7.83,PUBLIC_COMMUNITY
23226,InterCity Link Express,Exp,DNR,DANAPUR,SHC,SAHARSA JN,229,7.0,PUBLIC_COMMUNITY
23347,Palamu Express,Exp,SGRL,SINGRAULI,PNBE,PATNA JN,481,12.5,PUBLIC_COMMUNITY
23348,Palamau Express (Slip),Exp,GHD,GARWA ROAD,SGRL,SINGRAULI,201,5.5,PUBLIC_COMMUNITY
24227,Varuna Express,Exp,BSB,VARANASI JN,CNB,KANPUR CENTRAL,355,6.67,PUBLIC_COMMUNITY
24228,Varuna Express,Exp,CNB,KANPUR CENTRAL,BSB,VARANASI JN,355,7.33,PUBLIC_COMMUNITY
24369,Triveni Express,Exp,SKTN,Shakti Nagar,BE,BAREILLY,742,18.58,PUBLIC_COMMUNITY
24370,Triveni Express,Exp,BE,BAREILLY,SKTN,Shakti Nagar,741,19.83,PUBLIC_COMMUNITY
24370-Slip,Triveni Express Slip,Exp,BE,BAREILLY,BRWD,BARWADIH JN,862,22.75,PUBLIC_COMMUNITY
25716,Garib Nawaz Express,Exp,KIR,KATIHAR JN,RDP,Radhikapur,92,2.42,PUBLIC_COMMUNITY
28181,Barauni-Katihar Slip Express,Exp,BJU,BARAUNI JN,KIR,KATIHAR JN,180,5.08,PUBLIC_COMMUNITY
28182,Katihar-Tatanagar Link Express,Exp,KIR,KATIHAR JN,TATA,TATANAGAR JN,600,15.67,PUBLIC_COMMUNITY
29059,Hapa InterCity Express,Exp,ST,SURAT,HAPA,HAPA,552,9.95,PUBLIC_COMMUNITY
29060,Surat InterCity Express,Exp,HAPA,HAPA,ST,SURAT,552,10.0,PUBLIC_COMMUNITY
31922,GEDE SDAH LOCAL,MEMU,GEDE,Gede,SDAH,KOLKATA SEALDAH,116,2.62,PUBLIC_COMMUNITY
31924,GEDE SDAH LOCAL,MEMU,GEDE,Gede,SDAH,KOLKATA SEALDAH,116,2.68,PUBLIC_COMMUNITY
31926,GEDE SDAH LOCAL,MEMU,GEDE,Gede,SDAH,KOLKATA SEALDAH,116,2.62,PUBLIC_COMMUNITY
31930,GEDE SDAH LOCAL,MEMU,GEDE,Gede,SDAH,KOLKATA SEALDAH,116,2.58,PUBLIC_COMMUNITY
32249,Sealdah-Dankuni Local,MEMU,SDAH,KOLKATA SEALDAH,DKAE,DANKUNI,22,0.7,PUBLIC_COMMUNITY
33512,Hasanabad Sealdah EMU,MEMU,HNB,Hasanabad,SDAH,KOLKATA SEALDAH,0,2.42,PUBLIC_COMMUNITY
33533,Sealdah-Hasnabad Local,MEMU,SDAH,KOLKATA SEALDAH,BT,Barasat,22,0.77,PUBLIC_COMMUNITY
34166,Sealdah-Budge Budge Local,MEMU,SDAH,KOLKATA SEALDAH,BGB,Budge Budge,25,0.88,PUBLIC_COMMUNITY
34431,Sonarpur Sealdah Local,MEMU,SPR,Sonarpur Junction,SDAH,KOLKATA SEALDAH,16,0.52,PUBLIC_COMMUNITY
34434,Sealdah-Sonarpur Local,MEMU,SDAH,KOLKATA SEALDAH,SPR,Sonarpur Junction,16,0.45,PUBLIC_COMMUNITY
34502,Sealdah Canning ladies special EMU,Klkt,SDAH,KOLKATA SEALDAH,CG,Canning,45,1.17,PUBLIC_COMMUNITY
34554,Sealdah-Canning Local,MEMU,SDAH,KOLKATA SEALDAH,CG,Canning,45,1.42,PUBLIC_COMMUNITY
34557,Canning Sealdah Local,MEMU,CG,Canning,SDAH,KOLKATA SEALDAH,45,1.37,PUBLIC_COMMUNITY
34793,Namkhana Sealdah Local,MEMU,NMKA,Namkhana,SDAH,KOLKATA SEALDAH,108,2.8,PUBLIC_COMMUNITY
34794,Sealdah-Namkhana Local,MEMU,SDAH,KOLKATA SEALDAH,NMKA,Namkhana,108,2.75,PUBLIC_COMMUNITY
34857,Diamond Harbour Sealdah Local,MEMU,DH,Diamond Harbour,SDAH,KOLKATA SEALDAH,59,1.55,PUBLIC_COMMUNITY
34858,Sealdah-Diamond Harbour Local,MEMU,SDAH,KOLKATA SEALDAH,DH,Diamond Harbour,59,2.03,PUBLIC_COMMUNITY
37397,Howrah-Singur Local,MEMU,HWH,HOWRAH JN,SIU,Singur,33,1.0,PUBLIC_COMMUNITY
37657,Howrah-Memari Local,MEMU,HWH,HOWRAH JN,MYM,MEMARI,82,1.83,PUBLIC_COMMUNITY
37658,Memari Howrah Local,MEMU,MYM,MEMARI,HWH,HOWRAH JN,82,2.08,PUBLIC_COMMUNITY
37857,Howrah-Barddhaman Non-Stop Local,MEMU,HWH,HOWRAH JN,BWN,BARDDHAMAN JN,107,2.08,PUBLIC_COMMUNITY
38401,Howrah Panskura EMU,MEMU,HWH,HOWRAH JN,PKU,PANSKURA,71,1.83,PUBLIC_COMMUNITY
38403,Howrah Panskura EMU,MEMU,HWH,HOWRAH JN,PKU,PANSKURA,71,1.83,PUBLIC_COMMUNITY
38405,Howrah Panskura EMU,MEMU,HWH,HOWRAH JN,PKU,PANSKURA,71,1.8,PUBLIC_COMMUNITY
38411,Howrah Panskura EMU,MEMU,HWH,HOWRAH JN,PKU,PANSKURA,71,1.83,PUBLIC_COMMUNITY
38413,Howrah Panskura EMU,MEMU,HWH,HOWRAH JN,PKU,PANSKURA,71,1.83,PUBLIC_COMMUNITY
38417,Howrah Panskura EMU,MEMU,HWH,HOWRAH JN,PKU,PANSKURA,71,1.83,PUBLIC_COMMUNITY
38419,Howrah Panskura EMU,MEMU,HWH,HOWRAH JN,PKU,PANSKURA,71,1.83,PUBLIC_COMMUNITY
38423,Howrah Panskura EMU,MEMU,HWH,HOWRAH JN,PKU,PANSKURA,71,1.75,PUBLIC_COMMUNITY
38429,Howrah Panskura EMU,MEMU,HWH,HOWRAH JN,PKU,PANSKURA,71,1.83,PUBLIC_COMMUNITY
38433,Howrah Panskura EMU,MEMU,HWH,HOWRAH JN,PKU,PANSKURA,71,1.83,PUBLIC_COMMUNITY
38443,Howrah Panskura EMU,MEMU,HWH,HOWRAH JN,BOP,BHOGPUR,64,1.48,PUBLIC_COMMUNITY
58124,Jharsuguda Sambalpur Passenger,Pass,JSG,JHARSUGUDA JN,SBP,SAMBALPUR,50,1.42,PUBLIC_COMMUNITY
18304,PURI - SAMBALPUR Intercity Exp,Exp,PURI,PURI,SBP,SAMBALPUR,341,6.5,PUBLIC_COMMUNITY
18312,VARANASI - SAMBALPUR Exp,Exp,BSB,VARANASI JN,SBP,SAMBALPUR,896,20.42,PUBLIC_COMMUNITY
37356,Tarakeswar Howrah Local,MEMU,TAK,Tarakeswar,HWH,HOWRAH JN,57,1.75,PUBLIC_COMMUNITY
37398,Singur Howrah Local,MEMU,SIU,Singur,HWH,HOWRAH JN,33,0.92,PUBLIC_COMMUNITY
38416,Panskura Howrah EMU,MEMU,PKU,PANSKURA,HWH,HOWRAH JN,71,1.75,PUBLIC_COMMUNITY
38418,Panskura Howrah EMU,MEMU,PKU,PANSKURA,HWH,HOWRAH JN,71,1.83,PUBLIC_COMMUNITY
38420,Panskura Howrah EMU,MEMU,PKU,PANSKURA,HWH,HOWRAH JN,71,1.83,PUBLIC_COMMUNITY
38424,Panskura Howrah EMU,MEMU,PKU,PANSKURA,HWH,HOWRAH JN,71,1.92,PUBLIC_COMMUNITY
38428,Panskura Howrah EMU,MEMU,PKU,PANSKURA,HWH,HOWRAH JN,71,1.8,PUBLIC_COMMUNITY
38434,Panskura Howrah EMU,MEMU,PKU,PANSKURA,HWH,HOWRAH JN,71,1.92,PUBLIC_COMMUNITY
38435,Howrah Panskura EMU,MEMU,HWH,HOWRAH JN,PKU,PANSKURA,71,1.83,PUBLIC_COMMUNITY
38439,Howrah Panskura EMU,MEMU,HWH,HOWRAH JN,PKU,PANSKURA,71,1.75,PUBLIC_COMMUNITY
38441,Howrah Panskura EMU,MEMU,HWH,HOWRAH JN,PKU,PANSKURA,71,1.87,PUBLIC_COMMUNITY
38444,Panskura Howrah EMU,MEMU,PKU,PANSKURA,HWH,HOWRAH JN,71,1.83,PUBLIC_COMMUNITY
38445,Howrah Panskura EMU,MEMU,HWH,HOWRAH JN,PKU,PANSKURA,71,1.83,PUBLIC_COMMUNITY
38448,Panskura Howrah EMU,MEMU,PKU,PANSKURA,HWH,HOWRAH JN,71,1.92,PUBLIC_COMMUNITY
38449,Howrah Panskura EMU,MEMU,HWH,HOWRAH JN,PKU,PANSKURA,71,1.92,PUBLIC_COMMUNITY
38450,Panskura Howrah EMU,MEMU,PKU,PANSKURA,HWH,HOWRAH JN,71,1.92,PUBLIC_COMMUNITY
38453,Howrah Panskura EMU,MEMU,HWH,HOWRAH JN,PKU,PANSKURA,71,1.83,PUBLIC_COMMUNITY
38455,Howrah Panskura EMU,MEMU,HWH,HOWRAH JN,PKU,PANSKURA,71,1.75,PUBLIC_COMMUNITY
38457,Howrah Panskura EMU,MEMU,HWH,HOWRAH JN,PKU,PANSKURA,71,1.83,PUBLIC_COMMUNITY
38463,Howrah Panskura EMU,MEMU,HWH,HOWRAH JN,PKU,PANSKURA,71,1.75,PUBLIC_COMMUNITY
38464,Panskura Howrah EMU,MEMU,PKU,PANSKURA,HWH,HOWRAH JN,71,1.83,PUBLIC_COMMUNITY
38467,Howrah Panskura EMU,MEMU,HWH,HOWRAH JN,PKU,PANSKURA,71,1.88,PUBLIC_COMMUNITY
38469,Howrah Panskura EMU,MEMU,HWH,HOWRAH JN,PKU,PANSKURA,71,1.92,PUBLIC_COMMUNITY
38633,Howrah Kharagpur Ladies Special,Klkt,HWH,HOWRAH JN,KGP,KHARAGPUR JN,115,2.75,PUBLIC_COMMUNITY
38821,Howrah-Kolaghat EMU,MEMU,HWH,HOWRAH JN,KIG,KOLAGHAT GOODS,55,1.5,PUBLIC_COMMUNITY
38846,Kolaghat-Howrah EMU,MEMU,KIG,KOLAGHAT GOODS,HWH,HOWRAH JN,55,1.58,PUBLIC_COMMUNITY
40021,Chennai Beach PallavaramEMU,MEMU,MSB,CHENNAI BEACH,PV,PALLAVARAM,27,0.65,PUBLIC_COMMUNITY
40023,Chennai Beach St. Thomas Mount Fast EMU,MEMU,MSB,CHENNAI BEACH,STM,ST THOMAS MOUNT,17,0.43,PUBLIC_COMMUNITY
40501,Chennai Beach Chengulpet EMU,MEMU,MSB,CHENNAI BEACH,CGL,CHENGALPATTU,63,1.75,PUBLIC_COMMUNITY
40503,Chennai Beach Chengulpet EMU,MEMU,MSB,CHENNAI BEACH,CGL,CHENGALPATTU,60,1.75,PUBLIC_COMMUNITY
40505,Chennai Beach Chengulpet EMU(12 car),MEMU,MSB,CHENNAI BEACH,CGL,CHENGALPATTU,63,1.75,PUBLIC_COMMUNITY
40507,Chennai Beach Chengulpet EMU,MEMU,MSB,CHENNAI BEACH,CGL,CHENGALPATTU,63,1.75,PUBLIC_COMMUNITY
40509,Chennai Beach Chengulpet EMU,MEMU,MSB,CHENNAI BEACH,CGL,CHENGALPATTU,63,1.75,PUBLIC_COMMUNITY
40511,Chennai Beach Chengulpet EMU,MEMU,MSB,CHENNAI BEACH,CGL,CHENGALPATTU,63,1.75,PUBLIC_COMMUNITY
40513,Chennai Beach Chengulpet EMU(12 car),MEMU,MSB,CHENNAI BEACH,CGL,CHENGALPATTU,63,1.75,PUBLIC_COMMUNITY
54056,Delhi Moradabad Passenger,Pass,DLI,OLD DELHI,MB,MORADABAD,175,4.92,PUBLIC_COMMUNITY
54305,Moradabad Hapur Passenger,Pass,MB,MORADABAD,HPU,HAPUR,118,3.75,PUBLIC_COMMUNITY
54307,Moradabad Delhi Passenger,Pass,MB,MORADABAD,DLI,OLD DELHI,175,5.42,PUBLIC_COMMUNITY
54314,Moradabad Chandausi Passenger,Pass,MB,MORADABAD,CH,CHANDAUSI JN,44,1.33,PUBLIC_COMMUNITY
54315,Moradabad Sahranpur Passenger,Pass,MB,MORADABAD,SRE,SAHARANPUR,194,5.08,PUBLIC_COMMUNITY
54395,MORADABAD -  NAJIBABAD  PASSENGER,Pass,MB,MORADABAD,NBD,NAJIBABAD JN,161,6.5,PUBLIC_COMMUNITY
54398,Moradabad Sambahal Hatim Sarai Pass,Pass,MB,MORADABAD,SHTS,Sambhal Hatim Sarai,45,2.0,PUBLIC_COMMUNITY
55311,MORADABAD - KASHIPUR PASSENGER,Pass,MB,MORADABAD,KPV,KASHIPUR,50,1.5,PUBLIC_COMMUNITY
55323,MORADABAD - RAMNAGAR PASSENGER,Pass,MB,MORADABAD,RMR,RAMNAGAR,77,2.0,PUBLIC_COMMUNITY
58127,Jharsuguda Sambalpur Passenger,Pass,JSG,JHARSUGUDA JN,SBP,SAMBALPUR,50,1.58,PUBLIC_COMMUNITY
58135,Jharsuguda Sambalpur Passenger,Pass,JSG,JHARSUGUDA JN,SBP,SAMBALPUR,50,1.42,PUBLIC_COMMUNITY
58137,Jharsuguda Sambalpur Passenger,Pass,JSG,JHARSUGUDA JN,SBP,SAMBALPUR,50,1.42,PUBLIC_COMMUNITY
12288,DEHRADUN - KOCHUVELI SF Express,SF,DDN,DEHRADUN,KCVL,KOCHUVELI,3459,57.5,PUBLIC_COMMUNITY
12665,HOWRAH - KANNIYAKUMARI SF Exp,SF,HWH,HOWRAH JN,CAPE,KANYAKUMARI,2431,43.5,PUBLIC_COMMUNITY
12778,TRIVANDRUM KOCHUVELI - HUBLI SF Exp,SF,KCVL,KOCHUVELI,UBL,HUBLI JN,1307,23.92,PUBLIC_COMMUNITY
14707,BIKANER - MUMBAI BANDRA Ranakpur Exp,Exp,BKN,BIKANER JN,BDTS,MUMBAI BANDRA TERMINUS,1212,25.42,PUBLIC_COMMUNITY
16352,NAGERCOIL - MUMBAI CST Balaji Exp,Exp,NCJ,NAGERCOIL JN,CSTM,MUMBAI CST,1967,40.17,PUBLIC_COMMUNITY
16723,CHENNAI EGMORE - TRIVANDRUM Anantapuri Exp,Exp,MS,CHENNAI EGMORE,TVC,TRIVANDRUM CENTRAL,798,15.83,PUBLIC_COMMUNITY
38468,Panskura Howrah EMU,MEMU,PKU,PANSKURA,HWH,HOWRAH JN,71,1.8,PUBLIC_COMMUNITY
38470,Panskura Howrah EMU,MEMU,PKU,PANSKURA,HWH,HOWRAH JN,71,1.83,PUBLIC_COMMUNITY
40515,Chennai Beach Chengulpet EMU,MEMU,MSB,CHENNAI BEACH,CGL,CHENGALPATTU,63,1.67,PUBLIC_COMMUNITY
40517,Chennai Beach Chengulpet EMU(12 car),MEMU,MSB,CHENNAI BEACH,CGL,CHENGALPATTU,63,1.67,PUBLIC_COMMUNITY
40519,Chennai Beach Chengulpet EMU,MEMU,MSB,CHENNAI BEACH,CGL,CHENGALPATTU,59,1.87,PUBLIC_COMMUNITY
40701,Chennai Beach Tirumalpur EMU,MEMU,MSB,CHENNAI BEACH,TMLP,TIRUMALPUR,112,3.0,PUBLIC_COMMUNITY
40705,Chennai Beach Tirumalpur local,MEMU,MSB,CHENNAI BEACH,TMLP,TIRUMALPUR,108,2.75,PUBLIC_COMMUNITY
40707,Chennai Beach Tirumalpur Fast EMU,MEMU,MSB,CHENNAI BEACH,TMLP,TIRUMALPUR,108,2.42,PUBLIC_COMMUNITY
40711,Chennai Beach Tirumalpur Semi Fast EMU,MEMU,MSB,CHENNAI BEACH,TMLP,TIRUMALPUR,108,2.67,PUBLIC_COMMUNITY
41001,Chennai Beach Velachery EMU,MEMU,MSB,CHENNAI BEACH,VLCY,Velachery,18,0.67,PUBLIC_COMMUNITY
41003,Chennai Beach Velachery EMU,MEMU,MSB,CHENNAI BEACH,VLCY,Velachery,18,0.67,PUBLIC_COMMUNITY
41005,Chennai Beach Velachery EMU,MEMU,MSB,CHENNAI BEACH,VLCY,Velachery,18,0.67,PUBLIC_COMMUNITY
41007,Chennai Beach Velachery EMU,MEMU,MSB,CHENNAI BEACH,VLCY,Velachery,18,0.67,PUBLIC_COMMUNITY
41009,Chennai Beach Velachery EMU,MEMU,MSB,CHENNAI BEACH,VLCY,Velachery,18,0.75,PUBLIC_COMMUNITY
41011,Chennai Beach Velachery EMU,MEMU,MSB,CHENNAI BEACH,VLCY,Velachery,18,0.67,PUBLIC_COMMUNITY
41013,Chennai Beach Velachery EMU,MEMU,MSB,CHENNAI BEACH,VLCY,Velachery,18,0.67,PUBLIC_COMMUNITY
41015,Chennai Beach Velachery EMU,MEMU,MSB,CHENNAI BEACH,VLCY,Velachery,18,0.67,PUBLIC_COMMUNITY
41017,Chennai Beach Velachery EMU,MEMU,MSB,CHENNAI BEACH,VLCY,Velachery,18,0.67,PUBLIC_COMMUNITY
41019,Chennai Beach Velachery EMU,MEMU,MSB,CHENNAI BEACH,VLCY,Velachery,18,0.67,PUBLIC_COMMUNITY
41023,Chennai Beach Velachery EMU,MEMU,MSB,CHENNAI BEACH,VLCY,Velachery,18,0.67,PUBLIC_COMMUNITY
41025,Chennai Beach Velachery EMU,MEMU,MSB,CHENNAI BEACH,VLCY,Velachery,18,0.67,PUBLIC_COMMUNITY
41027,Chennai Beach Velachery EMU,MEMU,MSB,CHENNAI BEACH,VLCY,Velachery,18,0.67,PUBLIC_COMMUNITY
41029,Chennai Beach Velachery EMU,MEMU,MSB,CHENNAI BEACH,VLCY,Velachery,18,0.67,PUBLIC_COMMUNITY
41031,Chennai Beach Velachery EMU,MEMU,MSB,CHENNAI BEACH,VLCY,Velachery,18,0.67,PUBLIC_COMMUNITY
41033,Chennai Beach Velachery EMU,MEMU,MSB,CHENNAI BEACH,VLCY,Velachery,18,0.67,PUBLIC_COMMUNITY
41035,Chennai Beach Velachery EMU,MEMU,MSB,CHENNAI BEACH,VLCY,Velachery,18,0.67,PUBLIC_COMMUNITY
41037,Chennai Beach Velachery EMU,MEMU,MSB,CHENNAI BEACH,VLCY,Velachery,18,0.67,PUBLIC_COMMUNITY
41039,Chennai Beach Velachery EMU,MEMU,MSB,CHENNAI BEACH,VLCY,Velachery,18,0.67,PUBLIC_COMMUNITY
41041,Chennai Beach Velachery EMU,MEMU,MSB,CHENNAI BEACH,VLCY,Velachery,18,0.67,PUBLIC_COMMUNITY
41043,Chennai Beach Velachery EMU,MEMU,MSB,CHENNAI BEACH,VLCY,Velachery,18,0.67,PUBLIC_COMMUNITY
41045,Chennai Beach Velachery EMU,MEMU,MSB,CHENNAI BEACH,VLCY,Velachery,18,0.67,PUBLIC_COMMUNITY
41047,Chennai Beach Velachery EMU,MEMU,MSB,CHENNAI BEACH,VLCY,Velachery,18,0.67,PUBLIC_COMMUNITY
41049,Chennai Beach Velachery EMU,MEMU,MSB,CHENNAI BEACH,VLCY,Velachery,18,0.67,PUBLIC_COMMUNITY
41051,Chennai Beach Velachery EMU,MEMU,MSB,CHENNAI BEACH,VLCY,Velachery,18,0.83,PUBLIC_COMMUNITY
41053,Chennai Beach Velachery EMU,MEMU,MSB,CHENNAI BEACH,VLCY,Velachery,18,0.67,PUBLIC_COMMUNITY
41055,Chennai Beach Velachery EMU,MEMU,MSB,CHENNAI BEACH,VLCY,Velachery,18,0.67,PUBLIC_COMMUNITY
55303,MORADABAD - KATHGODAM Pass,Pass,MB,MORADABAD,KGM,KATHGODAM,131,4.67,PUBLIC_COMMUNITY
55305,MORADABAD - RAMNAGAR Fast Passenger,Pass,MB,MORADABAD,RMR,RAMNAGAR,77,1.83,PUBLIC_COMMUNITY
55307,MORADABAD - RAMNAGAR PASSENGER,Pass,MB,MORADABAD,RMR,RAMNAGAR,76,2.17,PUBLIC_COMMUNITY
55309,MORADABAD  - RAMNAGAR PASSENGER,Pass,MB,MORADABAD,RMR,RAMNAGAR,77,2.25,PUBLIC_COMMUNITY
55321,MORADABAD  - RAMNAGAR PASSENGER,Pass,MB,MORADABAD,RMR,RAMNAGAR,77,2.42,PUBLIC_COMMUNITY
40516,Chengulpet Chennai Beach Semi Fast EMU (12 Car),MEMU,CGL,CHENGALPATTU,MSB,CHENNAI BEACH,59,1.53,PUBLIC_COMMUNITY
40518,Chengulpet Chennai Beach Semi Fast EMU (12 Car),MEMU,CGL,CHENGALPATTU,MSB,CHENNAI BEACH,59,1.58,PUBLIC_COMMUNITY
40520,Chengulpet Chennai Beach Semi Fast EMU (12 Car),MEMU,CGL,CHENGALPATTU,MSB,CHENNAI BEACH,59,1.78,PUBLIC_COMMUNITY
40521,Chennai Beach Chengulpet EMU,MEMU,MSB,CHENNAI BEACH,CGL,CHENGALPATTU,59,1.73,PUBLIC_COMMUNITY
40522,Chengulpet Chennai Beach Semi Fast EMU (12 Car),MEMU,CGL,CHENGALPATTU,MSB,CHENNAI BEACH,59,1.5,PUBLIC_COMMUNITY
40523,Chennai Beach Chengulpet EMU,MEMU,MSB,CHENNAI BEACH,CGL,CHENGALPATTU,59,1.8,PUBLIC_COMMUNITY
40524,Chengulpet Chennai Beach EMU,MEMU,CGL,CHENGALPATTU,MSB,CHENNAI BEACH,59,1.8,PUBLIC_COMMUNITY
40526,Chengulpet Chennai Beach Fast EMU,MEMU,CGL,CHENGALPATTU,MSB,CHENNAI BEACH,59,1.5,PUBLIC_COMMUNITY
40601,Chennai Beach Chengulpet EMU,MEMU,MSB,CHENNAI BEACH,CGL,CHENGALPATTU,63,1.75,PUBLIC_COMMUNITY
40704,Tirumalpur Chennai Beach Fast EMU,MEMU,TMLP,TIRUMALPUR,MSB,CHENNAI BEACH,108,2.42,PUBLIC_COMMUNITY
40706,Tirumalpur Chennai Beach Fast EMU,MEMU,TMLP,TIRUMALPUR,MSB,CHENNAI BEACH,108,2.58,PUBLIC_COMMUNITY
41059,Chennai Beach Velachery EMU,MEMU,MSB,CHENNAI BEACH,VLCY,Velachery,19,0.67,PUBLIC_COMMUNITY
41063,Chennai Beach Velachery EMU,Pass,MSB,CHENNAI BEACH,VLCY,Velachery,18,0.67,PUBLIC_COMMUNITY
41067,Chennai Beach Velachery EMU,Pass,MSB,CHENNAI BEACH,VLCY,Velachery,18,0.67,PUBLIC_COMMUNITY
41069,Chennai Beach Velachery EMU,Pass,MSB,CHENNAI BEACH,VLCY,Velachery,18,0.67,PUBLIC_COMMUNITY
41071,Chennai Beach Velachery EMU,Pass,MSB,CHENNAI BEACH,VLCY,Velachery,18,0.67,PUBLIC_COMMUNITY
41073,Chennai Beach Velachery EMU,Pass,MSB,CHENNAI BEACH,VLCY,Velachery,18,0.67,PUBLIC_COMMUNITY
41075,Chennai Beach Velachery EMU,Pass,MSB,CHENNAI BEACH,VLCY,Velachery,18,0.67,PUBLIC_COMMUNITY
41077,Chennai Beach Velachery EMU,Pass,MSB,CHENNAI BEACH,VLCY,Velachery,18,0.67,PUBLIC_COMMUNITY
41079,Chennai Beach Velachery EMU,Pass,MSB,CHENNAI BEACH,VLCY,Velachery,18,0.67,PUBLIC_COMMUNITY
41081,Chennai Beach Velachery EMU,Pass,MSB,CHENNAI BEACH,VLCY,Velachery,18,0.67,PUBLIC_COMMUNITY
41083,Chennai Beach Velachery EMU,Pass,MSB,CHENNAI BEACH,VLCY,Velachery,18,0.67,PUBLIC_COMMUNITY
41085,Chennai Beach Velachery EMU,Pass,MSB,CHENNAI BEACH,VLCY,Velachery,18,0.67,PUBLIC_COMMUNITY
41087,Chennai Beach Velachery EMU,Pass,MSB,CHENNAI BEACH,VLCY,Velachery,18,0.67,PUBLIC_COMMUNITY
41089,Chennai Beach Velachery EMU,Pass,MSB,CHENNAI BEACH,VLCY,Velachery,18,0.67,PUBLIC_COMMUNITY
41091,Chennai Beach Velachery EMU,Pass,MSB,CHENNAI BEACH,VLCY,Velachery,18,0.67,PUBLIC_COMMUNITY
41093,Chennai Beach Velachery EMU,Pass,MSB,CHENNAI BEACH,VLCY,Velachery,18,0.67,PUBLIC_COMMUNITY
41095,Chennai Beach Velachery EMU,Pass,MSB,CHENNAI BEACH,VLCY,Velachery,18,0.67,PUBLIC_COMMUNITY
41097,Chennai Beach Velachery EMU,Pass,MSB,CHENNAI BEACH,VLCY,Velachery,18,0.67,PUBLIC_COMMUNITY
41099,Chennai Beach Velachery EMU,Pass,MSB,CHENNAI BEACH,VLCY,Velachery,18,0.67,PUBLIC_COMMUNITY
41101,Chennai Beach Velachery EMU,Pass,MSB,CHENNAI BEACH,VLCY,Velachery,18,0.67,PUBLIC_COMMUNITY
41103,Chennai Beach Velachery EMU,Pass,MSB,CHENNAI BEACH,VLCY,Velachery,18,0.67,PUBLIC_COMMUNITY
41105,Chennai Beach Velachery EMU,Pass,MSB,CHENNAI BEACH,VLCY,Velachery,18,0.67,PUBLIC_COMMUNITY
41107,Chennai Beach Velachery EMU,Pass,MSB,CHENNAI BEACH,VLCY,Velachery,18,0.67,PUBLIC_COMMUNITY
41109,Chennai Beach Velachery EMU,Pass,MSB,CHENNAI BEACH,VLCY,Velachery,18,0.67,PUBLIC_COMMUNITY
41111,Chennai Beach Velachery EMU,Pass,MSB,CHENNAI BEACH,VLCY,Velachery,18,0.67,PUBLIC_COMMUNITY
41113,Chennai Beach Velachery EMU,Pass,MSB,CHENNAI BEACH,VLCY,Velachery,18,0.67,PUBLIC_COMMUNITY
41115,Chennai Beach Velachery EMU,Pass,MSB,CHENNAI BEACH,VLCY,Velachery,18,0.67,PUBLIC_COMMUNITY
41117,Chennai Beach Velachery EMU,MEMU,MSB,CHENNAI BEACH,VLCY,Velachery,18,0.67,PUBLIC_COMMUNITY
41119,Chennai Beach Velachery EMU,MEMU,MSB,CHENNAI BEACH,VLCY,Velachery,18,0.67,PUBLIC_COMMUNITY
41121,Chennai Beach Velachery EMU,MEMU,MSB,CHENNAI BEACH,VLCY,Velachery,18,0.67,PUBLIC_COMMUNITY
41123,Chennai Beach Velachery EMU,MEMU,MSB,CHENNAI BEACH,VLCY,Velachery,18,0.67,PUBLIC_COMMUNITY
42404,Spe-Mas Emu Local,MEMU,SPE,SULLURUPETA,MAS,CHENNAI CENTRAL,83,2.08,PUBLIC_COMMUNITY
42406,Spe-Mas Emu Local,MEMU,SPE,SULLURUPETA,MAS,CHENNAI CENTRAL,83,2.17,PUBLIC_COMMUNITY
42408,Sullurpetta Chennai Central EMU,MEMU,SPE,SULLURUPETA,MAS,CHENNAI CENTRAL,83,2.0,PUBLIC_COMMUNITY
52941,GANDHIGRAM - SBI-BTD PASSENGER,Pass,GG,GANDHIGRAM,BTDF,BOTAD JN,155,4.17,PUBLIC_COMMUNITY
54308,Delhi Moradabad Passenger,Pass,DLI,OLD DELHI,MB,MORADABAD,175,5.75,PUBLIC_COMMUNITY
41064,VLCY MSB LOCAL,Pass,VLCY,Velachery,MSB,CHENNAI BEACH,0,0.67,PUBLIC_COMMUNITY
41066,Velachery Chennai Local,Pass,VLCY,Velachery,MSB,CHENNAI BEACH,0,0.67,PUBLIC_COMMUNITY
41112,Velachery Chennai Beach Passenger,Pass,VLCY,Velachery,MSB,CHENNAI BEACH,0,0.67,PUBLIC_COMMUNITY
41125,Chennai Beach Velachery EMU,MEMU,MSB,CHENNAI BEACH,VLCY,Velachery,18,0.67,PUBLIC_COMMUNITY
41127,Chennai Beach Velachery EMU,Pass,MSB,CHENNAI BEACH,VLCY,Velachery,18,0.67,PUBLIC_COMMUNITY
41129,Chennai Beach Velachery EMU,MEMU,MSB,CHENNAI BEACH,VLCY,Velachery,18,0.67,PUBLIC_COMMUNITY
41131,Chennai Beach Velachery EMU,MEMU,MSB,CHENNAI BEACH,VLCY,Velachery,18,0.67,PUBLIC_COMMUNITY
41133,Chennai Beach Velachery EMU,Pass,MSB,CHENNAI BEACH,VLCY,Velachery,18,0.67,PUBLIC_COMMUNITY
41505,Chennai Beach Velachery Sunday EMU,MEMU,MSB,CHENNAI BEACH,VLCY,Velachery,18,0.67,PUBLIC_COMMUNITY
41507,Chennai Beach Velachery Sunday EMU,MEMU,MSB,CHENNAI BEACH,VLCY,Velachery,18,0.67,PUBLIC_COMMUNITY
42412,Spe-Mas Emu Local,MEMU,SPE,SULLURUPETA,MAS,CHENNAI CENTRAL,83,2.0,PUBLIC_COMMUNITY
42414,Spe-Mas Emu Local,MEMU,SPE,SULLURUPETA,MAS,CHENNAI CENTRAL,83,2.42,PUBLIC_COMMUNITY
42416,Spe-Mas Emu Local,MEMU,SPE,SULLURUPETA,MAS,CHENNAI CENTRAL,83,2.17,PUBLIC_COMMUNITY
42420,Sullurpeta Chennai EMU,MEMU,SPE,SULLURUPETA,MAS,CHENNAI CENTRAL,83,2.08,PUBLIC_COMMUNITY
42422,Spe-Mas Emu Local,MEMU,SPE,SULLURUPETA,MAS,CHENNAI CENTRAL,83,2.08,PUBLIC_COMMUNITY
42452,Sullupetta Gummidipoondi EMU,MEMU,SPE,SULLURUPETA,GPD,GUMMIDIPUNDI,35,0.75,PUBLIC_COMMUNITY
42802,Spe-Msb Emu local,MEMU,SPE,SULLURUPETA,MSB,CHENNAI BEACH,83,2.33,PUBLIC_COMMUNITY
43205,Chennai Central Tiruvallur EMU,MEMU,MAS,CHENNAI CENTRAL,TRL,TIRUVALLUR,42,1.25,PUBLIC_COMMUNITY
43216,Tiruvallur Chennai Central Fast,MEMU,TRL,TIRUVALLUR,MAS,CHENNAI CENTRAL,41,1.0,PUBLIC_COMMUNITY
43222,Tiruvallur Chennai Central Fast,MEMU,TRL,TIRUVALLUR,MAS,CHENNAI CENTRAL,41,0.83,PUBLIC_COMMUNITY
43401,Chennai Central Arakkonam Fast,MEMU,MAS,CHENNAI CENTRAL,AJJ,ARAKKONAM,68,1.42,PUBLIC_COMMUNITY
43408,Arakkonam chennai Central Fast,MEMU,AJJ,ARAKKONAM,MAS,CHENNAI CENTRAL,68,1.58,PUBLIC_COMMUNITY
43501,Chennai tiruttani EMU,MEMU,MAS,CHENNAI CENTRAL,TRT,TIRUTTANI,82,2.25,PUBLIC_COMMUNITY
43506,Tiruttani Chennai Central Local,Pass,TRT,TIRUTTANI,MAS,CHENNAI CENTRAL,83,2.42,PUBLIC_COMMUNITY
43551,Arakkonam Tiruttani EMU,MEMU,AJJ,ARAKKONAM,TRT,TIRUTTANI,14,0.5,PUBLIC_COMMUNITY
43552,Tiruttani Arakkonam EMU,MEMU,TRT,TIRUTTANI,AJJ,ARAKKONAM,14,0.33,PUBLIC_COMMUNITY
43553,Arakkonam Tiruttani EMU,MEMU,AJJ,ARAKKONAM,TRT,TIRUTTANI,14,0.33,PUBLIC_COMMUNITY
43554,Tiruttani Arakkonam EMU,MEMU,TRT,TIRUTTANI,AJJ,ARAKKONAM,14,0.33,PUBLIC_COMMUNITY
43801,Chennai Beach Arakkonam EMU,MEMU,MSB,CHENNAI BEACH,AJJ,ARAKKONAM,70,2.0,PUBLIC_COMMUNITY
43803,Chennai Beach Arakkonam EMU,MEMU,MSB,CHENNAI BEACH,AJJ,ARAKKONAM,69,2.0,PUBLIC_COMMUNITY
43806,Arakkonam chennai Beach Fast,MEMU,AJJ,ARAKKONAM,MSB,CHENNAI BEACH,69,1.5,PUBLIC_COMMUNITY
43823,Chennai Beach Tiruttani Fast,MEMU,MSB,CHENNAI BEACH,TRT,TIRUTTANI,83,2.08,PUBLIC_COMMUNITY
43851,Ponneri Tiruvallur EMU,MEMU,PON,PONNERI,TRL,TIRUVALLUR,71,1.92,PUBLIC_COMMUNITY
43892,Pattabiram East Avadi EMU,MEMU,PRES,Pattabiram East,AVD,AVADI,10,0.33,PUBLIC_COMMUNITY
43921,Tiruvallur Kadambattur EMU,MEMU,TRL,TIRUVALLUR,KBT,KADAMBATTUR,6,0.17,PUBLIC_COMMUNITY
47101,Hyderabad Lingampalli MMTS,Hyd,HYB,HYDERABAD DECCAN,LPI,LINGAMPALLI,25,0.67,PUBLIC_COMMUNITY
47102,Hyderabad Lingampalli MMTS,Hyd,HYB,HYDERABAD DECCAN,LPI,LINGAMPALLI,25,0.67,PUBLIC_COMMUNITY
47103,Hyderabad Lingampalli MMTS,Hyd,HYB,HYDERABAD DECCAN,LPI,LINGAMPALLI,25,0.67,PUBLIC_COMMUNITY
47104,Hyderabad Lingampalli MMTS,Hyd,HYB,HYDERABAD DECCAN,LPI,LINGAMPALLI,25,0.67,PUBLIC_COMMUNITY
47105,Hyderabad Lingampalli MMTS,Hyd,HYB,HYDERABAD DECCAN,LPI,LINGAMPALLI,25,0.67,PUBLIC_COMMUNITY
47106,Hyderabad Lingampalli MMTS,Hyd,HYB,HYDERABAD DECCAN,LPI,LINGAMPALLI,25,0.67,PUBLIC_COMMUNITY
47107,Hyderabad Lingampalli MMTS,Hyd,HYB,HYDERABAD DECCAN,LPI,LINGAMPALLI,25,0.67,PUBLIC_COMMUNITY
47108,Hyderabad Lingampalli MMTS,Hyd,HYB,HYDERABAD DECCAN,LPI,LINGAMPALLI,25,0.67,PUBLIC_COMMUNITY
47109,Hyderabad Lingampalli MMTS,Hyd,HYB,HYDERABAD DECCAN,LPI,LINGAMPALLI,24,0.67,PUBLIC_COMMUNITY
47110,Hyderabad Lingampalli MMTS,Hyd,HYB,HYDERABAD DECCAN,LPI,LINGAMPALLI,24,0.67,PUBLIC_COMMUNITY
47111,Hyderabad Lingampalli MMTS,Hyd,HYB,HYDERABAD DECCAN,LPI,LINGAMPALLI,25,0.75,PUBLIC_COMMUNITY
47112,Hyderabad Lingampalli MMTS,Hyd,HYB,HYDERABAD DECCAN,LPI,LINGAMPALLI,25,0.67,PUBLIC_COMMUNITY
54313,Chandausi Moradabad Passenger,Pass,CH,CHANDAUSI JN,MB,MORADABAD,44,1.58,PUBLIC_COMMUNITY
12952,Mumbai Rajdhani Express,Raj,NDLS,NEW DELHI,BCT,Mumbai Central,1384,16.08,PUBLIC_COMMUNITY
22404,New Delhi-Puducherry SF Exp,SF,NDLS,NEW DELHI,PDY,Puducherry,2384,42.92,PUBLIC_COMMUNITY
47113,Hyderabad Lingampalli MMTS,Hyd,HYB,HYDERABAD DECCAN,LPI,LINGAMPALLI,25,0.67,PUBLIC_COMMUNITY
47114,Hyderabad Lingampalli MMTS,Hyd,HYB,HYDERABAD DECCAN,LPI,LINGAMPALLI,25,0.67,PUBLIC_COMMUNITY
47116,Hyderabad Lingampalli MMTS,Hyd,HYB,HYDERABAD DECCAN,LPI,LINGAMPALLI,25,0.67,PUBLIC_COMMUNITY
47117,Hyderabad Lingampalli MMTS,Hyd,HYB,HYDERABAD DECCAN,LPI,LINGAMPALLI,25,0.83,PUBLIC_COMMUNITY
47118,Hyderabad Lingampalli MMTS,Hyd,HYB,HYDERABAD DECCAN,LPI,LINGAMPALLI,25,0.75,PUBLIC_COMMUNITY
47119,Hyderabad Lingampalli MMTS,Hyd,HYB,HYDERABAD DECCAN,LPI,LINGAMPALLI,25,0.67,PUBLIC_COMMUNITY
47120,Hyderabad Lingampalli MMTS,Hyd,HYB,HYDERABAD DECCAN,LPI,LINGAMPALLI,25,0.67,PUBLIC_COMMUNITY
47121,Hyderabad Lingampalli MMTS,Hyd,HYB,HYDERABAD DECCAN,LPI,LINGAMPALLI,25,0.75,PUBLIC_COMMUNITY
47122,Hyderabad Lingampalli MMTS,Hyd,HYB,HYDERABAD DECCAN,LPI,LINGAMPALLI,25,0.67,PUBLIC_COMMUNITY
47127,Lingampalli Hyderabad MMTS,Hyd,LPI,LINGAMPALLI,HYB,HYDERABAD DECCAN,25,0.67,PUBLIC_COMMUNITY
47128,Lingampalli Hyderabad MMTS,Hyd,LPI,LINGAMPALLI,HYB,HYDERABAD DECCAN,25,0.67,PUBLIC_COMMUNITY
47129,Lingampalli Hyderabad MMTS,Hyd,LPI,LINGAMPALLI,HYB,HYDERABAD DECCAN,25,0.67,PUBLIC_COMMUNITY
47130,Lingampalli Hyderabad MMTS,Hyd,LPI,LINGAMPALLI,HYB,HYDERABAD DECCAN,25,0.67,PUBLIC_COMMUNITY
47132,Lingampalli Hyderabad MMTS,Hyd,LPI,LINGAMPALLI,HYB,HYDERABAD DECCAN,25,0.75,PUBLIC_COMMUNITY
47133,Lingampalli Hyderabad MMTS,Hyd,LPI,LINGAMPALLI,HYB,HYDERABAD DECCAN,25,0.67,PUBLIC_COMMUNITY
47134,Lingampalli Hyderabad MMTS,Hyd,LPI,LINGAMPALLI,HYB,HYDERABAD DECCAN,24,0.67,PUBLIC_COMMUNITY
47135,Lingampalli Hyderabad MMTS,Hyd,LPI,LINGAMPALLI,HYB,HYDERABAD DECCAN,24,0.67,PUBLIC_COMMUNITY
47136,Lingampalli Hyderabad MMTS,Hyd,LPI,LINGAMPALLI,HYB,HYDERABAD DECCAN,24,0.67,PUBLIC_COMMUNITY
47137,Lingampalli Hyderabad MMTS,Hyd,LPI,LINGAMPALLI,HYB,HYDERABAD DECCAN,25,0.67,PUBLIC_COMMUNITY
47138,Lingampalli Hyderabad MMTS,Hyd,LPI,LINGAMPALLI,HYB,HYDERABAD DECCAN,25,0.67,PUBLIC_COMMUNITY
47139,Lingampalli Hyderabad MMTS,Hyd,LPI,LINGAMPALLI,HYB,HYDERABAD DECCAN,25,0.67,PUBLIC_COMMUNITY
47140,Lingampalli Hyderabad MMTS,Hyd,LPI,LINGAMPALLI,HYB,HYDERABAD DECCAN,25,0.67,PUBLIC_COMMUNITY
47141,Lingampalli Hyderabad MMTS,Hyd,LPI,LINGAMPALLI,HYB,HYDERABAD DECCAN,25,0.67,PUBLIC_COMMUNITY
47142,Lingampalli Hyderabad MMTS,Hyd,LPI,LINGAMPALLI,HYB,HYDERABAD DECCAN,25,0.67,PUBLIC_COMMUNITY
47149,Falaknuma Lingampalli MMTS,Hyd,FM,KACHEGUDA FALAKNUMA,LPI,LINGAMPALLI,37,1.17,PUBLIC_COMMUNITY
47150,Falaknuma Lingampalli MMTS,Hyd,FM,KACHEGUDA FALAKNUMA,LPI,LINGAMPALLI,37,1.25,PUBLIC_COMMUNITY
47151,Falaknuma Lingampalli MMTS,Hyd,FM,KACHEGUDA FALAKNUMA,LPI,LINGAMPALLI,37,1.25,PUBLIC_COMMUNITY
47152,MATRABHOOMI LADIES SPL MMTS,Hyd,FM,KACHEGUDA FALAKNUMA,LPI,LINGAMPALLI,37,1.42,PUBLIC_COMMUNITY
47153,Falaknuma Lingampalli MMTS,Hyd,FM,KACHEGUDA FALAKNUMA,LPI,LINGAMPALLI,37,1.17,PUBLIC_COMMUNITY
47154,Falaknuma Lingampalli MMTS,Hyd,FM,KACHEGUDA FALAKNUMA,LPI,LINGAMPALLI,37,1.33,PUBLIC_COMMUNITY
47155,Falaknuma Lingampalli MMTS,Hyd,FM,KACHEGUDA FALAKNUMA,LPI,LINGAMPALLI,37,1.25,PUBLIC_COMMUNITY
47156,Falaknuma Lingampalli MMTS*,Hyd,FM,KACHEGUDA FALAKNUMA,LPI,LINGAMPALLI,37,1.25,PUBLIC_COMMUNITY
47157,Falaknuma Lingampalli MMTS,Hyd,FM,KACHEGUDA FALAKNUMA,LPI,LINGAMPALLI,37,1.33,PUBLIC_COMMUNITY
47158,Falaknuma Lingampalli MMTS,Hyd,FM,KACHEGUDA FALAKNUMA,LPI,LINGAMPALLI,37,1.17,PUBLIC_COMMUNITY
47159,Lingampalli Falaknuma MMTS,Hyd,LPI,LINGAMPALLI,FM,KACHEGUDA FALAKNUMA,37,1.25,PUBLIC_COMMUNITY
47160,Falaknuma Lingampalli MMTS,Hyd,FM,KACHEGUDA FALAKNUMA,LPI,LINGAMPALLI,37,1.25,PUBLIC_COMMUNITY
47161,Falaknuma Lingampalli MMTS,Hyd,FM,KACHEGUDA FALAKNUMA,LPI,LINGAMPALLI,37,1.25,PUBLIC_COMMUNITY
47162,Falaknuma Lingampalli MMTS,Hyd,FM,KACHEGUDA FALAKNUMA,LPI,LINGAMPALLI,37,1.42,PUBLIC_COMMUNITY
47163,Falaknuma Lingampalli MMTS,Hyd,FM,KACHEGUDA FALAKNUMA,LPI,LINGAMPALLI,37,1.25,PUBLIC_COMMUNITY
47164,Falaknuma Lingampalli MMTS,Hyd,FM,KACHEGUDA FALAKNUMA,LPI,LINGAMPALLI,37,1.42,PUBLIC_COMMUNITY
47165,Falaknuma Lingampalli MMTS,Hyd,FM,KACHEGUDA FALAKNUMA,LPI,LINGAMPALLI,37,1.25,PUBLIC_COMMUNITY
47166,Falaknuma Lingampalli MMTS,Hyd,FM,KACHEGUDA FALAKNUMA,LPI,LINGAMPALLI,37,1.25,PUBLIC_COMMUNITY
47168,Secunderabad Lingampalli MMTS,Hyd,FM,KACHEGUDA FALAKNUMA,SC,SECUNDERABAD JN,14,0.5,PUBLIC_COMMUNITY
47170,Falaknuma Lingampalli MMTS,Hyd,FM,KACHEGUDA FALAKNUMA,LPI,LINGAMPALLI,37,1.25,PUBLIC_COMMUNITY
47171,Lingampalli Falaknuma MMTS,Hyd,LPI,LINGAMPALLI,FM,KACHEGUDA FALAKNUMA,37,1.25,PUBLIC_COMMUNITY
47124,Hyderabad Lingampalli MMTS,Hyd,HYB,HYDERABAD DECCAN,LPI,LINGAMPALLI,25,0.67,PUBLIC_COMMUNITY
47125,Hyderabad Lingampalli MMTS,Hyd,HYB,HYDERABAD DECCAN,LPI,LINGAMPALLI,25,0.67,PUBLIC_COMMUNITY
47143,Lingampalli Hyderabad MMTS,Hyd,LPI,LINGAMPALLI,HYB,HYDERABAD DECCAN,25,0.92,PUBLIC_COMMUNITY
47144,Lingampalli Hyderabad MMTS,Hyd,LPI,LINGAMPALLI,HYB,HYDERABAD DECCAN,25,0.67,PUBLIC_COMMUNITY
47145,Lingampalli Hyderabad MMTS,Hyd,LPI,LINGAMPALLI,HYB,HYDERABAD DECCAN,25,0.67,PUBLIC_COMMUNITY
47146,Lingampalli Hyderabad MMTS,Hyd,LPI,LINGAMPALLI,HYB,HYDERABAD DECCAN,25,0.67,PUBLIC_COMMUNITY
47147,Lingampalli Hyderabad MMTS,Hyd,LPI,LINGAMPALLI,HYB,HYDERABAD DECCAN,25,0.67,PUBLIC_COMMUNITY
47148,Lingampalli Hyderabad MMTS,Hyd,LPI,LINGAMPALLI,HYB,HYDERABAD DECCAN,25,0.67,PUBLIC_COMMUNITY
47174,Lingampalli Falaknuma MMTS,Hyd,LPI,LINGAMPALLI,FM,KACHEGUDA FALAKNUMA,37,1.33,PUBLIC_COMMUNITY
47175,Lingampalli Falaknuma MMTS,Hyd,LPI,LINGAMPALLI,FM,KACHEGUDA FALAKNUMA,37,1.25,PUBLIC_COMMUNITY
47176,Lingampalli Falaknuma MMTS,Hyd,LPI,LINGAMPALLI,FM,KACHEGUDA FALAKNUMA,37,1.25,PUBLIC_COMMUNITY
47177,Lingampalli Falaknuma MMTS,Hyd,LPI,LINGAMPALLI,FM,KACHEGUDA FALAKNUMA,37,1.42,PUBLIC_COMMUNITY
47178,Lingampalli Falaknuma MMTS,Hyd,LPI,LINGAMPALLI,FM,KACHEGUDA FALAKNUMA,37,1.25,PUBLIC_COMMUNITY
47179,Lingampalli Falaknuma MMTS,Hyd,LPI,LINGAMPALLI,FM,KACHEGUDA FALAKNUMA,40,1.33,PUBLIC_COMMUNITY
47180,Lingampalli Falaknuma MMTS,Hyd,LPI,LINGAMPALLI,FM,KACHEGUDA FALAKNUMA,37,1.25,PUBLIC_COMMUNITY
47181,Lingampalli Falaknuma MMTS,Hyd,LPI,LINGAMPALLI,FM,KACHEGUDA FALAKNUMA,37,1.25,PUBLIC_COMMUNITY
47182,Lingampalli Falaknuma MMTS,Hyd,LPI,LINGAMPALLI,FM,KACHEGUDA FALAKNUMA,37,1.25,PUBLIC_COMMUNITY
47183,Lingampalli Falaknuma MMTS,Hyd,LPI,LINGAMPALLI,FM,KACHEGUDA FALAKNUMA,37,1.25,PUBLIC_COMMUNITY
47184,Lingampalli Falaknuma MMTS,Hyd,LPI,LINGAMPALLI,FM,KACHEGUDA FALAKNUMA,37,1.17,PUBLIC_COMMUNITY
47185,Lingampalli Falaknuma MMTS,Hyd,LPI,LINGAMPALLI,FM,KACHEGUDA FALAKNUMA,37,1.33,PUBLIC_COMMUNITY
47187,Lingampalli Falaknuma MMTS,Hyd,LPI,LINGAMPALLI,FM,KACHEGUDA FALAKNUMA,37,1.33,PUBLIC_COMMUNITY
47188,Lingampalli Falaknuma Matrabhoomi Ladies MMTS,Hyd,LPI,LINGAMPALLI,FM,KACHEGUDA FALAKNUMA,37,1.25,PUBLIC_COMMUNITY
47189,Lingampalli Falaknuma MMTS,Hyd,LPI,LINGAMPALLI,FM,KACHEGUDA FALAKNUMA,37,1.17,PUBLIC_COMMUNITY
47190,Lingampalli-Falaknuma Matrubhoomi Ladies Spl MMTS,Hyd,LPI,LINGAMPALLI,FM,KACHEGUDA FALAKNUMA,37,1.25,PUBLIC_COMMUNITY
47191,Lingampalli Falaknuma MMTS,Hyd,LPI,LINGAMPALLI,FM,KACHEGUDA FALAKNUMA,37,1.33,PUBLIC_COMMUNITY
47192,Lingampalli Falaknuma MMTS,Hyd,LPI,LINGAMPALLI,FM,KACHEGUDA FALAKNUMA,37,1.17,PUBLIC_COMMUNITY
47195,Lingampalli Secunderabad MMTS,Hyd,LPI,LINGAMPALLI,SC,SECUNDERABAD JN,23,0.75,PUBLIC_COMMUNITY
47196,Secunderabad Hyderabad MMTS,Hyd,SC,SECUNDERABAD JN,HYB,HYDERABAD DECCAN,8,0.42,PUBLIC_COMMUNITY
47197,Falaknuma Hyderabad MMTS,Hyd,FM,KACHEGUDA FALAKNUMA,HYB,HYDERABAD DECCAN,22,1.0,PUBLIC_COMMUNITY
47198,Falaknuma Secunderabad MMTS,Hyd,FM,KACHEGUDA FALAKNUMA,LPI,LINGAMPALLI,37,1.33,PUBLIC_COMMUNITY
47199,Falaknuma Hyderabad MMTS,Hyd,FM,KACHEGUDA FALAKNUMA,HYB,HYDERABAD DECCAN,22,1.08,PUBLIC_COMMUNITY
47200,Falaknuma Hyderabad MMTS,Hyd,FM,KACHEGUDA FALAKNUMA,HYB,HYDERABAD DECCAN,22,1.25,PUBLIC_COMMUNITY
47201,Falaknuma Hyderabad MMTS,Hyd,FM,KACHEGUDA FALAKNUMA,HYB,HYDERABAD DECCAN,22,1.08,PUBLIC_COMMUNITY
47202,Falaknuma Hyderabad MMTS,Hyd,FM,KACHEGUDA FALAKNUMA,HYB,HYDERABAD DECCAN,22,1.0,PUBLIC_COMMUNITY
47203,Falaknuma Lingampalli MMTS,Hyd,FM,KACHEGUDA FALAKNUMA,LPI,LINGAMPALLI,37,1.25,PUBLIC_COMMUNITY
47204,Falaknuma Secunderabad MMTS,Hyd,FM,KACHEGUDA FALAKNUMA,SC,SECUNDERABAD JN,14,0.5,PUBLIC_COMMUNITY
47206,HYB Falaknuma Local,Hyd,HYB,HYDERABAD DECCAN,FM,KACHEGUDA FALAKNUMA,22,1.25,PUBLIC_COMMUNITY
47208,Hyderabad Falaknuma MMTS,Hyd,HYB,HYDERABAD DECCAN,FM,KACHEGUDA FALAKNUMA,22,1.17,PUBLIC_COMMUNITY
47209,Hyderabad Falaknuma MMTS,Hyd,HYB,HYDERABAD DECCAN,FM,KACHEGUDA FALAKNUMA,22,1.08,PUBLIC_COMMUNITY
47211,Falaknuma - Lingampalli Mathrubhoomi (LAdies Spl),Hyd,FM,KACHEGUDA FALAKNUMA,LPI,LINGAMPALLI,37,1.33,PUBLIC_COMMUNITY
47214,Falaknuma - Lingampalli MMTS,Hyd,FM,KACHEGUDA FALAKNUMA,LPI,LINGAMPALLI,37,1.25,PUBLIC_COMMUNITY
47216,Falaknuma - Lingampalli MMTS,Hyd,FM,KACHEGUDA FALAKNUMA,LPI,LINGAMPALLI,37,1.42,PUBLIC_COMMUNITY
47218,Falaknuma - Lingampalli MMTS,Hyd,FM,KACHEGUDA FALAKNUMA,LPI,LINGAMPALLI,37,1.25,PUBLIC_COMMUNITY
47220,Falaknuma - Lingampalli MMTS,Hyd,FM,KACHEGUDA FALAKNUMA,LPI,LINGAMPALLI,37,1.25,PUBLIC_COMMUNITY
50104,Ratnagiri Dadar Passenger,Pass,RN,RATNAGIRI,DR,MUMBAI DADAR CENTRAL,422,8.83,PUBLIC_COMMUNITY
54306,Hapur Moradabad Passenger,Pass,HPU,HAPUR,MB,MORADABAD,118,2.75,PUBLIC_COMMUNITY
56214,TIRUPATI - CHAMARAJANAGAR Fast Passenger,Pass,TPTY,TIRUPATI MAIN,CMNR,CHAMARAJANAGAR,535,15.92,PUBLIC_COMMUNITY
12393,Sampoorna Kranti Express,SF,RJPB,RAJENDRA NAGAR BIHAR,NDLS,NEW DELHI,1001,15.0,PUBLIC_COMMUNITY
15235,Howrah-Darbhanga Express,Exp,HWH,HOWRAH JN,DBG,DARBHANGA JN,536,11.17,PUBLIC_COMMUNITY
18612,Varanasi-Ranchi Express,Exp,BSB,VARANASI JN,RNC,RANCHI,575,13.42,PUBLIC_COMMUNITY
19303,InterCity Express,Exp,RTM,RATLAM JN,BPL,BHOPAL JN,280,5.42,PUBLIC_COMMUNITY
47193,Lingampalli Falaknuma MMTS,Hyd,LPI,LINGAMPALLI,FM,KACHEGUDA FALAKNUMA,37,1.5,PUBLIC_COMMUNITY
47194,Lingampalli Falaknuma MMTS,Hyd,LPI,LINGAMPALLI,FM,KACHEGUDA FALAKNUMA,37,1.33,PUBLIC_COMMUNITY
47210,Lingampalli Falaknuma MMTS,Hyd,LPI,LINGAMPALLI,FM,KACHEGUDA FALAKNUMA,37,1.25,PUBLIC_COMMUNITY
47212,Lingampalli Falaknuma MMTS,Hyd,LPI,LINGAMPALLI,FM,KACHEGUDA FALAKNUMA,37,1.25,PUBLIC_COMMUNITY
47213,Lingampalli Falaknuma MMTS,Hyd,LPI,LINGAMPALLI,FM,KACHEGUDA FALAKNUMA,37,1.33,PUBLIC_COMMUNITY
47215,Lingampalli Falaknuma MMTS,Hyd,LPI,LINGAMPALLI,FM,KACHEGUDA FALAKNUMA,37,1.33,PUBLIC_COMMUNITY
47217,Lingampalli Falaknuma MMTS,Hyd,LPI,LINGAMPALLI,FM,KACHEGUDA FALAKNUMA,37,1.25,PUBLIC_COMMUNITY
47219,Lingampalli Falaknuma MMTS,Hyd,LPI,LINGAMPALLI,FM,KACHEGUDA FALAKNUMA,37,1.25,PUBLIC_COMMUNITY
50107,Sawantwadi Madgaon Passenger,Pass,SWV,SAWANTWADI ROAD,MAO,MADGAON,110,2.25,PUBLIC_COMMUNITY
50108,Madgaon Sawantwadi Passenger,Pass,MAO,MADGAON,SWV,SAWANTWADI ROAD,110,2.08,PUBLIC_COMMUNITY
51027,MumbaiCST-Pandharpur Fast Passenger,Pass,CSTM,MUMBAI CST,PVR,PANDHARPUR,429,10.75,PUBLIC_COMMUNITY
51028,Pandharpur-Mumbai Fast Passenger,Pass,PVR,PANDHARPUR,CSTM,MUMBAI CST,429,10.25,PUBLIC_COMMUNITY
51029,Bijapur Fast Passenger,Pass,CSTM,MUMBAI CST,BJP,BIJAPUR,565,13.92,PUBLIC_COMMUNITY
51030,Bijapur Mumbai Fast Passenger,Pass,BJP,BIJAPUR,CSTM,MUMBAI CST,564,13.17,PUBLIC_COMMUNITY
51033,Mumbai Sainagar Shirdi Fast Pass(Via Daund),Pass,CSTM,MUMBAI CST,SNSI,SAINAGAR SHIRDI,455,12.0,PUBLIC_COMMUNITY
51034,Sainagar Shirdi-Mumbai Fast Passenger(Via Daund),Pass,SNSI,SAINAGAR SHIRDI,CSTM,MUMBAI CST,455,11.5,PUBLIC_COMMUNITY
51116,Dhule Dadar Passenger Composite,Pass,DHI,Dhule,DR,MUMBAI DADAR CENTRAL,375,8.67,PUBLIC_COMMUNITY
51117,Katni Chopan Mix Passenger,Pass,KTE,KATNI,CPU,CHOPAN,326,8.83,PUBLIC_COMMUNITY
51118,Chopan Katni Passenger,Pass,CPU,CHOPAN,KTE,KATNI,326,9.5,PUBLIC_COMMUNITY
51135,Badnera Amravati Passenger,Pass,BD,BADNERA JN,AMI,Amravati,6,0.25,PUBLIC_COMMUNITY
51136,Amravati Badnera Passenger,Pass,AMI,Amravati,BD,BADNERA JN,6,0.25,PUBLIC_COMMUNITY
51137,Badnera Amravati Passenger,Pass,BD,BADNERA JN,AMI,Amravati,9,0.25,PUBLIC_COMMUNITY
51138,Amravati Badnera Passenger,Pass,AMI,Amravati,BD,BADNERA JN,6,0.25,PUBLIC_COMMUNITY
51139,Badnera Amravati Passenger,Pass,BD,BADNERA JN,AMI,Amravati,6,0.25,PUBLIC_COMMUNITY
51140,Amravati Badnera Passenger,Pass,AMI,Amravati,BD,BADNERA JN,6,0.25,PUBLIC_COMMUNITY
51141,Badnera Amravati Passenger,Pass,BD,BADNERA JN,AMI,Amravati,6,0.25,PUBLIC_COMMUNITY
51142,Amravati Badnera Passenger,Pass,AMI,Amravati,BD,BADNERA JN,6,0.25,PUBLIC_COMMUNITY
51145,Badnera Amravati Mix Passenger,Pass,BD,BADNERA JN,AMI,Amravati,6,0.25,PUBLIC_COMMUNITY
51146,Amravati Badnera Passenger,Pass,AMI,Amravati,BD,BADNERA JN,6,0.25,PUBLIC_COMMUNITY
51147,Badnera Amravati Passenger,Pass,BD,BADNERA JN,AMI,Amravati,6,0.25,PUBLIC_COMMUNITY
51148,Amravati Badnera Passenger,Pass,AMI,Amravati,BD,BADNERA JN,6,0.25,PUBLIC_COMMUNITY
51149,Badnera Amravati Passenger,Pass,BD,BADNERA JN,AMI,Amravati,6,0.25,PUBLIC_COMMUNITY
51150,Amravati Badnera Passenger,Pass,AMI,Amravati,BD,BADNERA JN,6,0.25,PUBLIC_COMMUNITY
51181,Devlali Bhusaval Passenger,Pass,DVL,DEVLALI,BSL,BHUSAVAL JN,262,5.5,PUBLIC_COMMUNITY
51182,Bhusaval Devlali Passenger,Pass,BSL,BHUSAVAL JN,DVL,DEVLALI,262,5.75,PUBLIC_COMMUNITY
51187,BHUSAVAL - KATNI Passenger,Pass,BSL,BHUSAVAL JN,KTE,KATNI,657,17.92,PUBLIC_COMMUNITY
51188,KATNI - BHUSAVAL Passenger,Pass,KTE,KATNI,BSL,BHUSAVAL JN,657,18.67,PUBLIC_COMMUNITY
51190,ALLAHABAD - ITARSI Passenger,Pass,ALD,ALLAHABAD JN,ET,ITARSI JN,611,20.5,PUBLIC_COMMUNITY
51197,Bhusaval Wardha Passenger,Pass,BSL,BHUSAVAL JN,WR,WARDHA JN,314,7.08,PUBLIC_COMMUNITY
51198,Wardha Bhusaval Passenger,Pass,WR,WARDHA JN,BSL,BHUSAVAL JN,314,9.0,PUBLIC_COMMUNITY
54316,Saharanpur Moradabad Passenger,Pass,SRE,SAHARANPUR,MB,MORADABAD,194,5.58,PUBLIC_COMMUNITY
54391,ALIGARH -  MORADABAD PASSENGER,Pass,ALJN,ALIGARH JN,MB,MORADABAD,142,5.17,PUBLIC_COMMUNITY
54396,NAJIBABAD - MORADABAD PASSENGER,Pass,NBD,NAJIBABAD JN,MB,MORADABAD,161,5.25,PUBLIC_COMMUNITY
12434,Delhi H.Nizamuddin-Chennai Central Rajdhani Expres,Raj,NZM,DELHI H NIZAMUDDIN,MAS,CHENNAI CENTRAL,2176,28.25,PUBLIC_COMMUNITY
50105,Diva Sawantwadi Passenger,Pass,DIVA,DIVA,SWV,SAWANTWADI ROAD,613,11.0,PUBLIC_COMMUNITY
51153,Mumbai Bhusaval Passenger,Pass,CSTM,MUMBAI CST,BSL,BHUSAVAL JN,442,12.5,PUBLIC_COMMUNITY
51154,Bhusaval Mumbai Passenger,Pass,BSL,BHUSAVAL JN,CSTM,MUMBAI CST,442,13.17,PUBLIC_COMMUNITY
51157,Bhusaval Itarsi Passenger,Pass,BSL,BHUSAVAL JN,ET,ITARSI JN,322,9.42,PUBLIC_COMMUNITY
51183,Bhusaval Amravati Passenger,Pass,BSL,BHUSAVAL JN,AMI,Amravati,225,6.0,PUBLIC_COMMUNITY
51195,Wardha Balharshah Passenger,Pass,WR,WARDHA JN,BPQ,BALHARSHAH,132,3.25,PUBLIC_COMMUNITY
51254,Chhindwara Amla Passenger,Pass,CWA,Chhindwara Junction,AMLA,AMLA JN,115,3.17,PUBLIC_COMMUNITY
51255,Junnor Deo Chhindwara Passenger,Pass,JNO,Junnor Deo,CWA,Chhindwara Junction,47,1.5,PUBLIC_COMMUNITY
51256,Chhindwara Junnor Deo Passenger,Pass,CWA,Chhindwara Junction,JNO,Junnor Deo,47,1.5,PUBLIC_COMMUNITY
51259,Wardha Nagpur Passenger,Pass,WR,WARDHA JN,NGP,NAGPUR,78,2.12,PUBLIC_COMMUNITY
51260,Nagpur Wardha Passenger,Pass,NGP,NAGPUR,WR,WARDHA JN,78,1.58,PUBLIC_COMMUNITY
51262,Wardha Amravati Passenger,Pass,WR,WARDHA JN,AMI,Amravati,101,5.17,PUBLIC_COMMUNITY
51286,Nagpur Bhusaval Passenger,Pass,NGP,NAGPUR,BSL,BHUSAVAL JN,392,10.08,PUBLIC_COMMUNITY
51293,Nagpur Amla Passenger,Pass,NGP,NAGPUR,AMLA,AMLA JN,168,4.33,PUBLIC_COMMUNITY
51294,Amla Nagpur Passenger,Pass,AMLA,AMLA JN,NGP,NAGPUR,168,4.75,PUBLIC_COMMUNITY
51323,Daund Baramati Shuttle,Pass,DD,DAUND JN,BRMT,Baramati,44,1.33,PUBLIC_COMMUNITY
51325,Pune-Daund Shuttle,Pass,PUNE,PUNE JN,DD,DAUND JN,76,1.83,PUBLIC_COMMUNITY
51327,Daund -Baramati Shuttle.,Pass,DD,DAUND JN,BRMT,Baramati,44,1.33,PUBLIC_COMMUNITY
51348,Baramati Daund Passenger,Pass,BRMT,Baramati,DD,DAUND JN,43,1.33,PUBLIC_COMMUNITY
51350,Daund-Pune Fast Shuttle,Pass,DD,DAUND JN,PUNE,PUNE JN,76,1.75,PUBLIC_COMMUNITY
51353,Pune -Daund Shuttle.,Pass,PUNE,PUNE JN,DD,DAUND JN,76,1.8,PUBLIC_COMMUNITY
51401,Pune Manmad Passenger(Via Daund),Pass,PUNE,PUNE JN,MMR,MANMAD JN,313,9.33,PUBLIC_COMMUNITY
51402,Manmad-Pune Passenger(Via Daund),Pass,MMR,MANMAD JN,PUNE,PUNE JN,313,9.67,PUBLIC_COMMUNITY
51405,Miraj- Castle Rock Passenger,Pass,MRJ,MIRAJ JN,CLR,CASTLE ROCK,213,5.83,PUBLIC_COMMUNITY
51406,Castle Rock Miraj Passenge,Pass,CLR,CASTLE ROCK,MRJ,MIRAJ JN,213,5.67,PUBLIC_COMMUNITY
51407,Miraj-Kolhapur Passenger,Pass,MRJ,MIRAJ JN,KOP,C SHAHU M RAJ KOLHAPUR TERM,47,1.25,PUBLIC_COMMUNITY
51408,Kolhapur Miraj Passenger,Pass,KOP,C SHAHU M RAJ KOLHAPUR TERM,MRJ,MIRAJ JN,47,1.42,PUBLIC_COMMUNITY
51411,Bellary-Dharwar Passenger,Pass,BAY,BELLARY JN,DWR,DHARWAR,229,6.25,PUBLIC_COMMUNITY
51412,Hubli Bellary Passenger,Pass,UBL,HUBLI JN,BAY,BELLARY JN,208,5.92,PUBLIC_COMMUNITY
51417,Karjat Pune Passenger,Pass,KJT,KARJAT,PUNE,PUNE JN,91,2.83,PUBLIC_COMMUNITY
51418,Pune Karjat Passenger,Pass,PUNE,PUNE JN,KJT,KARJAT,91,3.17,PUBLIC_COMMUNITY
51419,Miraj Hubli Passenger,Pass,MRJ,MIRAJ JN,UBL,HUBLI JN,280,7.5,PUBLIC_COMMUNITY
51420,Hubli Miraj Passenger,Pass,UBL,HUBLI JN,MRJ,MIRAJ JN,280,7.25,PUBLIC_COMMUNITY
51423,Igatpuri Manmad Shuttle,Pass,IGP,IGATPURI,MMR,MANMAD JN,123,2.42,PUBLIC_COMMUNITY
51424,Manmad Igatpuri Shuttle,Pass,MMR,MANMAD JN,IGP,IGATPURI,123,3.17,PUBLIC_COMMUNITY
51425,ParliVaijnath-Miraj Passenger,Pass,PRLI,PARLI VAIJNATH,MRJ,MIRAJ JN,438,11.17,PUBLIC_COMMUNITY
51426,Miraj-Parli Vaijnath Passenger,Pass,MRJ,MIRAJ JN,PRLI,PARLI VAIJNATH,438,9.5,PUBLIC_COMMUNITY
51427,Miraj C Shahu Maharaj Passenger,Pass,MRJ,MIRAJ JN,KOP,C SHAHU M RAJ KOLHAPUR TERM,47,1.33,PUBLIC_COMMUNITY
51428,C Shahu Maharaj Miraj Passenger,Pass,KOP,C SHAHU M RAJ KOLHAPUR TERM,MRJ,MIRAJ JN,47,1.25,PUBLIC_COMMUNITY
51429,Sangli-Kolhapur Passenger,Pass,SLI,SANGLI,KOP,C SHAHU M RAJ KOLHAPUR TERM,54,1.75,PUBLIC_COMMUNITY
51430,C Shahu Maharaj Sangli Passenger,Pass,KOP,C SHAHU M RAJ KOLHAPUR TERM,SLI,SANGLI,54,1.67,PUBLIC_COMMUNITY
51431,Miraj -Londa Passenger,Pass,MRJ,MIRAJ JN,LD,LONDA JN,189,5.25,PUBLIC_COMMUNITY
51432,Londa-Miraj Passenger,Pass,LD,LONDA JN,MRJ,MIRAJ JN,189,4.58,PUBLIC_COMMUNITY
54394,Gajraula Moradabad Passenger,Pass,GJL,GAJRAULA JN,MB,MORADABAD,54,2.42,PUBLIC_COMMUNITY
54397,Moradabad Sambahal Hatim Sarai Pass,Pass,SHTS,Sambhal Hatim Sarai,MB,MORADABAD,45,2.75,PUBLIC_COMMUNITY
55302,KGM-MB PASS.,Pass,KGM,KATHGODAM,MB,MORADABAD,116,4.83,PUBLIC_COMMUNITY
55304,KATHGODAM - MORADABAD Pass,Pass,KGM,KATHGODAM,MB,MORADABAD,131,6.33,PUBLIC_COMMUNITY
12368,Vikramshila Express,SF,ANVT,ANAND VIHAR TRM,BGP,BHAGALPUR,1206,21.75,PUBLIC_COMMUNITY
51284,Amravati Bhusaval Passenger,Pass,AMI,Amravati,BSL,BHUSAVAL JN,225,6.0,PUBLIC_COMMUNITY
51324,Baramati-Daund- Pune Passenger,Pass,BRMT,Baramati,PUNE,PUNE JN,119,3.17,PUBLIC_COMMUNITY
51326,Baramati-Daund- Pune Shutte,Pass,BRMT,Baramati,PUNE,PUNE JN,120,3.33,PUBLIC_COMMUNITY
51409,Pune -Shree Chatrapati Shahu M(T) Kolhapur Pass,Pass,PUNE,PUNE JN,KOP,C SHAHU M RAJ KOLHAPUR TERM,318,10.25,PUBLIC_COMMUNITY
51410,Shree Chatrapati Shahu M(T) Kolhapur- Pune Passenger,Pass,KOP,C SHAHU M RAJ KOLHAPUR TERM,PUNE,PUNE JN,318,11.67,PUBLIC_COMMUNITY
51421,Pune-Nizamabad Pass,Pass,PUNE,PUNE JN,NZB,NIZAMABAD,771,19.92,PUBLIC_COMMUNITY
51422,Nizamabad Pune Passenger,Pass,NZB,NIZAMABAD,PUNE,PUNE JN,759,21.25,PUBLIC_COMMUNITY
51433,Nizamabad Pandharpur Passenger,Pass,NZB,NIZAMABAD,PVR,PANDHARPUR,533,15.83,PUBLIC_COMMUNITY
51434,Pandharpur Nizamabad Passenger,Pass,PVR,PANDHARPUR,NZB,NIZAMABAD,533,17.08,PUBLIC_COMMUNITY
51441,Satara C Shahu Maharaj Passenger,Pass,STR,SATARA,KOP,C SHAHU M RAJ KOLHAPUR TERM,181,4.5,PUBLIC_COMMUNITY
51442,C Shahu Maharaj Pune Passenger,Pass,KOP,C SHAHU M RAJ KOLHAPUR TERM,STR,SATARA,181,5.0,PUBLIC_COMMUNITY
51445,Pandharpur Miraj Passenger,Pass,PVR,PANDHARPUR,MRJ,MIRAJ JN,137,2.67,PUBLIC_COMMUNITY
51446,Miraj Pandharpur Passenger,Pass,MRJ,MIRAJ JN,PVR,PANDHARPUR,137,2.67,PUBLIC_COMMUNITY
51449,Pune Solapur Passenger,Pass,PUNE,PUNE JN,SUR,SOLAPUR JN,263,7.42,PUBLIC_COMMUNITY
51450,Solapur Pune Passenger,Pass,SUR,SOLAPUR JN,PUNE,PUNE JN,264,7.25,PUBLIC_COMMUNITY
51455,Pune Solapur Passenger,Pass,PUNE,PUNE JN,SUR,SOLAPUR JN,264,8.5,PUBLIC_COMMUNITY
51456,Sholapur Pune Passenger,Pass,SUR,SOLAPUR JN,PUNE,PUNE JN,263,6.92,PUBLIC_COMMUNITY
51458,Dharwad hubli Passenger,Pass,DWR,DHARWAR,UBL,HUBLI JN,21,0.75,PUBLIC_COMMUNITY
51461,Miraj Belgaum Passenger,Pass,MRJ,MIRAJ JN,BGM,BELGAUM,137,3.42,PUBLIC_COMMUNITY
51462,Belgaum Miraj Passenger,Pass,BGM,BELGAUM,MRJ,MIRAJ JN,137,2.92,PUBLIC_COMMUNITY
51463,Miraj Belgaum Passenger,Pass,MRJ,MIRAJ JN,BGM,BELGAUM,137,3.5,PUBLIC_COMMUNITY
51464,Belgaum Miraj Passenger,Pass,BGM,BELGAUM,MRJ,MIRAJ JN,137,3.5,PUBLIC_COMMUNITY
51601,Bina Katni Passenger,Pass,BINA,BINA JN,KTE,KATNI,263,7.83,PUBLIC_COMMUNITY
51602,Katni Bina Passenger,Pass,KTE,KATNI,BINA,BINA JN,263,8.42,PUBLIC_COMMUNITY
51605,Katni Chirmiri Passenger,Pass,KTE,KATNI,CHRM,Chirmiri,254,8.02,PUBLIC_COMMUNITY
51607,Bina Guna Passenger,Pass,BINA,BINA JN,GUNA,GUNA,118,3.08,PUBLIC_COMMUNITY
51608,Guna Bina Passenger,Pass,GUNA,GUNA,BINA,BINA JN,118,3.42,PUBLIC_COMMUNITY
51609,Bina Guna Passenger,Pass,BINA,BINA JN,GUNA,GUNA,118,3.0,PUBLIC_COMMUNITY
51610,Guna Bina Passenger,Pass,GUNA,GUNA,BINA,BINA JN,118,3.0,PUBLIC_COMMUNITY
51611,KOTA - BINA Passenger,Pass,KOTA,KOTA JN,BINA,BINA JN,303,9.25,PUBLIC_COMMUNITY
51612,BINA - KOTA Passenger,Pass,BINA,BINA JN,KOTA,KOTA JN,303,8.58,PUBLIC_COMMUNITY
51614,KATNI - KOTA Passenger,Pass,KMZ,KATNI MURWARA,KOTA,KOTA JN,455,13.5,PUBLIC_COMMUNITY
51632,Bina Bhopal Passenger,Pass,BINA,BINA JN,BPL,BHOPAL JN,138,4.08,PUBLIC_COMMUNITY
51674,SATNA - ITARSI Passenger,Pass,STA,SATNA,ET,ITARSI JN,434,9.75,PUBLIC_COMMUNITY
51675,Katni Chopan Fast Passenger,Pass,KTE,KATNI,CPU,CHOPAN,326,9.33,PUBLIC_COMMUNITY
51676,Chopan Katni Passenger,Pass,CPU,CHOPAN,KTE,KATNI,326,8.78,PUBLIC_COMMUNITY
51677,Chopan Shaktinagar Passenger,Pass,CPU,CHOPAN,SKTN,Shakti Nagar,83,2.33,PUBLIC_COMMUNITY
51678,Shaktinagar Chopan Passenger,Pass,SKTN,Shakti Nagar,CPU,CHOPAN,83,2.67,PUBLIC_COMMUNITY
51683,Khandwa Bir Shuttle,Pass,KNW,KHANDWA,BIR,Bir,33,0.92,PUBLIC_COMMUNITY
51684,Bir Khandwa Shuttle,Pass,BIR,Bir,KNW,KHANDWA,33,0.83,PUBLIC_COMMUNITY
51685,Khandwa Bir Shuttle,Pass,KNW,KHANDWA,BIR,Bir,33,0.83,PUBLIC_COMMUNITY
51686,Bir Khandwa Shuttle,Pass,BIR,Bir,KNW,KHANDWA,33,0.75,PUBLIC_COMMUNITY
51687,Khandwa Bir Shuttle,Pass,KNW,KHANDWA,BIR,Bir,33,0.83,PUBLIC_COMMUNITY
51688,Bir Khandwa Shuttle,Pass,BIR,Bir,KNW,KHANDWA,33,0.92,PUBLIC_COMMUNITY
51689,Khandwa Bir Shuttle,Pass,KNW,KHANDWA,BIR,Bir,33,0.75,PUBLIC_COMMUNITY
51701,JABALPUR - REWA Passenger,Pass,JBP,JABALPUR,REWA,REWA,238,5.67,PUBLIC_COMMUNITY
53450,Bhagalpur Banka Passenger,Pass,BGP,BHAGALPUR,BAKA,Banka,53,3.42,PUBLIC_COMMUNITY
51435,Pune Satara Passenger,Pass,PUNE,PUNE JN,STR,SATARA,137,4.58,PUBLIC_COMMUNITY
51436,Satara Pune Passenger,Pass,STR,SATARA,PUNE,PUNE JN,137,4.67,PUBLIC_COMMUNITY
51451,Pune-Daund- Baramati Passenger,Pass,PUNE,PUNE JN,BRMT,Baramati,120,3.17,PUBLIC_COMMUNITY
51452,Baramati-Daund-Pune Passenger,Pass,BRMT,Baramati,PUNE,PUNE JN,120,3.25,PUBLIC_COMMUNITY
51603,Sagar Katni Passenger,Pass,SGO,SAUGOR,KTE,KATNI,188,4.67,PUBLIC_COMMUNITY
51690,Bir Khandwa Shuttle,Pass,BIR,Bir,KNW,KHANDWA,33,0.75,PUBLIC_COMMUNITY
51751,Rewa Bilaspur Fast Passenger,Pass,REWA,REWA,BSP,BILASPUR JN,466,13.25,PUBLIC_COMMUNITY
51752,Bilaspur Rewa Fast Passenger,Pass,BSP,BILASPUR JN,REWA,REWA,466,12.92,PUBLIC_COMMUNITY
51753,Rewa Chirmiri Fast Passenger,Pass,REWA,REWA,CHRM,Chirmiri,401,12.42,PUBLIC_COMMUNITY
51754,Chirmiri Rewa Fast Passenger,Pass,CHRM,Chirmiri,REWA,REWA,401,15.75,PUBLIC_COMMUNITY
51755,Chirmiri Manendragarh Passenger,Pass,CHRM,Chirmiri,MDGR,Manendragarh,22,1.0,PUBLIC_COMMUNITY
51756,Manendragarh Chirmiri Passenger,Pass,MDGR,Manendragarh,CHRM,Chirmiri,22,1.0,PUBLIC_COMMUNITY
51763,Satna Manikpur Passenger,Pass,STA,SATNA,MKP,MANIKPUR JN,77,2.08,PUBLIC_COMMUNITY
51764,Manikpur Satna Passenger,Pass,MKP,MANIKPUR JN,STA,SATNA,77,1.92,PUBLIC_COMMUNITY
51765,Satna Manikpur Passenger,Pass,STA,SATNA,MKP,MANIKPUR JN,77,2.33,PUBLIC_COMMUNITY
51766,Manikpur Satna Passenger,Pass,MKP,MANIKPUR JN,STA,SATNA,77,2.08,PUBLIC_COMMUNITY
51767,Katni Satna Passenger,Pass,KTE,KATNI,STA,SATNA,99,1.83,PUBLIC_COMMUNITY
51768,Satna Katni Passenger,Pass,STA,SATNA,KTE,KATNI,99,2.33,PUBLIC_COMMUNITY
51777,Gwalior Bhind Passenger,Pass,GWL,GWALIOR JN,BIX,BHIND,79,2.42,PUBLIC_COMMUNITY
51778,Bhind Gwalior Passenger,Pass,BIX,BHIND,GWL,GWALIOR JN,79,2.5,PUBLIC_COMMUNITY
51779,Gwalior Bhind Passenger,Pass,GWL,GWALIOR JN,BIX,BHIND,79,2.42,PUBLIC_COMMUNITY
51780,Bhind Gwalior Passenger,Pass,BIX,BHIND,GWL,GWALIOR JN,79,2.58,PUBLIC_COMMUNITY
51801,Mahoba Kanpur Pass,Pass,MBA,MAHOBA,CNB,KANPUR CENTRAL,199,5.08,PUBLIC_COMMUNITY
51802,Kanpur Mahoba Passenger,Pass,CNB,KANPUR CENTRAL,MBA,MAHOBA,191,5.08,PUBLIC_COMMUNITY
51803,Mahoba Banda Passenger,Pass,MBA,MAHOBA,BNDA,BANDA JN,53,1.08,PUBLIC_COMMUNITY
51804,Banda Mahoba Passenger,Pass,BNDA,BANDA JN,MBA,MAHOBA,53,1.08,PUBLIC_COMMUNITY
51805,Jhansi Banda Passenger,Pass,JHS,JHANSI JN,BNDA,BANDA JN,191,4.25,PUBLIC_COMMUNITY
51806,Banda Jhansi Passenger,Pass,BNDA,BANDA JN,JHS,JHANSI JN,191,4.67,PUBLIC_COMMUNITY
51807,Banda Manikpur Passenger,Pass,BNDA,BANDA JN,MKP,MANIKPUR JN,99,2.5,PUBLIC_COMMUNITY
51808,Manikpur Banda Passenger,Pass,MKP,MANIKPUR JN,BNDA,BANDA JN,99,2.83,PUBLIC_COMMUNITY
51809,Kanpur Tundla Passenger,Pass,CNB,KANPUR CENTRAL,TDL,TUNDLA JN,232,6.08,PUBLIC_COMMUNITY
51810,Tundla Kanpur Passenger,Pass,TDL,TUNDLA JN,CNB,KANPUR CENTRAL,232,7.17,PUBLIC_COMMUNITY
51811,Bina Jhansi Passenger,Pass,BINA,BINA JN,JHS,JHANSI JN,153,3.92,PUBLIC_COMMUNITY
51812,Jhansi Bina Passenger,Pass,JHS,JHANSI JN,BINA,BINA JN,153,4.0,PUBLIC_COMMUNITY
51813,Jhansi Lucknow Passenger,Pass,JHS,JHANSI JN,LKO,LUCKNOW,294,8.5,PUBLIC_COMMUNITY
51814,Lucknow-Jhansi Passenger,Pass,LKO,LUCKNOW,JHS,JHANSI JN,294,7.75,PUBLIC_COMMUNITY
51815,Jhansi Agra Passenger,Pass,JHS,JHANSI JN,AGC,AGRA CANTT,216,5.08,PUBLIC_COMMUNITY
51818,BANDIKUI AGRA PASS,Pass,BKI,BANDIKUI JN,AF,AGRA FORT,150,3.75,PUBLIC_COMMUNITY
51819,Jhansi Allahabad Passenger,Pass,JHS,JHANSI JN,ALD,ALLAHABAD JN,390,11.58,PUBLIC_COMMUNITY
51821,JHANSI - KHUJURAHO Passenger,Pass,JHS,JHANSI JN,KURJ,KHAJURAHO,201,4.75,PUBLIC_COMMUNITY
51822,KHUJURAHO - JHANSI Passenger,Pass,KURJ,KHAJURAHO,JHS,JHANSI JN,201,5.67,PUBLIC_COMMUNITY
51828,Jhansi Itarsi Passenger,Pass,JHS,JHANSI JN,ET,ITARSI JN,383,17.17,PUBLIC_COMMUNITY
51829,Nagpur Itarsi Passenger,Pass,NGP,NAGPUR,ET,ITARSI JN,320,9.75,PUBLIC_COMMUNITY
51830,Itarsi Nagpur Passenger,Pass,ET,ITARSI JN,NGP,NAGPUR,298,8.58,PUBLIC_COMMUNITY
51831,Jhansi Agra Passenger,Pass,JHS,JHANSI JN,AGC,AGRA CANTT,216,5.25,PUBLIC_COMMUNITY
51832,Agra Jhansi Passenger,Pass,AGC,AGRA CANTT,JHS,JHANSI JN,216,5.08,PUBLIC_COMMUNITY
51861,Ait Konch Passenger,Pass,AIT,AIT,KNH,Konch,13,0.58,PUBLIC_COMMUNITY
55306,RAMNAGAR - MORADABAD Fast Passenger,Pass,RMR,RAMNAGAR,MB,MORADABAD,77,2.42,PUBLIC_COMMUNITY
51823,Farukhabad Allahabad kanpur Passenger,Pass,ALD,ALLAHABAD JN,FBD,FARRUKHABAD,334,10.0,PUBLIC_COMMUNITY
51824,Farrukhabad Allahabad Passenger,Pass,FBD,FARRUKHABAD,ALD,ALLAHABAD JN,334,10.08,PUBLIC_COMMUNITY
51825,Kanpur Farrukhabaad Passenger,Pass,CNB,KANPUR CENTRAL,FBD,FARRUKHABAD,140,4.0,PUBLIC_COMMUNITY
51826,Farrukhabad Kanpur Passenger,Pass,FBD,FARRUKHABAD,CNB,KANPUR CENTRAL,140,3.83,PUBLIC_COMMUNITY
51863,Ait Konch Passenger,Pass,AIT,AIT,KNH,Konch,13,0.58,PUBLIC_COMMUNITY
51864,Konch Ait Passenger,Pass,KNH,Konch,AIT,AIT,13,0.58,PUBLIC_COMMUNITY
51865,Ait Konch Passenger,Pass,AIT,AIT,KNH,Konch,13,0.58,PUBLIC_COMMUNITY
51866,Konch Ait Passenger,Pass,KNH,Konch,AIT,AIT,13,0.58,PUBLIC_COMMUNITY
51867,Ait Konch Passenger,Pass,AIT,AIT,KNH,Konch,13,0.58,PUBLIC_COMMUNITY
51868,Konch Ait Passenger,Pass,KNH,Konch,AIT,AIT,13,0.58,PUBLIC_COMMUNITY
51869,Ait Konch Passenger,Pass,AIT,AIT,KNH,Konch,13,0.58,PUBLIC_COMMUNITY
51870,Konch Ait Passenger,Pass,KNH,Konch,AIT,AIT,13,0.58,PUBLIC_COMMUNITY
51901,Agra Delhi Passenger,Pass,AGC,AGRA CANTT,DLI,OLD DELHI,197,7.72,PUBLIC_COMMUNITY
51902,Delhi Agra Passenger,Pass,DLI,OLD DELHI,AGC,AGRA CANTT,197,6.67,PUBLIC_COMMUNITY
51903,Delhi Rohtak Passenger,Pass,DLI,OLD DELHI,ROK,ROHTAK JN,70,2.25,PUBLIC_COMMUNITY
51904,Rohtak Delhi Passenger,Pass,ROK,ROHTAK JN,DLI,OLD DELHI,70,2.67,PUBLIC_COMMUNITY
51905,Delhi Shamli Passenger,Pass,DLI,OLD DELHI,SMQL,SHAMLI,94,3.42,PUBLIC_COMMUNITY
51906,Shamli Delhi Passenger,Pass,SMQL,SHAMLI,DLI,OLD DELHI,94,2.67,PUBLIC_COMMUNITY
51907,Shamli Saharanpur Passenger,Pass,SMQL,SHAMLI,SRE,SAHARANPUR,70,2.0,PUBLIC_COMMUNITY
51908,Saharanpur Shamli Passenger,Pass,SRE,SAHARANPUR,SMQL,SHAMLI,70,2.25,PUBLIC_COMMUNITY
51910,Saharanpur Delhi Passenger,Pass,SRE,SAHARANPUR,DLI,OLD DELHI,164,5.42,PUBLIC_COMMUNITY
51911,Delhi Shamli Saharanpur Passenger,Pass,DLI,OLD DELHI,SRE,SAHARANPUR,164,5.0,PUBLIC_COMMUNITY
51912,Saharanpur Delhi Passenger,Pass,SRE,SAHARANPUR,DLI,OLD DELHI,164,5.25,PUBLIC_COMMUNITY
51913,DELHI - SAHARANPUR Passenger,Pass,DLI,OLD DELHI,SRE,SAHARANPUR,164,4.92,PUBLIC_COMMUNITY
51914,SAHARANPUR - DELHI Passenger,Pass,SRE,SAHARANPUR,DLI,OLD DELHI,164,4.75,PUBLIC_COMMUNITY
51915,Delhi - Farukh Nagar Passenger,Pass,DLI,OLD DELHI,FN,Farukhnagar,52,1.75,PUBLIC_COMMUNITY
51916,Farukh Nagar - Delhi Passenger,Pass,FN,Farukhnagar,DLI,OLD DELHI,52,1.75,PUBLIC_COMMUNITY
51971,Mathura Alwar Passenger,Pass,MTJ,MATHURA JN,AWR,ALWAR,122,2.92,PUBLIC_COMMUNITY
51972,Alwar Mathura Passenger,Pass,AWR,ALWAR,MTJ,MATHURA JN,122,3.0,PUBLIC_COMMUNITY
51973,Mathura Alwar Bandikui Passenger,Pass,MTJ,MATHURA JN,BKI,BANDIKUI JN,183,4.58,PUBLIC_COMMUNITY
51974,Bandikui Mathura Passenger,Pass,BKI,BANDIKUI JN,MTJ,MATHURA JN,183,4.33,PUBLIC_COMMUNITY
51975,Kasganj-Mathura Passenger,Pass,KSJ,KASGANJ,MTJ,MATHURA JN,105,2.08,PUBLIC_COMMUNITY
51976,Mathura-KasGanj Passenger,Pass,MTJ,MATHURA JN,KSJ,KASGANJ,105,2.25,PUBLIC_COMMUNITY
52002,Waghai Bilimora Mix Passenger,Pass,WGI,Waghai,BIM,BILIMORA JN,63,3.08,PUBLIC_COMMUNITY
52003,Bilimora Waghai Mix Passenger,Pass,BIM,BILIMORA JN,WGI,Waghai,63,3.0,PUBLIC_COMMUNITY
52004,Waghai Bilimora Mix Passenger,Pass,WGI,Waghai,BIM,BILIMORA JN,63,3.33,PUBLIC_COMMUNITY
52011,Bilimora Waghai Pass,Pass,BIM,BILIMORA JN,WGI,Waghai,63,3.0,PUBLIC_COMMUNITY
52012,Waghai Bilimora Pass,Pass,WGI,Waghai,BIM,BILIMORA JN,63,3.08,PUBLIC_COMMUNITY
52013,Bilimora Waghai Pass,Pass,BIM,BILIMORA JN,WGI,Waghai,63,3.0,PUBLIC_COMMUNITY
52014,Waghai Bilimora Pass,Pass,WGI,Waghai,BIM,BILIMORA JN,63,3.33,PUBLIC_COMMUNITY
52015,Bharuch Kavi Passenger,Pass,BH,BHARUCH JN,KAVI,Kavi,0,3.33,PUBLIC_COMMUNITY
52020,Dabhoi Miyagam Passenger,Pass,CDD,Chandod,MYG,MIYAGAM KARJAN,49,3.17,PUBLIC_COMMUNITY
52021,Moti Koral Miyagam Mix Passenger,Pass,MKRL,Moti Koral,MYG,MIYAGAM KARJAN,28,1.83,PUBLIC_COMMUNITY
52022,Miyagam Moti Koral Mix Passenger,Pass,MYG,MIYAGAM KARJAN,MKRL,Moti Koral,28,2.42,PUBLIC_COMMUNITY
52023,Malsar Dabhoi Mix Passenger,Pass,MLSR,Malsar,DB,Dabhoi Junction,70,4.67,PUBLIC_COMMUNITY
52024,Dabhoi Malsar Mix Passenger,Pass,DB,Dabhoi Junction,MLSR,Malsar,70,6.08,PUBLIC_COMMUNITY
55308,RAMNAGAR - MORADABAD PASSENGER,Pass,RMR,RAMNAGAR,MB,MORADABAD,76,2.33,PUBLIC_COMMUNITY
55310,RAMNAGAR - MORADABAD PASSENGER,Pass,RMR,RAMNAGAR,MB,MORADABAD,77,2.08,PUBLIC_COMMUNITY
51881,Gwalior Agra Fast Passenger,Pass,GWL,GWALIOR JN,AGC,AGRA CANTT,118,2.92,PUBLIC_COMMUNITY
51883,Bina Gwalior Passenger,Pass,BINA,BINA JN,GWL,GWALIOR JN,345,10.5,PUBLIC_COMMUNITY
51884,Gwalior Bina Passenger,Pass,GWL,GWALIOR JN,BINA,BINA JN,345,9.42,PUBLIC_COMMUNITY
52025,Dabhoi Chandod Mix Passenger,Pass,DB,Dabhoi Junction,CDD,Chandod,17,0.75,PUBLIC_COMMUNITY
52026,Chandod Dabhoi Mix Passenger,Pass,CDD,Chandod,DB,Dabhoi Junction,17,0.83,PUBLIC_COMMUNITY
52027,Choranda Dabhoi Mix Passenger,Pass,CRND,Choranda Junction,DB,Dabhoi Junction,41,2.17,PUBLIC_COMMUNITY
52028,Dabhoi Choranda Mix Passenger,Pass,DB,Dabhoi Junction,CRND,Choranda Junction,41,3.0,PUBLIC_COMMUNITY
52033,Jambusar Pratapnagar Mix Passenger,Pass,JMB,Jambusar Junction,PRTN,Pratapnagar,51,3.0,PUBLIC_COMMUNITY
52034,Pratapnagar Jambusar Mix Passenger,Pass,PRTN,Pratapnagar,JMB,Jambusar Junction,51,3.0,PUBLIC_COMMUNITY
52035,Jambusar Pratapnagar Passenger,Pass,JMB,Jambusar Junction,PRTN,Pratapnagar,51,3.0,PUBLIC_COMMUNITY
52036,Pratapnagar Jambusar Passenger,Pass,PRTN,Pratapnagar,JMB,Jambusar Junction,51,3.0,PUBLIC_COMMUNITY
52037,Nadiad Bhadran Mix Passenger,Pass,ND,NADIAD JN,BDRN,Bhadran,62,3.17,PUBLIC_COMMUNITY
52038,Bhadran Nadiad Mix Passenger,Pass,BDRN,Bhadran,ND,NADIAD JN,62,3.25,PUBLIC_COMMUNITY
52041,Miyagam Dabhoi Mix Passenger,Pass,MYGL,MIYAGAM KARJAN JUNCTION NG,DB,Dabhoi Junction,32,1.67,PUBLIC_COMMUNITY
52042,Dabhoi Jn Miyagam Jn NG Passenger,Pass,DB,Dabhoi Junction,MYGL,MIYAGAM KARJAN JUNCTION NG,32,1.58,PUBLIC_COMMUNITY
52045,Miyagam Dabhoi Mix Passenger,Pass,MYG,MIYAGAM KARJAN,DB,Dabhoi Junction,32,1.42,PUBLIC_COMMUNITY
52046,Dabhoi Miyagam Mix Passenger,Pass,DB,Dabhoi Junction,MYG,MIYAGAM KARJAN,32,1.5,PUBLIC_COMMUNITY
52048,Umarpada Kosamba Passenger,Pass,UMPD,Umarpada,KSB,KOSAMBA JN,62,4.5,PUBLIC_COMMUNITY
52072,MAVLI - BARI SADRI PASSENGER,Pass,MVJ,MAVLI JN,BI,BARI SADRI,82,2.83,PUBLIC_COMMUNITY
52073,Marwar Mavli Passenger,Pass,MJ,MARWAR JN,MVJ,MAVLI JN,151,6.58,PUBLIC_COMMUNITY
52074,Mavli Marwar Passenger,Pass,MVJ,MAVLI JN,MJ,MARWAR JN,151,6.58,PUBLIC_COMMUNITY
52075,Marwar Mavli Passenger,Pass,MJ,MARWAR JN,MVJ,MAVLI JN,152,6.5,PUBLIC_COMMUNITY
52076,Mavli Marwar Passenger,Pass,MVJ,MAVLI JN,MJ,MARWAR JN,152,6.58,PUBLIC_COMMUNITY
52082,Loharu Jaipur Passenger,Pass,LHU,Loharu,JP,JAIPUR,229,6.92,PUBLIC_COMMUNITY
52083,Jaipur Loharu Passenger,Pass,JP,JAIPUR,LHU,Loharu,229,7.83,PUBLIC_COMMUNITY
52084,Loharu Jaipur Passenger,Pass,LHU,Loharu,JP,JAIPUR,229,6.83,PUBLIC_COMMUNITY
52085,Jaipur Churu Passenger,Pass,JP,JAIPUR,CUR,Churu,198,5.33,PUBLIC_COMMUNITY
52086,Churu Jaipur Passenger,Pass,CUR,Churu,JP,JAIPUR,198,5.42,PUBLIC_COMMUNITY
52087,Sikar Churu Passenger,Pass,SIKR,Sikar Junction,CUR,Churu,91,2.17,PUBLIC_COMMUNITY
52088,Churu Sikar Passenger,Pass,CUR,Churu,SIKR,Sikar Junction,91,2.33,PUBLIC_COMMUNITY
52101,Neral Matheran Passenger,Toy,NRL,NERAL,MAE,Matheran,21,2.0,PUBLIC_COMMUNITY
52102,Matheran Neral Passenger,Toy,MAE,Matheran,NRL,NERAL,126,1.58,PUBLIC_COMMUNITY
52103,Neral Matheran Passenger,Toy,NRL,NERAL,MAE,Matheran,126,2.17,PUBLIC_COMMUNITY
52104,Matheran Neral Passenger,Toy,MAE,Matheran,NRL,NERAL,21,1.75,PUBLIC_COMMUNITY
52105,Neral Matheran Passenger,Toy,NRL,NERAL,MAE,Matheran,126,1.92,PUBLIC_COMMUNITY
52106,Matheran Neral Passenger,Toy,MAE,Matheran,NRL,NERAL,126,1.58,PUBLIC_COMMUNITY
52108,Matheran Neral Passenger,Toy,MAE,Matheran,NRL,NERAL,21,1.58,PUBLIC_COMMUNITY
52109,Neral Matheran Passenger,Toy,NRL,NERAL,MAE,Matheran,126,1.92,PUBLIC_COMMUNITY
52110,Matheran Neral Passenger,Toy,MAE,Matheran,NRL,NERAL,126,1.67,PUBLIC_COMMUNITY
52121,Pachora Jamner Passenger,Pass,PC,PACHORA JN,JMNR,Jamner,56,2.08,PUBLIC_COMMUNITY
52123,Pachora Jamner Passenger,Pass,PC,PACHORA JN,JMNR,Jamner,56,2.33,PUBLIC_COMMUNITY
52131,Murtajapur Yavatmal Passenger,Pass,MZR,MURTAJAPUR,YTL,Yavatmal,218,4.58,PUBLIC_COMMUNITY
52132,Yavatmal Murtajapur Passenger,Pass,YTL,Yavatmal,MZR,MURTAJAPUR,218,4.25,PUBLIC_COMMUNITY
52137,Murtajapur Achalpur Passenger,Pass,MZR,MURTAJAPUR,ELP,Achalpur,76,3.5,PUBLIC_COMMUNITY
52138,Achalpur Murtajapur Passenger,Pass,ELP,Achalpur,MZR,MURTAJAPUR,76,3.5,PUBLIC_COMMUNITY
52143,Pulgaon Arvi Passenger,Pass,PLO,PULGAON JN,ARVI,Arvi,39,3.33,PUBLIC_COMMUNITY
52144,Arvi Pulgaon Passenger,Pass,ARVI,Arvi,PLO,PULGAON JN,39,3.33,PUBLIC_COMMUNITY
55312,KASHIPUR - MORADABAD PASSENGER,Pass,KPV,KASHIPUR,MB,MORADABAD,50,1.67,PUBLIC_COMMUNITY
14055,DIBRUGARH - OLD DELHI Brahmaputra Exp,Mail,DBRG,DIBRUGARH,DLI,OLD DELHI,2589,54.92,PUBLIC_COMMUNITY
15959,HOWRAH - DIBRUGARH Kamrup Exp,Exp,HWH,HOWRAH JN,DBRG,DIBRUGARH,1528,36.17,PUBLIC_COMMUNITY
52122,Jamner Pachora Passenger,Pass,JMNR,Jamner,PC,PACHORA JN,56,2.25,PUBLIC_COMMUNITY
52124,Jamner Pachora Passenger,Pass,JMNR,Jamner,PC,PACHORA JN,56,2.0,PUBLIC_COMMUNITY
52171,Gwalior Sheopur Passenger,Pass,GWO,Gwalior NG,SOE,Sheopur Kalan,200,10.0,PUBLIC_COMMUNITY
52172,Sheopur Gwalior Passenger,Pass,SOE,Sheopur Kalan,GWL,GWALIOR JN,207,10.25,PUBLIC_COMMUNITY
52174,Sabalgarh Gwalior Passenger,Pass,SBL,Sabalgarh,GWL,GWALIOR JN,92,4.58,PUBLIC_COMMUNITY
52175,Gwalior Sabalgarh Fast Passenger,Pass,GWL,GWALIOR JN,SBL,Sabalgarh,92,4.0,PUBLIC_COMMUNITY
52177,Sabalgarh Sheopur Passenger,Pass,SBL,Sabalgarh,SOE,Sheopur Kalan,115,4.83,PUBLIC_COMMUNITY
52178,Sheopur Sabalgarh Passenger,Pass,SOE,Sheopur Kalan,SBL,Sabalgarh,115,5.0,PUBLIC_COMMUNITY
52181,Dhaulpur Tantpur Passenger,Pass,DHO,DHAULPUR,TPO,Tantpur,58,2.42,PUBLIC_COMMUNITY
52182,Tantpur Mohari Bari Passenger,Pass,TPO,Tantpur,BARI,Bari,26,1.17,PUBLIC_COMMUNITY
52183,Bari Mohari Sirmuttra Passenger,Pass,BARI,Bari,SRMT,Sirmuttra,38,1.67,PUBLIC_COMMUNITY
52201,Kasganj Lalkuan Passenger,Pass,KSJF,Kasganj Mg,LKKA,Lal Kuan,188,6.92,PUBLIC_COMMUNITY
52202,Lalkuan Kasganj Passenger,Pass,LKKA,Lal Kuan,KSJF,Kasganj Mg,188,7.5,PUBLIC_COMMUNITY
52203,Kasganj Tanakpur Passenger,Pass,KSJF,Kasganj Mg,TPU,Tanakpur,223,9.58,PUBLIC_COMMUNITY
52204,Tanakpur-Bareilly Passenger,Pass,TPU,Tanakpur,KSJF,Kasganj Mg,223,10.25,PUBLIC_COMMUNITY
52205,Kasganj Pilibhit Passenger,Pass,KSJF,Kasganj Mg,PBE,PILIBHIT JN,162,6.5,PUBLIC_COMMUNITY
52206,Pilibhit Kasganj Passenger,Pass,PBE,PILIBHIT JN,KSJF,Kasganj Mg,162,6.33,PUBLIC_COMMUNITY
52207,Kasganj Pilibhit Passenger,Pass,KSJF,Kasganj Mg,PBE,PILIBHIT JN,162,6.08,PUBLIC_COMMUNITY
52208,Pilibhit Kasganj Passenger,Pass,PBE,PILIBHIT JN,KSJF,Kasganj Mg,162,6.75,PUBLIC_COMMUNITY
52209,Bareilly Lalkuan Passenger,Pass,BRY,BAREILLY,LKKA,Lal Kuan,84,2.83,PUBLIC_COMMUNITY
52210,Lalkuan Bareilly Passenger,Pass,LKKA,Lal Kuan,BRY,BAREILLY,84,2.75,PUBLIC_COMMUNITY
52211,Bareilly Lal Kuan Passenger,Pass,BRY,BAREILLY,LKKA,Lal Kuan,84,2.67,PUBLIC_COMMUNITY
52212,Lal Kuan Bareilly Passenger,Pass,LKKA,Lal Kuan,BRY,BAREILLY,84,3.0,PUBLIC_COMMUNITY
52214,Mailani Bareilly Passenger,Pass,MLN,MAILANI,BRY,BAREILLY,125,4.58,PUBLIC_COMMUNITY
52215,Bareilly Pilibhit Passenger,Pass,BRY,BAREILLY,PBE,PILIBHIT JN,58,2.0,PUBLIC_COMMUNITY
52216,Pilibhit Bareilly Passenger,Pass,PBE,PILIBHIT JN,BRY,BAREILLY,58,2.33,PUBLIC_COMMUNITY
52217,Kasganj Bareilly Passenger,Pass,KSJF,Kasganj Mg,BRY,BAREILLY,104,3.08,PUBLIC_COMMUNITY
52218,Bareilly Kasganj Passenger,Pass,BRY,BAREILLY,KSJF,Kasganj Mg,104,3.0,PUBLIC_COMMUNITY
52219,Pilibhit Tanakpur Passenger,Pass,PBE,PILIBHIT JN,TPU,Tanakpur,61,2.0,PUBLIC_COMMUNITY
52220,Tanakpur Pilibhit Passenger,Pass,TPU,Tanakpur,PBE,PILIBHIT JN,61,2.0,PUBLIC_COMMUNITY
52221,Pilibhit Mailani Passenger,Pass,PBE,PILIBHIT JN,MLN,MAILANI,67,2.17,PUBLIC_COMMUNITY
52222,Mailani Pilibhit Passenger,Pass,MLN,MAILANI,PBE,PILIBHIT JN,67,1.92,PUBLIC_COMMUNITY
52223,Pilibhit Mailani Passenger,Pass,PBE,PILIBHIT JN,MLN,MAILANI,67,2.17,PUBLIC_COMMUNITY
52224,Lakhimpur Pilibhit Passenger,Pass,LMP,LAKHIMPUR,PBE,PILIBHIT JN,127,4.25,PUBLIC_COMMUNITY
52225,Pilibhit Lakhimpur Passenger,Pass,PBE,PILIBHIT JN,LMP,LAKHIMPUR,127,4.25,PUBLIC_COMMUNITY
52226,Mailani Pilibhit Passenger,Pass,MLN,MAILANI,PBE,PILIBHIT JN,67,2.17,PUBLIC_COMMUNITY
52227,Pilibhit Tanakpur Passenger,Pass,PBE,PILIBHIT JN,TPU,Tanakpur,61,2.42,PUBLIC_COMMUNITY
52229,Shahjahanpur Tanakpur Passenger,Pass,SZP,Shahjahanpur,TPU,Tanakpur,145,5.67,PUBLIC_COMMUNITY
52230,Tanakpur Shahjahanpur Passenger,Pass,TPU,Tanakpur,SZP,Shahjahanpur,145,6.33,PUBLIC_COMMUNITY
52231,Pilibhit Shahjahanpur Passenger,Pass,PBE,PILIBHIT JN,SZP,Shahjahanpur,84,2.5,PUBLIC_COMMUNITY
52232,Shahjahanpur Pilibhit Passenger,Pass,SZP,Shahjahanpur,PBE,PILIBHIT JN,84,2.5,PUBLIC_COMMUNITY
52233,Pilibhit Shahjahanpur Passenger,Pass,PBE,PILIBHIT JN,SZP,Shahjahanpur,84,2.67,PUBLIC_COMMUNITY
52234,Shahjahanpur Pilibhit Passenger,Pass,SZP,Shahjahanpur,PBE,PILIBHIT JN,84,2.67,PUBLIC_COMMUNITY
52235,Pilibhit Shahjahanpur Passenger,Pass,PBE,PILIBHIT JN,SZP,Shahjahanpur,84,2.67,PUBLIC_COMMUNITY
55324,RAMNAGAR - MORADABAD PASSENGER,Pass,RMR,RAMNAGAR,MB,MORADABAD,77,1.92,PUBLIC_COMMUNITY
52176,Sabalgarh Gwalior Fast Passenger,Pass,SBL,Sabalgarh,GWL,GWALIOR JN,92,3.67,PUBLIC_COMMUNITY
52180,Sirmuttra Dhaulpur Passenger,Pass,SRMT,Sirmuttra,DHO,DHAULPUR,70,2.92,PUBLIC_COMMUNITY
52184,Sirmuttra Dhaulpur Passenger,Pass,SRMT,Sirmuttra,DHO,DHAULPUR,70,2.92,PUBLIC_COMMUNITY
52236,Shahjahanpur Pilibhit Passenger,Pass,SZP,Shahjahanpur,PBE,PILIBHIT JN,84,2.5,PUBLIC_COMMUNITY
52237,PILIBHIT - AISHBAGH PASS,Pass,PBE,PILIBHIT JN,ASSH,AISHBAGH,258,8.42,PUBLIC_COMMUNITY
52239,TIKUNIA - AISHBAGH PASSENGER,Pass,TQN,TIKUNIA,ASSH,AISHBAGH,269,9.0,PUBLIC_COMMUNITY
52240,AISHBAGH - TIKUNIA PASSENGER,Pass,ASSH,AISHBAGH,TQN,TIKUNIA,267,9.0,PUBLIC_COMMUNITY
52241,Mailani Aishbagh Passenger,Pass,MLN,MAILANI,ASH,AISHBAGH,193,6.5,PUBLIC_COMMUNITY
52242,Aishbagh Mailani Passenger,Pass,ASH,AISHBAGH,MLN,MAILANI,193,6.17,PUBLIC_COMMUNITY
52243,PILIBHIT - AISHBAGH PASSENGER,Pass,PBE,PILIBHIT JN,ASSH,AISHBAGH,316,12.42,PUBLIC_COMMUNITY
52245,MAILANI  - AISHBAGH PASSENGER,Pass,MLN,MAILANI,ASSH,AISHBAGH,191,6.42,PUBLIC_COMMUNITY
52246,AISHBAGH - MAILANI PASSENGER,Pass,ASSH,AISHBAGH,MLN,MAILANI,192,6.25,PUBLIC_COMMUNITY
52247,Mailani Sitapur Passenger,Pass,MLN,MAILANI,STP,SITAPUR,107,3.83,PUBLIC_COMMUNITY
52248,Sitapur Mailani Passenger,Pass,STP,SITAPUR,MLN,MAILANI,106,3.67,PUBLIC_COMMUNITY
52249,Sitapur Aishbagh Passenger,Pass,STP,SITAPUR,ASH,AISHBAGH,86,3.08,PUBLIC_COMMUNITY
52250,AISHBAGH - SITAPUR  PASSENGER,Pass,ASSH,AISHBAGH,STP,SITAPUR,86,3.0,PUBLIC_COMMUNITY
52251,SITAPUR - AISHBAGH PASSENGER,Pass,STP,SITAPUR,ASSH,AISHBAGH,86,3.08,PUBLIC_COMMUNITY
52252,Aishbagh Sitapur Passenger,Pass,ASH,AISHBAGH,STP,SITAPUR,86,2.58,PUBLIC_COMMUNITY
52254,Mailani Gonda Passenger,Pass,MLN,MAILANI,GD,GONDA JN,330,7.5,PUBLIC_COMMUNITY
52255,Gonda Bareilly Passenger,Pass,GD,GONDA JN,BRY,BAREILLY,455,12.83,PUBLIC_COMMUNITY
52257,Gonda Mailani Passenger,Pass,GD,GONDA JN,MLN,MAILANI,330,7.33,PUBLIC_COMMUNITY
52258,Mailani Gonda Passenger,Pass,MLN,MAILANI,GD,GONDA JN,330,7.75,PUBLIC_COMMUNITY
52259,Gonda Mailani Passenger,Pass,GD,GONDA JN,MLN,MAILANI,330,7.42,PUBLIC_COMMUNITY
52260,Mailani Gonda Passenger,Pass,MLN,MAILANI,GD,GONDA JN,330,7.5,PUBLIC_COMMUNITY
52261,Gonda Nepalganj Passenger,Pass,GD,GONDA JN,NPR,Nepalganj Road,114,3.83,PUBLIC_COMMUNITY
52262,Nepalganj Gonda Passenger,Pass,NPR,Nepalganj Road,GD,GONDA JN,114,4.0,PUBLIC_COMMUNITY
52263,Gonda Nepalganj Passenger,Pass,GD,GONDA JN,NPR,Nepalganj Road,114,3.75,PUBLIC_COMMUNITY
52264,Nepalganj Gonda Passenger,Pass,NPR,Nepalganj Road,GD,GONDA JN,114,3.83,PUBLIC_COMMUNITY
52265,Gonda Nepalganj Passenger,Pass,GD,GONDA JN,NPR,Nepalganj Road,114,3.58,PUBLIC_COMMUNITY
52266,Nepalganj Gonda Passenger,Pass,NPR,Nepalganj Road,GD,GONDA JN,114,4.0,PUBLIC_COMMUNITY
52267,Gonda Nepalganj Passenger,Pass,GD,GONDA JN,NPR,Nepalganj Road,114,3.08,PUBLIC_COMMUNITY
52268,Nepalganj Gonda Passenger,Pass,NPR,Nepalganj Road,GD,GONDA JN,114,3.42,PUBLIC_COMMUNITY
52269,Anand Nagar Gonda Fast Passenger,Pass,ANDN,Anand Nagar,GD,GONDA JN,179,6.67,PUBLIC_COMMUNITY
52270,Gonda Anandnagar Passenger,Pass,GD,GONDA JN,ANDN,Anand Nagar,179,6.25,PUBLIC_COMMUNITY
52271,Anand Nagar Gonda Passenger,Pass,ANDN,Anand Nagar,GD,GONDA JN,179,6.58,PUBLIC_COMMUNITY
52272,Gonda Anandnagar Passenger,Pass,GD,GONDA JN,ANDN,Anand Nagar,179,6.75,PUBLIC_COMMUNITY
52274,Gonda Anandnagar Passenger,Pass,GD,GONDA JN,ANDN,Anand Nagar,179,6.58,PUBLIC_COMMUNITY
52276,Gonda Anandnagar Passenger,Pass,GD,GONDA JN,ANDN,Anand Nagar,179,6.5,PUBLIC_COMMUNITY
52277,Palia Kalan Mailani Passenger,Pass,PLK,PALIA KALAN,MLN,MAILANI,30,1.0,PUBLIC_COMMUNITY
52278,Mailani Palia Kalan Passenger,Pass,MLN,MAILANI,PLK,PALIA KALAN,30,0.83,PUBLIC_COMMUNITY
52280,Chhapra-Thawe Passenger,Pass,CPR,CHHAPRA,THE,Thawe Junction,105,4.25,PUBLIC_COMMUNITY
52282,Chhapra Thawe Passenger,Pass,CPR,CHHAPRA,THE,Thawe Junction,105,4.42,PUBLIC_COMMUNITY
52283,Thawe Chhapra Passenger,Pass,THE,Thawe Junction,CPR,CHHAPRA,105,4.5,PUBLIC_COMMUNITY
52285,Thawe Chhapra Passenger,Pass,THE,Thawe Junction,CPR,CHHAPRA,105,4.25,PUBLIC_COMMUNITY
52286,Chhapra Thawe Passenger,Pass,CPR,CHHAPRA,THE,Thawe Junction,105,4.33,PUBLIC_COMMUNITY
52287,Thawe Chhapra Passenger,Pass,BRY,BAREILLY,LKKA,Lal Kuan,84,2.92,PUBLIC_COMMUNITY
52288,Chhapra Thawe Passenger,Pass,LKU,LAL KUAN,BRY,BAREILLY,85,3.08,PUBLIC_COMMUNITY
54311,Bareilly Moradabad Passenger,Pass,BE,BAREILLY,MB,MORADABAD,113,3.42,PUBLIC_COMMUNITY
52273,Anand Nagar Gonda Passenger,Pass,ANDN,Anand Nagar,GD,GONDA JN,179,6.5,PUBLIC_COMMUNITY
52275,Anand Nagar Gonda Passenger,Pass,ANDN,Anand Nagar,GD,GONDA JN,179,6.0,PUBLIC_COMMUNITY
52295,Bareilly Lal Kuan Passenger,Pass,THE,Thawe Junction,CPR,CHHAPRA,105,4.25,PUBLIC_COMMUNITY
52297,Pilibhit Shahjahanpur Passenger,Pass,PBE,PILIBHIT JN,SZP,Shahjahanpur,84,2.17,PUBLIC_COMMUNITY
52298,Shahjahanpur Pilibhit Passenger,Pass,SZP,Shahjahanpur,PBE,PILIBHIT JN,84,2.33,PUBLIC_COMMUNITY
52301,Balgona-Katwa Fast Local,Pass,BGNA,Balgona,KWF,Katwa,27,2.0,PUBLIC_COMMUNITY
52302,Katwa Balgona Local,Pass,KWF,Katwa,BGNA,Balgona,27,2.0,PUBLIC_COMMUNITY
52322,Saharsa-Forbesganj Passenger,Pass,SHC,SAHARSA JN,FBG,FORBESGANJ,112,7.17,PUBLIC_COMMUNITY
52323,Forbesganj-Saharsa Passenger,Pass,FBG,FORBESGANJ,SHC,SAHARSA JN,112,7.0,PUBLIC_COMMUNITY
52324,Saharsa-forbesganj Passenger,Pass,SHC,SAHARSA JN,FBG,FORBESGANJ,112,7.0,PUBLIC_COMMUNITY
52325,Forbesganj-Saharsa Passenger,Pass,FBG,FORBESGANJ,SHC,SAHARSA JN,112,7.0,PUBLIC_COMMUNITY
52326,Saharsa-Forbesganj Passenger,Pass,SHC,SAHARSA JN,FBG,FORBESGANJ,112,6.92,PUBLIC_COMMUNITY
52327,Forbesganj-Saharsa Passenger,Pass,FBG,FORBESGANJ,SHC,SAHARSA JN,112,7.0,PUBLIC_COMMUNITY
52328,Saharsa-Forbesganj Passenger,Pass,SHC,SAHARSA JN,FBG,FORBESGANJ,112,7.67,PUBLIC_COMMUNITY
52329,Forbesganj-Saharsa Passenger,Pass,FBG,FORBESGANJ,SHC,SAHARSA JN,112,7.0,PUBLIC_COMMUNITY
52330,Saharsa-Forbesganj Passenger,Pass,SHC,SAHARSA JN,FBG,FORBESGANJ,112,6.92,PUBLIC_COMMUNITY
52468,BAIJNATHPAPROLA  - PATHANKOT PASSENGER,Pass,BJPL,BAIJNATH PAPROLA,PTK,PATHANKOT,213,6.25,PUBLIC_COMMUNITY
52471,Kangra Valley Rail Passenger,Pass,PTK,PATHANKOT,JDNX,JOGINDER NAGAR,170,9.17,PUBLIC_COMMUNITY
52467,Kangra Valley Rail Passenger,Pass,PTK,PATHANKOT,BJPL,BAIJNATH PAPROLA,147,7.58,PUBLIC_COMMUNITY
52470,Kangra Valley Rail Passenger,Pass,BJPL,BAIJNATH PAPROLA,PTK,PATHANKOT,213,6.33,PUBLIC_COMMUNITY
16311,BIKANER - KOCHUVELI Express,Exp,BKN,BIKANER JN,KCVL,KOCHUVELI,3002,54.75,PUBLIC_COMMUNITY
52472,JOGINDER NAGAR - PATHANKOT PASSENGER,Pass,JDNX,JOGINDER NAGAR,PTK,PATHANKOT,170,10.17,PUBLIC_COMMUNITY
52474,Kangra Valley Rail Passenger,Pass,JDNX,JOGINDER NAGAR,PTK,PATHANKOT,170,10.25,PUBLIC_COMMUNITY
52501,BhikhnaThori Narkatiaganj Passenger,Pass,BKF,Bhikhna Thori,NKE,NARKATIAGANJ JN,0,1.58,PUBLIC_COMMUNITY
52502,Narkatiaganj Bhikhna Thori Passenger,Pass,NKE,NARKATIAGANJ JN,BKF,Bhikhna Thori,0,1.5,PUBLIC_COMMUNITY
52503,BhikhnaThori Narkatiaganj Passenger,Pass,BKF,Bhikhna Thori,NKE,NARKATIAGANJ JN,0,1.58,PUBLIC_COMMUNITY
52504,Narkatiaganj Bhikhna Thori Passenger,Pass,NKE,NARKATIAGANJ JN,BKF,Bhikhna Thori,0,1.5,PUBLIC_COMMUNITY
52505,BhikhnaThori Narkatiaganj Passenger,Pass,BKF,Bhikhna Thori,NKE,NARKATIAGANJ JN,0,1.58,PUBLIC_COMMUNITY
52506,Narkatiaganj Bhikhna Thori Passenger,Pass,NKE,NARKATIAGANJ JN,BKF,Bhikhna Thori,0,1.58,PUBLIC_COMMUNITY
52507,Raxaul-Narkatiaganj Passenger,Pass,RXL,RAXAUL JN,NKE,NARKATIAGANJ JN,40,1.83,PUBLIC_COMMUNITY
52508,Narkatiganj Raxaul Passenger,Pass,NKE,NARKATIAGANJ JN,RXL,RAXAUL JN,40,1.83,PUBLIC_COMMUNITY
52509,Raxaul Narkatiaganj Passenger,Pass,RXL,RAXAUL JN,NKE,NARKATIAGANJ JN,40,1.83,PUBLIC_COMMUNITY
52510,Narkatiaganj Raxaul Passenger,Pass,NKE,NARKATIAGANJ JN,RXL,RAXAUL JN,40,1.75,PUBLIC_COMMUNITY
52511,Raxaul Narkatiaganj Passenger,Pass,RXL,RAXAUL JN,NKE,NARKATIAGANJ JN,40,1.92,PUBLIC_COMMUNITY
52512,Narkatiaganj Raxaul Passenger,Pass,NKE,NARKATIAGANJ JN,RXL,RAXAUL JN,40,1.83,PUBLIC_COMMUNITY
52515,Jhanjharpur Laukaha Bazar Passenger,Pass,JJP,Jhanjharpur,LKQ,Laukaha Bazar,43,2.75,PUBLIC_COMMUNITY
52516,Laukaha Bazar Jhanjharpur Passenger,Pass,LKQ,Laukaha Bazar,JJP,Jhanjharpur,43,2.42,PUBLIC_COMMUNITY
52518,Laukaha Bazar Sakri Passenger,Pass,JJP,Jhanjharpur,SKI,SAKRI JN,19,1.08,PUBLIC_COMMUNITY
52519,Sakri Laukaha Bazar Passenger,Pass,SKI,SAKRI JN,JJP,Jhanjharpur,19,1.0,PUBLIC_COMMUNITY
52520,Laukaha Bazar Sakri Passenger,Pass,JJP,Jhanjharpur,SKI,SAKRI JN,19,1.17,PUBLIC_COMMUNITY
52521,Sakri Laukaha Bazar Passenger,Pass,SKI,SAKRI JN,JJP,Jhanjharpur,19,1.0,PUBLIC_COMMUNITY
52522,Laukaha Bazar Sakri Passenger,Pass,JJP,Jhanjharpur,SKI,SAKRI JN,19,1.05,PUBLIC_COMMUNITY
52523,Sakri Nirmali Passenger,Pass,SKI,SAKRI JN,NMA,Nirmali,51,2.5,PUBLIC_COMMUNITY
52524,Nirmali Sakri Pass,Pass,NMA,Nirmali,SKI,SAKRI JN,51,2.67,PUBLIC_COMMUNITY
52525,Sakri Nirmali Pass,Pass,SKI,SAKRI JN,NMA,Nirmali,51,2.75,PUBLIC_COMMUNITY
52526,Nirmali Sakri Passenger,Pass,NMA,Nirmali,SKI,SAKRI JN,51,2.5,PUBLIC_COMMUNITY
52527,Sakri Nirmali Pass,Pass,SKI,SAKRI JN,NMA,Nirmali,51,2.92,PUBLIC_COMMUNITY
52528,Nirmali Sakri Pass,Pass,NMA,Nirmali,SKI,SAKRI JN,51,2.92,PUBLIC_COMMUNITY
52529,Sakri Nirmali Pass,Pass,SKI,SAKRI JN,NMA,Nirmali,51,2.92,PUBLIC_COMMUNITY
52530,Nirmali Sakri Pass,Pass,NMA,Nirmali,SKI,SAKRI JN,51,2.5,PUBLIC_COMMUNITY
52531,Sakri Nirmali Pass,Pass,SKI,SAKRI JN,NMA,Nirmali,51,2.75,PUBLIC_COMMUNITY
52532,Nirmali Sakri Pass,Pass,NMA,Nirmali,SKI,SAKRI JN,51,2.5,PUBLIC_COMMUNITY
52534,Bihariganj Banmankhi Passenger,Pass,BHGJ,Bihariganj,BNKI,Banmankhi Junction,27,2.0,PUBLIC_COMMUNITY
52535,Banmankhi Bihariganj Passenger,Pass,BNKI,Banmankhi Junction,BHGJ,Bihariganj,27,2.0,PUBLIC_COMMUNITY
52536,Bihariganj Purnia Passenger,Pass,BHGJ,Bihariganj,PRNA,PURNIA JN,64,4.0,PUBLIC_COMMUNITY
52537,Purnia Bihariganj Passenger,Pass,BNKI,Banmankhi Junction,BHGJ,Bihariganj,27,2.0,PUBLIC_COMMUNITY
52538,Bihariganj Purnia Passenger,Pass,BHGJ,Bihariganj,PRNA,PURNIA JN,63,3.83,PUBLIC_COMMUNITY
52540,Darjeeling Kurseong Toy Train,Pass,DJ,Darjeeling,KGN,Kurseong,31,2.67,PUBLIC_COMMUNITY
52541,Kurseong Darjeeling Toy Train,Pass,NJP,NEW JALPAIGURI,DJ,Darjeeling,88,7.25,PUBLIC_COMMUNITY
52544,Darjeeling Kurseong Toy Train,Pass,DJ,Darjeeling,KGN,Kurseong,31,2.92,PUBLIC_COMMUNITY
52545,Kurseong Darjeeling Toy Train,Pass,KGN,Kurseong,DJ,Darjeeling,31,2.83,PUBLIC_COMMUNITY
52547,Darjeeling Joyride,Toy,DJ,Darjeeling,DJRZ,To Darjeeling,2,0.18,PUBLIC_COMMUNITY
52548,Darjeeling Himalayan Toy Train,Toy,DJ,Darjeeling,DJRZ,To Darjeeling,2,0.23,PUBLIC_COMMUNITY
52549,Darjeeling Himalayan Toy Train,Toy,DJ,Darjeeling,DJRZ,To Darjeeling,2,0.23,PUBLIC_COMMUNITY
52550,Darjeeling Joyride,Toy,DJ,Darjeeling,DJRZ,To Darjeeling,0,0.0,PUBLIC_COMMUNITY
52552,Murliganj-Purnia Passenger,Pass,MRIJ,Murliganj,PRNA,PURNIA JN,56,2.5,PUBLIC_COMMUNITY
52553,Purnia Murliganj Passenger,Pass,PRNA,PURNIA JN,MRIJ,Murliganj,56,2.42,PUBLIC_COMMUNITY
52566,JIRIBAM - SILCHAR MG Passenger,Pass,JRBM,JIRIBAM,SCL,SILCHAR,56,3.0,PUBLIC_COMMUNITY
18005,HOWRAH - JAGDALPUR Samaleshwari Exp,Exp,HWH,HOWRAH JN,JDB,JAGDALPUR,1057,22.83,PUBLIC_COMMUNITY
52554,Muraliganj Purnia Passenger,Pass,MRIJ,Murliganj,PRNA,PURNIA JN,56,2.25,PUBLIC_COMMUNITY
52556,Budhma Banmankhi Passenger,Pass,BDMA,Budhma,BNKI,Banmankhi Junction,34,1.92,PUBLIC_COMMUNITY
52557,Banmankhi Budhma Passenger,Pass,BNKI,Banmankhi Junction,BDMA,Budhma,34,1.92,PUBLIC_COMMUNITY
52558,Budhma Banmankhi Passenger,Pass,BDMA,Budhma,BNKI,Banmankhi Junction,34,1.92,PUBLIC_COMMUNITY
52563,Agartala Silchar Passenger,Pass,AGTL,Agartala,SCL,SILCHAR,257,10.25,PUBLIC_COMMUNITY
52564,Silchar Agartala Passenger,Pass,SCL,SILCHAR,AGTL,Agartala,257,9.25,PUBLIC_COMMUNITY
52565,SILCHAR - JIRIBAM MG Passenger,Pass,SCL,SILCHAR,JRBM,JIRIBAM,56,3.25,PUBLIC_COMMUNITY
52567,Badarpur Bhairabhi Passenger,Pass,BPB,BADARPUR JN,BHRB,Bhairabi,94,4.75,PUBLIC_COMMUNITY
52568,Bhairabhi Badarpur Passenger,Pass,BHRB,Bhairabi,BPB,BADARPUR JN,94,5.0,PUBLIC_COMMUNITY
52569,Karimganj Dullabcherra Passenger,Pass,KXJ,Karimganj Junction,DLCR,Dullabcherra,51,2.17,PUBLIC_COMMUNITY
52570,Dullabcherra Karimganj Passenger,Pass,DLCR,Dullabcherra,KXJ,Karimganj Junction,51,2.33,PUBLIC_COMMUNITY
52571,Karimganj Dullabcherra Passenger,Pass,KGN,Kurseong,DJ,Darjeeling,28,2.67,PUBLIC_COMMUNITY
52572,Dullabcherra Karimganj Passenger,Pass,DLCR,Dullabcherra,KXJ,Karimganj Junction,51,2.42,PUBLIC_COMMUNITY
52575,Agartala Dharmanagar Passenger,Pass,AGTL,Agartala,DMR,Dharmanagar,141,4.0,PUBLIC_COMMUNITY
52576,Dharmanagar Agartala Passenger,Pass,DMR,Dharmanagar,AGTL,Agartala,141,4.17,PUBLIC_COMMUNITY
52577,Dharmanagar Silchar Passenger,Pass,DMR,Dharmanagar,SCL,SILCHAR,116,4.67,PUBLIC_COMMUNITY
52578,Silchar Dharmanagar Passenger,Pass,SCL,SILCHAR,DMR,Dharmanagar,116,3.92,PUBLIC_COMMUNITY
52579,Agartala Dharmanagar Passenger,Pass,AGTL,Agartala,DMR,Dharmanagar,141,3.92,PUBLIC_COMMUNITY
52580,Dharmanagar Agartala Passenger,Pass,DMR,Dharmanagar,AGTL,Agartala,141,4.33,PUBLIC_COMMUNITY
52901,Mahesana Ahmedabad Passenger,Pass,MSH,MAHESANA JN,ADI,AHMEDABAD JN,67,2.83,PUBLIC_COMMUNITY
52903,Mahesana Ahmedabad Passenger,Pass,MSH,MAHESANA JN,ADI,AHMEDABAD JN,69,2.5,PUBLIC_COMMUNITY
52904,Ahmedabad Mahesana Passenger,Pass,ADI,AHMEDABAD JN,MSH,MAHESANA JN,69,2.67,PUBLIC_COMMUNITY
52906,Ahmedabad Mahesana Passenger,Pass,ADI,AHMEDABAD JN,MSH,MAHESANA JN,69,2.83,PUBLIC_COMMUNITY
52907,Mahesana Ahmedabad Passenger,Pass,MSH,MAHESANA JN,ADI,AHMEDABAD JN,69,2.75,PUBLIC_COMMUNITY
52908,Ahmedabad Mahesana Passenger,Pass,ADI,AHMEDABAD JN,MSH,MAHESANA JN,69,2.67,PUBLIC_COMMUNITY
52909,Mahesana Ahmedabad Passenger,Pass,MSH,MAHESANA JN,ADI,AHMEDABAD JN,69,2.58,PUBLIC_COMMUNITY
52910,Ahmedabad Mahesana Fast Passenger,Pass,ADI,AHMEDABAD JN,MSH,MAHESANA JN,69,2.75,PUBLIC_COMMUNITY
52911,Ranuj Ahmedabad Fast Passenger,Pass,RUJ,RANUJ,ADI,AHMEDABAD JN,129,4.25,PUBLIC_COMMUNITY
52912,Ahmedabad Ranuj Fast Passenger,Pass,ADI,AHMEDABAD JN,RUJ,RANUJ,129,3.92,PUBLIC_COMMUNITY
52913,Patan Ahmedabad Passenger,Pass,RUJ,RANUJ,ADI,AHMEDABAD JN,125,5.0,PUBLIC_COMMUNITY
52914,Ahmedabad Ranuj Passenger,Pass,ADI,AHMEDABAD JN,RUJ,RANUJ,125,4.83,PUBLIC_COMMUNITY
52915,Nandol Dehegam Ahmedabad Passenger,Pass,NHM,NANDOL DEHEGAM,ADI,AHMEDABAD JN,73,1.33,PUBLIC_COMMUNITY
52916,Ahmedabad Nandol Dehegam Passenger,Pass,ADI,AHMEDABAD JN,NHM,NANDOL DEHEGAM,73,1.5,PUBLIC_COMMUNITY
52917,Nandol Dehegam Ahmedabad Passenger,Pass,NHM,NANDOL DEHEGAM,ADI,AHMEDABAD JN,73,1.33,PUBLIC_COMMUNITY
52918,Ahmedabad Nandol Dehegam Passenger,Pass,ADI,AHMEDABAD JN,NHM,NANDOL DEHEGAM,73,1.33,PUBLIC_COMMUNITY
52919,Himmatnagar Ahmedabad Passenger,Pass,HMT,HIMMATNAGAR,ADI,AHMEDABAD JN,133,3.42,PUBLIC_COMMUNITY
52920,Ahmedabad Himmatnagar Passenger,Pass,ADI,AHMEDABAD JN,HMT,HIMMATNAGAR,133,3.67,PUBLIC_COMMUNITY
52921,Himmatnagar Ahmedabad Passenger,Pass,HMT,HIMMATNAGAR,ADI,AHMEDABAD JN,133,3.5,PUBLIC_COMMUNITY
52922,Ahmedabad Himmatnagar Pass,Pass,ADI,AHMEDABAD JN,HMT,HIMMATNAGAR,133,3.33,PUBLIC_COMMUNITY
52923,Khed Brahma Ahmedabad Passenger,Pass,KDBM,Khed Brahma,ADI,AHMEDABAD JN,188,5.67,PUBLIC_COMMUNITY
52924,Ahmedabad Khed Brahma Passenger,Pass,ADI,AHMEDABAD JN,KDBM,Khed Brahma,188,5.42,PUBLIC_COMMUNITY
52926,Ahmedabad Khed Brahma Passenger,Pass,ADI,AHMEDABAD JN,KDBM,Khed Brahma,188,5.5,PUBLIC_COMMUNITY
52927,Udaipur Ahmedabad Fast Passenger,Pass,UDZ,UDAIPUR CITY,ADI,AHMEDABAD JN,298,11.5,PUBLIC_COMMUNITY
52928,Mewar Fast Passenger,Pass,ADI,AHMEDABAD JN,UDZ,UDAIPUR CITY,298,10.58,PUBLIC_COMMUNITY
52929,Veraval Dhasa Passenger,Pass,VRL,VERAVAL,DAS,DHASA JN,190,7.0,PUBLIC_COMMUNITY
52930,Dhasa Veraval Passenger,Pass,DAS,DHASA JN,VRL,VERAVAL,190,5.92,PUBLIC_COMMUNITY
22464,Rajasthan Sampark Kranti Express,SKr,BKN,BIKANER JN,DEE,DELHI SARAI ROHILLA,685,12.33,PUBLIC_COMMUNITY
52931,Jetalsar Dhasa Passenger,Pass,JLR,JETALSAR JN,DAS,DHASA JN,105,2.58,PUBLIC_COMMUNITY
52932,Dhasa Jetalsar Passenger,Pass,DAS,DHASA JN,JLR,JETALSAR JN,105,2.42,PUBLIC_COMMUNITY
52933,Veraval Dhasa Passenger,Pass,VRL,VERAVAL,DAS,DHASA JN,190,6.42,PUBLIC_COMMUNITY
52935,Ahmedabad Botad Passenger,Pass,GG,GANDHIGRAM,BTD,BOTAD JN,155,4.33,PUBLIC_COMMUNITY
52937,Fatehabad Chowk Ujjain Passenger,Pass,FTD,Fatehabad Chowk Junction,UJN,UJJAIN JN,23,0.67,PUBLIC_COMMUNITY
52938,Botad Ahmedabad Passenger,Pass,BTD,BOTAD JN,GG,GANDHIGRAM,155,3.83,PUBLIC_COMMUNITY
52939,Gandhigram Botad Passenger,Pass,GG,GANDHIGRAM,BTD,BOTAD JN,155,3.92,PUBLIC_COMMUNITY
52942,SBI-BTD - GANDHIGRAM PASSENGER,Pass,BTDF,BOTAD JN,GG,GANDHIGRAM,155,3.5,PUBLIC_COMMUNITY
52943,Ahmedabad Botad Passenger,Pass,GG,GANDHIGRAM,BTD,BOTAD JN,155,3.33,PUBLIC_COMMUNITY
52945,Ahmedabad Botad Passenger,Pass,GG,GANDHIGRAM,BTD,BOTAD JN,155,3.58,PUBLIC_COMMUNITY
52946,Dhasa Veraval Passenger,Pass,DAS,DHASA JN,VRL,VERAVAL,190,5.83,PUBLIC_COMMUNITY
52947,Wansjaliya Dhassa Passenger,Pass,JLR,JETALSAR JN,DAS,DHASA JN,105,2.33,PUBLIC_COMMUNITY
52948,Dhasa Wansjaliya Passenger,Pass,DAS,DHASA JN,JLR,JETALSAR JN,105,2.25,PUBLIC_COMMUNITY
52949,Veraval Delvada Passenger,Pass,VRL,VERAVAL,DVA,Delvada,94,3.58,PUBLIC_COMMUNITY
52950,Delvada Veraval Passenger,Pass,DVA,Delvada,VRL,VERAVAL,94,3.25,PUBLIC_COMMUNITY
52951,Delvada Junagadh Passenger,Pass,DVA,Delvada,JND,JUNAGADH JN,158,6.17,PUBLIC_COMMUNITY
52952,Junagadh Delvada Passenger,Pass,JND,JUNAGADH JN,DVA,Delvada,158,6.08,PUBLIC_COMMUNITY
52953,Kodinar Veraval Passenger,Pass,KODR,Kodinar,VRL,VERAVAL,71,3.75,PUBLIC_COMMUNITY
52954,Veraval Kodinar Passenger,Pass,VRL,VERAVAL,KODR,Kodinar,71,2.58,PUBLIC_COMMUNITY
52955,Khijadiya Junagarh Pass,Pass,KJV,Khijadiya Junction,JND,JUNAGADH JN,134,4.17,PUBLIC_COMMUNITY
52956,JUNAGADH KHIJADIYA PASS,Pass,JND,JUNAGADH JN,KJV,Khijadiya Junction,134,3.83,PUBLIC_COMMUNITY
52957,Ratlam Mhow Fast Passenger,Pass,RTM,RATLAM JN,MHOW,Mhow,147,3.92,PUBLIC_COMMUNITY
52958,Mhow Ratlam Fast Passenger,Pass,MHOW,Mhow,RTM,RATLAM JN,147,4.25,PUBLIC_COMMUNITY
52959,Ratlam Mhow Fast Passenger,Pass,RTM,RATLAM JN,MHOW,Mhow,147,4.33,PUBLIC_COMMUNITY
52960,Mhow Ratlam Fast Passenger,Pass,MHOW,Mhow,RTM,RATLAM JN,147,4.17,PUBLIC_COMMUNITY
52961,Ratlam Mhow Fast Passenger,Pass,RTM,RATLAM JN,MHOW,Mhow,147,4.75,PUBLIC_COMMUNITY
52962,Mhow Ratlam Fast Passenger,Pass,MHOW,Mhow,RTM,RATLAM JN,147,4.75,PUBLIC_COMMUNITY
52963,Ratlam Mhow Fast Passenger,Pass,RTM,RATLAM JN,MHOW,Mhow,147,3.92,PUBLIC_COMMUNITY
52964,Mhow Ratlam Fast Passenger,Pass,MHOW,Mhow,RTM,RATLAM JN,147,4.33,PUBLIC_COMMUNITY
52965,Ratlam Mhow Fast Passenger,Pass,RTM,RATLAM JN,MHOW,Mhow,147,4.25,PUBLIC_COMMUNITY
52966,Mhow Ratlam Passenger,Pass,MHOW,Mhow,RTM,RATLAM JN,147,3.92,PUBLIC_COMMUNITY
52967,Indore Mhow Fast Passenger,Pass,INDM,Indore Junction MG,MHOW,Mhow,29,1.17,PUBLIC_COMMUNITY
52968,Mhow Indore Fast Passenger,Pass,MHOW,Mhow,INDM,Indore Junction MG,29,0.83,PUBLIC_COMMUNITY
52969,Ujjain Fatehabad Passenger,Pass,UJN,UJJAIN JN,FTD,Fatehabad Chowk Junction,23,0.67,PUBLIC_COMMUNITY
52970,Fatehabad Chowk Ujjain Passenger,Pass,FTD,Fatehabad Chowk Junction,UJN,UJJAIN JN,23,0.67,PUBLIC_COMMUNITY
52971,Ujjain Mhow Passenger,Pass,UJN,UJJAIN JN,MHOW,Mhow,91,3.17,PUBLIC_COMMUNITY
52972,Mhow Ujjain Passenger,Pass,MHOW,Mhow,UJN,UJJAIN JN,91,2.83,PUBLIC_COMMUNITY
52973,Ratlam Akola Passenger,Pass,RTM,RATLAM JN,AK,AKOLA JN,431,17.5,PUBLIC_COMMUNITY
52975,Ratlam Akola Passenger,Pass,RTM,RATLAM JN,AK,AKOLA JN,431,16.5,PUBLIC_COMMUNITY
52976,Akola Ratlam Fast Pass,Pass,AK,AKOLA JN,RTM,RATLAM JN,431,15.42,PUBLIC_COMMUNITY
52977,Indore Mhow Fast Passenger,Pass,INDM,Indore Junction MG,MHOW,Mhow,29,0.83,PUBLIC_COMMUNITY
52978,Mhow-Indore Passenger,Pass,MHOW,Mhow,INDB,INDORE JN BG,29,0.83,PUBLIC_COMMUNITY
52979,Indore Mhow Passenger,Pass,INDB,INDORE JN BG,MHOW,Mhow,29,1.08,PUBLIC_COMMUNITY
52980,MHOW - INDM Passenger,Pass,MHOW,Mhow,INDB,INDORE JN BG,29,0.92,PUBLIC_COMMUNITY
52981,Indore Mhow Fast Passenger,Pass,INDB,INDORE JN BG,MHOW,Mhow,29,0.83,PUBLIC_COMMUNITY
52982,Mhow Indore MG Fast Passenger,Pass,MHOW,Mhow,INDB,INDORE JN BG,29,0.83,PUBLIC_COMMUNITY
52983,Fatehabad Mhow Passenger,Pass,FTD,Fatehabad Chowk Junction,MHOW,Mhow,68,2.5,PUBLIC_COMMUNITY
14202,Rai Bareli Jaunpur Express,Exp,RBL,RAE BARELI JN,JNU,JAUNPUR JN,203,5.42,PUBLIC_COMMUNITY
15632-Slip,Guwahati Barmer Express Slip,Exp,GHY,GUWAHATI,BKN,BIKANER JN,2333,44.25,PUBLIC_COMMUNITY
18508,AMRITSAR - VISAKHAPATNAM Hirakud Exp,Exp,ASR,AMRITSAR JN,VSKP,VISHAKAPATNAM,2574,48.08,PUBLIC_COMMUNITY
25631,Bikaner Guwahati Express,Exp,BKN,BIKANER JN,GHY,GUWAHATI,2333,47.5,PUBLIC_COMMUNITY
52984,Mhow Fatehabad Fast Passenger,Pass,MHOW,Mhow,FTD,Fatehabad Chowk Junction,68,2.17,PUBLIC_COMMUNITY
52985,Indore Mg Mhow Passenger,Pass,INDB,INDORE JN BG,MHOW,Mhow,29,0.92,PUBLIC_COMMUNITY
52986,Mhow Indore MG Pass,Pass,MHOW,Mhow,INDB,INDORE JN BG,29,0.83,PUBLIC_COMMUNITY
52987,Mhow Akola Fast Passenger,Pass,MHOW,Mhow,AK,AKOLA JN,292,13.58,PUBLIC_COMMUNITY
52988,Akola Mhow Fast Passenger,Pass,AK,AKOLA JN,MHOW,Mhow,292,12.75,PUBLIC_COMMUNITY
52989,Ujjain Mhow Passenger,Pass,UJN,UJJAIN JN,MHOW,Mhow,91,3.08,PUBLIC_COMMUNITY
52990,Mhow Ujjain Passenger,Pass,MHOW,Mhow,UJN,UJJAIN JN,91,3.25,PUBLIC_COMMUNITY
52991,Ujjain Khandwa Passenger,Pass,UJN,UJJAIN JN,KNW,KHANDWA,204,7.92,PUBLIC_COMMUNITY
52992,Khandwa Ujjain Passenger Express,Pass,KNW,KHANDWA,UJN,UJJAIN JN,204,6.5,PUBLIC_COMMUNITY
52993,Mhow Akola Passenger,Pass,MHOW,Mhow,AK,AKOLA JN,292,12.17,PUBLIC_COMMUNITY
52994,Akola Mhow Passenger,Pass,AK,AKOLA JN,MHOW,Mhow,292,11.33,PUBLIC_COMMUNITY
53001,Howrah Azimganj Passenger,Pass,HWH,HOWRAH JN,AZ,AZIMGANJ JN,217,6.33,PUBLIC_COMMUNITY
53002,Azimganj Howrah Passenger,Pass,AZ,AZIMGANJ JN,HWH,HOWRAH JN,217,7.17,PUBLIC_COMMUNITY
53003,Howrah Malda Town Fast Passenger,Pass,HWH,HOWRAH JN,MLDT,MALDA TOWN,339,10.42,PUBLIC_COMMUNITY
53004,Malda Howrah Fast Passenger,Pass,MLDT,MALDA TOWN,HWH,HOWRAH JN,339,11.25,PUBLIC_COMMUNITY
53006,Azimganj Katwa Passenger,Pass,AZ,AZIMGANJ JN,KWAE,KATWA,73,1.82,PUBLIC_COMMUNITY
53007,Katwa Rampurhat Passenger,Pass,KWAE,KATWA,RPH,RAMPUR HAT,134,5.0,PUBLIC_COMMUNITY
53008,Rampurhat Katwa Passenger,Pass,RPH,RAMPUR HAT,KWAE,KATWA,134,5.58,PUBLIC_COMMUNITY
53010,Azimganj Katwa Passenger,Pass,AZ,AZIMGANJ JN,KWAE,KATWA,73,2.25,PUBLIC_COMMUNITY
53012,Azimganj Katwa Passenger,Pass,AZ,AZIMGANJ JN,KWAE,KATWA,73,2.38,PUBLIC_COMMUNITY
53014,Azimganj Katwa Passenger,Pass,AZ,AZIMGANJ JN,KWAE,KATWA,73,2.12,PUBLIC_COMMUNITY
53016,Azimganj Katwa Passenger,Pass,AZ,AZIMGANJ JN,KWAE,KATWA,73,2.33,PUBLIC_COMMUNITY
53017,Katwa Azimganj Passenger,Pass,KWAE,KATWA,AZ,AZIMGANJ JN,73,2.33,PUBLIC_COMMUNITY
53018,Azimganj Katwa Passenger,Pass,AZ,AZIMGANJ JN,KWAE,KATWA,73,2.5,PUBLIC_COMMUNITY
53022,Bhagalpur Azimganj Passenger,Pass,BGP,BHAGALPUR,AZ,AZIMGANJ JN,226,8.08,PUBLIC_COMMUNITY
53035,Azimganj Barharwa Passenger,Pass,AZ,AZIMGANJ JN,BHW,BARHARWA JN,94,3.5,PUBLIC_COMMUNITY
53043,Howrah-Rajgir Fast Passenger,Pass,HWH,HOWRAH JN,RGD,Rajgir,651,21.67,PUBLIC_COMMUNITY
53044,Rajgir-Howrah Fast Passenger,Pass,RGD,Rajgir,HWH,HOWRAH JN,676,23.5,PUBLIC_COMMUNITY
53045,Mayurakshi Fast Passenger,Pass,HWH,HOWRAH JN,RPH,RAMPUR HAT,288,5.83,PUBLIC_COMMUNITY
53046,Mayurakshi Fast Passenger,Pass,RPH,RAMPUR HAT,HWH,HOWRAH JN,288,6.08,PUBLIC_COMMUNITY
53047,Viswabharati Fast Passenger,Pass,HWH,HOWRAH JN,RPH,RAMPUR HAT,219,4.92,PUBLIC_COMMUNITY
53048,Viswabharati Fast Passenger,Pass,RPH,RAMPUR HAT,HWH,HOWRAH JN,219,5.0,PUBLIC_COMMUNITY
53050,Mokameh Howrah Passenger,Pass,MKA,MOKAMEH JN,HWH,HOWRAH JN,455,14.83,PUBLIC_COMMUNITY
53061,Barddhaman-Hatia Passenger,Pass,BWN,BARDDHAMAN JN,HTE,HATIA,345,11.42,PUBLIC_COMMUNITY
53062,Hatia Barddhaman Passenger,Pass,HTE,HATIA,BWN,BARDDHAMAN JN,333,13.25,PUBLIC_COMMUNITY
53064,Barharwa Barddhaman Passenger,Pass,BHW,BARHARWA JN,BWN,BARDDHAMAN JN,212,5.92,PUBLIC_COMMUNITY
53065,Barddhaman Rampurhat Passenger,Pass,BWN,BARDDHAMAN JN,RPH,RAMPUR HAT,112,2.58,PUBLIC_COMMUNITY
53066,Rampurhat Barddhaman Passenger,Pass,RPH,RAMPUR HAT,BWN,BARDDHAMAN JN,112,2.58,PUBLIC_COMMUNITY
53067,Barddhaman Rampurhat Passenger,Pass,BWN,BARDDHAMAN JN,RPH,RAMPUR HAT,112,2.67,PUBLIC_COMMUNITY
53208,Buxar Islampur Passenger,Pass,BXR,BUXAR,IPR,Islampur,181,6.92,PUBLIC_COMMUNITY
53213,Buxar Mughal Sarai Passenger,Pass,BXR,BUXAR,MGS,MUGHAL SARAI JN,94,2.58,PUBLIC_COMMUNITY
53215,Buxar Mughal Sarai Passenger,Pass,BXR,BUXAR,MGS,MUGHAL SARAI JN,94,2.67,PUBLIC_COMMUNITY
53217,Buxar Mughal Sarai Passenger,Pass,BXR,BUXAR,MGS,MUGHAL SARAI JN,94,2.42,PUBLIC_COMMUNITY
18047,HOWRAH - VASCO DA GAMA Amravati Exp,Exp,HWH,HOWRAH JN,VSG,VASCO DA GAMA,2147,39.5,PUBLIC_COMMUNITY
51196,Ballarshah Wardha Mumbai Passenger,Pass,BPQ,BALHARSHAH,CSTM,MUMBAI CST,891,18.5,PUBLIC_COMMUNITY
53068,Rampurhat Barddhaman Passenger,Pass,RPH,RAMPUR HAT,BWN,BARDDHAMAN JN,112,2.75,PUBLIC_COMMUNITY
53070,Rampurhat Barddhaman Passenger,Pass,RPH,RAMPUR HAT,BWN,BARDDHAMAN JN,112,2.53,PUBLIC_COMMUNITY
53073,Rampurhat Sahibganj Passenger,Pass,RPH,RAMPUR HAT,SBG,SAHIBGANJ JN,133,3.62,PUBLIC_COMMUNITY
53074,Sahibganj Rampurhat Passenger,Pass,SBG,SAHIBGANJ JN,RPH,RAMPUR HAT,133,3.75,PUBLIC_COMMUNITY
53132,Muzaffarpur Sealdah Passenger,Pass,MFP,MUZAFFARPUR JN,SDAH,KOLKATA SEALDAH,568,19.67,PUBLIC_COMMUNITY
53135,Sealdah Rampurhat Passenger,Pass,SDAH,KOLKATA SEALDAH,RPH,RAMPUR HAT,227,6.42,PUBLIC_COMMUNITY
53136,Rampurhat Sealdah Passenger,Pass,RPH,RAMPUR HAT,SDAH,KOLKATA SEALDAH,227,6.92,PUBLIC_COMMUNITY
53137,Rampurhat- Barharwa Passenger,Pass,RPH,RAMPUR HAT,BHW,BARHARWA JN,79,2.08,PUBLIC_COMMUNITY
53139,KolkataChitpur-Chittaranjan Passenger,Pass,KOAA,KOLKATA CHITPUR,CRJ,CHITTARANJAN,241,5.67,PUBLIC_COMMUNITY
53140,Chittranjan-KolkataChitpur Passenger,Pass,CRJ,CHITTARANJAN,KOAA,KOLKATA CHITPUR,241,5.08,PUBLIC_COMMUNITY
53152,Lalgola Ranaghat Passenger,Pass,LGL,Lalgola,RHA,Ranaghat Junction,154,3.67,PUBLIC_COMMUNITY
53153,Ranaghat Lalgola Passenger,Pass,RHA,Ranaghat Junction,LGL,Lalgola,154,4.25,PUBLIC_COMMUNITY
53154,Lalgola Ranaghat Passenger,Pass,LGL,Lalgola,RHA,Ranaghat Junction,154,3.92,PUBLIC_COMMUNITY
53155,Ranaghat Lalgola Passenger,Pass,RHA,Ranaghat Junction,LGL,Lalgola,154,3.75,PUBLIC_COMMUNITY
53156,LGL Ranaghat Passenger,Pass,LGL,Lalgola,RHA,Ranaghat Junction,154,4.57,PUBLIC_COMMUNITY
53172,Lalgola Sealdah Passenger,Pass,LGL,Lalgola,SDAH,KOLKATA SEALDAH,227,7.17,PUBLIC_COMMUNITY
53173,Sealdah Lalgola Passenger,Pass,SDAH,KOLKATA SEALDAH,LGL,Lalgola,227,5.72,PUBLIC_COMMUNITY
53174,Lalgola Sealdah Passenger,Pass,LGL,Lalgola,SDAH,KOLKATA SEALDAH,227,5.75,PUBLIC_COMMUNITY
53175,Sealdah Lalgola Passenger,Pass,SDAH,KOLKATA SEALDAH,LGL,Lalgola,227,6.3,PUBLIC_COMMUNITY
53177,Sealdah Lalgola Fast Passenger,Pass,SDAH,KOLKATA SEALDAH,LGL,Lalgola,227,5.25,PUBLIC_COMMUNITY
53178,Lalgola Sealdah Fast Passenger,Pass,LGL,Lalgola,SDAH,KOLKATA SEALDAH,227,6.75,PUBLIC_COMMUNITY
53179,Kolkata Lalgola Passenger,Pass,KOAA,KOLKATA CHITPUR,LGL,Lalgola,227,5.83,PUBLIC_COMMUNITY
53180,Lalgola Kolkata Passenger,Pass,LGL,Lalgola,SDAH,KOLKATA SEALDAH,227,6.42,PUBLIC_COMMUNITY
53181,Lalgola Passenger,Pass,SDAH,KOLKATA SEALDAH,LGL,Lalgola,227,5.92,PUBLIC_COMMUNITY
53203,Patna Buxar Passenger,Pass,PNBE,PATNA JN,BXR,BUXAR,117,3.25,PUBLIC_COMMUNITY
53204,Buxar Patna Passenger,Pass,BXR,BUXAR,PNBE,PATNA JN,117,4.75,PUBLIC_COMMUNITY
53205,Patna Buxar Passenger,Pass,PNBE,PATNA JN,BXR,BUXAR,117,4.58,PUBLIC_COMMUNITY
53206,Buxar Patna Passenger,Pass,BXR,BUXAR,PNBE,PATNA JN,117,4.92,PUBLIC_COMMUNITY
53207,Islampur Buxar Passenger,Pass,IPR,Islampur,BXR,BUXAR,181,9.17,PUBLIC_COMMUNITY
53214,Mughal Sarai Buxar Passenger,Pass,MGS,MUGHAL SARAI JN,BXR,BUXAR,94,3.33,PUBLIC_COMMUNITY
53216,Mughal Sarai Buxar Passenger,Pass,MGS,MUGHAL SARAI JN,BXR,BUXAR,94,3.33,PUBLIC_COMMUNITY
53218,Mughal Sarai Buxar Passenger,Pass,MGS,MUGHAL SARAI JN,BXR,BUXAR,94,3.0,PUBLIC_COMMUNITY
53219,Buxar Mughal Sarai Passenger,Pass,BXR,BUXAR,MGS,MUGHAL SARAI JN,94,3.75,PUBLIC_COMMUNITY
53227,Darbhanga-Patna Kamala Ganga Fast Passenger,Pass,DBG,DARBHANGA JN,PNBE,PATNA JN,196,6.5,PUBLIC_COMMUNITY
53228,Kamla Ganga Fast Passenger,Pass,PNBE,PATNA JN,DBG,DARBHANGA JN,197,7.5,PUBLIC_COMMUNITY
53229,Rajgir Danapur Passenger,Pass,RGD,Rajgir,DNR,DANAPUR,108,4.58,PUBLIC_COMMUNITY
53230,Danapur Rajgir Passenger,Pass,DNR,DANAPUR,RGD,Rajgir,108,4.58,PUBLIC_COMMUNITY
53231,Danapur Rajgir Passenger,Pass,DNR,DANAPUR,RGD,Rajgir,108,4.33,PUBLIC_COMMUNITY
53232,Rajgir Danapur Passenger,Pass,RGD,Rajgir,DNR,DANAPUR,108,6.0,PUBLIC_COMMUNITY
53321,ASANSOL DHANBAD PASS,Pass,ASN,ASANSOL JN,DHN,DHANBAD JN,59,1.5,PUBLIC_COMMUNITY
53322,Dhanbad-Asansol Passenger MEMU,Pass,DHN,DHANBAD JN,ASN,ASANSOL JN,59,1.42,PUBLIC_COMMUNITY
53343,NSCB GOMOH - CHOPAN Passenger,Pass,GMO,GOMOH JN,CPU,CHOPAN,455,13.92,PUBLIC_COMMUNITY
53344,CHOPAN - NSCB GOMOH Passenger,Pass,CPU,CHOPAN,GMO,GOMOH JN,455,12.83,PUBLIC_COMMUNITY
53345,CHOPAN - ALLAHABAD Passenger,Pass,CPU,CHOPAN,ALD,ALLAHABAD JN,223,7.67,PUBLIC_COMMUNITY
53346,ALLAHABAD - CHOPAN Passenger,Pass,ALD,ALLAHABAD JN,CPU,CHOPAN,223,7.92,PUBLIC_COMMUNITY
13071,Jamalpur Express,Exp,HWH,HOWRAH JN,JMP,JAMALPUR JN,467,9.58,PUBLIC_COMMUNITY
18235,Bilaspur Express Cum Passenger,Exp,BPL,BHOPAL JN,BSP,BILASPUR JN,717,22.08,PUBLIC_COMMUNITY
18409,Sri Jagannath Express,Exp,HWH,HOWRAH JN,PURI,PURI,502,9.67,PUBLIC_COMMUNITY
18645,East Coast Express,Exp,HWH,HOWRAH JN,HYB,HYDERABAD DECCAN,1592,30.75,PUBLIC_COMMUNITY
19306,Shipra Express,Exp,HWH,HOWRAH JN,INDB,INDORE JN BG,1754,31.92,PUBLIC_COMMUNITY
22308,Bikaner-Howrah SF Express,SF,BKN,BIKANER JN,HWH,HOWRAH JN,1882,33.25,PUBLIC_COMMUNITY
23040,Rajgir Howrah Passenger,Pass,RGD,Rajgir,HWH,HOWRAH JN,552,14.0,PUBLIC_COMMUNITY
37355,Howrah-Tarakeswar Local,MEMU,HWH,HOWRAH JN,TAK,Tarakeswar,57,1.5,PUBLIC_COMMUNITY
38442,Panskura Howrah EMU,MEMU,PKU,PANSKURA,HWH,HOWRAH JN,71,1.92,PUBLIC_COMMUNITY
43891,Avadi Pattabiram East EMU,MEMU,AVD,AVADI,PRES,Pattabiram East,10,0.33,PUBLIC_COMMUNITY
51816,Agra Jhansi Passenger,Pass,AGC,AGRA CANTT,JHS,JHANSI JN,216,6.0,PUBLIC_COMMUNITY
53049,Howrah Mokameh Passenger,Pass,HWH,HOWRAH JN,MKA,MOKAMEH JN,455,12.33,PUBLIC_COMMUNITY
53323,SINDRI TOWN DHANBAD PASSSENGE,Pass,SNDT,Sindri Town,DHN,DHANBAD JN,27,1.58,PUBLIC_COMMUNITY
53324,Dhanbad Sindri Town Passenger,Pass,DHN,DHANBAD JN,SNDT,Sindri Town,27,0.92,PUBLIC_COMMUNITY
53325,Sindri Town Dhanbad Passenger,Pass,SNDT,Sindri Town,DHN,DHANBAD JN,27,1.08,PUBLIC_COMMUNITY
53326,Dhanbad Sindri Town Passenger,Pass,DHN,DHANBAD JN,SNDT,Sindri Town,27,1.08,PUBLIC_COMMUNITY
53327,Sindri Town Gomoh Passenger,Pass,SNDT,Sindri Town,GMO,GOMOH JN,56,2.42,PUBLIC_COMMUNITY
53328,Gomoh Sindri Town Passenger,Pass,GMO,GOMOH JN,SNDT,Sindri Town,56,1.92,PUBLIC_COMMUNITY
53333,Sindri Town Dhanbad Passenger,Pass,SNDT,Sindri Town,DHN,DHANBAD JN,27,1.08,PUBLIC_COMMUNITY
53334,DHANBAD SINDRI TOWN PASSENGER,Pass,DHN,DHANBAD JN,SNDT,Sindri Town,27,1.08,PUBLIC_COMMUNITY
53336,Ranchi Dhanbad Passenger,Pass,RNC,RANCHI,DHN,DHANBAD JN,161,5.67,PUBLIC_COMMUNITY
53337,Garhbeta Ranchi Passenger,Pass,GBA,GARHBETA,RNC,RANCHI,269,6.0,PUBLIC_COMMUNITY
53338,Ranchi Garhbeta Passenger,Pass,RNC,RANCHI,GBA,GARHBETA,269,6.0,PUBLIC_COMMUNITY
53339,Dhanbad Chandrapura Passenger,Pass,DHN,DHANBAD JN,CRP,CHANDRAPURA,34,1.83,PUBLIC_COMMUNITY
53340,Chandrapura Dhanbad Passenger,Pass,CRP,CHANDRAPURA,DHN,DHANBAD JN,34,1.75,PUBLIC_COMMUNITY
53341,Dhanbad-Muri Passenger,Pass,DHN,DHANBAD JN,MURI,MURI,101,5.08,PUBLIC_COMMUNITY
53342,Muri-Dhanbad Passenger,Pass,MURI,MURI,DHN,DHANBAD JN,101,4.5,PUBLIC_COMMUNITY
53347,Gomoh Barwadih Passenger,Pass,GMO,GOMOH JN,BRWD,BARWADIH JN,255,7.0,PUBLIC_COMMUNITY
53348,Barwadih Gomoh Passenger,Pass,BRWD,BARWADIH JN,GMO,GOMOH JN,255,8.0,PUBLIC_COMMUNITY
53350,Dehri on Sone Barwadih Passenger,Pass,DOS,DEHRI ON SONE,BRWD,BARWADIH JN,164,4.17,PUBLIC_COMMUNITY
53351,Barwadih-Chunar Passenger,Pass,BRWD,BARWADIH JN,CAR,CHUNAR,303,8.92,PUBLIC_COMMUNITY
53352,Chunar Chopan Passenger,Pass,CAR,CHUNAR,CPU,CHOPAN,103,3.17,PUBLIC_COMMUNITY
53358,Dehari On Sone - Barkakana Passenger,Pass,DOS,DEHRI ON SONE,BRKA,BARKAKANA,319,8.25,PUBLIC_COMMUNITY
53359,Gomoh Barka Kana Passenger,Pass,GMO,GOMOH JN,BRKA,BARKAKANA,100,3.33,PUBLIC_COMMUNITY
53360,Barkakana-NSBC Gomoh Passenger,Pass,BRKA,BARKAKANA,GMO,GOMOH JN,100,3.33,PUBLIC_COMMUNITY
53361,Barka Kana Varanasi Passenger,Pass,BRKA,BARKAKANA,BSB,VARANASI JN,456,12.37,PUBLIC_COMMUNITY
53362,Varanasi-Barkakana Passenger,Pass,BSB,VARANASI JN,BRKA,BARKAKANA,456,13.0,PUBLIC_COMMUNITY
53364,Dehri On Sone Gaya Passenger,Pass,DOS,DEHRI ON SONE,GAYA,GAYA JN,85,2.17,PUBLIC_COMMUNITY
53401,Sahibganj- Malda Town Passenger,Pass,SBG,SAHIBGANJ JN,MLDT,MALDA TOWN,105,3.25,PUBLIC_COMMUNITY
53402,Malda Town- Sahibganj Passenger,Pass,MLDT,MALDA TOWN,SBG,SAHIBGANJ JN,106,3.5,PUBLIC_COMMUNITY
53403,Rampurhat Gaya Passenger,Pass,RPH,RAMPUR HAT,GAYA,GAYA JN,435,17.33,PUBLIC_COMMUNITY
53406,Sahibganj- Rampurhat Passenger,Pass,SBG,SAHIBGANJ JN,RPH,RAMPUR HAT,133,4.08,PUBLIC_COMMUNITY
53412,Sahibganj Barharwa Passenger,Pass,SBG,SAHIBGANJ JN,BHW,BARHARWA JN,53,1.42,PUBLIC_COMMUNITY
53417,Barddhaman MaldaTown Passenger,Pass,BWN,BARDDHAMAN JN,MLDT,MALDA TOWN,233,6.0,PUBLIC_COMMUNITY
53418,Malda Town Barddhaman Passenger,Pass,MLDT,MALDA TOWN,BWN,BARDDHAMAN JN,233,6.67,PUBLIC_COMMUNITY
53551,Jasidih-Dumka Passenger,Pass,JSME,JASIDIH JN,DUMK,Dumka,72,1.75,PUBLIC_COMMUNITY
53553,Jasidih-Dumka Passenger,Pass,JSME,JASIDIH JN,DUMK,Dumka,72,1.75,PUBLIC_COMMUNITY
53567,asansol jhajha mEMU,Pass,ASN,ASANSOL JN,JAJ,JHAJHA,155,3.33,PUBLIC_COMMUNITY
11055,MUMBAI LTT - GORAKHPUR Exp,Exp,LTT,LOKMANYA TILAK TERM,GKP,GORAKHPUR JN,1733,33.33,PUBLIC_COMMUNITY
11107,Gwalior-Varanasi Bundelkhand Express,Exp,GWL,GWALIOR JN,BSB,VARANASI JN,624,14.17,PUBLIC_COMMUNITY
15270,AHMEDABAD - MUZAFFARPUR Jan Sadharan Exp,Exp,ADI,AHMEDABAD JN,MFP,MUZAFFARPUR JN,1752,35.75,PUBLIC_COMMUNITY
16519,JOLARPETTAI - BANGALORE Exp,Exp,JTJ,JOLARPETTAI,SBC,BANGALORE CITY JN,145,3.58,PUBLIC_COMMUNITY
32252,Dankuni Sealdah Local,MEMU,DKAE,DANKUNI,SDAH,KOLKATA SEALDAH,22,0.73,PUBLIC_COMMUNITY
51253,Amla Chhindwara Passenger,Pass,AMLA,AMLA JN,CWA,Chhindwara Junction,115,4.0,PUBLIC_COMMUNITY
51882,Agra Gwalior Fast Passenger,Pass,AGC,AGRA CANTT,GWL,GWALIOR JN,118,2.67,PUBLIC_COMMUNITY
52173,Gwalior Sabalgarh Passenger,Pass,GWL,GWALIOR JN,SBL,Sabalgarh,92,4.67,PUBLIC_COMMUNITY
53442,Bhagalpur Mandar Hill Passenger,Pass,BGP,BHAGALPUR,MDLE,Mandar Hill,0,2.08,PUBLIC_COMMUNITY
53481,Tinpahar Rajmahal Pass,Pass,TPH,TINPAHAR JN,RJL,Rajmahal,11,0.42,PUBLIC_COMMUNITY
53482,Rajmahal Tinpahar Passenger,Pass,RJL,Rajmahal,TPH,TINPAHAR JN,11,0.42,PUBLIC_COMMUNITY
53483,Tinpahar Rajmahal Pass,Pass,TPH,TINPAHAR JN,RJL,Rajmahal,11,0.47,PUBLIC_COMMUNITY
53484,Rajmahal Tinpahar Passenger,Pass,RJL,Rajmahal,TPH,TINPAHAR JN,11,0.42,PUBLIC_COMMUNITY
53485,Tinpahar Rajmahal Pass,Pass,TPH,TINPAHAR JN,RJL,Rajmahal,11,0.47,PUBLIC_COMMUNITY
53487,Tinpahar Rajmahal Pass,Pass,TPH,TINPAHAR JN,RJL,Rajmahal,11,0.42,PUBLIC_COMMUNITY
53490,Rajmahal Tinpahar Passenger,Pass,RJL,Rajmahal,TPH,TINPAHAR JN,11,0.47,PUBLIC_COMMUNITY
53491,Tinpahar Rajmahal Pass,Pass,TPH,TINPAHAR JN,RJL,Rajmahal,11,0.42,PUBLIC_COMMUNITY
53492,Rajmahal Tinpahar Passenger,Pass,RJL,Rajmahal,TPH,TINPAHAR JN,11,0.42,PUBLIC_COMMUNITY
53493,Tinpahar Rajmahal Pass,Pass,TPH,TINPAHAR JN,RJL,Rajmahal,11,0.42,PUBLIC_COMMUNITY
53494,Rajmahal-Teenpahar Pass.,Pass,RJL,Rajmahal,TPH,TINPAHAR JN,11,0.42,PUBLIC_COMMUNITY
53511,Madhupur Giridih Pass,Pass,MDP,MADHUPUR JN,GRD,Giridih,38,1.17,PUBLIC_COMMUNITY
53512,GIRIDIH MADHUPUR PASS,Pass,GRD,Giridih,MDP,MADHUPUR JN,38,0.92,PUBLIC_COMMUNITY
53513,MADHUPUR GIRIDIH PASS,Pass,MDP,MADHUPUR JN,GRD,Giridih,36,1.0,PUBLIC_COMMUNITY
53514,Giridih-Madhupur Passenger,Pass,GRD,Giridih,MDP,MADHUPUR JN,36,1.0,PUBLIC_COMMUNITY
53517,MADHUPUR GIRIDIH PASS,Pass,MDP,MADHUPUR JN,GRD,Giridih,38,1.0,PUBLIC_COMMUNITY
53518,GIRIDIH MADHUPUR PASS,Pass,GRD,Giridih,MDP,MADHUPUR JN,38,0.92,PUBLIC_COMMUNITY
53519,MADHUPUR GIRIDIH PASS,Pass,MDP,MADHUPUR JN,GRD,Giridih,38,0.92,PUBLIC_COMMUNITY
53520,Giridih-Madhupur Passenger,Pass,GRD,Giridih,MDP,MADHUPUR JN,36,0.92,PUBLIC_COMMUNITY
53547,Andal-Jasidih Passenger,Pass,UDL,ANDAL JN,STN,SITARAMPUR,34,1.58,PUBLIC_COMMUNITY
53548,Jasidih Andal Passenger,Pass,JSME,JASIDIH JN,UDL,ANDAL JN,136,4.0,PUBLIC_COMMUNITY
53552,Dumka-Jasidih Passenger,Pass,DUMK,Dumka,JSME,JASIDIH JN,72,1.75,PUBLIC_COMMUNITY
53554,Dumka-Jasidih Passenger,Pass,DUMK,Dumka,JSME,JASIDIH JN,72,1.75,PUBLIC_COMMUNITY
53602,Dehri On Sone Gaya Passenger,Pass,DOS,DEHRI ON SONE,GAYA,GAYA JN,85,2.25,PUBLIC_COMMUNITY
53603,Gaya Dehri On Sone Passenger,Pass,GAYA,GAYA JN,DOS,DEHRI ON SONE,85,2.42,PUBLIC_COMMUNITY
53604,Dehri-on-Sone Gaya Passenger,Pass,DOS,DEHRI ON SONE,GAYA,GAYA JN,85,2.25,PUBLIC_COMMUNITY
53607,Gaya Dehri on Sone Passenger,Pass,GAYA,GAYA JN,DOS,DEHRI ON SONE,85,2.08,PUBLIC_COMMUNITY
53641,Dildarnagar Mughal Sarai Passenger,Pass,DLN,DILDARNAGAR JN,MGS,MUGHAL SARAI JN,58,2.92,PUBLIC_COMMUNITY
53643,Dildarnagar Tarighat Passenger,Pass,DLN,DILDARNAGAR JN,TRG,Tarighat,19,0.83,PUBLIC_COMMUNITY
53644,Tarighat Dildarnagar Passenger,Pass,TRG,Tarighat,DLN,DILDARNAGAR JN,19,0.92,PUBLIC_COMMUNITY
53645,Dildarnagar Tarighat Passenger,Pass,DLN,DILDARNAGAR JN,TRG,Tarighat,19,0.83,PUBLIC_COMMUNITY
53646,Tarighat Dildarnagar Passenger,Pass,TRG,Tarighat,DLN,DILDARNAGAR JN,19,0.75,PUBLIC_COMMUNITY
53647,Dildarnagar Tarighat Passenger,Pass,DLN,DILDARNAGAR JN,TRG,Tarighat,19,0.75,PUBLIC_COMMUNITY
54001,Tilak Bridge Rohtak Shuttle,Pass,TKJ,TILAK BRIDGE,ROK,ROHTAK JN,73,2.58,PUBLIC_COMMUNITY
54002,Rohtak Tilak Bridge Passenger,Pass,ROK,ROHTAK JN,TKJ,TILAK BRIDGE,73,2.48,PUBLIC_COMMUNITY
54011,Rewari Passenger,Pass,TKJ,TILAK BRIDGE,RE,REWARI,86,3.03,PUBLIC_COMMUNITY
54012,Rewari Tilak Bridge Passenger,Pass,RE,REWARI,TKJ,TILAK BRIDGE,86,3.08,PUBLIC_COMMUNITY
54022,Tilak Bridge Delhi Bulandshahr Passenger,Pass,TKJ,TILAK BRIDGE,BSC,Bulandshahr,124,3.62,PUBLIC_COMMUNITY
57517,Hyderabad-Tandur Passenger,Pass,HYB,HYDERABAD DECCAN,TDU,TANDUR,116,2.67,PUBLIC_COMMUNITY
19916,Ahmedabad Mahesana InterCity,Exp,ADI,AHMEDABAD JN,MSH,MAHESANA JN,69,2.08,PUBLIC_COMMUNITY
53036,Barharwa Azimganj Passenger,Pass,BHW,BARHARWA JN,AZ,AZIMGANJ JN,94,2.83,PUBLIC_COMMUNITY
53609,Dehri on Sone Mughal Sarai Passenger,Pass,DOS,DEHRI ON SONE,MGS,MUGHAL SARAI JN,120,3.0,PUBLIC_COMMUNITY
53611,Barwadih Dehri on Sone Passenger,Pass,BRWD,BARWADIH JN,DOS,DEHRI ON SONE,164,4.5,PUBLIC_COMMUNITY
53612,Dehri on Sone Barwadih Passenger,Pass,DOS,DEHRI ON SONE,BRWD,BARWADIH JN,164,4.75,PUBLIC_COMMUNITY
53614,Mughal Sarai Gaya Fast Passenger,Pass,MGS,MUGHAL SARAI JN,GAYA,GAYA JN,205,5.0,PUBLIC_COMMUNITY
53616,GAYA JAMALPUR PASS,Pass,GAYA,GAYA JN,JMP,JAMALPUR JN,183,6.42,PUBLIC_COMMUNITY
53623,JHAJHA - GAYA Passenger,Pass,JAJ,JHAJHA,GAYA,GAYA JN,182,7.42,PUBLIC_COMMUNITY
53624,GAYA - JHAJHA Passenger,Pass,GAYA,GAYA JN,JAJ,JHAJHA,182,7.08,PUBLIC_COMMUNITY
53625,Kiul Gaya Passenger,Pass,KIUL,KIUL JN,GAYA,GAYA JN,129,5.17,PUBLIC_COMMUNITY
53626,Gaya Kiul Passenger,Pass,GAYA,GAYA JN,KIUL,KIUL JN,129,4.83,PUBLIC_COMMUNITY
53627,Kiul Gaya Passenger,Pass,KIUL,KIUL JN,GAYA,GAYA JN,129,4.42,PUBLIC_COMMUNITY
53628,Gaya Kiul Passenger,Pass,GAYA,GAYA JN,KIUL,KIUL JN,129,5.75,PUBLIC_COMMUNITY
53629,Kiul Gaya Passenger,Pass,KIUL,KIUL JN,GAYA,GAYA JN,129,4.75,PUBLIC_COMMUNITY
53630,Gaya Kiul Passenger,Pass,GAYA,GAYA JN,KIUL,KIUL JN,129,4.72,PUBLIC_COMMUNITY
53631,Kiul Gaya Passenger,Pass,KIUL,KIUL JN,GAYA,GAYA JN,129,4.08,PUBLIC_COMMUNITY
53632,Gaya Kiul Passenger,Pass,GAYA,GAYA JN,KIUL,KIUL JN,129,4.58,PUBLIC_COMMUNITY
53642,Mughal Sarai Dildarnagar Passenger,Pass,MGS,MUGHAL SARAI JN,DLN,DILDARNAGAR JN,58,1.58,PUBLIC_COMMUNITY
53648,Tarighat Dildarnagar Passenger,Pass,TRG,Tarighat,DLN,DILDARNAGAR JN,19,0.75,PUBLIC_COMMUNITY
53653,Patna Gaya Passenger,Pass,PNBE,PATNA JN,GAYA,GAYA JN,92,3.25,PUBLIC_COMMUNITY
53654,Gaya Patna Passenger MEMU,Pass,GAYA,GAYA JN,PNBE,PATNA JN,92,3.25,PUBLIC_COMMUNITY
53659,Patna-Sasaram Passenger,Pass,PNBE,PATNA JN,SSM,SASARAM,146,4.83,PUBLIC_COMMUNITY
54003,H Nizamuddin Kosi Kalan,Pass,KSV,KOSI KALAN,NZM,DELHI H NIZAMUDDIN,93,3.33,PUBLIC_COMMUNITY
54004,H Nizamuddin Kosi Kalan,Pass,NZM,DELHI H NIZAMUDDIN,KSV,KOSI KALAN,93,2.17,PUBLIC_COMMUNITY
54006,JIND - ROHTAK  Passenger (UnReserved),Pass,JIND,JIND JN,ROK,ROHTAK JN,141,4.5,PUBLIC_COMMUNITY
54007,ROHTAK - PANIPAT - JIND Passenger (UnReserved),Pass,ROK,ROHTAK JN,JIND,JIND JN,141,4.25,PUBLIC_COMMUNITY
54008,JIND - ROHTAK PASSENGER,Pass,JIND,JIND JN,ROK,ROHTAK JN,141,4.17,PUBLIC_COMMUNITY
54009,JIND - ROHTAK PASSENGER,Pass,ROK,ROHTAK JN,JIND,JIND JN,141,4.83,PUBLIC_COMMUNITY
54013,Rohtak Bhiwani Passenger,Pass,ROK,ROHTAK JN,BNW,Bhiwani,49,1.08,PUBLIC_COMMUNITY
54014,Bhiwani Rohtak Passenger,Pass,BNW,Bhiwani,ROK,ROHTAK JN,49,1.83,PUBLIC_COMMUNITY
54015,Rohtak Bhiwani Passenger,Pass,ROK,ROHTAK JN,BNW,Bhiwani,49,1.42,PUBLIC_COMMUNITY
54016,Bhiwani Rohtak Passenger,Pass,BNW,Bhiwani,ROK,ROHTAK JN,49,1.08,PUBLIC_COMMUNITY
54018,Bhiwani Rohtak Passenger,Pass,BNW,Bhiwani,ROK,ROHTAK JN,49,1.33,PUBLIC_COMMUNITY
54021,Tilak Bridge Passenger,Pass,BSC,Bulandshahr,NDLS,NEW DELHI,101,3.55,PUBLIC_COMMUNITY
54023,Rohtak Jind Passenger,Pass,ROK,ROHTAK JN,JIND,JIND JN,57,1.42,PUBLIC_COMMUNITY
54024,Jind Delhi Passenger,Pass,JIND,JIND JN,DLI,OLD DELHI,127,4.25,PUBLIC_COMMUNITY
54043,Jind Sirsa Passenger,Pass,JIND,JIND JN,SSA,Sirsa,245,6.33,PUBLIC_COMMUNITY
54044,Sirsa Jind Passenger,Pass,SSA,Sirsa,JIND,JIND JN,245,8.42,PUBLIC_COMMUNITY
54045,Jind Firozpur Passenger,Pass,JIND,JIND JN,FZR,FIROZPUR CANT,258,9.17,PUBLIC_COMMUNITY
54046,Jind Firozpur Passenger,Pass,FZR,FIROZPUR CANT,JIND,JIND JN,258,9.0,PUBLIC_COMMUNITY
54051,Ludhiana Firozpur Passenger,Pass,LDH,LUDHIANA JN,FZR,FIROZPUR CANT,124,2.92,PUBLIC_COMMUNITY
54052,Ludhiana Firozpur Passenger,Pass,FZR,FIROZPUR CANT,LDH,LUDHIANA JN,124,2.83,PUBLIC_COMMUNITY
54053,Jakhal Ludhiana Passenger,Pass,JHL,JAKHAL JN,LDH,LUDHIANA JN,129,3.17,PUBLIC_COMMUNITY
54054,Ludhiana Jakhal Passenger,Pass,LDH,LUDHIANA JN,JHL,JAKHAL JN,129,3.33,PUBLIC_COMMUNITY
54077,Bareilly Delhi Passenger,Pass,BE,BAREILLY,DLI,OLD DELHI,274,9.92,PUBLIC_COMMUNITY
54078,Shajahanpur Passenger Slip Ex Bareilly,Pass,DLI,OLD DELHI,BE,BAREILLY,274,9.25,PUBLIC_COMMUNITY
54091,Najibabad Kotdwara Pass,Pass,NBD,NAJIBABAD JN,KTW,KOTDWARA,24,0.75,PUBLIC_COMMUNITY
54104,Mughal Sarai Allahabad Passenger,Pass,ALD,ALLAHABAD JN,CAR,CHUNAR,120,3.17,PUBLIC_COMMUNITY
54031,DELHI - JIND PASSENGER,Pass,DLI,OLD DELHI,JIND,JIND JN,127,4.0,PUBLIC_COMMUNITY
54032,JIND - DELHI PASSENGER,Pass,JIND,JIND JN,DLI,OLD DELHI,127,3.83,PUBLIC_COMMUNITY
54033,OLD DELHI - NARWANA Pass,Pass,DLI,OLD DELHI,NRW,NARWANA JN,127,4.42,PUBLIC_COMMUNITY
54034,JIND - DELHI Pass,Pass,JIND,JIND JN,DLI,OLD DELHI,127,3.83,PUBLIC_COMMUNITY
54035,DELHI  - JAKHAL PASSENGER,Pass,DLI,OLD DELHI,JHL,JAKHAL JN,199,6.17,PUBLIC_COMMUNITY
54036,JAKHAL - DELHI PASSENGER,Pass,JHL,JAKHAL JN,DLI,OLD DELHI,199,6.33,PUBLIC_COMMUNITY
54037,Kurukshetra Jind Passenger,Pass,KKDE,KURUKSHETRA JN,JIND,JIND JN,126,3.42,PUBLIC_COMMUNITY
54038,Jind Kurukshetra Passenger,Pass,JIND,JIND JN,KKDE,KURUKSHETRA JN,126,3.08,PUBLIC_COMMUNITY
54039,Kurukshetra Jind Passenger,Pass,KKDE,KURUKSHETRA JN,JIND,JIND JN,126,3.25,PUBLIC_COMMUNITY
54040,Jind Kurukshetra Passenger,Pass,JIND,JIND JN,KKDE,KURUKSHETRA JN,126,3.08,PUBLIC_COMMUNITY
54041,Kurukshetra Jind Passenger,Pass,KKDE,KURUKSHETRA JN,JIND,JIND JN,126,3.08,PUBLIC_COMMUNITY
54042,Jind Kurukshetra Passenger,Pass,JIND,JIND JN,KKDE,KURUKSHETRA JN,126,3.08,PUBLIC_COMMUNITY
54047,Jind Kurukshetra Passenger,Pass,KKDE,KURUKSHETRA JN,JIND,JIND JN,126,2.75,PUBLIC_COMMUNITY
54048,Jind Nrw Kurukshetra Passenger,Pass,JIND,JIND JN,KKDE,KURUKSHETRA JN,126,3.33,PUBLIC_COMMUNITY
54049,ROHTAK - JIND PASSENGER,Pass,ROK,ROHTAK JN,JIND,JIND JN,141,4.33,PUBLIC_COMMUNITY
54050,ROHTAK - JIND PASSENGER,Pass,JIND,JIND JN,ROK,ROHTAK JN,141,4.17,PUBLIC_COMMUNITY
54055,Moradabad Delhi Passenger,Pass,MB,MORADABAD,DLI,OLD DELHI,164,4.75,PUBLIC_COMMUNITY
54057,Delhi Shamli Passenger,Pass,DLI,OLD DELHI,SMQL,SHAMLI,94,3.42,PUBLIC_COMMUNITY
54058,Shamli Delhi Passenger,Pass,SMQL,SHAMLI,DLI,OLD DELHI,94,3.25,PUBLIC_COMMUNITY
54059,Delhi Shamli Passenger,Pass,DLI,OLD DELHI,SMQL,SHAMLI,94,2.58,PUBLIC_COMMUNITY
54060,Shamli Delhi Passenger,Pass,SMQL,SHAMLI,DLI,OLD DELHI,94,3.5,PUBLIC_COMMUNITY
54071,Hoshiarpur Jalandhar DMU,Pass,HSX,Hoshiarpur,JUC,JALANDHAR CITY,43,1.17,PUBLIC_COMMUNITY
54072,Jalandhar Hoshiarpur DMU,Pass,JUC,JALANDHAR CITY,HSX,Hoshiarpur,43,1.42,PUBLIC_COMMUNITY
54075,Sitapur Delhi Passenger,Pass,SPC,SITAPUR CITY,DLI,OLD DELHI,409,13.0,PUBLIC_COMMUNITY
54076,Delhi - Sitapur Cant Passenger,Pass,DLI,OLD DELHI,SPC,SITAPUR CITY,409,13.92,PUBLIC_COMMUNITY
54085,Delhi Rewari Pass,Pass,DLI,OLD DELHI,RE,REWARI,82,2.58,PUBLIC_COMMUNITY
54086,Rewari Delhi Pass,Pass,RE,REWARI,DLI,OLD DELHI,82,3.25,PUBLIC_COMMUNITY
54102,Kanpur Allahabad Passenger,Pass,CNB,KANPUR CENTRAL,ALD,ALLAHABAD JN,214,7.17,PUBLIC_COMMUNITY
54105,Mughalsarai Allahabad Passenger,Pass,MGS,MUGHAL SARAI JN,ALD,ALLAHABAD JN,152,4.25,PUBLIC_COMMUNITY
54106,Allahabad Mughal Sarai Passenger,Pass,ALD,ALLAHABAD JN,MGS,MUGHAL SARAI JN,152,4.0,PUBLIC_COMMUNITY
54107,Allahabad Jaunpur Passenger,Pass,ALD,ALLAHABAD JN,JNU,JAUNPUR JN,113,4.58,PUBLIC_COMMUNITY
54108,Allahabad Jaunpur Passenger,Pass,JNU,JAUNPUR JN,ALD,ALLAHABAD JN,113,5.0,PUBLIC_COMMUNITY
54109,Mughal Sarai Faizabad Passenger,Pass,MGS,MUGHAL SARAI JN,FD,FAIZABAD JN,223,6.83,PUBLIC_COMMUNITY
54157,Jhansi Kanpur Passenger,Pass,JHS,JHANSI JN,CNB,KANPUR CENTRAL,222,6.08,PUBLIC_COMMUNITY
54158,Kanpur Jhansi Passenger,Pass,CNB,KANPUR CENTRAL,JHS,JHANSI JN,214,5.95,PUBLIC_COMMUNITY
54160,Banda Jhansi Passenger,Pass,BNDA,BANDA JN,JHS,JHANSI JN,191,4.42,PUBLIC_COMMUNITY
54192,Kila Hathras Passenger,Pass,HRF,Hathras Kila,HRS,HATHRAS JN,9,0.42,PUBLIC_COMMUNITY
54193,Hathras Kila Passenger,Pass,HRS,HATHRAS JN,HRF,Hathras Kila,9,0.42,PUBLIC_COMMUNITY
54221,RBL RAGHURAJ SINGH PASS,Pass,RBL,RAE BARELI JN,RRS,Raghuraj Singh,56,1.92,PUBLIC_COMMUNITY
54223,RBL RAGHURAJ SINGH PASS,Pass,RBL,RAE BARELI JN,RRS,Raghuraj Singh,56,2.33,PUBLIC_COMMUNITY
54226,Raibareli Unchahar Passenger,Pass,RBL,RAE BARELI JN,UCR,Unchahar Junction,38,0.83,PUBLIC_COMMUNITY
54232,Lucknow-Faizabad Passenger,Pass,LKO,LUCKNOW,FD,FAIZABAD JN,127,3.75,PUBLIC_COMMUNITY
54234,Lucknow Faizabad Passenger,Pass,LKO,LUCKNOW,FD,FAIZABAD JN,127,3.58,PUBLIC_COMMUNITY
54239,Mankapur Faizabad Passenger,Pass,MUR,MANKAPUR JN,AY,AYODHYA,37,1.08,PUBLIC_COMMUNITY
54243,Mankapur Ayodhya Passenger,Pass,MUR,MANKAPUR JN,AY,AYODHYA,37,1.17,PUBLIC_COMMUNITY
54251,Lucknow Saharanpur Passenger,Pass,LKO,LUCKNOW,SRE,SAHARANPUR,519,18.58,PUBLIC_COMMUNITY
54254,Lucknow Pratapgarh,Pass,LKO,LUCKNOW,PRG,PRAYAG,225,7.83,PUBLIC_COMMUNITY
54271,Arrah-Sasaram-Mughal Sarai Passenger,Pass,ARA,ARA,MGS,MUGHAL SARAI JN,198,6.33,PUBLIC_COMMUNITY
53138,Barharwa- Rampurhat Passenger,Pass,BHW,BARHARWA JN,RPH,RAMPUR HAT,79,2.17,PUBLIC_COMMUNITY
54110,Faizabad Mughal Sarai Passenger,Pass,FD,FAIZABAD JN,MGS,MUGHAL SARAI JN,223,6.58,PUBLIC_COMMUNITY
54151,Fatehpur Kanpur Passenger,Pass,FTP,FATEHPUR,CNB,KANPUR CENTRAL,77,2.33,PUBLIC_COMMUNITY
54152,Kanpur Fatehpur Passenger,Pass,CNB,KANPUR CENTRAL,FTP,FATEHPUR,77,2.67,PUBLIC_COMMUNITY
54153,Rae Bareli Kanpur Passenger,Pass,RBL,RAE BARELI JN,CNB,KANPUR CENTRAL,167,5.83,PUBLIC_COMMUNITY
54154,Kanpur Rae Bareli Passenger,Pass,CNB,KANPUR CENTRAL,RBL,RAE BARELI JN,167,6.13,PUBLIC_COMMUNITY
54155,Manikpur Kanpur Passenger,Pass,MKP,MANIKPUR JN,CNB,KANPUR CENTRAL,267,6.58,PUBLIC_COMMUNITY
54156,Kanpur Manikpur Passenger,Pass,CNB,KANPUR CENTRAL,MKP,MANIKPUR JN,259,6.4,PUBLIC_COMMUNITY
54211,Rae Bareli Kanpur Passenger,Pass,RBL,RAE BARELI JN,CNB,KANPUR CENTRAL,127,5.42,PUBLIC_COMMUNITY
54212,Kanpur Rae Bareli Passenger,Pass,CNB,KANPUR CENTRAL,RBL,RAE BARELI JN,189,4.42,PUBLIC_COMMUNITY
54222,Lalganj Dalmau Rai Bareli Passenger,Pass,RRS,Raghuraj Singh,RBL,RAE BARELI JN,56,1.75,PUBLIC_COMMUNITY
54224,LalGanj Rae Bareli Passenger,Pass,RRS,Raghuraj Singh,RBL,RAE BARELI JN,56,1.83,PUBLIC_COMMUNITY
54225,Unchahar Raebareli Shuttle,Pass,UCR,Unchahar Junction,RBL,RAE BARELI JN,38,0.83,PUBLIC_COMMUNITY
54227,Unchahar Raebareli Shuttle,Pass,UCR,Unchahar Junction,RBL,RAE BARELI JN,38,1.25,PUBLIC_COMMUNITY
54228,Raibareli Unchahar Passenger,Pass,RBL,RAE BARELI JN,UCR,Unchahar Junction,38,0.83,PUBLIC_COMMUNITY
54233,Faizabad Lucknow Passenger,Pass,FD,FAIZABAD JN,LKO,LUCKNOW,127,3.92,PUBLIC_COMMUNITY
54237,Mankapur Ayodhya Passenger,Pass,MUR,MANKAPUR JN,FD,FAIZABAD JN,43,1.58,PUBLIC_COMMUNITY
54238,Faizabad Mankapur Passenger,Pass,FD,FAIZABAD JN,MUR,MANKAPUR JN,43,1.42,PUBLIC_COMMUNITY
54240,Ayodhya Mankapur Passenger,Pass,AY,AYODHYA,MUR,MANKAPUR JN,37,1.33,PUBLIC_COMMUNITY
54244,Ayodhya Mankapur Passenger,Pass,AY,AYODHYA,MUR,MANKAPUR JN,37,1.0,PUBLIC_COMMUNITY
54252,Saharanpur Lucknow Passenger,Pass,SRE,SAHARANPUR,LKO,LUCKNOW,520,19.75,PUBLIC_COMMUNITY
54253,Prayag Ghat Lucknow Passenger,Pass,PRG,PRAYAG,LKO,LUCKNOW,225,9.17,PUBLIC_COMMUNITY
54255,VARANASI - LUCKNOW PASSENGER,Pass,BSB,VARANASI JN,LKO,LUCKNOW,257,14.92,PUBLIC_COMMUNITY
54256,LUCKNOW - VARANASI PASSENGER,Pass,LKO,LUCKNOW,BSB,VARANASI JN,301,9.5,PUBLIC_COMMUNITY
54262,Mughal Sarai Jaunpur Passenger,Pass,JNU,JAUNPUR JN,BSB,VARANASI JN,57,2.0,PUBLIC_COMMUNITY
54263,Varanasi Sultanpur Passenger,Pass,BSB,VARANASI JN,SLN,SULTANPUR,155,4.0,PUBLIC_COMMUNITY
54264,Sultanpur Varanasi Passenger,Pass,SLN,SULTANPUR,BSB,VARANASI JN,155,3.67,PUBLIC_COMMUNITY
54265,Varanasi Sultanpur Passenger,Pass,BSB,VARANASI JN,SLN,SULTANPUR,155,4.08,PUBLIC_COMMUNITY
54266,Sultanpur Varanasi Passenger,Pass,SLN,SULTANPUR,BSB,VARANASI JN,155,4.67,PUBLIC_COMMUNITY
54267,Mughal Sarai Varanasi Passenger,Pass,MGS,MUGHAL SARAI JN,BSB,VARANASI JN,17,0.75,PUBLIC_COMMUNITY
54270,Varanasi Mughal Sarai Passenger,Pass,BSB,VARANASI JN,MGS,MUGHAL SARAI JN,17,0.67,PUBLIC_COMMUNITY
54273,Arrah Sasaram Passenger,Pass,ARA,ARA,SSM,SASARAM,98,3.5,PUBLIC_COMMUNITY
54274,Sasaram Arrah Passenger,Pass,SSM,SASARAM,ARA,ARA,98,3.5,PUBLIC_COMMUNITY
54293,Partapgarh Lucknow Passenger,Pass,PBH,PARTAPGARH JN,LKO,LUCKNOW,173,6.08,PUBLIC_COMMUNITY
54294,Lucknow Partapgarh Passenger,Pass,LKO,LUCKNOW,PBH,PARTAPGARH JN,173,6.33,PUBLIC_COMMUNITY
54303,Delhi Kalka Passenger,Pass,DLI,OLD DELHI,KLK,Kalka,302,8.17,PUBLIC_COMMUNITY
54304,Kalka Delhi Passenger,Pass,KLK,Kalka,DLI,OLD DELHI,337,12.42,PUBLIC_COMMUNITY
54310,Rewari Delhi Passenger,Pass,RE,REWARI,DLI,OLD DELHI,82,2.83,PUBLIC_COMMUNITY
54328,Shahjehanpur Sitapur Passenger,Pass,SPN,SHAHJEHANPUR,SCC,SITAPUR CANT,92,2.92,PUBLIC_COMMUNITY
54329,Balamau Shahjahanpur Passenger,Pass,BLM,BALAMU JN,SPN,SHAHJEHANPUR,96,2.83,PUBLIC_COMMUNITY
54330,Shahjehanpur Balamu Passenger,Pass,SPN,SHAHJEHANPUR,BLM,BALAMU JN,96,2.83,PUBLIC_COMMUNITY
54331,Lucknow Balamau Passenger,Pass,LKO,LUCKNOW,BLM,BALAMU JN,69,2.0,PUBLIC_COMMUNITY
54332,Balamu Lucknow Passenger,Pass,BLM,BALAMU JN,LKO,LUCKNOW,69,1.67,PUBLIC_COMMUNITY
54334,Lucknow Varanasi Passenger,Pass,LKO,LUCKNOW,BSB,VARANASI JN,347,10.17,PUBLIC_COMMUNITY
54351,Aligarh Bareilly Passenger,Pass,ALJN,ALIGARH JN,BE,BAREILLY,167,6.5,PUBLIC_COMMUNITY
54352,Bareilly Aligarh Passenger,Pass,BE,BAREILLY,ALJN,ALIGARH JN,160,5.67,PUBLIC_COMMUNITY
54466,TUNDLA - FARRUKHABAD PASSENGER,Pass,TDL,TUNDLA JN,FBD,FARRUKHABAD,389,14.42,PUBLIC_COMMUNITY
12285,Secunderabad- Hazrat Nizamuddin Duronto Express,Drnt,SC,SECUNDERABAD JN,NZM,DELHI H NIZAMUDDIN,1660,21.08,PUBLIC_COMMUNITY
12918,Gujarat Sampark Kranti Express,SKr,NZM,DELHI H NIZAMUDDIN,ADI,AHMEDABAD JN,1085,16.5,PUBLIC_COMMUNITY
17002,Secunderabad Sainagar Shirdi Express,Exp,SC,SECUNDERABAD JN,SNSI,SAINAGAR SHIRDI,776,16.58,PUBLIC_COMMUNITY
17050-Slip,Machilipatnam Express Slip,Exp,SC,SECUNDERABAD JN,MUGR,Manuguru,331,8.33,PUBLIC_COMMUNITY
22111,Bhusaval Nagpur (Triweekly) Express,SF,BSL,BHUSAVAL JN,NGP,NAGPUR,604,10.42,PUBLIC_COMMUNITY
47172,Secunderabad Falaknuma MMTS,Hyd,SC,SECUNDERABAD JN,FM,KACHEGUDA FALAKNUMA,14,0.5,PUBLIC_COMMUNITY
47205,Secunderabad Falaknuma MMTS,Hyd,SC,SECUNDERABAD JN,FM,KACHEGUDA FALAKNUMA,14,0.5,PUBLIC_COMMUNITY
52253,Gonda Mailani Passenger,Pass,GD,GONDA JN,MLN,MAILANI,330,7.33,PUBLIC_COMMUNITY
53411,Barharwa Sahibganj Passenger,Pass,BHW,BARHARWA JN,SBG,SAHIBGANJ JN,53,1.5,PUBLIC_COMMUNITY
53608,Dehri on Sone Gaya Passenger,Pass,DOS,DEHRI ON SONE,GAYA,GAYA JN,85,1.97,PUBLIC_COMMUNITY
54231,Faizabad Lucknow Passenger,Pass,FD,FAIZABAD JN,LKO,LUCKNOW,127,3.58,PUBLIC_COMMUNITY
54272,Mughal Sarai-Sasaram-Arrah Passenger,Pass,MGS,MUGHAL SARAI JN,ARA,ARA,198,5.75,PUBLIC_COMMUNITY
54281,Sultanpur Lucknow Passenger,Pass,SLN,SULTANPUR,LKO,LUCKNOW,140,4.42,PUBLIC_COMMUNITY
54282,Lucknow Sultanpur Passenger,Pass,LKO,LUCKNOW,SLN,SULTANPUR,140,3.92,PUBLIC_COMMUNITY
54283,Sultanpur Lucknow Passenger,Pass,SLN,SULTANPUR,LKO,LUCKNOW,140,4.58,PUBLIC_COMMUNITY
54284,Lucknow Sultanpur Passenger,Pass,LKO,LUCKNOW,SLN,SULTANPUR,140,4.08,PUBLIC_COMMUNITY
54291,Varanasi Partapgarh Passenger,Pass,BSB,VARANASI JN,PBH,PARTAPGARH JN,128,4.17,PUBLIC_COMMUNITY
54292,Partapgarh Varanasi Passenger,Pass,PBH,PARTAPGARH JN,BSB,VARANASI JN,128,3.75,PUBLIC_COMMUNITY
54301,Hapur Ghaziabad Shuttle,Pass,HPU,HAPUR,GZB,GHAZIABAD,37,1.08,PUBLIC_COMMUNITY
54302,Ghaziabad Hapur Passenger,Pass,GZB,GHAZIABAD,HPU,HAPUR,37,1.33,PUBLIC_COMMUNITY
54312,Moradabad Bareilly Passenger,Pass,MB,MORADABAD,BE,BAREILLY,113,3.5,PUBLIC_COMMUNITY
54322,Sitapur Cantt Balamau Passenger,Pass,SCC,SITAPUR CANT,BLM,BALAMU JN,69,2.58,PUBLIC_COMMUNITY
54323,BURHWAL - SITAPUR CANT PASSENGER,Pass,BUW,BURHWAL,SCC,SITAPUR CANT,97,2.33,PUBLIC_COMMUNITY
54324,SITAPUR - BURHWAL Passenger,Pass,SCC,SITAPUR CANT,BUW,BURHWAL,97,2.42,PUBLIC_COMMUNITY
54325,Sitapur Kanpur DMU,Pass,SCC,SITAPUR CANT,CNB,KANPUR CENTRAL,186,8.83,PUBLIC_COMMUNITY
54326,KANPUR SITAPUR PASS,Pass,CNB,KANPUR CENTRAL,SCC,SITAPUR CANT,185,9.42,PUBLIC_COMMUNITY
54327,Sitapur Shahjehanpur Passenger,Pass,SPC,SITAPUR CITY,SPN,SHAHJEHANPUR,87,2.33,PUBLIC_COMMUNITY
54333,Varanasi Lucknow Passenger,Pass,BSB,VARANASI JN,LKO,LUCKNOW,333,12.0,PUBLIC_COMMUNITY
54335,Balamau Kanpur Passenger,Pass,BLM,BALAMU JN,CNB,KANPUR CENTRAL,117,4.58,PUBLIC_COMMUNITY
54341,Sharanpur Dehradun Passenger,Pass,SRE,SAHARANPUR,DDN,DEHRADUN,132,5.08,PUBLIC_COMMUNITY
54342,Dehradun Saharanpur Passenger,Pass,DDN,DEHRADUN,SRE,SAHARANPUR,132,4.92,PUBLIC_COMMUNITY
54354,BAREILLY - ALIGARH PASSENGER,Pass,BE,BAREILLY,ALJN,ALIGARH JN,160,5.83,PUBLIC_COMMUNITY
54355,Roza Bareilly Passenger,Pass,ROZA,ROZA JN,BE,BAREILLY,78,2.5,PUBLIC_COMMUNITY
54356,Bareilley Roza junction passenger,Pass,BE,BAREILLY,ROZA,ROZA JN,78,2.25,PUBLIC_COMMUNITY
54371,Prayag Faizabad Passenger,Pass,PRG,PRAYAG,FD,FAIZABAD JN,151,5.5,PUBLIC_COMMUNITY
54372,Faizabad Prayag Passenger,Pass,FD,FAIZABAD JN,PRG,PRAYAG,151,6.25,PUBLIC_COMMUNITY
54374,Faizabad Prayag Passenger,Pass,FD,FAIZABAD JN,PRG,PRAYAG,151,5.58,PUBLIC_COMMUNITY
54375,Prayag Jaunpur Passenger,Pass,PRG,PRAYAG,JNU,JAUNPUR JN,107,3.5,PUBLIC_COMMUNITY
54376,Jaunpur Prayag Passenger,Pass,JNU,JAUNPUR JN,PRG,PRAYAG,107,3.92,PUBLIC_COMMUNITY
54392,MORADABAD  -  ALIGARH PASSENGER,Pass,MB,MORADABAD,ALJN,ALIGARH JN,172,5.83,PUBLIC_COMMUNITY
54401,Khurja Meerut Passenger,Pass,KRJ,KHURJA JN,MTC,MEERUT CITY,94,3.33,PUBLIC_COMMUNITY
54403,Khurja Meerut Passenger,Pass,KRJ,KHURJA JN,MTC,MEERUT CITY,94,3.0,PUBLIC_COMMUNITY
54461,BANDIKUI - BAREILLY Passenger,Pass,BKI,BANDIKUI JN,BE,BAREILLY,418,14.92,PUBLIC_COMMUNITY
54462,BAREILLY - BANDIKUI Passenger,Pass,BE,BAREILLY,BKI,BANDIKUI JN,160,6.17,PUBLIC_COMMUNITY
54464,RISHIKESH - BANDIKUI Passenger,Pass,RKSH,RISHIKESH,BKI,BANDIKUI JN,579,21.83,PUBLIC_COMMUNITY
54465,FARRUKHABAD - TUNDLA PASSENGER,Pass,FBD,FARRUKHABAD,TDL,TUNDLA JN,389,14.0,PUBLIC_COMMUNITY
58838,Chhindwara Ramakon Nagpur Passenger,Pass,CWA,Chhindwara Junction,NGP,NAGPUR,148,5.83,PUBLIC_COMMUNITY
54373,Prayag Faizabad Passenger,Pass,PRG,PRAYAG,FD,FAIZABAD JN,151,5.92,PUBLIC_COMMUNITY
54377,Allahabad Passenger,Pass,PRG,PRAYAG,BE,BAREILLY,429,13.0,PUBLIC_COMMUNITY
54378,Bareilly Allahabad Passenger,Pass,BE,BAREILLY,PRG,PRAYAG,431,14.33,PUBLIC_COMMUNITY
54382,Najibabad Gajraula Passenger,Pass,NBD,NAJIBABAD JN,GJL,GAJRAULA JN,107,4.5,PUBLIC_COMMUNITY
54383,Gajraula Najibabad Passenger,Pass,GJL,GAJRAULA JN,NBD,NAJIBABAD JN,107,4.08,PUBLIC_COMMUNITY
54384,Najibabad Gajraula Passenger,Pass,NBD,NAJIBABAD JN,GJL,GAJRAULA JN,107,3.42,PUBLIC_COMMUNITY
54385,Najibabad Kotdwara Passenger,Pass,NBD,NAJIBABAD JN,KTW,KOTDWARA,24,0.75,PUBLIC_COMMUNITY
54386,Kotdwara Najibabad Passenger,Pass,KTW,KOTDWARA,NBD,NAJIBABAD JN,24,0.75,PUBLIC_COMMUNITY
54387,Najibabad Kotdwara Pass,Pass,NBD,NAJIBABAD JN,KTW,KOTDWARA,24,0.75,PUBLIC_COMMUNITY
54388,Kotdwara Najibabad Pass,Pass,KTW,KOTDWARA,NBD,NAJIBABAD JN,24,0.75,PUBLIC_COMMUNITY
54389,Najibabad Kotdwara Pass,Pass,NBD,NAJIBABAD JN,KTW,KOTDWARA,24,0.75,PUBLIC_COMMUNITY
54390,Kotdwara Najibabad Pass,Pass,KTW,KOTDWARA,NBD,NAJIBABAD JN,24,0.75,PUBLIC_COMMUNITY
54402,Meerut Khurja Passenger,Pass,MTC,MEERUT CITY,KRJ,KHURJA JN,94,3.83,PUBLIC_COMMUNITY
54405,Khurja Meerut Passenger,Pass,KRJ,KHURJA JN,MTC,MEERUT CITY,94,3.42,PUBLIC_COMMUNITY
54406,Meerut Khurja Passenger,Pass,MTC,MEERUT CITY,KRJ,KHURJA JN,94,2.83,PUBLIC_COMMUNITY
54411,Rewari Meerut Cantt. Passenger,Pass,RE,REWARI,MUT,MEERUT CANT,167,5.67,PUBLIC_COMMUNITY
54412,Meerut NDLS Rewari Passenger,Pass,MUT,MEERUT CANT,RE,REWARI,167,5.42,PUBLIC_COMMUNITY
54413,Delhi Rewari Passenger,Pass,DLI,OLD DELHI,RE,REWARI,82,3.0,PUBLIC_COMMUNITY
54414,Rewari Delhi Passenger,Pass,RE,REWARI,DLI,OLD DELHI,82,2.58,PUBLIC_COMMUNITY
54416,Rewari Delhi Sarai Rohilla Passenger,Pass,RE,REWARI,DLI,OLD DELHI,82,2.58,PUBLIC_COMMUNITY
54417,Delhi Rewari Passenger,Pass,DLI,OLD DELHI,RE,REWARI,82,2.58,PUBLIC_COMMUNITY
54418,Rewari Delhi Passenger,Pass,RE,REWARI,DLI,OLD DELHI,82,2.58,PUBLIC_COMMUNITY
54419,Delhi Sarai Rohilla Rewari Passenger,Pass,DLI,OLD DELHI,RE,REWARI,82,2.58,PUBLIC_COMMUNITY
54420,Rewari Delhi Passenger,Pass,RE,REWARI,DLI,OLD DELHI,82,2.58,PUBLIC_COMMUNITY
54421,Rewari Delhi Sarai Rohilla Passenger,Pass,DEE,DELHI SARAI ROHILLA,RE,REWARI,78,2.25,PUBLIC_COMMUNITY
54422,Rewari Delhi Sarai Rohilla Passenger,Pass,RE,REWARI,DEE,DELHI SARAI ROHILLA,78,2.5,PUBLIC_COMMUNITY
54463,BANDIKUI - RISHIKESH Passenger,Pass,BKI,BANDIKUI JN,RKSH,RISHIKESH,579,23.08,PUBLIC_COMMUNITY
54471,Delhi Rishikesh Passenger,Pass,DLI,OLD DELHI,RKSH,RISHIKESH,311,10.92,PUBLIC_COMMUNITY
54472,Rishikesh Delhi Passenger,Pass,RKSH,RISHIKESH,DLI,OLD DELHI,311,10.33,PUBLIC_COMMUNITY
54474,Saharanpur Delhi Passenger,Pass,SRE,SAHARANPUR,DLI,OLD DELHI,196,4.92,PUBLIC_COMMUNITY
54475,Haridwar Passenger,Pass,DLI,OLD DELHI,HW,HARIDWAR JN,244,11.0,PUBLIC_COMMUNITY
54476,Haridwar Delhi Passenger,Pass,HW,HARIDWAR JN,DLI,OLD DELHI,244,10.92,PUBLIC_COMMUNITY
54481,Haridwar Rishikesh Passenger,Pass,HW,HARIDWAR JN,RKSH,RISHIKESH,23,0.92,PUBLIC_COMMUNITY
54482,Rishikesh Haridwar Passenger,Pass,RKSH,RISHIKESH,HW,HARIDWAR JN,23,1.0,PUBLIC_COMMUNITY
54483,Haridwar Rishikesh Passenger,Pass,HW,HARIDWAR JN,RKSH,RISHIKESH,23,0.83,PUBLIC_COMMUNITY
54484,Rishikesh Haridwar Passenger,Pass,RKSH,RISHIKESH,HW,HARIDWAR JN,23,1.0,PUBLIC_COMMUNITY
54485,Haridwar Rishikesh Passenger,Pass,HW,HARIDWAR JN,RKSH,RISHIKESH,23,0.83,PUBLIC_COMMUNITY
54486,Rishikesh Haridwar Passenger,Pass,RKSH,RISHIKESH,HW,HARIDWAR JN,23,0.83,PUBLIC_COMMUNITY
54502,Bhiwani Delhi Passenger,Pass,BNW,Bhiwani,DLI,OLD DELHI,119,3.92,PUBLIC_COMMUNITY
54503,Delhi Bhiwani Passenger,Pass,DLI,OLD DELHI,BNW,Bhiwani,119,3.5,PUBLIC_COMMUNITY
54506,Ambala Delhi Passenger,Pass,UMB,AMBALA CANT JN,DLI,OLD DELHI,268,9.5,PUBLIC_COMMUNITY
54531,Ambala Kalka Shuttle,Pass,UMB,AMBALA CANT JN,KLK,Kalka,69,1.83,PUBLIC_COMMUNITY
54542,AMBALA MEERUT PASS,Pass,UMB,AMBALA CANT JN,MTC,MEERUT CITY,194,6.83,PUBLIC_COMMUNITY
54551,Ambala Bhatinda Passenger,Pass,UMB,AMBALA CANT JN,BTI,BHATINDA JN,200,5.83,PUBLIC_COMMUNITY
54553,Ambala Dhuri Passenger,Pass,UMB,AMBALA CANT JN,DUI,DHURI JN,105,3.08,PUBLIC_COMMUNITY
54572,Ludhiana Ferozpur Passenger,Pass,FZR,FIROZPUR CANT,LDH,LUDHIANA JN,124,3.33,PUBLIC_COMMUNITY
54575,Lohian Khas Ludhiana Passenger,Pass,LDH,LUDHIANA JN,LNK,LOHIAN KHAS JN,77,2.15,PUBLIC_COMMUNITY
54576,Lohian Khas Ludhiana Passenger,Pass,LNK,LOHIAN KHAS JN,LDH,LUDHIANA JN,77,2.58,PUBLIC_COMMUNITY
54468,Etah Tundla Passenger,Pass,ETAH,Etah,TDL,TUNDLA JN,73,1.67,PUBLIC_COMMUNITY
54469,Tundla Barhan Etah Passenger,Pass,TDL,TUNDLA JN,ETAH,Etah,73,1.75,PUBLIC_COMMUNITY
54470,Etah Tundla Passenger,Pass,ETAH,Etah,TDL,TUNDLA JN,73,2.0,PUBLIC_COMMUNITY
54473,Delhi Saharanpur Passenger,Pass,DLI,OLD DELHI,SRE,SAHARANPUR,195,5.83,PUBLIC_COMMUNITY
54505,Delhi Ambala Passenger,Pass,DLI,OLD DELHI,UMB,AMBALA CANT JN,268,10.08,PUBLIC_COMMUNITY
54511,Ambala Nangal Dam,Pass,UMB,AMBALA CANT JN,NLDM,NANGAL DAM,170,4.08,PUBLIC_COMMUNITY
54521,Delhi Saharanpur Passenger,Pass,DLI,OLD DELHI,SRE,SAHARANPUR,187,6.17,PUBLIC_COMMUNITY
54522,Saharanpur Delhi Passenger,Pass,SRE,SAHARANPUR,DLI,OLD DELHI,187,5.0,PUBLIC_COMMUNITY
54532,Ambala Kalka Passenger,Pass,KLK,Kalka,UMB,AMBALA CANT JN,69,1.83,PUBLIC_COMMUNITY
54539,Nizamuddin Ambala Passenger,Pass,NZM,DELHI H NIZAMUDDIN,UMB,AMBALA CANT JN,278,10.75,PUBLIC_COMMUNITY
54540,Ambala Delhi Passenger,Pass,UMB,AMBALA CANT JN,NZM,DELHI H NIZAMUDDIN,278,10.83,PUBLIC_COMMUNITY
54541,MEERUT AMBALA PASS,Pass,MTC,MEERUT CITY,UMB,AMBALA CANT JN,194,6.17,PUBLIC_COMMUNITY
54555,Dhuri Bathinda Passenger,Pass,DUI,DHURI JN,BTI,BHATINDA JN,95,2.67,PUBLIC_COMMUNITY
54556,Bhatinda Ambala Passenger,Pass,BTI,BHATINDA JN,UMB,AMBALA CANT JN,200,5.33,PUBLIC_COMMUNITY
54557,Ambala Patiala Passenger,Pass,UMB,AMBALA CANT JN,PTA,Patiala,53,1.33,PUBLIC_COMMUNITY
54558,Patiala Ambala Passenger,Pass,PTA,Patiala,UMB,AMBALA CANT JN,53,1.33,PUBLIC_COMMUNITY
54559,Bathinda Fazilka (Via Abohar) Passenger,Pass,BTI,BHATINDA JN,FKA,Fazilka,105,3.08,PUBLIC_COMMUNITY
54560,Fazilka Bathinda (Via Abohar) Passenger,Pass,FKA,Fazilka,BTI,BHATINDA JN,105,3.33,PUBLIC_COMMUNITY
54561,Firozpur Bhatinda Passenger,Pass,BTI,BHATINDA JN,FZR,FIROZPUR CANT,88,2.17,PUBLIC_COMMUNITY
54562,Firozpur Bhatinda Passenger,Pass,FZR,FIROZPUR CANT,BTI,BHATINDA JN,88,2.33,PUBLIC_COMMUNITY
54563,Firozpur Bhatinda Passenger,Pass,BTI,BHATINDA JN,FZR,FIROZPUR CANT,88,2.17,PUBLIC_COMMUNITY
54564,Firozpur Bhatinda Passenger,Pass,FZR,FIROZPUR CANT,BTI,BHATINDA JN,88,2.33,PUBLIC_COMMUNITY
54581,Nangal Dam Una Himachal Passenger,Pass,NLDM,NANGAL DAM,UHL,Una Himachal,17,0.58,PUBLIC_COMMUNITY
54582,Una Nangal Dam Passenger,Pass,UNA,Una,NLDM,NANGAL DAM,0,0.67,PUBLIC_COMMUNITY
54601,Hisar Amritsar Passenger,Pass,HSR,Hisar,ASR,AMRITSAR JN,346,11.17,PUBLIC_COMMUNITY
54603,Hisar Ludhiana Passenger,Pass,HSR,Hisar,LDH,LUDHIANA JN,210,5.25,PUBLIC_COMMUNITY
54605,Hisar Ludhiana Passenger,Pass,HSR,Hisar,LDH,LUDHIANA JN,210,6.17,PUBLIC_COMMUNITY
54621,Jalandhar Pathankot Passenger,Pass,JUC,JALANDHAR CITY,PTK,PATHANKOT,115,3.42,PUBLIC_COMMUNITY
54622,Pathankot Jalandhar Passenger,Pass,PTK,PATHANKOT,JUC,JALANDHAR CITY,115,3.08,PUBLIC_COMMUNITY
54625,Jaijon Doaba Jalandhar Passenger,Pass,JJJ,Jaijon Doaba,JUC,JALANDHAR CITY,104,3.17,PUBLIC_COMMUNITY
54626,Jalandhar Jaijon Doaba Passenger,Pass,JJJ,Jaijon Doaba,JUC,JALANDHAR CITY,104,3.0,PUBLIC_COMMUNITY
54631,Dhuri Jakhal Hisar Passenger,Pass,HSR,Hisar,DUI,DHURI JN,148,4.17,PUBLIC_COMMUNITY
54632,Dhuri Hisar Passenger,Pass,DUI,DHURI JN,HSR,Hisar,148,3.75,PUBLIC_COMMUNITY
54633,Hisar Ludhiana Passenger,Pass,HSR,Hisar,LDH,LUDHIANA JN,210,5.33,PUBLIC_COMMUNITY
54634,Ludhiana Hisar Passenger,Pass,LDH,LUDHIANA JN,HSR,Hisar,210,5.67,PUBLIC_COMMUNITY
54636,Ludhiana Hisar Passenger,Pass,LDH,LUDHIANA JN,HSR,Hisar,210,5.08,PUBLIC_COMMUNITY
54637,Hoshiarpur-Jalandhar City DMU,Pass,HSX,Hoshiarpur,JUC,JALANDHAR CITY,43,1.0,PUBLIC_COMMUNITY
54638,Jalandhar City Hoshiarpur DMU,Pass,JUC,JALANDHAR CITY,HSX,Hoshiarpur,43,1.0,PUBLIC_COMMUNITY
54641,DELHI - FIROZPUR Passenger,Pass,DLI,OLD DELHI,FZR,FIROZPUR CANT,385,13.17,PUBLIC_COMMUNITY
54642,FIROZPUR - DELHI Passenger,Pass,FZR,FIROZPUR CANT,DLI,OLD DELHI,385,11.33,PUBLIC_COMMUNITY
54643,JALANDHAR CITY - FIROZPUR CANT PASSENGER,Pass,JUC,JALANDHAR CITY,FZR,FIROZPUR CANT,450,2.92,PUBLIC_COMMUNITY
54644,FIROZPUR CANT - JALANDHAR CITY PASSENGER,Pass,FZR,FIROZPUR CANT,JUC,JALANDHAR CITY,117,0.22,PUBLIC_COMMUNITY
54645,Ludhiana Firozpur Passenger,Pass,LDH,LUDHIANA JN,FZR,FIROZPUR CANT,124,2.92,PUBLIC_COMMUNITY
54653,Jammu Udhampur Passenger,Pass,JAT,JAMMU TAWI,UHP,UDHAMPUR,53,1.42,PUBLIC_COMMUNITY
54654,Udhampur Jammu Passenger,Pass,UHP,UDHAMPUR,JAT,JAMMU TAWI,53,1.5,PUBLIC_COMMUNITY
54701,Bhatinda Lalgarh Passenger,Pass,BTI,BHATINDA JN,LGH,LALGARH JN,321,7.92,PUBLIC_COMMUNITY
56373,Guruvayur Thrissur Passenger,Pass,GUV,GURUVAYUR,TCR,THRISUR,23,0.67,PUBLIC_COMMUNITY
53423,JAMALPUR KIUL PASS,Pass,JMP,JAMALPUR JN,KIUL,KIUL JN,45,1.25,PUBLIC_COMMUNITY
54611,Amritsar Batala Pathankot DMU,Pass,ASR,AMRITSAR JN,PTK,PATHANKOT,107,2.92,PUBLIC_COMMUNITY
54612,Amritsar Batala Pathankot,Pass,PTK,PATHANKOT,ASR,AMRITSAR JN,107,2.83,PUBLIC_COMMUNITY
54613,Amritsar Pathankot DMU,Pass,ASR,AMRITSAR JN,PTK,PATHANKOT,107,3.33,PUBLIC_COMMUNITY
54614,Amritsar Batala Pathankot Passenger,Pass,PTK,PATHANKOT,ASR,AMRITSAR JN,107,3.0,PUBLIC_COMMUNITY
54615,Amritsar Pathankot DMU,Pass,ASR,AMRITSAR JN,PTK,PATHANKOT,107,3.25,PUBLIC_COMMUNITY
54616,Amritsar Batala Pathankot DMU,Pass,PTK,PATHANKOT,ASR,AMRITSAR JN,107,2.92,PUBLIC_COMMUNITY
54635,Hisar Ludhiana Passenger,Pass,HSR,Hisar,LDH,LUDHIANA JN,210,6.0,PUBLIC_COMMUNITY
54646,Ludhiana Firozpur Passenger,Pass,FZR,FIROZPUR CANT,LDH,LUDHIANA JN,124,3.5,PUBLIC_COMMUNITY
54702,Bikaner Abohar Passenger,Pass,LGH,LALGARH JN,ABS,ABOHAR,394,9.33,PUBLIC_COMMUNITY
54703,Abohar Jodhpur passenger,Pass,ABS,ABOHAR,JU,JODHPUR JN,675,18.0,PUBLIC_COMMUNITY
54751,Rewari Shri Ganganagar,Pass,RE,REWARI,SGNR,SHRI GANGANAGAR,427,11.17,PUBLIC_COMMUNITY
54752,Shri Ganganagar Rewari,Pass,SGNR,SHRI GANGANAGAR,RE,REWARI,427,11.0,PUBLIC_COMMUNITY
54753,Bhatinda Shri Ganganagar Passenger,Pass,BTI,BHATINDA JN,SGNR,SHRI GANGANAGAR,127,3.25,PUBLIC_COMMUNITY
54754,Shri Ganganagar Bhatinda Passenger,Pass,SGNR,SHRI GANGANAGAR,BTI,BHATINDA JN,127,3.58,PUBLIC_COMMUNITY
54755,Bhatinda Shri Ganganagar Passenger,Pass,BTI,BHATINDA JN,SGNR,SHRI GANGANAGAR,127,3.42,PUBLIC_COMMUNITY
54756,Sriganganagar Bathinda Passenger,Pass,SGNR,SHRI GANGANAGAR,BTI,BHATINDA JN,127,3.83,PUBLIC_COMMUNITY
54757,Ambala Cantt. Shri Ganganagar Passenger,Pass,UMB,AMBALA CANT JN,SGNR,SHRI GANGANAGAR,327,10.33,PUBLIC_COMMUNITY
54758,Shri Ganganagar Bathinda Passenger,Pass,SGNR,SHRI GANGANAGAR,UMB,AMBALA CANT JN,327,8.75,PUBLIC_COMMUNITY
54781,Bhatinda Rewari Passenger,Pass,BTI,BHATINDA JN,RE,REWARI,300,8.25,PUBLIC_COMMUNITY
54782,Rewari Bhatinda Passenger,Pass,RE,REWARI,BTI,BHATINDA JN,300,7.92,PUBLIC_COMMUNITY
54783,Fazilka Rewari Passenger,Pass,FKA,Fazilka,RE,REWARI,423,12.67,PUBLIC_COMMUNITY
54784,Rewari Fazilka Passenger,Pass,RE,REWARI,FKA,Fazilka,433,11.33,PUBLIC_COMMUNITY
54785,Firozpur Fazilka Passenger,Pass,FZR,FIROZPUR CANT,FKA,Fazilka,88,2.33,PUBLIC_COMMUNITY
54786,Fazilka Fir Passenger,Pass,FKA,Fazilka,FZR,FIROZPUR CANT,88,2.42,PUBLIC_COMMUNITY
54787,Bhiwani Rewari Passenger,Pass,BNW,Bhiwani,RE,REWARI,83,1.92,PUBLIC_COMMUNITY
54788,Rewari Bhiwani Passenger,Pass,RE,REWARI,BNW,Bhiwani,83,1.92,PUBLIC_COMMUNITY
54791,Mathura Alwar Bhiwani Passenger,Pass,MTJ,MATHURA JN,BNW,Bhiwani,280,7.75,PUBLIC_COMMUNITY
54792,Bhiwani Mathura Passenger,Pass,BNW,Bhiwani,MTJ,MATHURA JN,280,7.83,PUBLIC_COMMUNITY
54793,Sawai Madhopur Mathura Passenger,Pass,BXN,BAYANA JN,MTJ,MATHURA JN,76,2.33,PUBLIC_COMMUNITY
54794,Mathura Bayana Passenger,Pass,MTJ,MATHURA JN,SWM,SAWAI MADHOPUR,217,5.75,PUBLIC_COMMUNITY
54805,Ahmedabad Ajmer Passenger,Pass,ADI,AHMEDABAD JN,AII,AJMER JN,496,16.17,PUBLIC_COMMUNITY
54806,Ajmer Ahmedabad Passenger,Pass,AII,AJMER JN,ADI,AHMEDABAD JN,496,17.5,PUBLIC_COMMUNITY
54807,Ajmer Jaipur Passenger,Pass,AII,AJMER JN,JP,JAIPUR,128,3.33,PUBLIC_COMMUNITY
54809,Rewari-Degana Passenger,Pass,RE,REWARI,DNA,DEGANA JN,394,8.92,PUBLIC_COMMUNITY
54810,Degana Rewari Pass,Pass,DNA,DEGANA JN,RE,REWARI,394,9.25,PUBLIC_COMMUNITY
54811,Bhopal Jodhpur Passenger,Pass,BPL,BHOPAL JN,JU,JODHPUR JN,993,27.0,PUBLIC_COMMUNITY
54812,Jodhpur Bhopal Passenger,Pass,JU,JODHPUR JN,BPL,BHOPAL JN,993,26.75,PUBLIC_COMMUNITY
55002,Ayodhya Gorakhpur Passenger,Pass,AY,AYODHYA,GKP,GORAKHPUR JN,161,5.58,PUBLIC_COMMUNITY
55008,Thawe Hajipur Passenger,Pass,THE,Thawe Junction,SEE,SONPUR JN,147,4.5,PUBLIC_COMMUNITY
55009,Bhatni Chhapra Passenger,Pass,BTT,BHATNI JN,CPR,CHHAPRA,110,3.75,PUBLIC_COMMUNITY
55012,Gorakhpur Siwan Passenger,Pass,GKP,GORAKHPUR JN,SV,SIWAN JN,119,3.83,PUBLIC_COMMUNITY
55013,Chhapra Varanasi Passenger,Pass,CPR,CHHAPRA,BSB,VARANASI JN,205,8.42,PUBLIC_COMMUNITY
55015,Sonpur-Narkatiaganj Passenger,Pass,SEE,SONPUR JN,NKE,NARKATIAGANJ JN,219,7.17,PUBLIC_COMMUNITY
55017,Chhapra-Mau Passenger,Pass,CPR,CHHAPRA,MAU,MAU JN,134,5.17,PUBLIC_COMMUNITY
55019,Chhapra Gorakhpur Passenger,Pass,CPR,CHHAPRA,GKP,GORAKHPUR JN,180,6.08,PUBLIC_COMMUNITY
56605,Coimbatore Thrissur Passenger,Pass,CBE,COIMBATORE JN,TCR,THRISUR,134,4.08,PUBLIC_COMMUNITY
53430,JAMALPUR RAMPURHAT PASS,Pass,JMP,JAMALPUR JN,BGP,BHAGALPUR,53,1.45,PUBLIC_COMMUNITY
53432,JAMALPUR RAMPURHAT PASS,Pass,JMP,JAMALPUR JN,SBG,SAHIBGANJ JN,127,3.83,PUBLIC_COMMUNITY
54801,JODHPUR - AJMER Fast Passenger,Pass,JU,JODHPUR JN,AII,AJMER JN,244,5.92,PUBLIC_COMMUNITY
54802,AJMER - JODHPUR Fast Passenger,Pass,AII,AJMER JN,JU,JODHPUR JN,244,5.0,PUBLIC_COMMUNITY
54803,JODHPUR - AHMEDABAD Passenger,Pass,JU,JODHPUR JN,ADI,AHMEDABAD JN,454,12.83,PUBLIC_COMMUNITY
54804,AHMEDABAD - JODHPUR Passenger,Pass,ADI,AHMEDABAD JN,JU,JODHPUR JN,454,14.33,PUBLIC_COMMUNITY
54813,Jodhpur Barmer Passenger,Pass,JU,JODHPUR JN,BME,BARMER,209,5.0,PUBLIC_COMMUNITY
54814,Barmer Jodhpur Passenger,Pass,BME,BARMER,JU,JODHPUR JN,209,4.5,PUBLIC_COMMUNITY
54815,Jodhpur Barmer Passenger,Pass,JU,JODHPUR JN,BME,BARMER,209,5.33,PUBLIC_COMMUNITY
54816,Barmer Jodhpur Passenger,Pass,BME,BARMER,JU,JODHPUR JN,209,4.83,PUBLIC_COMMUNITY
54817,Jaisalmer Jodhpur Passenger,Pass,JU,JODHPUR JN,BME,BARMER,209,4.83,PUBLIC_COMMUNITY
54818,Jodhpur Jaisalmer Passenger,Pass,BME,BARMER,JU,JODHPUR JN,209,4.5,PUBLIC_COMMUNITY
54819,JAISALMER - JODHPUR PASSENGER,Pass,JSM,JAISALMER,JU,JODHPUR JN,300,6.75,PUBLIC_COMMUNITY
54820,JODHPUR - JAISALMER PASSENGER,Pass,JU,JODHPUR JN,JSM,JAISALMER,300,7.0,PUBLIC_COMMUNITY
54821,Jodhpur Bhildi Passenger,Pass,JU,JODHPUR JN,BLDI,BHILDI,304,7.92,PUBLIC_COMMUNITY
54822,Bhildi Jodhpur Passenger,Pass,BLDI,BHILDI,JU,JODHPUR JN,304,7.08,PUBLIC_COMMUNITY
54823,Jodhpur Hissar passenger,Pass,JU,JODHPUR JN,HSR,Hisar,470,10.25,PUBLIC_COMMUNITY
54824,Hissar Jodhpur passenger,Pass,HSR,Hisar,JU,JODHPUR JN,470,11.33,PUBLIC_COMMUNITY
54881,Barmer Munabao Passenger,Pass,BME,BARMER,MBF,Munabao,119,2.17,PUBLIC_COMMUNITY
54882,Munabao Barmer Passenger,Pass,MBF,Munabao,BME,BARMER,119,2.33,PUBLIC_COMMUNITY
55005,Raxaul Sugauli Passenger,Pass,RXL,RAXAUL JN,SGL,SAGAULI JN,29,0.75,PUBLIC_COMMUNITY
55006,Sugauli Raxaul Passenger,Pass,SGL,SAGAULI JN,RXL,RAXAUL JN,29,0.75,PUBLIC_COMMUNITY
55007,Hajipur Thawe Passenger,Pass,HJP,HAJIPUR JN,THE,Thawe Junction,152,4.75,PUBLIC_COMMUNITY
55018,Mau- Chhapra Passenger,Pass,MAU,MAU JN,CPR,CHHAPRA,134,4.58,PUBLIC_COMMUNITY
55020,Gorakhpur Chhapra Passenger,Pass,GKP,GORAKHPUR JN,CPR,CHHAPRA,180,6.58,PUBLIC_COMMUNITY
55024,Raxaul Muzaffarpur Passenger,Pass,RXL,RAXAUL JN,MFP,MUZAFFARPUR JN,130,4.58,PUBLIC_COMMUNITY
55025,Gorakhpur Gonda Passenger,Pass,GKP,GORAKHPUR JN,GD,GONDA JN,152,4.75,PUBLIC_COMMUNITY
55026,Gonda Gorakhpur Passenger,Pass,GD,GONDA JN,GKP,GORAKHPUR JN,152,4.83,PUBLIC_COMMUNITY
55027,Gorakhpur Gonda Passenger,Pass,GKP,GORAKHPUR JN,GD,GONDA JN,152,4.42,PUBLIC_COMMUNITY
55028,Gonda Gorakhpur Passenger,Pass,GD,GONDA JN,GKP,GORAKHPUR JN,152,4.58,PUBLIC_COMMUNITY
55030,Lucknow Gonda Passenger,Pass,GKP,GORAKHPUR JN,MFP,MUZAFFARPUR JN,310,10.42,PUBLIC_COMMUNITY
55031,Gonda Lucknow Passenger,Pass,GD,GONDA JN,LJN,LUCKNOW JN,126,4.58,PUBLIC_COMMUNITY
55032,Lucknow Gonda Passenger,Pass,LJN,LUCKNOW JN,GD,GONDA JN,126,4.5,PUBLIC_COMMUNITY
55033,Sitapur Gonda Passenger,Pass,SPC,SITAPUR CITY,GD,GONDA JN,163,5.17,PUBLIC_COMMUNITY
55034,Gonda Sitapur Passenger,Pass,GD,GONDA JN,SCC,SITAPUR CANT,159,4.0,PUBLIC_COMMUNITY
55035,GONDA - SITAPUR Pass,Pass,GD,GONDA JN,SCC,SITAPUR CANT,159,4.08,PUBLIC_COMMUNITY
55036,SITAPUR -GONDA Pass,Pass,SCC,SITAPUR CANT,GD,GONDA JN,250,7.83,PUBLIC_COMMUNITY
55037,BURHWAL - SITAPUR PASS,Pass,BUW,BURHWAL,SPC,SITAPUR CITY,97,2.33,PUBLIC_COMMUNITY
55038,SITAPUR - BURHWAL PASS,Pass,SCC,SITAPUR CANT,BUW,BURHWAL,97,2.17,PUBLIC_COMMUNITY
55045,Shahjehanpur Sitapur Passenger,Pass,SCC,SITAPUR CANT,SPN,SHAHJEHANPUR,92,3.83,PUBLIC_COMMUNITY
55046,Shahjehanpur Sitapur Passenger,Pass,SPN,SHAHJEHANPUR,SCC,SITAPUR CANT,92,3.25,PUBLIC_COMMUNITY
55049,Gonda Lucknow Passenger,Pass,GD,GONDA JN,LJN,LUCKNOW JN,126,4.25,PUBLIC_COMMUNITY
55050,Lucknow-Gonda Passenger,Pass,LJN,LUCKNOW JN,GD,GONDA JN,126,4.33,PUBLIC_COMMUNITY
55101,Bhatani Barhaj Passenger,Pass,BTT,BHATNI JN,BHJ,Barhaj Bazar,0,1.33,PUBLIC_COMMUNITY
55107,Siwan Thawe Passenger,Pass,SV,SIWAN JN,THE,Thawe Junction,32,0.83,PUBLIC_COMMUNITY
55115,Chhapra sv Passenger,Pass,CPR,CHHAPRA,SV,SIWAN JN,61,1.33,PUBLIC_COMMUNITY
55116,Siwan Chhapra Passenger,Pass,SV,SIWAN JN,CPR,CHHAPRA,61,1.58,PUBLIC_COMMUNITY
55125,Manduadih Allahabad Passenger,Pass,MUV,MANDUADIH,ALY,ALLAHABAD CITY,126,3.5,PUBLIC_COMMUNITY
14313,MUMBAI LTT - BAREILLY Weekly Exp,Exp,LTT,LOKMANYA TILAK TERM,BE,BAREILLY,1608,31.58,PUBLIC_COMMUNITY
53422,KIUL JAMALPUR PASS,Pass,KIUL,KIUL JN,JMP,JAMALPUR JN,54,1.17,PUBLIC_COMMUNITY
53424,KIUL JAMALPUR PASS,Pass,KIUL,KIUL JN,JMP,JAMALPUR JN,45,1.25,PUBLIC_COMMUNITY
53425,Jamalpur Kiul Passenger,Pass,JMP,JAMALPUR JN,KIUL,KIUL JN,45,1.42,PUBLIC_COMMUNITY
53427,Jamalpur Kiul Passenger,Pass,JMP,JAMALPUR JN,KIUL,KIUL JN,46,1.5,PUBLIC_COMMUNITY
53474,JAMALPUR MONGHYAR PASS,Pass,JMP,JAMALPUR JN,MGR,Munger,9,0.47,PUBLIC_COMMUNITY
53615,Jamalpur Gaya Passenger,Pass,JMP,JAMALPUR JN,GAYA,GAYA JN,181,6.08,PUBLIC_COMMUNITY
55039,Gorakhpur Nautanwa Passenger,Pass,GKP,GORAKHPUR JN,NTV,Nautanwa,82,2.92,PUBLIC_COMMUNITY
55041,Gorakhpur Nautanwa Pass,Pass,NKE,NARKATIAGANJ JN,GKP,GORAKHPUR JN,150,4.0,PUBLIC_COMMUNITY
55042,Gorakhpur Hajipur Passenger,Pass,GKP,GORAKHPUR JN,SEE,SONPUR JN,369,12.92,PUBLIC_COMMUNITY
55043,Gorakhpur Nautanwa Passenger,Pass,GKP,GORAKHPUR JN,NTV,Nautanwa,82,3.0,PUBLIC_COMMUNITY
55044,Nautanwa Gorakhpur Passenger,Pass,NTV,Nautanwa,GKP,GORAKHPUR JN,82,3.0,PUBLIC_COMMUNITY
55108,Thawe Siwan Passenger,Pass,THE,Thawe Junction,SV,SIWAN JN,32,0.83,PUBLIC_COMMUNITY
55109,Siwan Thawe Passenger,Pass,SV,SIWAN JN,THE,Thawe Junction,32,0.83,PUBLIC_COMMUNITY
55110,Thawe Siwan Passenger,Pass,THE,Thawe Junction,SV,SIWAN JN,32,1.0,PUBLIC_COMMUNITY
55111,Siwan Thawe Passenger,Pass,SV,SIWAN JN,THE,Thawe Junction,32,0.83,PUBLIC_COMMUNITY
55112,Thawe Siwan Passenger,Pass,THE,Thawe Junction,SV,SIWAN JN,32,0.83,PUBLIC_COMMUNITY
55113,Siwan Thawe Passenger,Pass,SV,SIWAN JN,THE,Thawe Junction,32,0.75,PUBLIC_COMMUNITY
55114,Thawe Siwan Passenger,Pass,THE,Thawe Junction,SV,SIWAN JN,32,0.83,PUBLIC_COMMUNITY
55119,Gorakhpur Varanasi Passenger,Pass,GKP,GORAKHPUR JN,BSB,VARANASI JN,231,9.17,PUBLIC_COMMUNITY
55120,Varanasi Gorakhpur Passenger,Pass,BSB,VARANASI JN,GKP,GORAKHPUR JN,231,7.75,PUBLIC_COMMUNITY
55126,Allahabad Varanasi Passenger,Pass,ALY,ALLAHABAD CITY,BSB,VARANASI JN,130,4.0,PUBLIC_COMMUNITY
55128,Allahabad Manduadih Passenger,Pass,ALY,ALLAHABAD CITY,MUV,MANDUADIH,126,4.42,PUBLIC_COMMUNITY
55130,Allahabad Varanasi Passenger,Pass,ALY,ALLAHABAD CITY,MUV,MANDUADIH,126,3.58,PUBLIC_COMMUNITY
55131,Chhapra Varanasi Passenger,Pass,CPR,CHHAPRA,BSB,VARANASI JN,205,8.58,PUBLIC_COMMUNITY
55133,Ballia Varanasi Passenger,Pass,BUI,BALLIA,BCY,VARANASI CITY,137,3.75,PUBLIC_COMMUNITY
55137,Ballia Shahganj Passenger,Pass,BUI,BALLIA,SHG,SHAHGANJ JN,168,6.25,PUBLIC_COMMUNITY
55139,Ballia Shahganj Passenger,Pass,BUI,BALLIA,SHG,SHAHGANJ JN,168,5.5,PUBLIC_COMMUNITY
55143,Aunrihar-Jaunpur Passenger,Pass,ARJ,AUNRIHAR JN,JNU,JAUNPUR JN,58,1.58,PUBLIC_COMMUNITY
55144,Jaunpur-Aunrihar Passenger,Pass,JNU,JAUNPUR JN,ARJ,AUNRIHAR JN,58,1.75,PUBLIC_COMMUNITY
55145,Salempur Barhaj Passenger,Pass,SRU,SALEMPUR JN,BHJ,Barhaj Bazar,0,0.92,PUBLIC_COMMUNITY
55146,Barhaj Bazar Salempur Passenger,Pass,BHJ,Barhaj Bazar,SRU,SALEMPUR JN,0,1.0,PUBLIC_COMMUNITY
55159,Aunrihar- Jaunpur Passenger,Pass,ARJ,AUNRIHAR JN,JNU,JAUNPUR JN,58,1.67,PUBLIC_COMMUNITY
55160,Jaunpur- Aunrihar Passenger,Pass,JNU,JAUNPUR JN,ARJ,AUNRIHAR JN,58,1.75,PUBLIC_COMMUNITY
55162,Jaunpur- Aunrihar Passenger,Pass,JNU,JAUNPUR JN,ARJ,AUNRIHAR JN,58,2.0,PUBLIC_COMMUNITY
55207,Muzaffarpur Gorakhpur Passenger,Pass,MFP,MUZAFFARPUR JN,GKP,GORAKHPUR JN,310,9.42,PUBLIC_COMMUNITY
55211,Muzaffarpur Raxaul Passenger,Pass,MFP,MUZAFFARPUR JN,RXL,RAXAUL JN,130,5.08,PUBLIC_COMMUNITY
55212,Raxaul Muzaffarpur Passenger,Pass,RXL,RAXAUL JN,MFP,MUZAFFARPUR JN,130,5.0,PUBLIC_COMMUNITY
55218,Chhapra Sonpur Passenger,Pass,CPR,CHHAPRA,SEE,SONPUR JN,54,1.67,PUBLIC_COMMUNITY
55238,Samastipur-Barauni Passenger,Pass,SPJ,SAMASTIPUR JN,BJU,BARAUNI JN,50,1.58,PUBLIC_COMMUNITY
55239,Samastipur Muzaffarpur Passenger,Pass,SPJ,SAMASTIPUR JN,MFP,MUZAFFARPUR JN,52,1.5,PUBLIC_COMMUNITY
55240,Muzaffarpur-Samastipur Passenger,Pass,MFP,MUZAFFARPUR JN,SPJ,SAMASTIPUR JN,52,1.67,PUBLIC_COMMUNITY
55241,Barauni-Sonpur Passenger,Pass,BJU,BARAUNI JN,SEE,SONPUR JN,93,2.92,PUBLIC_COMMUNITY
55242,Sanpur-Barauni Passenger,Pass,SEE,SONPUR JN,BJU,BARAUNI JN,93,2.95,PUBLIC_COMMUNITY
55243,Barauni-Sonpur Passenger,Pass,BJU,BARAUNI JN,SEE,SONPUR JN,93,3.08,PUBLIC_COMMUNITY
55244,Sonpur Barauni Passenger,Pass,SEE,SONPUR JN,BJU,BARAUNI JN,93,3.33,PUBLIC_COMMUNITY
55245,Barauni-Sonpur Passenger,Pass,BJU,BARAUNI JN,SEE,SONPUR JN,93,3.42,PUBLIC_COMMUNITY
55246,Sonpur-Barauni Passenger,Pass,SEE,SONPUR JN,BJU,BARAUNI JN,93,3.25,PUBLIC_COMMUNITY
55127,Varanasi Allahabad Passenger,Pass,BSB,VARANASI JN,ALY,ALLAHABAD CITY,130,4.17,PUBLIC_COMMUNITY
55129,Varanasi Allahabad Passenger,Pass,BSB,VARANASI JN,ALY,ALLAHABAD CITY,130,3.67,PUBLIC_COMMUNITY
55132,Manduadih Chhapra Passenger,Pass,MUV,MANDUADIH,CPR,CHHAPRA,209,8.33,PUBLIC_COMMUNITY
55134,Manduadih Ballia Passenger,Pass,MUV,MANDUADIH,BUI,BALLIA,144,5.0,PUBLIC_COMMUNITY
55135,AZAMGARH MANDUADIH PASS,Pass,AMH,AZAMGARH,MUV,MANDUADIH,140,4.75,PUBLIC_COMMUNITY
55136,Manduadih Azamgarh Pass,Pass,MUV,MANDUADIH,AMH,AZAMGARH,140,4.5,PUBLIC_COMMUNITY
55140,Shahganj Ballia Passenger,Pass,SHG,SHAHGANJ JN,BUI,BALLIA,168,5.67,PUBLIC_COMMUNITY
55142,Nautanwa Gorakhpur Passenger,Pass,NTV,Nautanwa,GKP,GORAKHPUR JN,82,2.92,PUBLIC_COMMUNITY
55149,Gorakhpur Manduadih Passenger,Pass,GKP,GORAKHPUR JN,MUV,MANDUADIH,235,7.75,PUBLIC_COMMUNITY
55150,Manduadih-Gorakhpur Passenger,Pass,MUV,MANDUADIH,GKP,GORAKHPUR JN,235,8.42,PUBLIC_COMMUNITY
55203,Narkatiaganj Gorakhpur Passenger,Pass,NKE,NARKATIAGANJ JN,GKP,GORAKHPUR JN,150,4.25,PUBLIC_COMMUNITY
55204,Gorakhpur Narkatiaganj Passenger,Pass,GKP,GORAKHPUR JN,NKE,NARKATIAGANJ JN,150,4.58,PUBLIC_COMMUNITY
55209,Sonepur Gorakhpur Passenger,Pass,SEE,SONPUR JN,GKP,GORAKHPUR JN,369,13.8,PUBLIC_COMMUNITY
55210,Narkatiaganj Sonepur Passenger,Pass,NKE,NARKATIAGANJ JN,SEE,SONPUR JN,219,6.75,PUBLIC_COMMUNITY
55217,Sonpur Chhapra Passenger,Pass,SEE,SONPUR JN,CPR,CHHAPRA,54,2.08,PUBLIC_COMMUNITY
55219,Sonepur Chhapra Passenger,Pass,SEE,SONPUR JN,CPR,CHHAPRA,54,2.33,PUBLIC_COMMUNITY
55231,Begusarai Mokama Passenger,Pass,LAK,LAKHO,MKA,MOKAMEH JN,43,2.08,PUBLIC_COMMUNITY
55232,Mokama Begusarai Passenger,Pass,MKA,MOKAMEH JN,BGS,BEGU SARAI,35,1.67,PUBLIC_COMMUNITY
55248,Hajipur-Barauni Passenger,Pass,HJP,HAJIPUR JN,BJU,BARAUNI JN,88,3.67,PUBLIC_COMMUNITY
55301,Moradabad Kathgodam Passenger,Pass,MB,MORADABAD,KGM,KATHGODAM,116,3.75,PUBLIC_COMMUNITY
55313,Kashipur Ramnagar Passenger,Pass,KPV,KASHIPUR,RMR,RAMNAGAR,27,0.58,PUBLIC_COMMUNITY
55314,Ramnagar Kashipur Passenger,Pass,RMR,RAMNAGAR,KPV,KASHIPUR,27,0.58,PUBLIC_COMMUNITY
55315,Lalkua Kashipur Passenger,Pass,LKU,LAL KUAN,KPV,KASHIPUR,59,1.42,PUBLIC_COMMUNITY
55316,Kashipur Lalkuan Passenger,Pass,KPV,KASHIPUR,LKU,LAL KUAN,59,1.42,PUBLIC_COMMUNITY
55317,Lalkua Kashipur Passenger,Pass,LKU,LAL KUAN,KPV,KASHIPUR,59,1.33,PUBLIC_COMMUNITY
55319,Lalkua Kashipur Passenger,Pass,LKU,LAL KUAN,KPV,KASHIPUR,59,1.33,PUBLIC_COMMUNITY
55320,Kashipur Lalkuan Passenger,Pass,KPV,KASHIPUR,LKU,LAL KUAN,59,1.5,PUBLIC_COMMUNITY
55322,RAMNAGAR - VARANASI Passenger,Pass,RMR,RAMNAGAR,BSB,VARANASI JN,705,18.92,PUBLIC_COMMUNITY
55326,KASGANJ LUCKNOW PASS,Pass,KSJ,KASGANJ,LJN,LUCKNOW JN,319,8.83,PUBLIC_COMMUNITY
55327,Kanpur Farrukhabad Passenger,Pass,CNB,KANPUR CENTRAL,FBD,FARRUKHABAD,140,4.17,PUBLIC_COMMUNITY
55328,Farrukhabad Kanpur Passenger,Pass,FBD,FARRUKHABAD,CNB,KANPUR CENTRAL,140,3.92,PUBLIC_COMMUNITY
55332,Kasganj Farrukhabad Passenger,Pass,KSJ,KASGANJ,FBD,FARRUKHABAD,107,2.67,PUBLIC_COMMUNITY
55333,KasGanj-AgraFort Passenger,Pass,KSJ,KASGANJ,AF,AGRA FORT,162,5.08,PUBLIC_COMMUNITY
55337,Kasganj Achhnera Fast Passenger,Pass,KSJ,KASGANJ,AF,AGRA FORT,162,3.5,PUBLIC_COMMUNITY
55338,Achhnera Kasganj Fast Passenger,Pass,AH,ACHHNERA JN,KSJ,KASGANJ,140,3.83,PUBLIC_COMMUNITY
55339,KasGanj-Mathura Passenger,Pass,KSJ,KASGANJ,MTJ,MATHURA JN,105,2.92,PUBLIC_COMMUNITY
55341,KasGanj-Bharatpur Passenger,Pass,KSJ,KASGANJ,BTE,BHARATPUR JN,139,5.33,PUBLIC_COMMUNITY
55342,BTE KSJ PASS,Pass,BTE,BHARATPUR JN,KSJ,KASGANJ,139,5.42,PUBLIC_COMMUNITY
55347,Kasganj Mathura Passenger,Pass,KSJ,KASGANJ,MTJ,MATHURA JN,105,2.67,PUBLIC_COMMUNITY
55348,LAL KUAN - BAREILLY CITY  PASSENGER,Pass,LKU,LAL KUAN,BC,BAREILLY CITY,105,2.67,PUBLIC_COMMUNITY
55349,BAREILLY CITY - LAL KUAN PASSENGER,Pass,BC,BAREILLY CITY,LKU,LAL KUAN,105,3.33,PUBLIC_COMMUNITY
55501,Samastipur-Darbhanga Passenger,Pass,SPJ,SAMASTIPUR JN,DBG,DARBHANGA JN,36,1.5,PUBLIC_COMMUNITY
55502,Darbhanga-Samastipur Passenger,Pass,DBG,DARBHANGA JN,SPJ,SAMASTIPUR JN,36,1.5,PUBLIC_COMMUNITY
55503,Samastipur-Darbhanga Passenger,Pass,SPJ,SAMASTIPUR JN,DBG,DARBHANGA JN,36,1.5,PUBLIC_COMMUNITY
55504,Darbhanga-Samastipur Passenger,Pass,DBG,DARBHANGA JN,SPJ,SAMASTIPUR JN,36,1.42,PUBLIC_COMMUNITY
55506,Runnisaidpur-Samastipur Passenger,Pass,RUSD,Runnisaidpur,SPJ,SAMASTIPUR JN,120,6.42,PUBLIC_COMMUNITY
55507,Darbhanga-Bairgania Passenger,Pass,DBG,DARBHANGA JN,BGU,BAIRGANIA,97,3.33,PUBLIC_COMMUNITY
55325,Lucknow Kasganj Passenger,Pass,LJN,LUCKNOW JN,KSJ,KASGANJ,319,10.25,PUBLIC_COMMUNITY
55329,Shikohabad Farrukhabad Passenger,Pass,SKB,SHIKOHABAD JN,KSJ,KASGANJ,214,7.08,PUBLIC_COMMUNITY
55330,Kasganj Shikohabad Passenger,Pass,KSJ,KASGANJ,SKB,SHIKOHABAD JN,211,6.08,PUBLIC_COMMUNITY
55331,Farrukhabad Kasganj Passenger,Pass,FBD,FARRUKHABAD,KSJ,KASGANJ,107,2.83,PUBLIC_COMMUNITY
55508,Bairgania-Darbhanga Passenger,Pass,BGU,BAIRGANIA,DBG,DARBHANGA JN,97,3.25,PUBLIC_COMMUNITY
55509,Darbhanga-Bairgania Passenger,Pass,DBG,DARBHANGA JN,BGU,BAIRGANIA,97,3.33,PUBLIC_COMMUNITY
55510,Bairgania-Darbhanga Passenger,Pass,BGU,BAIRGANIA,DBG,DARBHANGA JN,97,3.67,PUBLIC_COMMUNITY
55511,Darbhanga-Bairgania Passenger,Pass,DBG,DARBHANGA JN,SMI,SITAMARHI JN,68,2.5,PUBLIC_COMMUNITY
55512,Bairgania-Darbhanga Passenger,Pass,SMI,SITAMARHI JN,DBG,DARBHANGA JN,68,2.5,PUBLIC_COMMUNITY
55513,Samastipur Jaynagar Passenger,Pass,SPJ,SAMASTIPUR JN,JYG,JAYNAGAR,109,4.75,PUBLIC_COMMUNITY
55514,Jaynagar Samastipur Passenger,Pass,JYG,JAYNAGAR,SPJ,SAMASTIPUR JN,109,4.75,PUBLIC_COMMUNITY
55515,Samastipur-Jaynagar Passenger,Pass,SPJ,SAMASTIPUR JN,JYG,JAYNAGAR,109,5.25,PUBLIC_COMMUNITY
55516,Jaynagar-Samastipur Passenger,Pass,JYG,JAYNAGAR,SPJ,SAMASTIPUR JN,109,4.25,PUBLIC_COMMUNITY
55517,Darbhanga Jaynagar Passenger,Pass,DBG,DARBHANGA JN,JYG,JAYNAGAR,79,2.5,PUBLIC_COMMUNITY
55518,Jaynagar-Darbhanga Passenger,Pass,JYG,JAYNAGAR,DBG,DARBHANGA JN,73,2.67,PUBLIC_COMMUNITY
55519,Darbhanga-Jaynagar Passenger,Pass,DBG,DARBHANGA JN,JYG,JAYNAGAR,73,2.58,PUBLIC_COMMUNITY
55520,Jaynagar Darbhanga Passenger,Pass,JYG,JAYNAGAR,DBG,DARBHANGA JN,73,2.67,PUBLIC_COMMUNITY
55528,Samastipur-Barauni Passenger,Pass,SPJ,SAMASTIPUR JN,BJU,BARAUNI JN,50,1.58,PUBLIC_COMMUNITY
55529,Samastipur-Raxaul Passenger,Pass,SPJ,SAMASTIPUR JN,RXL,RAXAUL JN,182,6.25,PUBLIC_COMMUNITY
55530,Raxaul-Samastipur Passenger,Pass,RXL,RAXAUL JN,SPJ,SAMASTIPUR JN,182,6.83,PUBLIC_COMMUNITY
55531,Katihar-Barauni Passenger,Pass,KIR,KATIHAR JN,BJU,BARAUNI JN,180,4.92,PUBLIC_COMMUNITY
55535,Katihar Darbhanga Passenger,Pass,KIR,KATIHAR JN,DBG,DARBHANGA JN,266,11.17,PUBLIC_COMMUNITY
55536,Darbhanga Katihar Passenger,Pass,DBG,DARBHANGA JN,KIR,KATIHAR JN,267,9.5,PUBLIC_COMMUNITY
55537,Katihar-Samastipur Passenger,Pass,KIR,KATIHAR JN,SPJ,SAMASTIPUR JN,230,7.92,PUBLIC_COMMUNITY
55538,Samastipur-Katihar Passenger,Pass,SPJ,SAMASTIPUR JN,KIR,KATIHAR JN,230,7.08,PUBLIC_COMMUNITY
55552,Hajipur-Barauni Passenger,Pass,HJP,HAJIPUR JN,BJU,BARAUNI JN,88,3.67,PUBLIC_COMMUNITY
55553,Dauram Madhepura Samastipur Passenger,Pass,DMH,Dauram Madhepura,SPJ,SAMASTIPUR JN,158,6.67,PUBLIC_COMMUNITY
55554,Samastipur Dauram Madhepura Passenger,Pass,SPJ,SAMASTIPUR JN,DMH,Dauram Madhepura,158,6.83,PUBLIC_COMMUNITY
55555,Dauram Madhepura Samastipur Passenger,Pass,DMH,Dauram Madhepura,SPJ,SAMASTIPUR JN,158,6.25,PUBLIC_COMMUNITY
55556,Samastipur Dauram Madhepura Passenger,Pass,SPJ,SAMASTIPUR JN,DMH,Dauram Madhepura,158,7.08,PUBLIC_COMMUNITY
55557,Samastipur Sonpur Passenger,Pass,SPJ,SAMASTIPUR JN,SEE,SONPUR JN,111,4.83,PUBLIC_COMMUNITY
55558,Sonpur Samastipur Passenger,Pass,SEE,SONPUR JN,SPJ,SAMASTIPUR JN,111,4.25,PUBLIC_COMMUNITY
55559,Khagaria Samastipur Passenger,Pass,KGG,KHAGARIA JN,SPJ,SAMASTIPUR JN,85,2.92,PUBLIC_COMMUNITY
55560,Samastipur Khagaria Passenger,Pass,SPJ,SAMASTIPUR JN,KGG,KHAGARIA JN,85,2.75,PUBLIC_COMMUNITY
55565,Saharsa Samastipur Passenger,Pass,SHC,SAHARSA JN,SPJ,SAMASTIPUR JN,136,4.5,PUBLIC_COMMUNITY
55566,Samastipur Saharsa Passenger,Pass,SPJ,SAMASTIPUR JN,SHC,SAHARSA JN,136,4.75,PUBLIC_COMMUNITY
55567,Saharsa Samastipur Passenger,Pass,SHC,SAHARSA JN,SPJ,SAMASTIPUR JN,136,4.58,PUBLIC_COMMUNITY
55568,Samastipur Saharsa Passenger,Pass,SPJ,SAMASTIPUR JN,SHC,SAHARSA JN,136,4.67,PUBLIC_COMMUNITY
55569,DauramMadhepura-Saharsa Passenger,Pass,DMH,Dauram Madhepura,SHC,SAHARSA JN,22,1.08,PUBLIC_COMMUNITY
55570,Saharsa-DauramMadhepura Passenger,Pass,SHC,SAHARSA JN,DMH,Dauram Madhepura,22,0.92,PUBLIC_COMMUNITY
55573,Raxaul Narkatiaganj Passenger,Pass,RXL,RAXAUL JN,NKE,NARKATIAGANJ JN,88,2.75,PUBLIC_COMMUNITY
55574,Narkatiaganj Raxaul Passenger,Pass,NKE,NARKATIAGANJ JN,RXL,RAXAUL JN,88,2.83,PUBLIC_COMMUNITY
55575,Darbhanga-Biraul Passenger,Pass,DBG,DARBHANGA JN,BIRL,Biraul,54,2.75,PUBLIC_COMMUNITY
55576,Biraul-Darbhanga Passenger,Pass,BIRL,Biraul,DBG,DARBHANGA JN,54,2.67,PUBLIC_COMMUNITY
55577,Sakri Biraul Passenger,Pass,SKI,SAKRI JN,BIRL,Biraul,35,1.5,PUBLIC_COMMUNITY
55578,Biraul Sakri Passenger,Pass,BIRL,Biraul,SKI,SAKRI JN,35,1.5,PUBLIC_COMMUNITY
55722,Balurghat Malda Town Passenger,Pass,BLGT,BALURGHAT,MLDT,MALDA TOWN,104,3.17,PUBLIC_COMMUNITY
55603,Guwahati Mairabari Passenger,Pass,GHY,GUWAHATI,MBO,Mairabari,160,5.25,PUBLIC_COMMUNITY
55604,Mairabari Guwahati Passenger,Pass,MBO,Mairabari,GHY,GUWAHATI,160,5.08,PUBLIC_COMMUNITY
55607,Guwahati Silghat Town Passenger,Pass,GHY,GUWAHATI,SHTT,Silghat Town,172,4.08,PUBLIC_COMMUNITY
55608,Silghat Town Guwahati Passenger,Pass,SHTT,Silghat Town,GHY,GUWAHATI,172,4.5,PUBLIC_COMMUNITY
55609,DBB - FKM FAST PASSENGER,Pass,DBB,DHUBRI,FKM,FAKIRAGRAM JN,267,7.75,PUBLIC_COMMUNITY
55612,Kamakhya Fakiragram Fast Passenger,Pass,KYQ,KAMAKHYA,FKM,FAKIRAGRAM JN,214,5.5,PUBLIC_COMMUNITY
55618,Guwahati New Bongaigaon Passenger,Pass,GHY,GUWAHATI,NBQ,NEW BONGAIGAON,184,4.58,PUBLIC_COMMUNITY
55707,Radhikapur Katihar Passenger,Pass,RDP,Radhikapur,KIR,KATIHAR JN,123,4.58,PUBLIC_COMMUNITY
55708,Katihar Radhikapur Passenger,Pass,KIR,KATIHAR JN,RDP,Radhikapur,123,3.5,PUBLIC_COMMUNITY
55711,Malda Town New Jalpaiguri Passenger,Pass,MLDT,MALDA TOWN,NJP,NEW JALPAIGURI,232,7.75,PUBLIC_COMMUNITY
55712,New Jalpaiguri Malda Town Passenger,Pass,NJP,NEW JALPAIGURI,MLDT,MALDA TOWN,232,8.75,PUBLIC_COMMUNITY
55713,NEW JALPAIGURI - DEKARGAON Pass,Pass,NJP,NEW JALPAIGURI,DKGN,DEKARGAON,252,10.33,PUBLIC_COMMUNITY
55714,DEKARGAON - NEW JALPAIGURI Pass,Pass,DKGN,DEKARGAON,NJP,NEW JALPAIGURI,252,10.0,PUBLIC_COMMUNITY
55715,Katihar Siliguri Passenger,Pass,KIR,KATIHAR JN,SGUJ,SILIGURI JN,192,5.17,PUBLIC_COMMUNITY
55716,Siliguri Katihar Passenger,Pass,SGUJ,SILIGURI JN,KIR,KATIHAR JN,192,5.58,PUBLIC_COMMUNITY
55721,Malda Town Balurghat Passenger,Pass,MLDT,MALDA TOWN,BLGT,BALURGHAT,104,2.83,PUBLIC_COMMUNITY
55725,New Jalpaiguri Alipurduar Passenger,Pass,NJP,NEW JALPAIGURI,APDJ,ALIPUR DUAR JN,169,4.92,PUBLIC_COMMUNITY
55726,Alipur Duar New Jalpaiguri Passenger,Pass,APDJ,ALIPUR DUAR JN,NJP,NEW JALPAIGURI,169,4.42,PUBLIC_COMMUNITY
55727,Katihar Radhikapur Passenger,Pass,KIR,KATIHAR JN,RDP,Radhikapur,93,3.5,PUBLIC_COMMUNITY
55728,Radhikapur Katihar Passenger,Pass,RDP,Radhikapur,KIR,KATIHAR JN,93,3.0,PUBLIC_COMMUNITY
55729,Katihar Radhikapur Passenger,Pass,KIR,KATIHAR JN,RDP,Radhikapur,93,3.33,PUBLIC_COMMUNITY
55730,Radhikapur Katihar Passenger,Pass,RDP,Radhikapur,KIR,KATIHAR JN,93,2.92,PUBLIC_COMMUNITY
55731,Katihar Barsoi Passenger,Pass,KIR,KATIHAR JN,BOE,BARSOI JN,38,1.5,PUBLIC_COMMUNITY
55732,Barsoi Katihar Passenger,Pass,BOE,BARSOI JN,KIR,KATIHAR JN,38,1.75,PUBLIC_COMMUNITY
55733,Katihar Jogbani Passenger,Pass,KIR,KATIHAR JN,JBN,JOGBANI,108,2.83,PUBLIC_COMMUNITY
55734,Jogbani Katihar Passenger,Pass,JBN,JOGBANI,KIR,KATIHAR JN,108,3.33,PUBLIC_COMMUNITY
55735,Katihar Jogbani Passenger,Pass,KIR,KATIHAR JN,JBN,JOGBANI,108,3.25,PUBLIC_COMMUNITY
55736,Jogbani Katihar Passenger,Pass,JBN,JOGBANI,KIR,KATIHAR JN,108,3.25,PUBLIC_COMMUNITY
55737,Katihar Jogbani Passenger,Pass,KIR,KATIHAR JN,JBN,JOGBANI,108,2.83,PUBLIC_COMMUNITY
55738,Jogbani Katihar Passenger,Pass,JBN,JOGBANI,KIR,KATIHAR JN,108,2.42,PUBLIC_COMMUNITY
55739,Katihar Jogbani Passenger,Pass,KIR,KATIHAR JN,JBN,JOGBANI,108,3.42,PUBLIC_COMMUNITY
55740,Jogbani Katihar Passenger,Pass,JBN,JOGBANI,KIR,KATIHAR JN,108,3.25,PUBLIC_COMMUNITY
55741,Katihar Jogbani Fast Passenger,Pass,KIR,KATIHAR JN,JBN,JOGBANI,108,3.08,PUBLIC_COMMUNITY
55743,Katihar Jogbani Passenger,Pass,KIR,KATIHAR JN,JBN,JOGBANI,108,3.42,PUBLIC_COMMUNITY
55744,Jogbani Katihar Passenger,Pass,JBN,JOGBANI,KIR,KATIHAR JN,108,2.75,PUBLIC_COMMUNITY
55745,New Jalpaiguri Bamanhat Passenger,Pass,NJP,NEW JALPAIGURI,AUB,ALUABARI ROAD,57,0.43,PUBLIC_COMMUNITY
55746,Bamanhat New Jalpaiguri Passenger,Pass,AUB,ALUABARI ROAD,NJP,NEW JALPAIGURI,306,5.52,PUBLIC_COMMUNITY
55747,Siliguri Haldibari Passenger,Pass,SGUJ,SILIGURI JN,HDB,HALDIBARI,63,2.75,PUBLIC_COMMUNITY
55748,Haldibari Siliguri Passenger,Pass,HDB,HALDIBARI,SGUJ,SILIGURI JN,63,2.75,PUBLIC_COMMUNITY
55749,New Jalpaiguri Haldibari Passenger,Pass,NJP,NEW JALPAIGURI,HDB,HALDIBARI,56,1.83,PUBLIC_COMMUNITY
55750,Haldibari New Jalpaiguri Passenger,Pass,HDB,HALDIBARI,NJP,NEW JALPAIGURI,56,1.83,PUBLIC_COMMUNITY
55751,New Jalpaiguri Haldibari Passenger,Pass,NJP,NEW JALPAIGURI,HDB,HALDIBARI,56,2.08,PUBLIC_COMMUNITY
55752,Haldibari New Jalpaiguri Passenger,Pass,HDB,HALDIBARI,NJP,NEW JALPAIGURI,56,1.92,PUBLIC_COMMUNITY
55811,Guwahati Lumding Passenger,Pass,GHY,GUWAHATI,LMG,LUMDING JN,207,6.5,PUBLIC_COMMUNITY
55815,Kapali Fast Passenger,Pass,GHY,GUWAHATI,CPK,CHAPARMUKH JN,91,1.83,PUBLIC_COMMUNITY
56006,Chengalpattu Arakkonam Passenger,Pass,CGL,CHENGALPATTU,AJJ,ARAKKONAM,63,1.5,PUBLIC_COMMUNITY
53429,Bhagalpur Jamalpur Passenger,Pass,BGP,BHAGALPUR,JMP,JAMALPUR JN,60,1.42,PUBLIC_COMMUNITY
53431,Sahibganj Jamalpur Passenger,Pass,SBG,SAHIBGANJ JN,JMP,JAMALPUR JN,135,3.67,PUBLIC_COMMUNITY
55754,GUWAHATI - ALIPUR DUAR SIFUNG Pass,Pass,GHY,GUWAHATI,APDJ,ALIPUR DUAR JN,285,7.5,PUBLIC_COMMUNITY
55755,Manihari Katihar Pass,Pass,MHI,Manihari,KIR,KATIHAR JN,24,1.08,PUBLIC_COMMUNITY
55756,Katihar Manihari Pass,Pass,KIR,KATIHAR JN,MHI,Manihari,24,1.08,PUBLIC_COMMUNITY
55757,Manihari Katihar Pass,Pass,MHI,Manihari,KIR,KATIHAR JN,24,1.08,PUBLIC_COMMUNITY
55758,Katihar Manihari Pass,Pass,KIR,KATIHAR JN,MHI,Manihari,24,1.08,PUBLIC_COMMUNITY
55759,Manihari Katihar Pass,Pass,MHI,Manihari,KIR,KATIHAR JN,24,1.08,PUBLIC_COMMUNITY
55760,Katihar Manihari Pass,Pass,KIR,KATIHAR JN,MHI,Manihari,24,1.08,PUBLIC_COMMUNITY
55791,Alipur Dwar Bamanhat Passenger,Pass,APDJ,ALIPUR DUAR JN,NCB,NEW COOCH BEHAR,22,0.78,PUBLIC_COMMUNITY
55792,Bxt Alipur Duar Passenger,Pass,NCB,NEW COOCH BEHAR,APDJ,ALIPUR DUAR JN,22,0.92,PUBLIC_COMMUNITY
55793,New Jalpaiguri Bamanhat Passenger,Pass,NJP,NEW JALPAIGURI,NCB,NEW COOCH BEHAR,191,6.08,PUBLIC_COMMUNITY
55794,Bamanhat New Jalpaiguri Passenger,Pass,BXT,Bamanhat,NJP,NEW JALPAIGURI,240,8.42,PUBLIC_COMMUNITY
55802,Manas Rhino Passenger,Pass,GHY,GUWAHATI,NBQ,NEW BONGAIGAON,157,4.33,PUBLIC_COMMUNITY
55805,New Bongaigaon Guwahati Passenger,Pass,NBQ,NEW BONGAIGAON,GHY,GUWAHATI,184,4.42,PUBLIC_COMMUNITY
55806,Guwahati New Bongaigaon Passenger,Pass,GHY,GUWAHATI,NBQ,NEW BONGAIGAON,184,4.42,PUBLIC_COMMUNITY
55809,New Bongaigaon Guwahati Passenger,Pass,NBQ,NEW BONGAIGAON,GHY,GUWAHATI,157,4.75,PUBLIC_COMMUNITY
55812,Lumding Guwahati Passenger,Pass,LMG,LUMDING JN,GHY,GUWAHATI,207,7.25,PUBLIC_COMMUNITY
55816,Kapali Fast Passenger,Pass,CPK,CHAPARMUKH JN,GHY,GUWAHATI,91,1.97,PUBLIC_COMMUNITY
55817,Chaparmukh Silghat Town Passenger,Pass,CPK,CHAPARMUKH JN,SHTT,Silghat Town,79,2.42,PUBLIC_COMMUNITY
55818,Silghat Town- Chaparmukh Passenger,Pass,SHTT,Silghat Town,CPK,CHAPARMUKH JN,81,3.0,PUBLIC_COMMUNITY
55901,Lumding Tinsukia Passenger,Pass,LMG,LUMDING JN,TSK,Tinsukia Junction,346,13.5,PUBLIC_COMMUNITY
55902,Tinsukia Lumding Passenger,Pass,TSK,Tinsukia Junction,LMG,LUMDING JN,346,13.42,PUBLIC_COMMUNITY
55903,Furkating Mariani Passenger,Pass,FKG,FURKATING JN,MXN,MARIANI JN,85,3.17,PUBLIC_COMMUNITY
55904,Mariani Furkating Passenger,Pass,MXN,MARIANI JN,FKG,FURKATING JN,85,3.25,PUBLIC_COMMUNITY
55905,Dibrugarh Ledo Passenger,Pass,DBRT,DIBRUGARH TOWN,LEDO,Ledo,103,3.67,PUBLIC_COMMUNITY
55906,Ledo Dibrugarh Passenger,Pass,LEDO,Ledo,DBRT,DIBRUGARH TOWN,103,3.5,PUBLIC_COMMUNITY
55907,Dibrugarh Ledo Passenger,Pass,DBRT,DIBRUGARH TOWN,LEDO,Ledo,103,3.5,PUBLIC_COMMUNITY
55908,Ledo Dibrugarh Passenger,Pass,LEDO,Ledo,DBRT,DIBRUGARH TOWN,103,4.0,PUBLIC_COMMUNITY
55913,Jorhat Town Tinsukia Passenger,Pass,JTTN,Jorhat Town,TSK,Tinsukia Junction,176,6.0,PUBLIC_COMMUNITY
55914,Tinsukia Jorhat Town Passenger,Pass,TSK,Tinsukia Junction,JTTN,Jorhat Town,176,6.17,PUBLIC_COMMUNITY
56001,Chennai Arakkonam Passenger,Pass,MAS,CHENNAI CENTRAL,AJJ,ARAKKONAM,68,1.67,PUBLIC_COMMUNITY
56002,Arakkonam Chennai Passenger,Pass,AJJ,ARAKKONAM,MAS,CHENNAI CENTRAL,68,1.67,PUBLIC_COMMUNITY
56003,Arakkonam Chengalpattu Passenger,Pass,AJJ,ARAKKONAM,CGL,CHENGALPATTU,63,1.42,PUBLIC_COMMUNITY
56005,Arakkonam Chengulpattu Passenger,Pass,AJJ,ARAKKONAM,CGL,CHENGALPATTU,63,1.67,PUBLIC_COMMUNITY
56007,Arakkonam Katpadi Passenger,Pass,AJJ,ARAKKONAM,KPD,KATPADI JN,61,1.58,PUBLIC_COMMUNITY
56008,Katpadi Arakkonam Passenger,Pass,KPD,KATPADI JN,AJJ,ARAKKONAM,61,1.75,PUBLIC_COMMUNITY
56009,Arakkonam Vellore Cantt Passenger,Pass,AJJ,ARAKKONAM,VLR,VELLORE CANT,71,2.0,PUBLIC_COMMUNITY
56010,Vellore Cantt. Arakkonam Passenger,Pass,VLR,VELLORE CANT,AJJ,ARAKKONAM,71,2.58,PUBLIC_COMMUNITY
56011,Arakkonam Nandalur Passenger,Pass,AJJ,ARAKKONAM,NRE,NANDALUR,155,5.67,PUBLIC_COMMUNITY
56012,Nandalur Arakkonam Passenger,Pass,NRE,NANDALUR,AJJ,ARAKKONAM,155,6.67,PUBLIC_COMMUNITY
56013,Arakkonam-Vellore Cantt Passenger,Pass,AJJ,ARAKKONAM,VLR,VELLORE CANT,71,2.08,PUBLIC_COMMUNITY
56037,Chennai Pondicherry Passenger,Pass,MS,CHENNAI EGMORE,PDY,Puducherry,196,4.5,PUBLIC_COMMUNITY
56038,Pondicherry Chennai Passenger,Pass,PDY,Puducherry,MS,CHENNAI EGMORE,196,5.08,PUBLIC_COMMUNITY
56039,Kumbakonam Thanjavur Passenger,Pass,KMU,KUMBAKONAM,TJ,THANJAVUR,39,1.17,PUBLIC_COMMUNITY
56040,Thanjavur Kumbakonam Passenger,Pass,TJ,THANJAVUR,KMU,KUMBAKONAM,39,1.42,PUBLIC_COMMUNITY
56213,CHAMARAJANAGAR - TIRUPATI Fast Passenger,Pass,CMNR,CHAMARAJANAGAR,TPTY,TIRUPATI MAIN,535,14.58,PUBLIC_COMMUNITY
56042,Puducherry-Tirupati Passenger,Pass,PDY,Puducherry,TPTY,TIRUPATI MAIN,284,8.83,PUBLIC_COMMUNITY
56043,Guruvayur Thrissur Passenger,Pass,GUV,GURUVAYUR,TCR,THRISUR,23,0.58,PUBLIC_COMMUNITY
56044,Thrissur Guruvayur Passenger,Pass,TCR,THRISUR,GUV,GURUVAYUR,23,0.58,PUBLIC_COMMUNITY
56045,Nagercoil Cape Passenger,Pass,NCJ,NAGERCOIL JN,CAPE,KANYAKUMARI,15,0.33,PUBLIC_COMMUNITY
56046,Kanyakumari Nagercoil Passenger,Pass,CAPE,KANYAKUMARI,NCJ,NAGERCOIL JN,15,0.42,PUBLIC_COMMUNITY
56102,Salem Mtdm Passenger,Pass,SA,SALEM JN,MTDM,METUR DAM,39,1.25,PUBLIC_COMMUNITY
56103,Mettur Dam Salem Passenger,Pass,MTDM,METUR DAM,SA,SALEM JN,39,1.5,PUBLIC_COMMUNITY
56136,Mettupalayam-Ooty Passenger,Pass,MTP,Mettupalayam,UAM,Udagamandalam,46,4.83,PUBLIC_COMMUNITY
56137,Ooty-Mettupalayam Passenger,Pass,UAM,Udagamandalam,MTP,Mettupalayam,46,3.58,PUBLIC_COMMUNITY
56139,Coonoor Passenger,Pass,UAM,Udagamandalam,ONR,Coonoor,19,1.17,PUBLIC_COMMUNITY
56140,Udagamandalam Coonoor Passenger,Pass,UAM,Udagamandalam,ONR,Coonoor,19,1.17,PUBLIC_COMMUNITY
56141,Coonoor Udagamandalam Passenger,Pass,ONR,Coonoor,UAM,Udagamandalam,19,1.33,PUBLIC_COMMUNITY
56142,(Ooty)Udagamandalam Coonoor Passenger,Pass,UAM,Udagamandalam,ONR,Coonoor,19,1.08,PUBLIC_COMMUNITY
56143,Udhagamandalam Passenger,Pass,ONR,Coonoor,UAM,Udagamandalam,19,1.25,PUBLIC_COMMUNITY
56144,Coimbatore Mettupalaiyam Passenger,Pass,CBE,COIMBATORE JN,MTP,Mettupalayam,35,0.83,PUBLIC_COMMUNITY
56145,Mettupalaiyam Coimbatore Passenger,Pass,MTP,Mettupalayam,CBE,COIMBATORE JN,35,0.92,PUBLIC_COMMUNITY
56146,Coimbatore-Mettupalayam Passenger,Pass,CBE,COIMBATORE JN,MTP,Mettupalayam,35,0.83,PUBLIC_COMMUNITY
56147,Mettupalayam-Coimbatore Passenger,Pass,MTP,Mettupalayam,CBE,COIMBATORE JN,35,0.83,PUBLIC_COMMUNITY
56148,CoimbatoreMettupalayam Passenger,Pass,CBE,COIMBATORE JN,MTP,Mettupalayam,35,0.83,PUBLIC_COMMUNITY
56149,MettupalayamCoimbatore Passenger,Pass,MTP,Mettupalayam,CBE,COIMBATORE JN,35,0.83,PUBLIC_COMMUNITY
56150,CoimbatoreMettupalayam Passenger,Pass,CBE,COIMBATORE JN,MTP,Mettupalayam,35,0.83,PUBLIC_COMMUNITY
56151,MettupalayamCoimbatore Passenger,Pass,MTP,Mettupalayam,CBE,COIMBATORE JN,35,0.83,PUBLIC_COMMUNITY
56201,Chamrajnagar Mysore Passenger,Pass,CMNR,CHAMARAJANAGAR,MYS,MYSORE JN,61,1.83,PUBLIC_COMMUNITY
56202,Mysore Chamrajnagar passenger,Pass,MYS,MYSORE JN,CMNR,CHAMARAJANAGAR,61,1.75,PUBLIC_COMMUNITY
56203,Chamarajnagar Mysore passenger,Pass,CMNR,CHAMARAJANAGAR,MYS,MYSORE JN,61,1.83,PUBLIC_COMMUNITY
56204,Mysore Chamrajnagar Passenger,Pass,MYS,MYSORE JN,CMNR,CHAMARAJANAGAR,61,1.83,PUBLIC_COMMUNITY
56205,Nanjangud Mysore Passenger,Pass,NTW,NANJANGUD TOWN,MYS,MYSORE JN,25,0.92,PUBLIC_COMMUNITY
56206,Nanjangud Mysore Passenger,Pass,MYS,MYSORE JN,NTW,NANJANGUD TOWN,25,0.75,PUBLIC_COMMUNITY
56209,Chamrajnagar Mysore Passenger,Pass,CMNR,CHAMARAJANAGAR,MYS,MYSORE JN,61,1.83,PUBLIC_COMMUNITY
56210,Mysore Chamrajnagar passenger,Pass,MYS,MYSORE JN,CMNR,CHAMARAJANAGAR,61,1.83,PUBLIC_COMMUNITY
56211,Chamrajnagar Mysore Passenger,Pass,CMNR,CHAMARAJANAGAR,MYS,MYSORE JN,61,1.83,PUBLIC_COMMUNITY
56212,Chamrajnagar Passenger,Pass,MYS,MYSORE JN,CMNR,CHAMARAJANAGAR,61,1.83,PUBLIC_COMMUNITY
56221,Bangalore Tumkur Passenger,Pass,SBC,BANGALORE CITY JN,TK,TUMKUR,70,1.75,PUBLIC_COMMUNITY
56222,Tumkur Bangalore Passenger,Pass,TK,TUMKUR,SBC,BANGALORE CITY JN,70,1.83,PUBLIC_COMMUNITY
56223,Bangalore Arisikere Passenger,Pass,SBC,BANGALORE CITY JN,ASK,ARSIKERE JN,167,4.42,PUBLIC_COMMUNITY
56224,Arisikere Bangalore Passenger,Pass,ASK,ARSIKERE JN,SBC,BANGALORE CITY JN,167,4.17,PUBLIC_COMMUNITY
56225,Bangalore Tumkur Passenger,Pass,SBC,BANGALORE CITY JN,TK,TUMKUR,70,1.75,PUBLIC_COMMUNITY
56226,Tumkur Bangalore passenger,Pass,TK,TUMKUR,SBC,BANGALORE CITY JN,70,1.83,PUBLIC_COMMUNITY
56227,Bangalore Shimoga Town Passenger,Pass,SBC,BANGALORE CITY JN,SMET,Shimoga Town,276,7.17,PUBLIC_COMMUNITY
56228,Shimoga Bangalore Passenger,Pass,SMET,Shimoga Town,SBC,BANGALORE CITY JN,276,7.33,PUBLIC_COMMUNITY
56229,Mysore Bangalore Passenger,Pass,MYS,MYSORE JN,SBC,BANGALORE CITY JN,137,3.83,PUBLIC_COMMUNITY
56230,Bangalore Mysore Passenger,Pass,SBC,BANGALORE CITY JN,MYS,MYSORE JN,137,3.67,PUBLIC_COMMUNITY
56231,Mysore Bangalore (PUSH-PULL) Passenger,Pass,MYS,MYSORE JN,SBC,BANGALORE CITY JN,137,3.33,PUBLIC_COMMUNITY
56232,Bangalore Mysore (PUSH-PULL) Passenger(Shuttle),Pass,SBC,BANGALORE CITY JN,MYS,MYSORE JN,137,4.08,PUBLIC_COMMUNITY
56233,Bangalore Mysore Passenger,Pass,SBC,BANGALORE CITY JN,MYS,MYSORE JN,138,3.67,PUBLIC_COMMUNITY
56234,Mysore Bangalore Passenger,Pass,MYS,MYSORE JN,SBC,BANGALORE CITY JN,138,3.58,PUBLIC_COMMUNITY
56237,Mysore Bangalore (PUSH-PULL) Passenger,Pass,MYS,MYSORE JN,SBC,BANGALORE CITY JN,137,3.58,PUBLIC_COMMUNITY
56004,Chengalpattu Arakkonam Passenger,Pass,CGL,CHENGALPATTU,AJJ,ARAKKONAM,63,1.5,PUBLIC_COMMUNITY
56238,Bangalore Mysore (PUSH-PULL) Passenger,Pass,SBC,BANGALORE CITY JN,MYS,MYSORE JN,137,3.67,PUBLIC_COMMUNITY
56239,Shimoga Birur Passenger,Pass,SMET,Shimoga Town,RRB,BIRUR JN,63,1.75,PUBLIC_COMMUNITY
56240,Birur Shimoga Passenger,Pass,RRB,BIRUR JN,SMET,Shimoga Town,63,1.83,PUBLIC_COMMUNITY
56241,Salem Yesvantpur passenger,Pass,SA,SALEM JN,YPR,YESVANTPUR JN,225,5.42,PUBLIC_COMMUNITY
56242,Yesvantpur Salem passenger,Pass,YPR,YESVANTPUR JN,SA,SALEM JN,225,5.33,PUBLIC_COMMUNITY
56262,BANGALORE - ARAKKONAM Passenger,Pass,SBC,BANGALORE CITY JN,AJJ,ARAKKONAM,290,11.5,PUBLIC_COMMUNITY
56263,Night Queen Passenger,Pass,MYS,MYSORE JN,SBC,BANGALORE CITY JN,139,4.08,PUBLIC_COMMUNITY
56264,Night Queen Passenger,Pass,SBC,BANGALORE CITY JN,MYS,MYSORE JN,139,4.08,PUBLIC_COMMUNITY
56265,Arsikere Mysore Passenger,Pass,ASK,ARSIKERE JN,MYS,MYSORE JN,167,4.25,PUBLIC_COMMUNITY
56266,Mysore Arsikere Passenger,Pass,MYS,MYSORE JN,ASK,ARSIKERE JN,167,4.08,PUBLIC_COMMUNITY
56268,Mysore Arsikere Passenger,Pass,MYS,MYSORE JN,ASK,ARSIKERE JN,167,4.25,PUBLIC_COMMUNITY
56269,Shimoga Mysore Passenger,Pass,SMET,Shimoga Town,MYS,MYSORE JN,276,6.42,PUBLIC_COMMUNITY
56270,Mysore Shimoga Passenger,Pass,MYS,MYSORE JN,SMET,Shimoga Town,276,6.42,PUBLIC_COMMUNITY
56271,Shimoga Birur Passenger,Pass,SMET,Shimoga Town,RRB,BIRUR JN,63,1.75,PUBLIC_COMMUNITY
56272,Birur Shimoga Town Passenger,Pass,RRB,BIRUR JN,SMET,Shimoga Town,63,1.75,PUBLIC_COMMUNITY
56273,Arsikere Hubli Passenger,Pass,ASK,ARSIKERE JN,UBL,HUBLI JN,304,7.25,PUBLIC_COMMUNITY
56274,Hubli Arsikere Passenger,Pass,UBL,HUBLI JN,ASK,ARSIKERE JN,304,7.33,PUBLIC_COMMUNITY
56300,Kollam Alappuzha Passenger,Pass,QLN,KOLLAM JN,ALLP,ALLEPPEY,85,2.17,PUBLIC_COMMUNITY
56301,Alappuzha Kollam Passenger,Pass,ALLP,ALLEPPEY,QLN,KOLLAM JN,85,2.17,PUBLIC_COMMUNITY
56302,Alappuzha Ernakulam Passenger,Pass,ALLP,ALLEPPEY,ERS,ERNAKULAM JN,57,1.67,PUBLIC_COMMUNITY
56303,Ernakulam Alappuzha Passenger,Pass,ERS,ERNAKULAM JN,ALLP,ALLEPPEY,57,1.67,PUBLIC_COMMUNITY
56307,Kollam Tiruvananthapuram Passenger,Pass,QLN,KOLLAM JN,TVC,TRIVANDRUM CENTRAL,64,2.0,PUBLIC_COMMUNITY
56308,Tiruvananthapuram Kollam Passenger,Pass,TVC,TRIVANDRUM CENTRAL,QLN,KOLLAM JN,64,1.92,PUBLIC_COMMUNITY
56309,Kollam Tiruvananthapuram Passenger,Pass,QLN,KOLLAM JN,TVC,TRIVANDRUM CENTRAL,64,2.08,PUBLIC_COMMUNITY
56310,Nagercoil Tiruvananthapuram Passenger,Pass,NCJ,NAGERCOIL JN,TVC,TRIVANDRUM CENTRAL,71,2.08,PUBLIC_COMMUNITY
56311,Tiruvananthapuram Nagercoil Passenger,Pass,TVC,TRIVANDRUM CENTRAL,NCJ,NAGERCOIL JN,71,2.08,PUBLIC_COMMUNITY
56312,Tirunelveli Nagercoil Passenger,Pass,TEN,TIRUNELVELI,NCJ,NAGERCOIL JN,74,1.83,PUBLIC_COMMUNITY
56313,Tiruvananthapuram Nagercoil Passenger,Pass,TVC,TRIVANDRUM CENTRAL,NCJ,NAGERCOIL JN,71,2.08,PUBLIC_COMMUNITY
56315,Tiruvananthapuram Nagercoil Passenger,Pass,TVC,TRIVANDRUM CENTRAL,NCJ,NAGERCOIL JN,71,2.08,PUBLIC_COMMUNITY
56316,Nagercoil Tiruvananthapuram Passenger,Pass,NCJ,NAGERCOIL JN,TVC,TRIVANDRUM CENTRAL,71,1.92,PUBLIC_COMMUNITY
56317,Kochuveli Nagercoil Passenger,Pass,KCVL,KOCHUVELI,NCJ,NAGERCOIL JN,78,2.58,PUBLIC_COMMUNITY
56318,Nagercoil Kochuveli Passenger,Pass,NCJ,NAGERCOIL JN,KCVL,KOCHUVELI,77,2.42,PUBLIC_COMMUNITY
56319,Nagercoil Coimbatore Passenger,Pass,NCJ,NAGERCOIL JN,CBE,COIMBATORE JN,532,13.25,PUBLIC_COMMUNITY
56321,Kanyakumari Tirunelveli Passenger,Pass,CAPE,KANYAKUMARI,TEN,TIRUNELVELI,89,2.5,PUBLIC_COMMUNITY
56323,Coimbatore Mangalore Fast Passenger,Pass,CBE,COIMBATORE JN,MAQ,MANGALORE CNTL,408,12.33,PUBLIC_COMMUNITY
56324,Coimbatore Fast Passenger,Pass,MAQ,MANGALORE CNTL,CBE,COIMBATORE JN,408,11.83,PUBLIC_COMMUNITY
56325,Nagercoil Cape Passenger,Pass,NCJ,NAGERCOIL JN,CAPE,KANYAKUMARI,15,0.33,PUBLIC_COMMUNITY
56331,Punalur Kollam Passenger,Pass,PUU,Punalur,QLN,KOLLAM JN,45,1.33,PUBLIC_COMMUNITY
56370,Ernakulam Guruvayur Passenger,Pass,ERS,ERNAKULAM JN,GUV,GURUVAYUR,97,2.58,PUBLIC_COMMUNITY
56503,Yesvantapur-Vijayawada Passenger,Pass,YPR,YESVANTPUR JN,BZA,VIJAYAWADA JN,739,21.67,PUBLIC_COMMUNITY
56504,Vijayawada Yesvantapur Passenger,Pass,BZA,VIJAYAWADA JN,YPR,YESVANTPUR JN,739,20.33,PUBLIC_COMMUNITY
56505,Bangarpet Marikuppam Passenger,Pass,BWT,BANGARAPET,MKM,Marikuppam,16,0.58,PUBLIC_COMMUNITY
56506,Marikuppam Bangarapet Passenger,Pass,MKM,Marikuppam,BWT,BANGARAPET,16,0.58,PUBLIC_COMMUNITY
56511,Bangarpet Marikuppam Passenger,Pass,BWT,BANGARAPET,MKM,Marikuppam,16,0.58,PUBLIC_COMMUNITY
56515,BANGALORE CITY - HUBLI Pass,Pass,SBC,BANGALORE CITY JN,UBL,HUBLI JN,471,12.5,PUBLIC_COMMUNITY
56516,HUBLI - BANGALORE CY Passenger,Pass,UBL,HUBLI JN,SBC,BANGALORE CITY JN,471,12.75,PUBLIC_COMMUNITY
55525,Barauni-Samastipur Passenger,Pass,BJU,BARAUNI JN,SPJ,SAMASTIPUR JN,50,1.58,PUBLIC_COMMUNITY
56332,Kollam Punalur Passenger,Pass,QLN,KOLLAM JN,PUU,Punalur,45,1.42,PUBLIC_COMMUNITY
56333,Punalur Kollam Passenger,Pass,PUU,Punalur,QLN,KOLLAM JN,45,1.42,PUBLIC_COMMUNITY
56334,Kollam Punalur Passenger,Pass,QLN,KOLLAM JN,PUU,Punalur,45,1.42,PUBLIC_COMMUNITY
56335,Punalur Kollam Passenger,Pass,PUU,Punalur,QLN,KOLLAM JN,45,1.42,PUBLIC_COMMUNITY
56336,Kollam Punalur Passenger,Pass,QLN,KOLLAM JN,PUU,Punalur,45,1.42,PUBLIC_COMMUNITY
56337,Punalur Kollam Passenger,Pass,PUU,Punalur,QLN,KOLLAM JN,45,1.42,PUBLIC_COMMUNITY
56338,Kollam Punalur Passenger,Pass,QLN,KOLLAM JN,PUU,Punalur,45,1.33,PUBLIC_COMMUNITY
56371,Guruvayur Ernakulam Passenger,Pass,GUV,GURUVAYUR,ERS,ERNAKULAM JN,97,2.58,PUBLIC_COMMUNITY
56374,Thrissur Guruvayur Passenger,Pass,TCR,THRISUR,GUV,GURUVAYUR,23,0.58,PUBLIC_COMMUNITY
56375,Guruvayur Ernakulam Passenger,Pass,GUV,GURUVAYUR,ERS,ERNAKULAM JN,97,2.67,PUBLIC_COMMUNITY
56376,Ernakulam Guruvayur Passenger,Pass,ERS,ERNAKULAM JN,GUV,GURUVAYUR,97,3.0,PUBLIC_COMMUNITY
56377,Allepey Kayankulam Passenger,Pass,ALLP,ALLEPPEY,KYJ,KAYANKULAM JN,44,1.17,PUBLIC_COMMUNITY
56379,Ernakulam Alappuzha Passenger,Pass,ERS,ERNAKULAM JN,ALLP,ALLEPPEY,57,2.0,PUBLIC_COMMUNITY
56380,Kayankulam Ernakulam Passenger,Pass,KYJ,KAYANKULAM JN,ERS,ERNAKULAM JN,101,3.08,PUBLIC_COMMUNITY
56381,Ernakulam Kayankulam Passenger,Pass,ERS,ERNAKULAM JN,KYJ,KAYANKULAM JN,101,2.33,PUBLIC_COMMUNITY
56382,Kayankulam Ernakulam Passenger,Pass,KYJ,KAYANKULAM JN,ERS,ERNAKULAM JN,101,2.42,PUBLIC_COMMUNITY
56383,Ernakulam Kayankulam Passenger,Pass,ERS,ERNAKULAM JN,KYJ,KAYANKULAM JN,101,3.25,PUBLIC_COMMUNITY
56384,Alappuzha Ernakulam Passenger,Pass,ALLP,ALLEPPEY,ERS,ERNAKULAM JN,57,1.75,PUBLIC_COMMUNITY
56391,Ernakulam Kollam Passenger,Pass,ERS,ERNAKULAM JN,QLN,KOLLAM JN,156,4.5,PUBLIC_COMMUNITY
56392,Kollam Ernakulam Passenger,Pass,QLN,KOLLAM JN,ERS,ERNAKULAM JN,156,4.33,PUBLIC_COMMUNITY
56501,Vijayawada Hubli Passenger,Pass,BZA,VIJAYAWADA JN,UBL,HUBLI JN,693,21.33,PUBLIC_COMMUNITY
56502,Hubli Vijayawada Passenger,Pass,UBL,HUBLI JN,BZA,VIJAYAWADA JN,693,19.0,PUBLIC_COMMUNITY
56507,Swarna passenger Marikuppam Bangalore,Pass,MKM,Marikuppam,SBC,BANGALORE CITY JN,86,2.92,PUBLIC_COMMUNITY
56508,Bangalore-Marikuppam Swarna Pass.,Pass,SBC,BANGALORE CITY JN,MKM,Marikuppam,86,2.5,PUBLIC_COMMUNITY
56509,Marikuppam Bangalore Passenger,Pass,MKM,Marikuppam,SBC,BANGALORE CITY JN,86,3.0,PUBLIC_COMMUNITY
56510,Bangalore Marikuppam passenger,Pass,SBC,BANGALORE CITY JN,MKM,Marikuppam,86,2.58,PUBLIC_COMMUNITY
56512,Marikuppam Bangarpet passenger,Pass,MKM,Marikuppam,BWT,BANGARAPET,16,0.58,PUBLIC_COMMUNITY
56513,Salem Bangalore passenger,Pass,SA,SALEM JN,SBC,BANGALORE CITY JN,218,5.5,PUBLIC_COMMUNITY
56514,Bangalore Salem Passenger,Pass,SBC,BANGALORE CITY JN,SA,SALEM JN,218,5.58,PUBLIC_COMMUNITY
56517,Chitradurga Harihar Passenger,Pass,CTA,Chitradurg,HRR,HARIHAR,91,2.5,PUBLIC_COMMUNITY
56518,Harihar Chitradurga Passenger,Pass,HRR,HARIHAR,CTA,Chitradurg,91,2.5,PUBLIC_COMMUNITY
56519,Bangalore Chitradurga Passenger,Pass,JRU,CHIKJAJUR JN,CTA,Chitradurg,33,1.08,PUBLIC_COMMUNITY
56520,Chitradura Bangalore Passenger,Pass,CTA,Chitradurg,JRU,CHIKJAJUR JN,33,0.92,PUBLIC_COMMUNITY
56525,Bangalore Chik ballapur Passenger,Pass,SBC,BANGALORE CITY JN,CBP,Chik Ballapur,64,1.83,PUBLIC_COMMUNITY
56526,Chik Ballapur Bangalore Passenger,Pass,CBP,Chik Ballapur,SBC,BANGALORE CITY JN,64,1.83,PUBLIC_COMMUNITY
56527,Kanyakumari Nagercoil Passenger,Pass,CAPE,KANYAKUMARI,NCJ,NAGERCOIL JN,15,0.33,PUBLIC_COMMUNITY
56528,Nagercoil Kanyakumari Passenger,Pass,NCJ,NAGERCOIL JN,CAPE,KANYAKUMARI,15,0.42,PUBLIC_COMMUNITY
56601,Shoranur Kozhikode Passenger,Pass,SRR,SHORANUR JN,CLT,KOZHIKODE,86,2.25,PUBLIC_COMMUNITY
56613,Shoranur Nilambur Fast Passenger,Pass,SRR,SHORANUR JN,NIL,Nilambur Road,67,1.75,PUBLIC_COMMUNITY
56615,Shoranur Nilambur Passenger,Pass,SRR,SHORANUR JN,NIL,Nilambur Road,67,1.75,PUBLIC_COMMUNITY
56640,Mangalore-Verna Passenger,Pass,MAQ,MANGALORE CNTL,VEN,VERNA,454,7.0,PUBLIC_COMMUNITY
56641,Verna Mangalore Passenger,Pass,VEN,VERNA,MAQ,MANGALORE CNTL,454,7.0,PUBLIC_COMMUNITY
56642,Kabakaputtur Mangalore Passenger,Pass,KBPR,Kabakaputtur,MAQ,MANGALORE CNTL,49,1.58,PUBLIC_COMMUNITY
56651,Coimbatore Kannur Fast Passenger,Pass,CBE,COIMBATORE JN,CAN,KANNUR,274,7.25,PUBLIC_COMMUNITY
56700,Madurai-Kollam Passenger,Pass,MDU,MADURAI JN,QLN,KOLLAM JN,366,10.25,PUBLIC_COMMUNITY
56701,Madurai Passenger,Pass,QLN,KOLLAM JN,MDU,MADURAI JN,366,11.5,PUBLIC_COMMUNITY
56602,Kannur Shoranur Passenger,Pass,CAN,KANNUR,SRR,SHORANUR JN,175,5.75,PUBLIC_COMMUNITY
56603,Thrissur Kannur Passenger,Pass,TCR,THRISUR,CAN,KANNUR,208,6.42,PUBLIC_COMMUNITY
56604,Shoranur Coimbatore Passenger,Pass,SRR,SHORANUR JN,CBE,COIMBATORE JN,101,2.75,PUBLIC_COMMUNITY
56606,Ernakulam Shoranur Passenger,Pass,ERS,ERNAKULAM JN,SRR,SHORANUR JN,107,3.42,PUBLIC_COMMUNITY
56607,Shoranur Ernakulam Passenger,Pass,SRR,SHORANUR JN,ERS,ERNAKULAM JN,107,3.17,PUBLIC_COMMUNITY
56608,Ernakulam Shoranur Passenger,Pass,ERS,ERNAKULAM JN,SRR,SHORANUR JN,107,3.75,PUBLIC_COMMUNITY
56609,Shoranur Ernakulam Passenger,Pass,SRR,SHORANUR JN,ERS,ERNAKULAM JN,107,3.0,PUBLIC_COMMUNITY
56610,Nilambur Palakkad Passenger,Pass,NIL,Nilambur Road,PGT,PALAKKAD,112,4.08,PUBLIC_COMMUNITY
56612,Nilambur Shoranur Passenger,Pass,NIL,Nilambur Road,SRR,SHORANUR JN,67,1.83,PUBLIC_COMMUNITY
56616,Nilambur Shoranur Fast Passenger,Pass,NIL,Nilambur Road,SRR,SHORANUR JN,67,1.83,PUBLIC_COMMUNITY
56617,Shoranur Nilambur Passenger,Pass,SRR,SHORANUR JN,NIL,Nilambur Road,67,1.75,PUBLIC_COMMUNITY
56618,Nilambur Shoranur Passenger,Pass,NIL,Nilambur Road,SRR,SHORANUR JN,67,1.83,PUBLIC_COMMUNITY
56619,Shoranur Nilambur Passenger,Pass,SRR,SHORANUR JN,NIL,Nilambur Road,67,1.83,PUBLIC_COMMUNITY
56620,Nilambur Road Shoranur Pass,Pass,NIL,Nilambur Road,SRR,SHORANUR JN,67,1.83,PUBLIC_COMMUNITY
56621,Shoranur Nilambur Road Pass,Pass,SRR,SHORANUR JN,NIL,Nilambur Road,67,1.75,PUBLIC_COMMUNITY
56643,Kabakaputtur Passenger,Pass,MAQ,MANGALORE CNTL,KBPR,Kabakaputtur,49,1.33,PUBLIC_COMMUNITY
56644,Kabakaputtur Mangalore Passenger,Pass,KBPR,Kabakaputtur,MAQ,MANGALORE CNTL,49,1.58,PUBLIC_COMMUNITY
56645,Kabakaputtur Passenger,Pass,MAQ,MANGALORE CNTL,KBPR,Kabakaputtur,49,1.33,PUBLIC_COMMUNITY
56646,Subramanya Road Mangalore Passenger,Pass,SBHR,Subrahmanya Road,MAQ,MANGALORE CNTL,92,2.5,PUBLIC_COMMUNITY
56647,Subrahmanya Road Passenger,Pass,MAQ,MANGALORE CNTL,SBHR,Subrahmanya Road,92,2.25,PUBLIC_COMMUNITY
56650,Kannur Coimbatore Fast Passenger,Pass,CAN,KANNUR,CBE,COIMBATORE JN,276,7.67,PUBLIC_COMMUNITY
56652,Kannur Kozhikkode Passenger,Pass,CAN,KANNUR,CLT,KOZHIKODE,89,2.42,PUBLIC_COMMUNITY
56653,Kozhikode Kannur Passenger,Pass,CLT,KOZHIKODE,CAN,KANNUR,89,2.42,PUBLIC_COMMUNITY
56654,Kozhikode Passenger,Pass,MAQ,MANGALORE CNTL,CLT,KOZHIKODE,221,5.67,PUBLIC_COMMUNITY
56655,Kannur Mangalore Passenger,Pass,CAN,KANNUR,MAQ,MANGALORE CNTL,132,3.42,PUBLIC_COMMUNITY
56656,Kannur Passenger,Pass,MAQ,MANGALORE CNTL,CAN,KANNUR,132,4.0,PUBLIC_COMMUNITY
56657,Calicut Kannur Passenger,Pass,CLT,KOZHIKODE,CAN,KANNUR,89,2.33,PUBLIC_COMMUNITY
56659,Kannur Charvattur Passenger,Pass,CAN,KANNUR,CHV,CHARVATTUR,49,1.17,PUBLIC_COMMUNITY
56661,Charvattur Mangalore Passenger,Pass,CHV,CHARVATTUR,MAQ,MANGALORE CNTL,83,2.08,PUBLIC_COMMUNITY
56703,TIRUCHCHIRAPALI  - DINDIGUL PASSENGER,Pass,TPJ,TIRUCHIRAPPALLI,DG,DINDIGUL JN,170,2.42,PUBLIC_COMMUNITY
56707,Dindigul Madurai Passenger,Pass,DG,DINDIGUL JN,MDU,MADURAI JN,62,1.25,PUBLIC_COMMUNITY
56708,Madurai Dindigul Passenger,Pass,MDU,MADURAI JN,DG,DINDIGUL JN,62,1.5,PUBLIC_COMMUNITY
56709,Dindigul Madurai Passenger,Pass,DG,DINDIGUL JN,MDU,MADURAI JN,62,1.58,PUBLIC_COMMUNITY
56710,Madurai Dindigul Passenger,Pass,MDU,MADURAI JN,DG,DINDIGUL JN,62,1.5,PUBLIC_COMMUNITY
56712,Trichy Nagore Passenger,Pass,TPJ,TIRUCHIRAPPALLI,NCR,Nagore,135,4.17,PUBLIC_COMMUNITY
56714,Tiruchirapalli Nagore Passenger,Pass,TPJ,TIRUCHIRAPPALLI,NCR,Nagore,135,4.67,PUBLIC_COMMUNITY
56733,MADURAI - SENGOTTAI  PASSENGER,Pass,MDU,MADURAI JN,SCT,SENGOTTAI,173,3.67,PUBLIC_COMMUNITY
56734,SENGOTTAI - MADURAI PASSENGER,Pass,SCT,SENGOTTAI,MDU,MADURAI JN,173,3.83,PUBLIC_COMMUNITY
56735,MADURAI  - SENGOTTAI PASSENGER,Pass,MDU,MADURAI JN,SCT,SENGOTTAI,173,3.75,PUBLIC_COMMUNITY
56736,Sengottail Madurai Passenger,Pass,SCT,SENGOTTAI,MDU,MADURAI JN,173,3.67,PUBLIC_COMMUNITY
56806,Tiruchchirapalli Cuddalore Port Passenger,Pass,TPJ,TIRUCHIRAPPALLI,CUPJ,CUDDALORE PORT,180,5.42,PUBLIC_COMMUNITY
56808,Tiruchchirapalli Villupuram Passenger,Pass,TPJ,TIRUCHIRAPPALLI,VRI,VRIDHACHALAM JN,123,3.75,PUBLIC_COMMUNITY
56812,Tiruchchirapalli Mayiladuturai Passenger,Pass,TPJ,TIRUCHIRAPPALLI,MV,MAYILADUTURAI JN,120,3.33,PUBLIC_COMMUNITY
56821,MAYILADUTURAI  - DINDIGUL PASSENGER,Pass,MV,MAYILADUTURAI JN,DG,DINDIGUL JN,437,11.33,PUBLIC_COMMUNITY
56824,Tiruchchirapalli Mayiladuturai Passenger,Pass,TPJ,TIRUCHIRAPPALLI,MV,MAYILADUTURAI JN,120,3.58,PUBLIC_COMMUNITY
56826,Tirnunelveli Erode Passenger,Pass,TEN,TIRUNELVELI,ED,ERODE JN,358,8.83,PUBLIC_COMMUNITY
56829,Tiruchchirapalli Rameswaram Passenger,Pass,TPJ,TIRUCHIRAPPALLI,RMM,RAMESWARAM,266,6.5,PUBLIC_COMMUNITY
14523,Harihar Express,Exp,MFP,MUZAFFARPUR JN,UMB,AMBALA CANT JN,1201,24.5,PUBLIC_COMMUNITY
53426,KIUL JAMALPUR PASS,Pass,KIUL,KIUL JN,JMP,JAMALPUR JN,54,1.17,PUBLIC_COMMUNITY
53428,KIUL JAMALPUR PASS,Pass,KIUL,KIUL JN,JMP,JAMALPUR JN,54,1.25,PUBLIC_COMMUNITY
55610,FKM - DBB FAST PASSENGER,Pass,FKM,FAKIRAGRAM JN,DBB,DHUBRI,267,7.0,PUBLIC_COMMUNITY
56704,DINDIGUL - TIRUCHCHIRAPALI PASSENGER,Pass,DG,DINDIGUL JN,TPJ,TIRUCHIRAPPALLI,170,2.25,PUBLIC_COMMUNITY
56705,VILLUPURAM  - MADURAI PASSENGER,Pass,VM,VILLUPURAM JN,MDU,MADURAI JN,334,9.75,PUBLIC_COMMUNITY
56706,MADURAI - VILLUPURAM PASSENGER,Pass,MDU,MADURAI JN,VM,VILLUPURAM JN,337,11.5,PUBLIC_COMMUNITY
56711,Nagore Trichy Passenger,Pass,NCR,Nagore,TPJ,TIRUCHIRAPPALLI,135,4.67,PUBLIC_COMMUNITY
56713,Nagore Trichy Passenger,Pass,NCR,Nagore,TPJ,TIRUCHIRAPPALLI,135,4.33,PUBLIC_COMMUNITY
56721,Madurai Rameswaram Passenger,Pass,MDU,MADURAI JN,RMM,RAMESWARAM,161,3.58,PUBLIC_COMMUNITY
56722,Rameswaram Madurai Passenger,Pass,RMM,RAMESWARAM,MDU,MADURAI JN,161,4.0,PUBLIC_COMMUNITY
56724,Rameswaram Madurai Passenger,Pass,RMM,RAMESWARAM,MDU,MADURAI JN,161,3.92,PUBLIC_COMMUNITY
56725,Madurai Rameswaram Passenger,Pass,MDU,MADURAI JN,RMM,RAMESWARAM,161,4.33,PUBLIC_COMMUNITY
56726,Rameswaram Madurai Passenger,Pass,RMM,RAMESWARAM,MDU,MADURAI JN,161,3.75,PUBLIC_COMMUNITY
56761,Tirunelveli Tiruchendur Passenger,Pass,TEN,TIRUNELVELI,TCN,Tiruchendur,61,1.83,PUBLIC_COMMUNITY
56762,Tiruchendur Tirunelveli Passenger,Pass,TCN,Tiruchendur,TEN,TIRUNELVELI,61,1.75,PUBLIC_COMMUNITY
56763,Tirunelveli Tiruchendur Passenger,Pass,TEN,TIRUNELVELI,TCN,Tiruchendur,61,1.75,PUBLIC_COMMUNITY
56764,Tiruchendur Tirunelveli Passenger,Pass,TCN,Tiruchendur,TEN,TIRUNELVELI,61,1.5,PUBLIC_COMMUNITY
56765,Tirunelveli Tiruchendur Passenger,Pass,TEN,TIRUNELVELI,TCN,Tiruchendur,61,1.92,PUBLIC_COMMUNITY
56766,Tiruchendur Tirunelveli Passenger,Pass,TCN,Tiruchendur,TEN,TIRUNELVELI,61,1.75,PUBLIC_COMMUNITY
56767,Tuticorin Tiruchendur Passenger,Pass,TN,TUTICORIN,TCN,Tiruchendur,121,4.42,PUBLIC_COMMUNITY
56768,Tiruchendur Tuticorin Passenger,Pass,TCN,Tiruchendur,TN,TUTICORIN,121,4.42,PUBLIC_COMMUNITY
56805,Cuddalore Port Tiruchchirapalli Passenger,Pass,CUPJ,CUDDALORE PORT,TPJ,TIRUCHIRAPPALLI,180,4.83,PUBLIC_COMMUNITY
56807,Vriddhachalam Tiruchchirapalli Passenger,Pass,VRI,VRIDHACHALAM JN,TPJ,TIRUCHIRAPPALLI,123,3.5,PUBLIC_COMMUNITY
56811,Mayiladuturai Tiruchchirapalli Passenger,Pass,MV,MAYILADUTURAI JN,TPJ,TIRUCHIRAPPALLI,120,3.5,PUBLIC_COMMUNITY
56822,DINDIGUL - MAYILADUTURAI PASSENGER,Pass,DG,DINDIGUL JN,MV,MAYILADUTURAI JN,214,5.5,PUBLIC_COMMUNITY
56823,Mayiladuturai Tiruchchirapalli Passenger,Pass,MV,MAYILADUTURAI JN,TPJ,TIRUCHIRAPPALLI,120,3.08,PUBLIC_COMMUNITY
56827,Tuticorin Tirunelveli Passenger,Pass,TN,TUTICORIN,TEN,TIRUNELVELI,60,2.67,PUBLIC_COMMUNITY
56828,Tirunelveli Tuticorin Passenger,Pass,TEN,TIRUNELVELI,TN,TUTICORIN,60,2.17,PUBLIC_COMMUNITY
56830,Rameswaram Trichy Passenger,Pass,RMM,RAMESWARAM,TPJ,TIRUCHIRAPPALLI,266,6.83,PUBLIC_COMMUNITY
56835,Vriddhachalam Salem Passenger,Pass,VRI,VRIDHACHALAM JN,SA,SALEM JN,145,3.33,PUBLIC_COMMUNITY
56836,Salem Vriddhachalam Passenger,Pass,SA,SALEM JN,VRI,VRIDHACHALAM JN,145,3.58,PUBLIC_COMMUNITY
56837,Vriddhachalam Salem Passenger,Pass,VRI,VRIDHACHALAM JN,SA,SALEM JN,145,3.75,PUBLIC_COMMUNITY
56838,Salem Vriddhachalam Passenger,Pass,SA,SALEM JN,VRI,VRIDHACHALAM JN,145,3.25,PUBLIC_COMMUNITY
56839,Jolarpettai Erode Passenger,Pass,JTJ,JOLARPETTAI,ED,ERODE JN,182,4.25,PUBLIC_COMMUNITY
56840,Erode Jolarpettai Passenger,Pass,ED,ERODE JN,JTJ,JOLARPETTAI,182,5.08,PUBLIC_COMMUNITY
56845,Jolarpettai Erode Passenger,Pass,JTJ,JOLARPETTAI,ED,ERODE JN,182,4.33,PUBLIC_COMMUNITY
56846,Erode Jolarpettai Passenger,Pass,ED,ERODE JN,JTJ,JOLARPETTAI,182,4.92,PUBLIC_COMMUNITY
56859,Tambaram Villupuram Passenger,Pass,TBM,TAMBARAM,VM,VILLUPURAM JN,133,3.0,PUBLIC_COMMUNITY
56861,Villupuram-Puducherry Passenger,Pass,VM,VILLUPURAM JN,PDY,Puducherry,38,0.83,PUBLIC_COMMUNITY
56863,Villupuram-Puducherry Passenger,Pass,VM,VILLUPURAM JN,PDY,Puducherry,38,0.83,PUBLIC_COMMUNITY
56865,Puducherry-Villupuram Passenger,Pass,VM,VILLUPURAM JN,PDY,Puducherry,38,0.75,PUBLIC_COMMUNITY
56873,Villupuram Mayiladuthurai Passenger,Pass,VM,VILLUPURAM JN,MV,MAYILADUTURAI JN,123,3.67,PUBLIC_COMMUNITY
56877,Villupuram-Mayiladuthurai Passenger,Pass,VM,VILLUPURAM JN,MV,MAYILADUTURAI JN,123,3.42,PUBLIC_COMMUNITY
56904,Dharwar Solapur Passenger,Pass,DWR,DHARWAR,SUR,SOLAPUR JN,378,9.83,PUBLIC_COMMUNITY
56905,Solapur-Hubli Passenger,Pass,SUR,SOLAPUR JN,UBL,HUBLI JN,359,9.25,PUBLIC_COMMUNITY
56906,Hubli - Solapur Passenger,Pass,UBL,HUBLI JN,SUR,SOLAPUR JN,359,9.5,PUBLIC_COMMUNITY
55029,Muzaffarpur Gorakhpur Passenger,Pass,MFP,MUZAFFARPUR JN,GKP,GORAKHPUR JN,310,10.67,PUBLIC_COMMUNITY
56833,Cuddalore Vriddhachalam Passenger,Pass,CUPJ,CUDDALORE PORT,VRI,VRIDHACHALAM JN,57,1.25,PUBLIC_COMMUNITY
56841,Tiruchchirapalli Erode Passenger,Pass,TPJ,TIRUCHIRAPPALLI,ED,ERODE JN,141,4.25,PUBLIC_COMMUNITY
56843,Tiruchchirapalli Erode Passenger,Pass,TPJ,TIRUCHIRAPPALLI,ED,ERODE JN,141,4.0,PUBLIC_COMMUNITY
56847,Trichy Palakkad Town Passenger,Pass,TPJ,TIRUCHIRAPPALLI,PGTN,PALGHAT TOWN,301,7.67,PUBLIC_COMMUNITY
56848,Palghat Town Tiruchchirapalli Passenger,Pass,PGTN,PALGHAT TOWN,TPJ,TIRUCHIRAPPALLI,301,7.25,PUBLIC_COMMUNITY
56851,Nagore Trichy Passenger,Pass,NCR,Nagore,TPJ,TIRUCHIRAPPALLI,135,4.92,PUBLIC_COMMUNITY
56852,Trichy Nagore Passenger,Pass,TPJ,TIRUCHIRAPPALLI,NCR,Nagore,135,4.42,PUBLIC_COMMUNITY
56862,Puducherry-Villupuram Passenger,Pass,PDY,Puducherry,VM,VILLUPURAM JN,38,0.75,PUBLIC_COMMUNITY
56864,Puducherry-Villupuram Passenger,Pass,PDY,Puducherry,VM,VILLUPURAM JN,38,0.83,PUBLIC_COMMUNITY
56866,Puducherry-Villupuram Passenger,Pass,PDY,Puducherry,VM,VILLUPURAM JN,38,0.83,PUBLIC_COMMUNITY
56874,Mayiladuthurai Villupuram Passenger,Pass,MV,MAYILADUTURAI JN,VM,VILLUPURAM JN,123,3.67,PUBLIC_COMMUNITY
56878,Mayiladuthurai-Villupuram Passenger,Pass,MV,MAYILADUTURAI JN,VM,VILLUPURAM JN,123,3.83,PUBLIC_COMMUNITY
56890,Tiruturaipdi Tiruvarur Passenger,Pass,TTP,Tiruturaipudi Junction,TVR,THIRUVARUR JN,26,0.92,PUBLIC_COMMUNITY
56891,Thiruvarur Karaikkudi Passenger,Pass,TVR,THIRUVARUR JN,KKDI,Karaikkudi Junction,149,4.83,PUBLIC_COMMUNITY
56892,Karaikkudi Thiruvarur Passenger,Pass,KKDI,Karaikkudi Junction,TVR,THIRUVARUR JN,149,4.75,PUBLIC_COMMUNITY
56893,Thiruvarur Karaikkudi Passenger,Pass,TVR,THIRUVARUR JN,KKDI,Karaikkudi Junction,149,4.67,PUBLIC_COMMUNITY
56894,Karaikkudi Thiruvarur Passenger,Pass,KKDI,Karaikkudi Junction,TVR,THIRUVARUR JN,149,4.58,PUBLIC_COMMUNITY
56902,Dharwar Hubil Passenger,Pass,DWR,DHARWAR,UBL,HUBLI JN,21,0.83,PUBLIC_COMMUNITY
56907,Hubli Dharwar Passenger,Pass,UBL,HUBLI JN,DWR,DHARWAR,21,0.75,PUBLIC_COMMUNITY
56909,Bangalore Hospet Passenger,Pass,SBC,BANGALORE CITY JN,UBL,HUBLI JN,469,12.5,PUBLIC_COMMUNITY
56909-Slip,Bangalore Hospet Passenger Slip,Pass,SBC,BANGALORE CITY JN,HPT,HOSPET JN,529,14.42,PUBLIC_COMMUNITY
56910,Bangalore Passenger,Pass,HPT,HOSPET JN,SBC,BANGALORE CITY JN,529,15.75,PUBLIC_COMMUNITY
56911,Bangalore Hubli passenger,Pass,JRU,CHIKJAJUR JN,UBL,HUBLI JN,189,5.25,PUBLIC_COMMUNITY
56912,Hubli Bangalore Passenger,Pass,UBL,HUBLI JN,SBC,BANGALORE CITY JN,469,11.92,PUBLIC_COMMUNITY
56913,Bangalore Hubli Fast Passenger,Pass,SBC,BANGALORE CITY JN,UBL,HUBLI JN,471,11.25,PUBLIC_COMMUNITY
56914,Hubli Bangalore passenger,Pass,UBL,HUBLI JN,SBC,BANGALORE CITY JN,471,11.42,PUBLIC_COMMUNITY
56915,Hubli Passenger Slip,Pass,JRU,CHIKJAJUR JN,UBL,HUBLI JN,189,5.33,PUBLIC_COMMUNITY
56916,Hubli Chikjajur Passenger,Pass,UBL,HUBLI JN,JRU,CHIKJAJUR JN,189,4.58,PUBLIC_COMMUNITY
56917,Bangalore Shimoga Slip,Pass,RRB,BIRUR JN,SMET,Shimoga Town,63,1.75,PUBLIC_COMMUNITY
56918,Shimoga Bangalore Passenger,Pass,SMET,Shimoga Town,SBC,BANGALORE CITY JN,274,7.33,PUBLIC_COMMUNITY
56961,KULEM - VASCO DAGAMA Passenger,Pass,QLM,KULEM,VSG,VASCO DA GAMA,55,1.83,PUBLIC_COMMUNITY
56963,KULEM - VASCO DA GAMA Passenger,Pass,QLM,KULEM,VSG,VASCO DA GAMA,55,1.67,PUBLIC_COMMUNITY
56964,VASCO DA GAMA - KULEM Passenger,Pass,VSG,VASCO DA GAMA,QLM,KULEM,55,1.83,PUBLIC_COMMUNITY
57129,Bijapur-Bolarum Passenger,Pass,BJP,BIJAPUR,BMO,BOLARUM,456,14.42,PUBLIC_COMMUNITY
57130,Hyderabad Bijapur Passenger,Pass,HYB,HYDERABAD DECCAN,BJP,BIJAPUR,444,14.83,PUBLIC_COMMUNITY
57131,Bolarum Hyderabad Passenger,Pass,BMO,BOLARUM,HYB,HYDERABAD DECCAN,21,1.17,PUBLIC_COMMUNITY
57133,Bijapur Raichur Passenger,Pass,BJP,BIJAPUR,RC,RAICHUR,367,10.0,PUBLIC_COMMUNITY
57134,Raichur Bijapur Passenger,Pass,RC,RAICHUR,BJP,BIJAPUR,367,9.5,PUBLIC_COMMUNITY
57139,Dornakal Manuguru Passenger,Pass,DKJ,DORNAKAL JN,MUGR,Manuguru,107,4.08,PUBLIC_COMMUNITY
57145,Dornakal Bhadrachalam Passenger,Pass,DKJ,DORNAKAL JN,BDCR,Bhadrachalam Road,54,1.67,PUBLIC_COMMUNITY
57146,Bhadrachalam Dornakal Passenger,Pass,BDCR,Bhadrachalam Road,DKJ,DORNAKAL JN,54,1.67,PUBLIC_COMMUNITY
57156,Hyderabad Gulbarga Passenger,Pass,HYB,HYDERABAD DECCAN,GR,GULBARGA,223,6.67,PUBLIC_COMMUNITY
57201,Vijayawada Rajahmundry Passenger,Pass,BZA,VIJAYAWADA JN,RJY,RAJAMUNDRY,149,4.5,PUBLIC_COMMUNITY
57207,Tenali Markapur Road Passenger,Pass,TEL,TENALI JN,MRK,MARKAPUR ROAD,170,4.42,PUBLIC_COMMUNITY
57208,Markapur Road Guntur Passenger,Pass,MRK,MARKAPUR ROAD,GNT,GUNTUR JN,144,3.67,PUBLIC_COMMUNITY
57235,Rajamundry Visakhapatnam Passenger,Pass,RJY,RAJAMUNDRY,VSKP,VISHAKAPATNAM,200,4.7,PUBLIC_COMMUNITY
53131,Sealdah Muzaffarpur Fast Passenger,Pass,SDAH,KOLKATA SEALDAH,MFP,MUZAFFARPUR JN,576,18.5,PUBLIC_COMMUNITY
56962,VASCO DAGAMA - KULEM Passenger,Pass,VSG,VASCO DA GAMA,QLM,KULEM,55,1.58,PUBLIC_COMMUNITY
56965,KULEM - VASCO DA GAMA Passenger,Pass,QLM,KULEM,VSG,VASCO DA GAMA,55,1.75,PUBLIC_COMMUNITY
56966,VASCO DA GAMA - KULEM Passenger,Pass,VSG,VASCO DA GAMA,QLM,KULEM,55,1.67,PUBLIC_COMMUNITY
57121,Kazipet Balharshah Passenger,Pass,KZJ,KAZIPET JN,BPQ,BALHARSHAH,235,5.5,PUBLIC_COMMUNITY
57122,Sirpur Town Kazipet Passenger,Pass,SRUR,SIRPUR TOWN,KZJ,KAZIPET JN,183,4.83,PUBLIC_COMMUNITY
57124,Balharshah Bhadrachalam Passenger,Pass,BPQ,BALHARSHAH,BDCR,Bhadrachalam Road,382,10.25,PUBLIC_COMMUNITY
57135,Nagpur Kazipet Passenger,Pass,NGP,NAGPUR,KZJ,KAZIPET JN,443,13.83,PUBLIC_COMMUNITY
57136,Kazipet Nagpur Passenger,Pass,KZJ,KAZIPET JN,NGP,NAGPUR,443,14.33,PUBLIC_COMMUNITY
57140,Link Secunderabad Express,Pass,MUGR,Manuguru,SC,SECUNDERABAD JN,331,8.25,PUBLIC_COMMUNITY
57155,Gulbarga-Hyderabad Passenger,Pass,WADI,WADI,HYB,HYDERABAD DECCAN,186,4.75,PUBLIC_COMMUNITY
57202,Tenali Repalle Passenger,Pass,TEL,TENALI JN,RAL,Repalle,34,1.0,PUBLIC_COMMUNITY
57203,Repalle Tenali Passenger,Pass,RAL,Repalle,TEL,TENALI JN,34,1.0,PUBLIC_COMMUNITY
57209,Tenali Guntur Passenger,Pass,TEL,TENALI JN,GNT,GUNTUR JN,26,1.0,PUBLIC_COMMUNITY
57210,Guntur Tenali Passenger,Pass,GNT,GUNTUR JN,TEL,TENALI JN,26,0.75,PUBLIC_COMMUNITY
57216,Guntur Tenali Passenger,Pass,GNT,GUNTUR JN,TEL,TENALI JN,26,0.75,PUBLIC_COMMUNITY
57217,Guntur Macherla Passenger,Pass,GNT,GUNTUR JN,MCLA,Macherla,130,3.75,PUBLIC_COMMUNITY
57218,Macherla Bhimavaram Passenger,Pass,MCLA,Macherla,BVRM,Bhimavaram Junction,268,9.17,PUBLIC_COMMUNITY
57219,Guntur Macherla Passenger,Pass,GNT,GUNTUR JN,MCLA,Macherla,130,3.92,PUBLIC_COMMUNITY
57220,Macherla Guntur Passenger,Pass,MCLA,Macherla,GNT,GUNTUR JN,130,3.17,PUBLIC_COMMUNITY
57224,Vijayawada Gudur Passenger,Pass,BZA,VIJAYAWADA JN,GDR,GUDUR JN,294,7.83,PUBLIC_COMMUNITY
57225,Vijayawada Visakhapatnam Passenger,Pass,BZA,VIJAYAWADA JN,VSKP,VISHAKAPATNAM,349,10.5,PUBLIC_COMMUNITY
57226,Visakhapatnam Vijayawada Passenger,Pass,VSKP,VISHAKAPATNAM,BZA,VIJAYAWADA JN,350,9.67,PUBLIC_COMMUNITY
57229,Machilipatnam Visakhapatnam Fast Passenger,Pass,MTM,Machilipatnam,VSKP,VISHAKAPATNAM,373,9.75,PUBLIC_COMMUNITY
57230,Visakhapatnam Machilipatnam Fast Passenger,Pass,VSKP,VISHAKAPATNAM,MTM,Machilipatnam,373,12.17,PUBLIC_COMMUNITY
57231,Vijayawada Kakinada Port Fast Passenger,Pass,BZA,VIJAYAWADA JN,COA,Kakinada Port,213,5.08,PUBLIC_COMMUNITY
57232,Kakinada Port Vijayawada Passenger,Pass,COA,Kakinada Port,BZA,VIJAYAWADA JN,213,5.08,PUBLIC_COMMUNITY
57240,Bitragunta Chennai Passenger,Pass,BTTR,BITRAGUNTA,MAS,CHENNAI CENTRAL,210,6.67,PUBLIC_COMMUNITY
57241,Bitragunta Vijayawada Passenger,Pass,BTTR,BITRAGUNTA,BZA,VIJAYAWADA JN,221,5.25,PUBLIC_COMMUNITY
57242,Vijayawada bitragunta Passenger,Pass,BZA,VIJAYAWADA JN,BTTR,BITRAGUNTA,221,5.5,PUBLIC_COMMUNITY
57254,Vijayawada Bhadrachalam Passenger,Pass,BZA,VIJAYAWADA JN,BDCR,Bhadrachalam Road,177,4.67,PUBLIC_COMMUNITY
57257,Tirupati Kakinada Port Passenger,Pass,TPTY,TIRUPATI MAIN,COA,Kakinada Port,601,19.67,PUBLIC_COMMUNITY
57258,Kakinada Port Tirupati Passenger,Pass,COA,Kakinada Port,TPTY,TIRUPATI MAIN,601,19.83,PUBLIC_COMMUNITY
57259,Bhimavaram Rajamundry Passenger,Pass,BVRM,Bhimavaram Junction,RJY,RAJAMUNDRY,68,2.08,PUBLIC_COMMUNITY
57260,Rajamundry Narasapur Passenger,Pass,RJY,RAJAMUNDRY,NS,Narasapur,98,3.67,PUBLIC_COMMUNITY
57271,Rayagada Passenger,Pass,BZA,VIJAYAWADA JN,RGDA,RAYAGADA,536,16.33,PUBLIC_COMMUNITY
57272,Rayagada Vijayawada Passenger,Pass,RGDA,RAYAGADA,BZA,VIJAYAWADA JN,536,17.25,PUBLIC_COMMUNITY
57274,Tirupati Hubli InterCity Passenger,Pass,TPTY,TIRUPATI MAIN,UBL,HUBLI JN,577,15.17,PUBLIC_COMMUNITY
57278,Vijayawada Bitragunta Passenger,Pass,BZA,VIJAYAWADA JN,BTTR,BITRAGUNTA,221,5.42,PUBLIC_COMMUNITY
57279,Gudivada Narasapur Passenger,Pass,GDV,GUDIVADA JN,NS,Narasapur,96,3.33,PUBLIC_COMMUNITY
57280,Bhimavaram Gudivada Passenger,Pass,BVRM,Bhimavaram Junction,GDV,GUDIVADA JN,66,2.17,PUBLIC_COMMUNITY
57427,Raichur Guntakal Passenger,Pass,RC,RAICHUR,GTL,GUNTAKAL JN,121,2.58,PUBLIC_COMMUNITY
57428,Guntakal Raichur Passenger,Pass,GTL,GUNTAKAL JN,RC,RAICHUR,121,2.83,PUBLIC_COMMUNITY
57437,Guntakal Hindupur Passenger,Pass,GTL,GUNTAKAL JN,HUP,HINDUPUR,197,4.92,PUBLIC_COMMUNITY
57438,Hindupur Guntakal Passenger,Pass,HUP,HINDUPUR,GTL,GUNTAKAL JN,197,5.08,PUBLIC_COMMUNITY
57547,Hyderabad Purna Passenger,Pass,HYB,HYDERABAD DECCAN,PAU,PURNA JN,434,12.67,PUBLIC_COMMUNITY
51111,Chalisgaon Dhule Mix Passenger,Pass,CSN,CHALISGAON JN,DHI,Dhule,56,1.25,PUBLIC_COMMUNITY
57237,Kazipet Vijayawada Passenger,Pass,KZJ,KAZIPET JN,BZA,VIJAYAWADA JN,218,5.5,PUBLIC_COMMUNITY
57238,Vijaywada Kazipet Passenger,Pass,BZA,VIJAYAWADA JN,KZJ,KAZIPET JN,218,6.33,PUBLIC_COMMUNITY
57239,Chennai Gudur Passenger,Pass,MAS,CHENNAI CENTRAL,GDR,GUDUR JN,137,5.17,PUBLIC_COMMUNITY
57253,Bhadrachalam Vijayawada Passenger,Pass,BDCR,Bhadrachalam Road,BZA,VIJAYAWADA JN,177,5.58,PUBLIC_COMMUNITY
57256,Visakhapatnam Kakinada Port passenger,Pass,VSKP,VISHAKAPATNAM,COA,Kakinada Port,164,4.08,PUBLIC_COMMUNITY
57262,Nidadavolu Bhimavaram Passenger,Pass,NDD,NIDADAVOLU JN,BVRM,Bhimavaram Junction,46,1.33,PUBLIC_COMMUNITY
57263,Narasapur Nidadavolu Passenger,Pass,NS,Narasapur,NDD,NIDADAVOLU JN,76,2.33,PUBLIC_COMMUNITY
57264,Narasapur Visakhapatnam (LINK) Passenger,Pass,NS,Narasapur,VSKP,VISHAKAPATNAM,300,7.92,PUBLIC_COMMUNITY
57265,Visakhapatnam Narasapur (LINK) Passenger,Pass,VSKP,VISHAKAPATNAM,NS,Narasapur,300,8.92,PUBLIC_COMMUNITY
57273,Hubli Tirupati InterCity Passenger,Pass,UBL,HUBLI JN,TPTY,TIRUPATI MAIN,577,15.0,PUBLIC_COMMUNITY
57285,Nadikode Macherla Passenger,Pass,NDKD,NADIKODE,MCLA,Macherla,35,1.0,PUBLIC_COMMUNITY
57286,Macherla Nadikode Passenger,Pass,MCLA,Macherla,NDKD,NADIKODE,35,1.0,PUBLIC_COMMUNITY
57298,Narasapur Guntur Passenger,Pass,NS,Narasapur,GNT,GUNTUR JN,168,6.58,PUBLIC_COMMUNITY
57305,Kacheguda Guntur Fast Passenger,Pass,KCG,KACHEGUDA,GNT,GUNTUR JN,622,16.58,PUBLIC_COMMUNITY
57306,Guntur Secunderabad Passenger,Pass,GNT,GUNTUR JN,SC,SECUNDERABAD JN,630,17.0,PUBLIC_COMMUNITY
57307,Secunderabad Medchal Suburban,Pass,SC,SECUNDERABAD JN,MED,MEDCHAL,27,1.17,PUBLIC_COMMUNITY
57308,Medchal Secunderabad Suburban,Pass,MED,MEDCHAL,SC,SECUNDERABAD JN,27,1.17,PUBLIC_COMMUNITY
57327,Dronachellam Guntur Passenger,Pass,DHNE,DHONE,GNT,GUNTUR JN,333,9.17,PUBLIC_COMMUNITY
57328,Guntur Dhone Passenger,Pass,GNT,GUNTUR JN,DHNE,DHONE,333,10.33,PUBLIC_COMMUNITY
57381,Guntur Narasapur Fast Passenger,Pass,GNT,GUNTUR JN,NS,Narasapur,168,6.08,PUBLIC_COMMUNITY
57382,Guntur Passenger,Pass,NS,Narasapur,GNT,GUNTUR JN,169,5.33,PUBLIC_COMMUNITY
57412,Gudur Tirupati Fast Passenger,Pass,GDR,GUDUR JN,TPTY,TIRUPATI MAIN,93,2.08,PUBLIC_COMMUNITY
57426,Gunatkal Secunderabad Passenger,Pass,GTL,GUNTAKAL JN,SC,SECUNDERABAD JN,365,10.08,PUBLIC_COMMUNITY
57430,Gudur Tirupati Passenger,Pass,GDR,GUDUR JN,TPTY,TIRUPATI MAIN,93,2.75,PUBLIC_COMMUNITY
57439,Gooty Dhone Passenger,Pass,GY,GOOTY JN,DHNE,DHONE,55,1.33,PUBLIC_COMMUNITY
57440,Dhone Gooty Passenger,Pass,DHNE,DHONE,GY,GOOTY JN,55,1.17,PUBLIC_COMMUNITY
57467,Kurnool Town Guntakal Passenger,Pass,KRNT,KURNOOL TOWN,GTL,GUNTAKAL JN,122,3.0,PUBLIC_COMMUNITY
57469,Kurnool Town Guntakal Passenger,Pass,KRNT,KURNOOL TOWN,GTL,GUNTAKAL JN,122,3.33,PUBLIC_COMMUNITY
57474,Bodhan Mahbubnagar Passenger,Pass,BDHN,Bodhan,MBNR,MAHBUBNAGAR,298,8.83,PUBLIC_COMMUNITY
57475,Tirupati Guntakal Passenger,Pass,TPTY,TIRUPATI MAIN,GTL,GUNTAKAL JN,370,11.5,PUBLIC_COMMUNITY
57476,Guntakal Tirupati Passenger,Pass,GTL,GUNTAKAL JN,TPTY,TIRUPATI MAIN,370,10.92,PUBLIC_COMMUNITY
57501,Nizamabad Bodhan Passenger,Pass,NZB,NIZAMABAD,BDHN,Bodhan,26,0.92,PUBLIC_COMMUNITY
57502,Bodhan Nizamabad Passenger,Pass,BDHN,Bodhan,NZB,NIZAMABAD,26,0.92,PUBLIC_COMMUNITY
57503,Nizamabad Bodhan Passenger,Pass,NZB,NIZAMABAD,BDHN,Bodhan,26,0.92,PUBLIC_COMMUNITY
57504,Bodhan Nizamabad Passenger,Pass,BDHN,Bodhan,NZB,NIZAMABAD,26,0.92,PUBLIC_COMMUNITY
57512,Parbhani Purna Passenger,Pass,PBN,PARBHANI JN,NED,HUZUR SAHIB NANDED,59,2.0,PUBLIC_COMMUNITY
57516,Nanded-Daund Junction Passenger,Pass,NED,HUZUR SAHIB NANDED,DD,DAUND JN,586,15.08,PUBLIC_COMMUNITY
57518,Tandur Bolarum Passenger,Pass,TDU,TANDUR,BMO,BOLARUM,127,3.75,PUBLIC_COMMUNITY
57519,Bolarum Secunderabad Suburban,Pass,BMO,BOLARUM,HYB,HYDERABAD DECCAN,21,1.0,PUBLIC_COMMUNITY
57539,Akola Parli Vaijnath Passenger,Pass,AK,AKOLA JN,PRLI,PARLI VAIJNATH,296,8.67,PUBLIC_COMMUNITY
57540,Akola Passenger,Pass,PRLI,PARLI VAIJNATH,AK,AKOLA JN,296,7.75,PUBLIC_COMMUNITY
57541,Nagarsol Nanded Passenger,Pass,NSL,NAGARSOL,NED,HUZUR SAHIB NANDED,325,7.75,PUBLIC_COMMUNITY
57542,Nanded Manmad Passenger,Pass,NED,HUZUR SAHIB NANDED,MMR,MANMAD JN,348,10.5,PUBLIC_COMMUNITY
57561,Kacheguda Manmad Passenger,Pass,KCG,KACHEGUDA,MMR,MANMAD JN,624,16.17,PUBLIC_COMMUNITY
57581,Akola Purna Passenger,Pass,AK,AKOLA JN,PAU,PURNA JN,204,5.0,PUBLIC_COMMUNITY
57583,Akola Purna Passenger,Pass,AK,AKOLA JN,PAU,PURNA JN,207,5.5,PUBLIC_COMMUNITY
57448,Mahbubnagar Secunderabad Passenger,Pass,MBNR,MAHBUBNAGAR,SC,SECUNDERABAD JN,113,3.08,PUBLIC_COMMUNITY
57451,Chikjajur Guntakal Passenger,Pass,JRU,CHIKJAJUR JN,GTL,GUNTAKAL JN,233,6.58,PUBLIC_COMMUNITY
57453,Bellary Guntakal Passenger,Pass,BAY,BELLARY JN,GTL,GUNTAKAL JN,50,1.33,PUBLIC_COMMUNITY
57454,Guntakal Bellary Passenger,Pass,GTL,GUNTAKAL JN,BAY,BELLARY JN,50,1.42,PUBLIC_COMMUNITY
57468,Dhone Kurnool Town Passenger,Pass,DHNE,DHONE,KRNT,KURNOOL TOWN,54,1.17,PUBLIC_COMMUNITY
57470,Guntakal Kurnool Town Passenger,Pass,GTL,GUNTAKAL JN,KRNT,KURNOOL TOWN,122,2.83,PUBLIC_COMMUNITY
57473,Secunderabad Bodhan Passenger,Pass,SC,SECUNDERABAD JN,BDHN,Bodhan,186,5.75,PUBLIC_COMMUNITY
57485,Secunderabad Mirzapali Passenger,Pass,SC,SECUNDERABAD JN,MZL,MIRZAPALI,71,1.75,PUBLIC_COMMUNITY
57486,Mirzapali Secunderabad Passenger,Pass,MZL,MIRZAPALI,SC,SECUNDERABAD JN,71,2.25,PUBLIC_COMMUNITY
57548,Purna Hyderabad Passenger,Pass,PAU,PURNA JN,HYB,HYDERABAD DECCAN,434,12.75,PUBLIC_COMMUNITY
57549,Hyderabad Aurangabad Passenger,Pass,HYB,HYDERABAD DECCAN,AWB,AURANGABAD,582,16.75,PUBLIC_COMMUNITY
57550,Aurangabad-Hyderabad Passenger,Pass,AWB,AURANGABAD,HYB,HYDERABAD DECCAN,582,15.58,PUBLIC_COMMUNITY
57551,Purna Adilabad Passenger,Pass,PAU,PURNA JN,ADB,ADILABAD,216,6.17,PUBLIC_COMMUNITY
57552,Adilabad Purna Passenger,Pass,ADB,ADILABAD,PAU,PURNA JN,216,5.67,PUBLIC_COMMUNITY
57553,Parli Vaijnath Adilabad Passenger,Pass,PRLI,PARLI VAIJNATH,ADB,ADILABAD,308,8.25,PUBLIC_COMMUNITY
57554,Adilabad Parli Vaijnath Passenger,Pass,ADB,ADILABAD,PRLI,PARLI VAIJNATH,308,8.75,PUBLIC_COMMUNITY
57557,Nizamabad Nanded Passenger,Pass,NZB,NIZAMABAD,NED,HUZUR SAHIB NANDED,110,3.5,PUBLIC_COMMUNITY
57558,Nanded Nizamabad Passenger,Pass,NED,HUZUR SAHIB NANDED,NZB,NIZAMABAD,110,2.83,PUBLIC_COMMUNITY
57563,Hyderabad-Parbhani PASS,Pass,HYB,HYDERABAD DECCAN,PBN,PARBHANI JN,340,10.25,PUBLIC_COMMUNITY
57564,Nanded Hyderabad Passenger,Pass,NED,HUZUR SAHIB NANDED,HYB,HYDERABAD DECCAN,281,8.0,PUBLIC_COMMUNITY
57582,Purna Akola Passenger,Pass,PAU,PURNA JN,AK,AKOLA JN,204,5.5,PUBLIC_COMMUNITY
57605,Secunderabad Vikarabad Passenger,Pass,SC,SECUNDERABAD JN,VKB,VIKARABAD JN,72,1.67,PUBLIC_COMMUNITY
57606,Vikarabad Secunderabad,Pass,VKB,VIKARABAD JN,SC,SECUNDERABAD JN,72,1.5,PUBLIC_COMMUNITY
57619,Delta Fast Passenger,Pass,RAL,Repalle,SC,SECUNDERABAD JN,341,8.33,PUBLIC_COMMUNITY
57625,Kakatiya Fast Passenger,Pass,SC,SECUNDERABAD JN,MUGR,Manuguru,331,9.83,PUBLIC_COMMUNITY
57626,Kakatiya Fast Passenger,Pass,MUGR,Manuguru,SC,SECUNDERABAD JN,331,11.17,PUBLIC_COMMUNITY
57640,Guntur Tirupati Passanger,Pass,GNT,GUNTUR JN,TPTY,TIRUPATI MAIN,382,10.92,PUBLIC_COMMUNITY
57641,SOLAPUR - GADAG PASSENGER,Pass,SUR,SOLAPUR JN,GDG,GADAG JN,207,5.42,PUBLIC_COMMUNITY
57642,GADAG - SOLAPUR PASSENGER,Pass,GDG,GADAG JN,SUR,SOLAPUR JN,207,5.08,PUBLIC_COMMUNITY
57643,Bagalkot Gadag Passenger,Pass,BGK,BAGALKOT,GDG,GADAG JN,94,1.92,PUBLIC_COMMUNITY
57644,Gadag Bagalkot Passenger,Pass,GDG,GADAG JN,BGK,BAGALKOT,94,2.0,PUBLIC_COMMUNITY
57651,Secunderabad Repalle Passenger,Pass,SC,SECUNDERABAD JN,RAL,Repalle,341,9.33,PUBLIC_COMMUNITY
57652,Repalle Secunderabad Passenger,Pass,RAL,Repalle,SC,SECUNDERABAD JN,341,10.17,PUBLIC_COMMUNITY
57657,Manuguru Kazipet Passenger,Pass,MUGR,Manuguru,KZJ,KAZIPET JN,202,5.5,PUBLIC_COMMUNITY
57658,Kazipet Manuguru Passenger,Pass,KZJ,KAZIPET JN,MUGR,Manuguru,202,6.0,PUBLIC_COMMUNITY
57660,Falaknuma Gulbarga Passenger,Pass,FM,KACHEGUDA FALAKNUMA,GR,GULBARGA,235,7.58,PUBLIC_COMMUNITY
58000,Puri -- Santragachi Passenger,Pass,PURI,PURI,KGP,KHARAGPUR JN,405,12.17,PUBLIC_COMMUNITY
58001,Howrah Puri Santragachi Passenger,Pass,HWH,HOWRAH JN,PURI,PURI,520,19.17,PUBLIC_COMMUNITY
58003,Howrah Bhadrak Passenger,Pass,HWH,HOWRAH JN,BHC,BHADRAKH,294,6.75,PUBLIC_COMMUNITY
58005,Kharagpur Khurda Fast Passenger,Pass,KGP,KHARAGPUR JN,KUR,KHURDA ROAD JN,341,7.58,PUBLIC_COMMUNITY
58006,Kurdha road Kharagpur passenger,Pass,KUR,KHURDA ROAD JN,KGP,KHARAGPUR JN,341,7.42,PUBLIC_COMMUNITY
58007,Kharagpur Balasore Bhadrakh Passenger,Pass,KGP,KHARAGPUR JN,BHC,BHADRAKH,179,4.42,PUBLIC_COMMUNITY
58011,Howrah Chakradharpur Passenger,Pass,HWH,HOWRAH JN,CKP,CHAKRADHARPUR,438,10.42,PUBLIC_COMMUNITY
58012,Chakradharpur Howrah Passenger,Pass,CKP,CHAKRADHARPUR,HWH,HOWRAH JN,438,11.17,PUBLIC_COMMUNITY
58014,Bokaro Steel City-Howrah Fast Passenger,Pass,BKSC,BOKARO STEEL CITY,HWH,HOWRAH JN,367,12.0,PUBLIC_COMMUNITY
58015,Howrah Adra MEMU Passenger,Pass,HWH,HOWRAH JN,ADRA,ADRA JN,283,5.58,PUBLIC_COMMUNITY
58016,Adra Howrah Passenger,Pass,ADRA,ADRA JN,HWH,HOWRAH JN,283,5.58,PUBLIC_COMMUNITY
51113,Chalisgaon Dhule Mix Passenger,Pass,CSN,CHALISGAON JN,DHI,Dhule,56,1.25,PUBLIC_COMMUNITY
51114,Dhule Chalisgaon Mix Passenger,Pass,DHI,Dhule,CSN,CHALISGAON JN,56,1.25,PUBLIC_COMMUNITY
51115,Chalisgaon Dhule Mix Passenger,Pass,CSN,CHALISGAON JN,DHI,Dhule,56,1.25,PUBLIC_COMMUNITY
51886,DAMOH BINA PASS,Pass,DMO,DAMOH,BINA,BINA JN,152,3.58,PUBLIC_COMMUNITY
57584,Purna Akola Passenger,Pass,PAU,PURNA JN,AK,AKOLA JN,207,5.5,PUBLIC_COMMUNITY
57628,Gulbarga Solapur Passenger,Pass,GR,GULBARGA,SUR,SOLAPUR JN,112,3.58,PUBLIC_COMMUNITY
57639,Tirupati Guntur Passenger,Pass,TPTY,TIRUPATI MAIN,GNT,GUNTUR JN,382,11.75,PUBLIC_COMMUNITY
57649,Gulbarga Wadi Passenger,Pass,GR,GULBARGA,WADI,WADI,37,0.92,PUBLIC_COMMUNITY
57650,Wadi Solapur Passenger,Pass,WADI,WADI,SUR,SOLAPUR JN,149,4.0,PUBLIC_COMMUNITY
57659,Sholapur Falaknuma Passenger,Pass,SUR,SOLAPUR JN,FM,KACHEGUDA FALAKNUMA,347,9.42,PUBLIC_COMMUNITY
57685,Solapur Bijapur Passenger,Pass,SUR,SOLAPUR JN,BJP,BIJAPUR,110,2.75,PUBLIC_COMMUNITY
57686,Bijapur Solapur Passenger,Pass,BJP,BIJAPUR,SUR,SOLAPUR JN,110,2.42,PUBLIC_COMMUNITY
58002,Puri Santargachi Passenger,Pass,PURI,PURI,SRC,SANTRAGACHI JN,513,16.08,PUBLIC_COMMUNITY
58008,Jajpur Keonjhar kharagpur,Pass,JJKR,JAJPUR KEONJHAR ROAD,KGP,KHARAGPUR JN,222,5.42,PUBLIC_COMMUNITY
58009,Kharagpur Jajpur Keonjhar Road Passenger,Pass,KGP,KHARAGPUR JN,JJKR,JAJPUR KEONJHAR ROAD,222,6.08,PUBLIC_COMMUNITY
58010,Chakradharpur Adra Passenger,Pass,JJKR,JAJPUR KEONJHAR ROAD,KGP,KHARAGPUR JN,222,5.42,PUBLIC_COMMUNITY
58017,Kharagpur Asansol Passenger,Pass,KGP,KHARAGPUR JN,ASN,ASANSOL JN,209,5.83,PUBLIC_COMMUNITY
58018,Asansol Adra Kharagpur Passenger,Pass,ASN,ASANSOL JN,KGP,KHARAGPUR JN,209,5.33,PUBLIC_COMMUNITY
58019,Adra Asansol Passenger,Pass,ADRA,ADRA JN,ASN,ASANSOL JN,41,1.42,PUBLIC_COMMUNITY
58020,Asansol Adra Passenger,Pass,ASN,ASANSOL JN,ADRA,ADRA JN,41,1.25,PUBLIC_COMMUNITY
58021,Kharagpur Tatanagar Passenger,Pass,KGP,KHARAGPUR JN,TATA,TATANAGAR JN,135,3.5,PUBLIC_COMMUNITY
58022,Tatanagar Kharagpur MEMU Passenger,Pass,TATA,TATANAGAR JN,KGP,KHARAGPUR JN,135,2.83,PUBLIC_COMMUNITY
58023,Tatanagar Barkakana Passenger,Pass,TATA,TATANAGAR JN,BRKA,BARKAKANA,161,6.0,PUBLIC_COMMUNITY
58025,Kharagpur-Hatia Passenger,Pass,KGP,KHARAGPUR JN,HTE,HATIA,336,9.5,PUBLIC_COMMUNITY
58026,Hatia Kharagpur Passenger,Pass,HTE,HATIA,KGP,KHARAGPUR JN,336,8.92,PUBLIC_COMMUNITY
58101,Tatanagar Badampahar Passenger,Pass,TATA,TATANAGAR JN,BMPR,Badampahar,0,5.17,PUBLIC_COMMUNITY
58103,Tatanagar Barabil Passenger,Pass,TATA,TATANAGAR JN,BBN,Barbil,148,4.33,PUBLIC_COMMUNITY
58104,Barabil Tatanagar Passenger,Pass,BBN,Barbil,TATA,TATANAGAR JN,148,4.67,PUBLIC_COMMUNITY
58109,Tatanagar Gua Passenger,Pass,TATA,TATANAGAR JN,GUA,Gua,0,4.33,PUBLIC_COMMUNITY
58110,Gua Tatanagar Passenger,Pass,GUA,Gua,TATA,TATANAGAR JN,0,6.0,PUBLIC_COMMUNITY
58111,TATANAGAR - ITWARI Passenger,Pass,TATA,TATANAGAR JN,ITR,ITWARI,878,24.75,PUBLIC_COMMUNITY
58112,ITWARI - TATANAGAR Passenger,Pass,ITR,ITWARI,TATA,TATANAGAR JN,878,26.58,PUBLIC_COMMUNITY
58113,TATA BSP PASS,Pass,TATA,TATANAGAR JN,BSP,BILASPUR JN,469,13.42,PUBLIC_COMMUNITY
58114,BSP TATA PASSENGER,Pass,BSP,BILASPUR JN,TATA,TATANAGAR JN,471,15.0,PUBLIC_COMMUNITY
58116,ROU CKP SARANDA PASSENGER,Pass,ROU,ROURKELA,CKP,CHAKRADHARPUR,101,3.08,PUBLIC_COMMUNITY
58151,Birmitrapur Barsuan Passenger,Pass,BRMP,Biramitrapur,BXF,Barsuan,103,3.42,PUBLIC_COMMUNITY
58152,Barsuan Birmitrapur Passenger,Pass,BXF,Barsuan,BRMP,Biramitrapur,103,3.5,PUBLIC_COMMUNITY
58162,JHARSUGUDA - HATIA Passenger (UnReserved),Pass,JSG,JHARSUGUDA JN,HTE,HATIA,264,9.08,PUBLIC_COMMUNITY
58201,Bilaspur Raipur Passenger,Pass,BSP,BILASPUR JN,R,RAIPUR JN,110,2.67,PUBLIC_COMMUNITY
58202,Raipur Bilaspur MEMU Local,Pass,R,RAIPUR JN,BSP,BILASPUR JN,110,3.25,PUBLIC_COMMUNITY
58203,Gevra Raipur Passenger,Pass,GAD,Gevra Road,R,RAIPUR JN,215,5.5,PUBLIC_COMMUNITY
58204,Raipur Gevra Road Passenger,Pass,R,RAIPUR JN,GAD,Gevra Road,215,5.75,PUBLIC_COMMUNITY
58205,RAIPUR ITWARI PASS,Pass,R,RAIPUR JN,ITR,ITWARI,298,7.83,PUBLIC_COMMUNITY
58206,ITWARI RAIPUR MEMU Pass,Pass,ITR,ITWARI,R,RAIPUR JN,298,10.08,PUBLIC_COMMUNITY
58208,Khariar Raipur Passenger,Pass,KSNG,KESINGA,R,RAIPUR JN,216,5.5,PUBLIC_COMMUNITY
58215,Jharsuguda Titlagarh Passenger,Pass,JSG,JHARSUGUDA JN,TIG,TITLAGARH,232,6.58,PUBLIC_COMMUNITY
58216,Titlagarh Jharsuguda Passenger,Pass,TIG,TITLAGARH,JSG,JHARSUGUDA JN,232,6.5,PUBLIC_COMMUNITY
58117,Jharsuguda Gondia Passenger,Pass,JSG,JHARSUGUDA JN,G,GONDIA JN,487,15.25,PUBLIC_COMMUNITY
58118,Gondia Jharsuguda Passenger,Pass,G,GONDIA JN,JSG,JHARSUGUDA JN,487,15.25,PUBLIC_COMMUNITY
58125,Sambalpur Jharsuguda Passenger,Pass,SBP,SAMBALPUR,JSG,JHARSUGUDA JN,50,1.42,PUBLIC_COMMUNITY
58131,Rourkela-Puri Passenger,Pass,ROU,ROURKELA,PURI,PURI,525,16.5,PUBLIC_COMMUNITY
58132,Puri Rourkela Passenger,Pass,PURI,PURI,ROU,ROURKELA,549,16.75,PUBLIC_COMMUNITY
58133,Rourkela Jharsuguda Passenger,Pass,ROU,ROURKELA,JSG,JHARSUGUDA JN,101,2.33,PUBLIC_COMMUNITY
58134,Jhsrsuguda Rourkela Passenger,Pass,JSG,JHARSUGUDA JN,ROU,ROURKELA,101,2.17,PUBLIC_COMMUNITY
58209,Gevra Bilaspur Passenger,Pass,GAD,Gevra Road,BSP,BILASPUR JN,105,2.75,PUBLIC_COMMUNITY
58210,Bilaspur Gevra Passenger,Pass,BSP,BILASPUR JN,GAD,Gevra Road,105,2.92,PUBLIC_COMMUNITY
58212,Bilaspur Gevra Passenger,Pass,BSP,BILASPUR JN,GAD,Gevra Road,98,2.67,PUBLIC_COMMUNITY
58213,Jharsuguda Bilaspur Passenger,Pass,JSG,JHARSUGUDA JN,BSP,BILASPUR JN,205,4.33,PUBLIC_COMMUNITY
58214,Bilaspur Jharsuguda Passenger,Pass,BSP,BILASPUR JN,JSG,JHARSUGUDA JN,205,5.08,PUBLIC_COMMUNITY
58217,Titlagarh Raipur Passenger,Pass,TIG,TITLAGARH,R,RAIPUR JN,202,4.25,PUBLIC_COMMUNITY
58218,Raipur Titagarh Passenger,Pass,R,RAIPUR JN,TIG,TITLAGARH,202,4.67,PUBLIC_COMMUNITY
58220-Slip,Chirmiri Bilaspur Passenger Slip,Pass,CHRM,Chirmiri,BPL,BHOPAL JN,653,22.17,PUBLIC_COMMUNITY
58221,Chirmiri Chandia Passenger,Pass,CHRM,Chirmiri,CHD,CHANDIA ROAD,214,5.42,PUBLIC_COMMUNITY
58222,Chandia Chirmiri Passenger,Pass,CHD,CHANDIA ROAD,CHRM,Chirmiri,214,5.42,PUBLIC_COMMUNITY
58223,Manendragarh Ambikapur Passang,Pass,MDGR,Manendragarh,ABKP,AMBIKAPUR,124,4.83,PUBLIC_COMMUNITY
58224,Ambikapur Manendragarh Passang,Pass,ABKP,AMBIKAPUR,MDGR,Manendragarh,124,4.5,PUBLIC_COMMUNITY
58401,Cuttack Paradip Passenger,Pass,CTC,CUTTACK,PRDP,Paradip,83,1.92,PUBLIC_COMMUNITY
58405,Cuttack Paradip Passenger,Pass,CTC,CUTTACK,PRDP,Paradip,83,1.67,PUBLIC_COMMUNITY
58406,Paradip Cuttack Passenger,Pass,PRDP,Paradip,CTC,CUTTACK,83,2.17,PUBLIC_COMMUNITY
58407,Khurda Puri Passenger,Pass,KUR,KHURDA ROAD JN,PURI,PURI,44,1.58,PUBLIC_COMMUNITY
58408,Puri Khurda Road Passenger,Pass,PURI,PURI,KUR,KHURDA ROAD JN,44,1.58,PUBLIC_COMMUNITY
58409,Khurda Puri Passenger,Pass,KUR,KHURDA ROAD JN,PURI,PURI,44,1.5,PUBLIC_COMMUNITY
58410,Puri Khurda Road Passenger,Pass,PURI,PURI,KUR,KHURDA ROAD JN,44,1.67,PUBLIC_COMMUNITY
58414,Puri Talcher Passenger,Pass,PURI,PURI,TLHR,TALCHER,200,7.17,PUBLIC_COMMUNITY
58415,Puri Cuttack Passenger,Pass,CTC,CUTTACK,PURI,PURI,91,2.83,PUBLIC_COMMUNITY
58416,Cuttack Puri Passenger,Pass,PURI,PURI,CTC,CUTTACK,91,3.08,PUBLIC_COMMUNITY
58417,Puri Gunupur Passenger,Pass,PURI,PURI,GNPR,Gunupur,380,12.67,PUBLIC_COMMUNITY
58418,Parlakhemundi Puri Passenger,Pass,GNPR,Gunupur,PURI,PURI,380,13.42,PUBLIC_COMMUNITY
58421,Angul Puri Fast Passenger,Pass,ANGL,ANGUL,PURI,PURI,335,6.08,PUBLIC_COMMUNITY
58422,Puri Angul Fast Passenger,Pass,PURI,PURI,ANGL,ANGUL,195,5.25,PUBLIC_COMMUNITY
58423,Bhadrak Cuttack Passenger,Pass,BHC,BHADRAKH,CTC,CUTTACK,116,3.5,PUBLIC_COMMUNITY
58424,Cuttack Bhadrakh Passenger,Pass,CTC,CUTTACK,BHC,BHADRAKH,116,3.33,PUBLIC_COMMUNITY
58435,Bhadrakh Cuttack Fast Passenger,Pass,BHC,BHADRAKH,CTC,CUTTACK,116,3.0,PUBLIC_COMMUNITY
58436,Cuttack Bhadrakh Fast Passenger,Pass,CTC,CUTTACK,BHC,BHADRAKH,116,2.92,PUBLIC_COMMUNITY
58527,Raipur Vishakhapatnam Passenger,Pass,R,RAIPUR JN,VSKP,VISHAKAPATNAM,529,16.5,PUBLIC_COMMUNITY
58528,Visakhapatnam Raipur Passenger,Pass,VSKP,VISHAKAPATNAM,R,RAIPUR JN,529,16.33,PUBLIC_COMMUNITY
58541,Rayagada Koraput Passenger,Pass,RGDA,RAYAGADA,KRPU,KORAPUT,173,4.67,PUBLIC_COMMUNITY
58542,Koraput Rayagada Passenger,Pass,KRPU,KORAPUT,RGDA,RAYAGADA,173,4.75,PUBLIC_COMMUNITY
58601,Kharagpur Adra Passenger,Pass,KGP,KHARAGPUR JN,ADRA,ADRA JN,168,3.83,PUBLIC_COMMUNITY
58602,Adra Kharagpur Passenger,Pass,ADRA,ADRA JN,KGP,KHARAGPUR JN,168,5.0,PUBLIC_COMMUNITY
58603,Kharagpur-Dhanbad Passenger,Pass,KGP,KHARAGPUR JN,DHN,DHANBAD JN,278,8.75,PUBLIC_COMMUNITY
58604,Dhanbad Kharagpur Passenger,Pass,DHN,DHANBAD JN,KGP,KHARAGPUR JN,278,8.42,PUBLIC_COMMUNITY
58605,Kharagpur Tatanagar Passenger,Pass,KGP,KHARAGPUR JN,TATA,TATANAGAR JN,135,3.33,PUBLIC_COMMUNITY
58606,Tatanagar Kharagpur Passenger,Pass,TATA,TATANAGAR JN,KGP,KHARAGPUR JN,135,3.33,PUBLIC_COMMUNITY
58220,Chirmiri Bilaspur Passenger,Pass,CHRM,Chirmiri,BSP,BILASPUR JN,238,10.67,PUBLIC_COMMUNITY
58433,Cuttack Berhampur Fast Passenger,Pass,CTC,CUTTACK,BAM,BRAHMAPUR,194,4.0,PUBLIC_COMMUNITY
58434,Berhampur Cuttack Fast Passenger,Pass,BAM,BRAHMAPUR,CTC,CUTTACK,194,4.25,PUBLIC_COMMUNITY
58501,Visakhapatnam Kirandul Passenger,Pass,VSKP,VISHAKAPATNAM,KRDL,Kirandul,472,14.75,PUBLIC_COMMUNITY
58525,Palasa Visakhapatnam Passenger,Pass,PSA,PALASA,VSKP,VISHAKAPATNAM,203,7.42,PUBLIC_COMMUNITY
58529,Durg Visakhapatnam Passenger,Pass,DURG,DURG,VSKP,VISHAKAPATNAM,564,18.25,PUBLIC_COMMUNITY
58530,Visakhapatnam Durg Passenger,Pass,VSKP,VISHAKAPATNAM,DURG,DURG,564,16.33,PUBLIC_COMMUNITY
58537,Rayagada Vishakhapatnam Passenger,Pass,RGDA,RAYAGADA,VSKP,VISHAKAPATNAM,186,4.67,PUBLIC_COMMUNITY
58538,Visakhapatnam Rayagada Passenger,Pass,VSKP,VISHAKAPATNAM,RGDA,RAYAGADA,186,4.92,PUBLIC_COMMUNITY
58607,Gomoh-Chakradharpur Passenger,Pass,GMO,GOMOH JN,CKP,CHAKRADHARPUR,236,8.17,PUBLIC_COMMUNITY
58608,Chakradharpur Gomoh Passenger,Pass,CKP,CHAKRADHARPUR,GMO,GOMOH JN,236,8.0,PUBLIC_COMMUNITY
58609,Tatanagar Chakradharpur Passenger,Pass,TATA,TATANAGAR JN,CKP,CHAKRADHARPUR,62,1.42,PUBLIC_COMMUNITY
58652,Lohardaga Ranchi Passenger,Pass,LAD,Lohardaga,RNC,RANCHI,67,1.5,PUBLIC_COMMUNITY
58653,Ranchi - Lohardaga - Barkichampi Passenger,Pass,RNC,RANCHI,LAD,Lohardaga,67,1.5,PUBLIC_COMMUNITY
58654,Barkichampi - Lohardaga - Ranchi Passenger,Pass,LAD,Lohardaga,RNC,RANCHI,67,1.5,PUBLIC_COMMUNITY
58655,Ranchi Lohardaga Passenger,Pass,RNC,RANCHI,LAD,Lohardaga,67,1.5,PUBLIC_COMMUNITY
58656,Lohardaga Ranchi Passenger,Pass,LAD,Lohardaga,RNC,RANCHI,67,1.5,PUBLIC_COMMUNITY
58657,Ranchi Lohardaga Passenger,Pass,RNC,RANCHI,LAD,Lohardaga,67,1.5,PUBLIC_COMMUNITY
58658,Lohardaga Ranchi Passenger,Pass,LAD,Lohardaga,RNC,RANCHI,67,1.25,PUBLIC_COMMUNITY
58661,Tatanagar Hatia Passenger,Pass,TATA,TATANAGAR JN,HTE,HATIA,218,7.25,PUBLIC_COMMUNITY
58662,Hatia Tatanagar Passenger,Pass,HTE,HATIA,TATA,TATANAGAR JN,218,6.0,PUBLIC_COMMUNITY
58703,Durg Gondia Passenger,Pass,R,RAIPUR JN,G,GONDIA JN,172,4.17,PUBLIC_COMMUNITY
58704,Gondia Durg Passenger,Pass,G,GONDIA JN,R,RAIPUR JN,172,4.33,PUBLIC_COMMUNITY
58711,Telibandha Dhamtari Passenger,Pass,TBD,Telibandha,DTR,Dhamtari,68,3.0,PUBLIC_COMMUNITY
58712,Dhamtari Telibandha Passenger,Pass,DTR,Dhamtari,TBD,Telibandha,68,3.08,PUBLIC_COMMUNITY
58713,Telibandha Dhamtari Passenger,Pass,TBD,Telibandha,DTR,Dhamtari,68,3.0,PUBLIC_COMMUNITY
58714,Dhamtari Telibandha Passenger,Pass,DTR,Dhamtari,TBD,Telibandha,68,3.08,PUBLIC_COMMUNITY
58715,Telibandha Dhamtari Passenger,Pass,TBD,Telibandha,DTR,Dhamtari,68,3.08,PUBLIC_COMMUNITY
58716,Dhamtari Telibandha Passenger,Pass,DTR,Dhamtari,TBD,Telibandha,68,3.17,PUBLIC_COMMUNITY
58717,Telibandha Rajim Passenger,Pass,TBD,Telibandha,RIM,Rajim,39,2.08,PUBLIC_COMMUNITY
58718,RAJIM TELIBANDHA PASS,Pass,RIM,Rajim,TBD,Telibandha,39,2.0,PUBLIC_COMMUNITY
58719,ABHANPUR RAJIM PASS,Pass,AVP,Abhanpur Junction,RIM,Rajim,17,0.83,PUBLIC_COMMUNITY
58720,RAJIM ABHANPUR PASS,Pass,RIM,Rajim,AVP,Abhanpur Junction,16,0.83,PUBLIC_COMMUNITY
58721,ABHANPUR RAJIM PASS,Pass,AVP,Abhanpur Junction,RIM,Rajim,16,0.83,PUBLIC_COMMUNITY
58722,RAJIM ABHANPUR PASS,Pass,RIM,Rajim,AVP,Abhanpur Junction,16,0.83,PUBLIC_COMMUNITY
58802,Gondia Nagbhir Ballarshah Passenger,Pass,G,GONDIA JN,BPQ,BALHARSHAH,252,6.17,PUBLIC_COMMUNITY
58808,Wadsa Chanda Fort Passenger,Pass,WSA,Wadsa,CAF,Chanda Fort,137,2.83,PUBLIC_COMMUNITY
58809,Ramtek itwari Passenger,Pass,RTK,Ramtek,ITR,ITWARI,46,1.25,PUBLIC_COMMUNITY
58810,Nagpur Ramtek Passenger,Pass,NGP,NAGPUR,RTK,Ramtek,42,1.48,PUBLIC_COMMUNITY
58811,Ramtek Nagpur Passenger,Pass,RTK,Ramtek,NGP,NAGPUR,42,1.92,PUBLIC_COMMUNITY
58813,Ramtek itwari Passenger,Pass,RTK,Ramtek,ITR,ITWARI,38,1.67,PUBLIC_COMMUNITY
58814,Itwari Ramtek Passenger,Pass,ITR,ITWARI,RTK,Ramtek,38,1.25,PUBLIC_COMMUNITY
58815,Itwari Tirodi Passenger,Pass,ITR,ITWARI,TRDI,Tirodi,124,4.08,PUBLIC_COMMUNITY
58816,Tirodi Itwari Passenger,Pass,TRDI,Tirodi,ITR,ITWARI,124,3.42,PUBLIC_COMMUNITY
58817,Tumsar Road Tirodi Passenger,Pass,TMR,TUMSAR ROAD,TRDI,Tirodi,48,1.58,PUBLIC_COMMUNITY
58818,Tirodi Tumsar Road DEMU,Pass,TRDI,Tirodi,TMR,TUMSAR ROAD,48,1.33,PUBLIC_COMMUNITY
58831,Nagpur Chindwara Passenger,Pass,NGP,NAGPUR,CWA,Chhindwara Junction,148,6.75,PUBLIC_COMMUNITY
58620,Barka Kana Adra Passenger,Pass,BRKA,BARKAKANA,ADRA,ADRA JN,159,5.33,PUBLIC_COMMUNITY
58621,Adra Barkakana Passenger,Pass,ADRA,ADRA JN,BRKA,BARKAKANA,159,5.08,PUBLIC_COMMUNITY
58701,Shahdol Ambikapur Passenger,Pass,SDL,SHAHDOL,ABKP,AMBIKAPUR,216,5.75,PUBLIC_COMMUNITY
58702,Ambikapur Shahdol Passenger,Pass,ABKP,AMBIKAPUR,SDL,SHAHDOL,216,5.33,PUBLIC_COMMUNITY
58804,Gondia Chanda Fort Passenger,Pass,G,GONDIA JN,CAF,Chanda Fort,241,5.5,PUBLIC_COMMUNITY
58805,Chanda Fort Gondia Passenger,Pass,CAF,Chanda Fort,G,GONDIA JN,241,6.0,PUBLIC_COMMUNITY
58806,Gondia Wadsa Passenger,Pass,G,GONDIA JN,WSA,Wadsa,104,2.67,PUBLIC_COMMUNITY
58832,Chhindwara Ramakona Nagpur Passenger,Pass,CWA,Chhindwara Junction,NGP,NAGPUR,148,6.08,PUBLIC_COMMUNITY
58833,Nagpur Chindwara Passenger,Pass,NGP,NAGPUR,CWA,Chhindwara Junction,148,7.17,PUBLIC_COMMUNITY
58835,Nagpur Ramakona Chhindwara Passenger,Pass,NGP,NAGPUR,CWA,Chhindwara Junction,148,6.25,PUBLIC_COMMUNITY
58837,Nagpur Ramakona Chhindwara Passenger,Pass,NGP,NAGPUR,CWA,Chhindwara Junction,148,6.33,PUBLIC_COMMUNITY
58839,Nagpur Nainpur Jabalpur Fast Passenger,Pass,NGP,NAGPUR,JBP,JABALPUR,398,19.5,PUBLIC_COMMUNITY
58841,Nagpur Ramakona Passenger,Pass,NGP,NAGPUR,RMO,Ramakona,86,4.08,PUBLIC_COMMUNITY
58843,Nagpur Nagbhir Passenger,Pass,NGP,NAGPUR,NAB,Nagbhir Junction,110,4.67,PUBLIC_COMMUNITY
58846,Nagbhir Itwari Passenger,Pass,NAB,Nagbhir Junction,ITR,ITWARI,106,4.17,PUBLIC_COMMUNITY
58847,Nagpur Nagbhir Passenger,Pass,NGP,NAGPUR,NAB,Nagbhir Junction,110,4.75,PUBLIC_COMMUNITY
58849,Chhindwara Nainpur Passenger,Pass,CWA,Chhindwara Junction,NIR,Nainpur Junction,141,6.0,PUBLIC_COMMUNITY
58850,Nainpur Chhindwara Passenger,Pass,NIR,Nainpur Junction,CWA,Chhindwara Junction,141,5.58,PUBLIC_COMMUNITY
58851,Chhindwara Nainpur Passenger,Pass,CWA,Chhindwara Junction,NIR,Nainpur Junction,141,6.0,PUBLIC_COMMUNITY
58852,Nainpur Chhindwara Passenger,Pass,NIR,Nainpur Junction,CWA,Chhindwara Junction,141,5.83,PUBLIC_COMMUNITY
58853,Chhindwara Nainpur Passenger,Pass,CWA,Chhindwara Junction,NIR,Nainpur Junction,141,6.25,PUBLIC_COMMUNITY
58854,Nainpur Chhindwara Passenger,Pass,NIR,Nainpur Junction,CWA,Chhindwara Junction,141,5.58,PUBLIC_COMMUNITY
58855,Chhindwara Nainpur Passenger,Pass,CWA,Chhindwara Junction,NIR,Nainpur Junction,141,6.5,PUBLIC_COMMUNITY
58856,Nainpur Chhindwara Passenger,Pass,NIR,Nainpur Junction,CWA,Chhindwara Junction,141,5.5,PUBLIC_COMMUNITY
58857,Nainpur Mandla Fort Passenger,Pass,NIR,Nainpur Junction,MFR,Mandla Fort,43,1.92,PUBLIC_COMMUNITY
58858,Mandla Fort Balaghat Passenger,Pass,NIR,Nainpur Junction,BTC,Balaghat Junction,74,3.83,PUBLIC_COMMUNITY
58859,Nainpur Mandla Fort Passenger,Pass,NIR,Nainpur Junction,MFR,Mandla Fort,43,1.92,PUBLIC_COMMUNITY
58860,Mandla Fort Nainpur Passenger,Pass,MFR,Mandla Fort,NIR,Nainpur Junction,43,1.92,PUBLIC_COMMUNITY
58861,Nainpur Mandla Fort Passenger,Pass,NIR,Nainpur Junction,MFR,Mandla Fort,43,1.92,PUBLIC_COMMUNITY
58862,Mandla Fort Nainpur Passenger,Pass,MFR,Mandla Fort,NIR,Nainpur Junction,43,1.92,PUBLIC_COMMUNITY
58863,Balaghat jabalpur Passenger,Pass,BTC,Balaghat Junction,JBP,JABALPUR,185,9.17,PUBLIC_COMMUNITY
58864,Jabalpur Balaghat Passenger,Pass,JBP,JABALPUR,BTC,Balaghat Junction,185,10.58,PUBLIC_COMMUNITY
58865,Balaghat Jabalpur Passenger,Pass,BTC,Balaghat Junction,JBP,JABALPUR,187,8.92,PUBLIC_COMMUNITY
58866,Jabalpur Balaghat Passenger,Pass,JBP,JABALPUR,BTC,Balaghat Junction,185,9.67,PUBLIC_COMMUNITY
58867,Balaghat jabalpur Passenger,Pass,BTC,Balaghat Junction,JBP,JABALPUR,185,8.75,PUBLIC_COMMUNITY
58868,Jabalpur Balaghat Passenger,Pass,JBP,JABALPUR,BTC,Balaghat Junction,187,8.92,PUBLIC_COMMUNITY
58869,Balaghat jabalpur Passenger,Pass,BTC,Balaghat Junction,JBP,JABALPUR,185,9.83,PUBLIC_COMMUNITY
58870,Jabalpur Balaghat Passenger,Pass,JBP,JABALPUR,BTC,Balaghat Junction,187,9.17,PUBLIC_COMMUNITY
58871,Balaghat Jabalpur Passenger,Pass,BTC,Balaghat Junction,JBP,JABALPUR,187,9.25,PUBLIC_COMMUNITY
58873,Balaghat Nainpur Passenger,Pass,BTC,Balaghat Junction,NIR,Nainpur Junction,74,3.33,PUBLIC_COMMUNITY
58874,Nainpur Balaghat Passenger,Pass,NIR,Nainpur Junction,BTC,Balaghat Junction,74,3.33,PUBLIC_COMMUNITY
58876,Jabalpur Nainpur Passenger,Pass,JBP,JABALPUR,NIR,Nainpur Junction,111,5.67,PUBLIC_COMMUNITY
59009,Virar Bharuch Shuttle,Pass,VR,VIRAR,BH,BHARUCH JN,267,7.0,PUBLIC_COMMUNITY
59010,Bharuch Virar Passenger,Pass,BH,BHARUCH JN,VR,VIRAR,267,7.42,PUBLIC_COMMUNITY
59013,Bhusaval Passenger,Pass,ST,SURAT,BSL,BHUSAVAL JN,336,9.83,PUBLIC_COMMUNITY
59023,Mumbai Valsad Passenger,Pass,BCT,Mumbai Central,BL,VALSAD,195,4.75,PUBLIC_COMMUNITY
59025,Surat Amrawati Fast Passenger,Pass,ST,SURAT,AMI,Amravati,563,11.67,PUBLIC_COMMUNITY
58834,Chhindwara Nagpur Passenger,Pass,CWA,Chhindwara Junction,NGP,NAGPUR,148,6.83,PUBLIC_COMMUNITY
58836,Chhindwara Nagpur Passenger,Pass,CWA,Chhindwara Junction,NGP,NAGPUR,148,6.92,PUBLIC_COMMUNITY
58840,Jabalpur Nir Nagpur Passenger,Pass,JBP,JABALPUR,NGP,NAGPUR,398,19.0,PUBLIC_COMMUNITY
58842,Ramakona Nagpur Passenger,Pass,RMO,Ramakona,NGP,NAGPUR,86,4.17,PUBLIC_COMMUNITY
58844,Nagbhir Nagpur Passenger,Pass,NAB,Nagbhir Junction,NGP,NAGPUR,110,4.5,PUBLIC_COMMUNITY
58848,Nagbhir Nagpur Passenger,Pass,NAB,Nagbhir Junction,NGP,NAGPUR,110,4.42,PUBLIC_COMMUNITY
59026,Surat Fast Passenger,Pass,AMI,Amravati,ST,SURAT,563,12.25,PUBLIC_COMMUNITY
59037,Virar Surat Passenger,Pass,VR,VIRAR,ST,SURAT,207,6.67,PUBLIC_COMMUNITY
59038,Surat Virar Passenger,Pass,ST,SURAT,VR,VIRAR,207,5.75,PUBLIC_COMMUNITY
59039,Virar Valsad Shuttle,Pass,VR,VIRAR,BL,VALSAD,139,2.92,PUBLIC_COMMUNITY
59040,Vapi Virar Shuttle,Pass,VAPI,VAPI,VR,VIRAR,112,2.33,PUBLIC_COMMUNITY
59043,Virar Dahanu Shuttle,Pass,VR,VIRAR,DRD,DAHANU ROAD,64,1.3,PUBLIC_COMMUNITY
59044,Dahanu Virar Shuttle,Pass,DRD,DAHANU ROAD,VR,VIRAR,64,1.33,PUBLIC_COMMUNITY
59045,Vapi Passenger,Pass,BDTS,MUMBAI BANDRA TERMINUS,VAPI,VAPI,159,3.83,PUBLIC_COMMUNITY
59046,Valsad-Bandra Passenger,Pass,BL,VALSAD,BDTS,MUMBAI BANDRA TERMINUS,184,4.67,PUBLIC_COMMUNITY
59047,Virar Surat Passenger,Pass,VR,VIRAR,ST,SURAT,207,5.33,PUBLIC_COMMUNITY
59048,Surat Virar Passenger,Pass,ST,SURAT,VR,VIRAR,207,4.83,PUBLIC_COMMUNITY
59049,Valsad Viramgam Passenger,Pass,BL,VALSAD,VG,VIRAMGAM JN,364,14.08,PUBLIC_COMMUNITY
59051,Surat Nandurbar Passenger,Pass,ST,SURAT,NDB,NANDURBAR,185,5.08,PUBLIC_COMMUNITY
59075,Bhusaval Passenger,Pass,ST,SURAT,BSL,BHUSAVAL JN,336,12.08,PUBLIC_COMMUNITY
59076-Slip,Bhusaval Surat Mumbai Passenger,Pass,NDB,NANDURBAR,BCT,Mumbai Central,423,14.22,PUBLIC_COMMUNITY
59077,Surat-Bhusaval Passenger,Pass,ST,SURAT,BSL,BHUSAVAL JN,336,9.33,PUBLIC_COMMUNITY
59078,Bhusaval-Surat Passenger,Pass,BSL,BHUSAVAL JN,ST,SURAT,336,9.33,PUBLIC_COMMUNITY
59092,Nandurbar Surat Passenger,Pass,NDB,NANDURBAR,ST,SURAT,185,4.75,PUBLIC_COMMUNITY
59101,Vadodara Kathana Passenger,Pass,BRC,VADODARA JN,KTNA,Kathana,73,2.42,PUBLIC_COMMUNITY
59102,Kathana Vadodara Passenger,Pass,KTNA,Kathana,BRC,VADODARA JN,73,2.58,PUBLIC_COMMUNITY
59103,Vadodara Kathana Passenger,Pass,BRC,VADODARA JN,KTNA,Kathana,73,2.33,PUBLIC_COMMUNITY
59104,Kathana Vadodara Passenger,Pass,KTNA,Kathana,BRC,VADODARA JN,73,2.5,PUBLIC_COMMUNITY
59112,Bodeli Dabhoi Passenger,Pass,BDE,Bodeli,DB,Dabhoi Junction,34,1.58,PUBLIC_COMMUNITY
59115,Anand Godhra Passenger,Pass,ANND,ANAND JN,GDA,GODHRA JN,78,2.42,PUBLIC_COMMUNITY
59116,Godhra Anand Passenger,Pass,GDA,GODHRA JN,ANND,ANAND JN,78,2.5,PUBLIC_COMMUNITY
59117,Pratapnagar Bodeli Passenger,Pass,PRTN,Pratapnagar,BDE,Bodeli,63,1.92,PUBLIC_COMMUNITY
59118,Chhota Udepur Pratapnagar Passenger,Pass,CTD,Chhota Udepur,PRTN,Pratapnagar,99,2.92,PUBLIC_COMMUNITY
59119,Pratapnagar Chhota Udepur Passenger,Pass,PRTN,Pratapnagar,CTD,Chhota Udepur,99,2.92,PUBLIC_COMMUNITY
59120,Chhota Udepur Pratap Nagar Passenger,Pass,CTD,Chhota Udepur,PRTN,Pratapnagar,99,3.0,PUBLIC_COMMUNITY
59121,Pratapnagar Chhota Udepur Passenger,Pass,PRTN,Pratapnagar,CTD,Chhota Udepur,99,3.0,PUBLIC_COMMUNITY
59122,Bodeli Pratapnagar Passenger,Pass,BDE,Bodeli,PRTN,Pratapnagar,63,2.17,PUBLIC_COMMUNITY
59152,Modasa Nadiad Passenger,Pass,MDSA,Modasa,ND,NADIAD JN,105,3.33,PUBLIC_COMMUNITY
59158,Anand Vadodara Passenger,Pass,ANND,ANAND JN,BRC,VADODARA JN,36,1.5,PUBLIC_COMMUNITY
59163,Anand Vadtal Passenger,Pass,ANND,ANAND JN,VTL,Vadtal Swaminarayan,14,0.67,PUBLIC_COMMUNITY
59164,Vadtal Swaminarayan Anand Passenger,Pass,VTL,Vadtal Swaminarayan,ANND,ANAND JN,14,0.75,PUBLIC_COMMUNITY
59165,Anand Godhra Passenger,Pass,ANND,ANAND JN,GDA,GODHRA JN,78,2.58,PUBLIC_COMMUNITY
59166,Godhra Anand Passenger,Pass,GDA,GODHRA JN,ANND,ANAND JN,78,2.5,PUBLIC_COMMUNITY
59205,Wansjaliya Porbandar Passenger,Pass,KNLS,KANALAS JN,PBR,PORBANDAR,105,2.67,PUBLIC_COMMUNITY
59206,Porbandar Wansjaliya Passenger,Pass,PBR,PORBANDAR,KNLS,KANALAS JN,105,2.5,PUBLIC_COMMUNITY
59207,Bhavnagar Okha Passenger,Pass,BVC,BHAVNAGAR TERMINUS,OKHA,OKHA,538,15.92,PUBLIC_COMMUNITY
59208,Bhavnagar Passenger,Pass,OKHA,OKHA,BVC,BHAVNAGAR TERMINUS,538,15.25,PUBLIC_COMMUNITY
59211,Rajkot Porbandar Fast Passenger,Pass,RJT,RAJKOT JN,PBR,PORBANDAR,213,5.83,PUBLIC_COMMUNITY
59031,Surat Bharuch Passenger,Pass,ST,SURAT,BH,BHARUCH JN,60,1.42,PUBLIC_COMMUNITY
59032,Bharuch Surat Passenger,Pass,BH,BHARUCH JN,ST,SURAT,60,1.58,PUBLIC_COMMUNITY
59161,Bharuch Vadtal Swaminarayan Passenger,Pass,BH,BHARUCH JN,VTL,Vadtal Swaminarayan,120,4.75,PUBLIC_COMMUNITY
59162,Vadtal Swaminarayan Bharuch Passenger,Pass,VTL,Vadtal Swaminarayan,BH,BHARUCH JN,120,4.08,PUBLIC_COMMUNITY
59212,Porbandar Rajkot Fast Passenger,Pass,PBR,PORBANDAR,RJT,RAJKOT JN,213,6.25,PUBLIC_COMMUNITY
59213,Bhanvad Porbandar Passenger,Pass,BNVD,BHANVAD,PBR,PORBANDAR,52,2.0,PUBLIC_COMMUNITY
59215,Bhanvad Porbandar Passenger,Pass,BNVD,BHANVAD,PBR,PORBANDAR,52,1.33,PUBLIC_COMMUNITY
59216,Porbandar Bhanvad Passenger,Pass,PBR,PORBANDAR,BNVD,BHANVAD,52,1.5,PUBLIC_COMMUNITY
59225,Bhavnagar Mahuva Passenger,Pass,BVC,BHAVNAGAR TERMINUS,MHV,MAHUVA JN,203,4.75,PUBLIC_COMMUNITY
59226,Mahuva Bhavnagar Passenger,Pass,MHV,MAHUVA JN,BVP,BHAVANAGAR PARA,220,5.17,PUBLIC_COMMUNITY
59227,Botad Bhavnagar Passenger,Pass,BTD,BOTAD JN,BVC,BHAVNAGAR TERMINUS,93,2.25,PUBLIC_COMMUNITY
59228,Bhavnagar-Botad Passenger,Pass,BVC,BHAVNAGAR TERMINUS,BTD,BOTAD JN,93,2.17,PUBLIC_COMMUNITY
59229,Botad Jn-Bhavnagar T Passenger,Pass,BTD,BOTAD JN,BVC,BHAVNAGAR TERMINUS,93,2.5,PUBLIC_COMMUNITY
59230,Bhavnagar Botad Passenger,Pass,BVC,BHAVNAGAR TERMINUS,ST,SURAT,526,13.0,PUBLIC_COMMUNITY
59231,Surendranagar Botad Passenger,Pass,SUNR,SURENDRANAGAR,BTD,BOTAD JN,77,1.75,PUBLIC_COMMUNITY
59232,Botad Surendranagar Passenger,Pass,BTD,BOTAD JN,SUNR,SURENDRANAGAR,77,1.83,PUBLIC_COMMUNITY
59233,Surendranagar Bhavnagar Passenger,Pass,SUNR,SURENDRANAGAR,BVC,BHAVNAGAR TERMINUS,170,4.17,PUBLIC_COMMUNITY
59234,Bhavnagar Surendranagar Passenger,Pass,BVC,BHAVNAGAR TERMINUS,SUNR,SURENDRANAGAR,170,3.83,PUBLIC_COMMUNITY
59235,Dhola Mahuva Passenger,Pass,DLJ,DHOLA JN,MHV,MAHUVA JN,153,3.5,PUBLIC_COMMUNITY
59236,Mahuva Dhola Passenger,Pass,MHV,MAHUVA JN,DLJ,DHOLA JN,153,3.58,PUBLIC_COMMUNITY
59243,Rajula Mahuva Passenger,Pass,RJU,Rajula City,MHV,MAHUVA JN,38,1.42,PUBLIC_COMMUNITY
59244,Mahuva Rajula Passenger,Pass,MHV,MAHUVA JN,RJU,Rajula City,38,1.33,PUBLIC_COMMUNITY
59267,Palitana Bhavnagar Passenger,Pass,PIT,Palitana,BVC,BHAVNAGAR TERMINUS,49,1.5,PUBLIC_COMMUNITY
59268,Bhavnagar Palitana Passenger,Pass,BVC,BHAVNAGAR TERMINUS,PIT,Palitana,49,1.25,PUBLIC_COMMUNITY
59269,Palitana Bhavnagar Passenger,Pass,PIT,Palitana,BVC,BHAVNAGAR TERMINUS,49,1.5,PUBLIC_COMMUNITY
59270,Bhavnagar Palitana Passenger,Pass,BVC,BHAVNAGAR TERMINUS,PIT,Palitana,49,1.25,PUBLIC_COMMUNITY
59271,Surendranagar Bhavnagar Fast Passenger,Pass,SUNR,SURENDRANAGAR,BVC,BHAVNAGAR TERMINUS,170,3.92,PUBLIC_COMMUNITY
59272,Bhavnagar Surendranagar Passenger,Pass,BVC,BHAVNAGAR TERMINUS,SUNR,SURENDRANAGAR,170,3.75,PUBLIC_COMMUNITY
59295,Palitana Bhavnagar Passenger,Pass,PIT,Palitana,BVC,BHAVNAGAR TERMINUS,49,1.25,PUBLIC_COMMUNITY
59296,Bhavnagar Palitana Passenger,Pass,BVC,BHAVNAGAR TERMINUS,PIT,Palitana,61,1.25,PUBLIC_COMMUNITY
59297,Porbandar Veraval Passenger,Pass,PBR,PORBANDAR,VRL,VERAVAL,232,5.08,PUBLIC_COMMUNITY
59298,Veraval Porbandar Passenger,Pass,VRL,VERAVAL,PBR,PORBANDAR,231,5.58,PUBLIC_COMMUNITY
59306,Ujjain-Indore Passenger,Pass,UJN,UJJAIN JN,INDB,INDORE JN BG,79,2.0,PUBLIC_COMMUNITY
59318,Ujjain Nagda Passenger,Pass,UJN,UJJAIN JN,NAD,NAGDA JN,56,1.42,PUBLIC_COMMUNITY
59319,Ujjain Bhopal Passenger,Pass,UJN,UJJAIN JN,BPL,BHOPAL JN,184,4.75,PUBLIC_COMMUNITY
59320,Bhopal Ujjain Passenger,Pass,BPL,BHOPAL JN,UJN,UJJAIN JN,184,4.33,PUBLIC_COMMUNITY
59341,Nagda Bina Passenger,Pass,NAD,NAGDA JN,BINA,BINA JN,429,11.83,PUBLIC_COMMUNITY
59342,Bina Nagda Passenger,Pass,BINA,BINA JN,NAD,NAGDA JN,429,11.0,PUBLIC_COMMUNITY
59345,Ratlam Nagda Passenger,Pass,RTM,RATLAM JN,NAD,NAGDA JN,41,1.0,PUBLIC_COMMUNITY
59346,Nagda Ratlam Passenger,Pass,NAD,NAGDA JN,RTM,RATLAM JN,41,0.92,PUBLIC_COMMUNITY
59355,Ratlam Mathura Passenger,Pass,RTM,RATLAM JN,MTJ,MATHURA JN,591,16.42,PUBLIC_COMMUNITY
59356,Mathura Ratlam Passenger,Pass,MTJ,MATHURA JN,RTM,RATLAM JN,591,15.75,PUBLIC_COMMUNITY
59357,Bayana Yamunabridge Passenger,Pass,BXN,BAYANA JN,JAB,YAMUNA BRIDGE AGRA,88,3.0,PUBLIC_COMMUNITY
59358,Yamuna Bridge Bayana Passenger,Pass,JAB,YAMUNA BRIDGE AGRA,BXN,BAYANA JN,88,3.25,PUBLIC_COMMUNITY
59379,Indore Maksi Passenger,Pass,INDB,INDORE JN BG,MKC,MAKSI,75,1.75,PUBLIC_COMMUNITY
59385,Panchvalley Fast Passenger,Pass,INDB,INDORE JN BG,CWA,Chhindwara Junction,554,15.33,PUBLIC_COMMUNITY
59386,Panchvalley Passenger,Pass,CWA,Chhindwara Junction,INDB,INDORE JN BG,554,16.42,PUBLIC_COMMUNITY
59317,Nagda Ujjain Passenger,Pass,NAD,NAGDA JN,UJN,UJJAIN JN,56,1.58,PUBLIC_COMMUNITY
59354,Ujjain Nagda Passenger,Pass,UJN,UJJAIN JN,NAD,NAGDA JN,56,1.58,PUBLIC_COMMUNITY
59386-Slip2,Panchvalley Passenger Slip2,Pass,CWA,Chhindwara Junction,GKP,GORAKHPUR JN,1197,34.33,PUBLIC_COMMUNITY
59387,Nagda Indore Bg Passenger,Pass,NAD,NAGDA JN,INDB,INDORE JN BG,135,4.08,PUBLIC_COMMUNITY
59388,Indore Bg Nagda Passenger,Pass,INDB,INDORE JN BG,NAD,NAGDA JN,135,4.33,PUBLIC_COMMUNITY
59389,Indore-Bhopal Fast Passenger,Pass,INDB,INDORE JN BG,BPL,BHOPAL JN,263,5.75,PUBLIC_COMMUNITY
59390,Bhopal-Indore Fast Passenger,Pass,BPL,BHOPAL JN,INDB,INDORE JN BG,263,5.75,PUBLIC_COMMUNITY
59395,Amla Chhindwara Passenger,Pass,AMLA,AMLA JN,CWA,Chhindwara Junction,115,3.5,PUBLIC_COMMUNITY
59396,Chhindwara Amla Passenger,Pass,CWA,Chhindwara Junction,AMLA,AMLA JN,115,3.17,PUBLIC_COMMUNITY
59421,Rajkot Veraval Passenger,Pass,RJT,RAJKOT JN,VRL,VERAVAL,185,4.5,PUBLIC_COMMUNITY
59422,Somnath Rajkot Passenger,Pass,SMNH,SOMNATH,RJT,RAJKOT JN,190,5.0,PUBLIC_COMMUNITY
59423,Rajkot Somnath Passenger,Pass,RJT,RAJKOT JN,SMNH,SOMNATH,190,5.0,PUBLIC_COMMUNITY
59424,Veraval Rajkot Passenger,Pass,VRL,VERAVAL,RJT,RAJKOT JN,185,4.5,PUBLIC_COMMUNITY
59439,Ahmadabad Passenger,Pass,BCT,Mumbai Central,ADI,AHMEDABAD JN,491,16.42,PUBLIC_COMMUNITY
59440,Ahmedabad Passenger,Pass,ADI,AHMEDABAD JN,BVI,BORIVALI,462,15.0,PUBLIC_COMMUNITY
59441,Mumbai Central-Ahmedabad Passenger,Pass,BCT,Mumbai Central,ADI,AHMEDABAD JN,491,16.25,PUBLIC_COMMUNITY
59441-Slip,Ahmedabad Passenger Slip,Pass,BCT,Mumbai Central,NDB,NANDURBAR,423,14.08,PUBLIC_COMMUNITY
59459,Rajkot Veraval Passenger,Pass,RJT,RAJKOT JN,VRL,VERAVAL,185,4.33,PUBLIC_COMMUNITY
59460,Veraval Mumbai Central Passenger Express,Pass,VRL,VERAVAL,BCT,Mumbai Central,923,18.33,PUBLIC_COMMUNITY
59461,Borivali Dahanu Shuttle,Pass,BVI,BORIVALI,DRD,DAHANU ROAD,90,2.08,PUBLIC_COMMUNITY
59462,Dahanu Mumbai Passenger,Pass,DRD,DAHANU ROAD,BCT,Mumbai Central,120,3.17,PUBLIC_COMMUNITY
59473,ADI - PTN PASSENGER,Pass,ADI,AHMEDABAD JN,PTN,PATAN,107,3.08,PUBLIC_COMMUNITY
59474,PATAN - AHMEDABAD PASSENGER,Pass,PTN,PATAN,ADI,AHMEDABAD JN,106,3.58,PUBLIC_COMMUNITY
59475,Mahesana Patan Passenger,Pass,MSH,MAHESANA JN,PTN,PATAN,40,0.92,PUBLIC_COMMUNITY
59476,Patan Mehsana Passenger,Pass,PTN,PATAN,MSH,MAHESANA JN,40,1.0,PUBLIC_COMMUNITY
59477,Mahesana Patan Passenger,Pass,MSH,MAHESANA JN,PTN,PATAN,40,0.92,PUBLIC_COMMUNITY
59478,Patan Mehsana Passenger,Pass,PTN,PATAN,MSH,MAHESANA JN,40,0.92,PUBLIC_COMMUNITY
59481,Haldighati Passenger,Pass,MSH,MAHESANA JN,PTN,PATAN,40,0.92,PUBLIC_COMMUNITY
59482,Patan Mahesana Passenger,Pass,PTN,PATAN,MSH,MAHESANA JN,40,0.92,PUBLIC_COMMUNITY
59483,AHMEDABAD PATAN PASS,Pass,MSH,MAHESANA JN,PTN,PATAN,40,0.92,PUBLIC_COMMUNITY
59484,Patan Mahesana DMU,Pass,PTN,PATAN,MSH,MAHESANA JN,40,0.92,PUBLIC_COMMUNITY
59503,Viramgam Okha Fast Passenger,Pass,VG,VIRAMGAM JN,OKHA,OKHA,429,13.0,PUBLIC_COMMUNITY
59504,Okha Viramgam Fast Passenger,Pass,OKHA,OKHA,VG,VIRAMGAM JN,429,13.58,PUBLIC_COMMUNITY
59509,Mahesana Viramgam Passenger,Pass,MSH,MAHESANA JN,VG,VIRAMGAM JN,66,1.92,PUBLIC_COMMUNITY
59510,Viramgam Mahesana Passenger,Pass,VG,VIRAMGAM JN,MSH,MAHESANA JN,66,1.92,PUBLIC_COMMUNITY
59511,Mahesana Viramgam,Pass,MSH,MAHESANA JN,VG,VIRAMGAM JN,66,1.92,PUBLIC_COMMUNITY
59512,Viramgam Mahesana,Pass,VG,VIRAMGAM JN,MSH,MAHESANA JN,66,1.92,PUBLIC_COMMUNITY
59547,Ahmedabad Okha Passenger,Pass,ADI,AHMEDABAD JN,OKHA,OKHA,499,17.17,PUBLIC_COMMUNITY
59548,Okha Ahmedabad Passenger,Pass,OKHA,OKHA,ADI,AHMEDABAD JN,499,16.0,PUBLIC_COMMUNITY
59601,Beawar Ajmer Passenger,Pass,BER,BEAWAR,AII,AJMER JN,53,1.33,PUBLIC_COMMUNITY
59602,Ajmer Beawar Passenger,Pass,AII,AJMER JN,BER,BEAWAR,53,1.33,PUBLIC_COMMUNITY
59603,Ajmer Udaipur Passenger,Pass,AII,AJMER JN,UDZ,UDAIPUR CITY,300,8.92,PUBLIC_COMMUNITY
59604,Udaipur Ajmer Passenger,Pass,UDZ,UDAIPUR CITY,AII,AJMER JN,300,8.33,PUBLIC_COMMUNITY
59605,Chittaurgarh Udaipur Passenger,Pass,COR,CHITTAURGARH,UDZ,UDAIPUR CITY,114,2.83,PUBLIC_COMMUNITY
59606,Udaipur Chittaurgarh Passenger,Pass,UDZ,UDAIPUR CITY,COR,CHITTAURGARH,114,3.08,PUBLIC_COMMUNITY
59702,Hisar-Jaipur Passenger,Pass,HSR,Hisar,JP,JAIPUR,368,9.75,PUBLIC_COMMUNITY
59703,Hisar Rewari Passenger,Pass,HSR,Hisar,RE,REWARI,143,3.75,PUBLIC_COMMUNITY
59704,Gondia Durg Passenger,Pass,RE,REWARI,HSR,Hisar,143,3.75,PUBLIC_COMMUNITY
51239,Amla Betul Passenger,Pass,AMLA,AMLA JN,BZU,BETUL,23,0.58,PUBLIC_COMMUNITY
59394,Habibganj Dahod Fast Pass,Pass,HBJ,HABIBGANJ,DHD,DAHOD,400,11.0,PUBLIC_COMMUNITY
59705,Suratgarh Jaipur Passenger,Pass,SOG,SURATGARH JN,JP,JAIPUR,562,15.75,PUBLIC_COMMUNITY
59707,ANUPGARH - SURATGARH Passenger,Pass,APH,ANUPGARH,SOG,SURATGARH JN,76,1.83,PUBLIC_COMMUNITY
59708,SURATGARH - ANUPGARH Passenger,Pass,SOG,SURATGARH JN,APH,ANUPGARH,76,1.92,PUBLIC_COMMUNITY
59709,APH-SOG  PASSANGER,Pass,APH,ANUPGARH,SOG,SURATGARH JN,76,1.67,PUBLIC_COMMUNITY
59710,Suratgarh Anupgarh Passenger,Pass,SOG,SURATGARH JN,APH,ANUPGARH,76,1.75,PUBLIC_COMMUNITY
59711,Bhatinda Suratgarh Passenger,Pass,BTI,BHATINDA JN,SOG,SURATGARH JN,142,3.67,PUBLIC_COMMUNITY
59712,Suratgarh Bhatinda Passenger,Pass,SOG,SURATGARH JN,BTI,BHATINDA JN,142,3.58,PUBLIC_COMMUNITY
59713,Phulera Jaipur Passenger,Pass,FL,PHULERA JN,JP,JAIPUR,55,1.25,PUBLIC_COMMUNITY
59714,Jaipur Phulera Passenger,Pass,JP,JAIPUR,FL,PHULERA JN,55,1.5,PUBLIC_COMMUNITY
59715,Phulera Rewari Passenger,Pass,FL,PHULERA JN,RE,REWARI,216,5.0,PUBLIC_COMMUNITY
59716,Rewari Phulera Passenger,Pass,RE,REWARI,FL,PHULERA JN,216,5.0,PUBLIC_COMMUNITY
59717,Phulera Rewari Passenger,Pass,FL,PHULERA JN,RE,REWARI,216,4.83,PUBLIC_COMMUNITY
59718,Rewari Phulera Passenger,Pass,RE,REWARI,FL,PHULERA JN,216,4.83,PUBLIC_COMMUNITY
59721,Jaipur Hisar Passenger,Pass,JP,JAIPUR,HSR,Hisar,369,8.42,PUBLIC_COMMUNITY
59722,Hisar - Jaipur Fast Passenger,Pass,HSR,Hisar,JP,JAIPUR,369,8.75,PUBLIC_COMMUNITY
59723,Rewari Sadulpur Passenger,Pass,RE,REWARI,HSR,Hisar,211,5.0,PUBLIC_COMMUNITY
59724,Sadulpur Rewari Passenger,Pass,HSR,Hisar,RE,REWARI,211,5.33,PUBLIC_COMMUNITY
59725,Rewari Sadulpur Passenger,Pass,RE,REWARI,HSR,Hisar,211,5.42,PUBLIC_COMMUNITY
59726,Sadulpur Rewari Passenger,Pass,HSR,Hisar,RE,REWARI,211,5.42,PUBLIC_COMMUNITY
59801,Kota Jaipur Passenger,Pass,KOTA,KOTA JN,JP,JAIPUR,240,4.75,PUBLIC_COMMUNITY
59802,Jaipur Nagda Fast Passenger,Pass,JP,JAIPUR,NAD,NAGDA JN,465,11.75,PUBLIC_COMMUNITY
59805,Bayana Jaipur Fast Passenger,Pass,JP,JAIPUR,BXN,BAYANA JN,273,6.33,PUBLIC_COMMUNITY
59806,Jaipur Bayana Fast Passenger,Pass,BXN,BAYANA JN,JP,JAIPUR,273,6.33,PUBLIC_COMMUNITY
59811,Haldighati Passenger,Pass,RTM,RATLAM JN,AF,AGRA FORT,694,21.25,PUBLIC_COMMUNITY
59812,Haldighati Passenger,Pass,AF,AGRA FORT,RTM,RATLAM JN,694,20.92,PUBLIC_COMMUNITY
59813,Kota Agra Yamuna Bridge Passenger,Pass,KOTA,KOTA JN,JAB,YAMUNA BRIDGE AGRA,336,10.17,PUBLIC_COMMUNITY
59814,Agra Fort Bayana Passenger,Pass,AF,AGRA FORT,KOTA,KOTA JN,333,9.25,PUBLIC_COMMUNITY
59821,KOTA - BHIND Passenger,Pass,KOTA,KOTA JN,BIX,BHIND,495,16.58,PUBLIC_COMMUNITY
59822,BHIND - KOTA PASSENGER,Pass,BIX,BHIND,KOTA,KOTA JN,500,15.08,PUBLIC_COMMUNITY
59831,Vadodara Kota Passenger,Pass,BRC,VADODARA JN,KOTA,KOTA JN,526,15.0,PUBLIC_COMMUNITY
59833,Kota Nimach Passenger,Pass,KOTA,KOTA JN,NMH,NIMACH,227,7.25,PUBLIC_COMMUNITY
59834,Nimach Kota Passenger,Pass,NMH,NIMACH,KOTA,KOTA JN,227,6.5,PUBLIC_COMMUNITY
59835,Nimach Udaipur Passenger,Pass,NMH,NIMACH,UDZ,UDAIPUR CITY,170,4.42,PUBLIC_COMMUNITY
59836,Udaipur Nimach Passenger,Pass,UDZ,UDAIPUR CITY,NMH,NIMACH,170,4.75,PUBLIC_COMMUNITY
61135,Badnera Amravati Passenger,MEMU,BD,BADNERA JN,AMI,Amravati,6,0.25,PUBLIC_COMMUNITY
63153,JASIDIH BAIDYANATH PASS,Pass,JSME,JASIDIH JN,BDME,Baidyanathdham Deoghar,6,0.33,PUBLIC_COMMUNITY
63154,BAIDYANATH JASIDIH PASS,Pass,BDME,Baidyanathdham Deoghar,JSME,JASIDIH JN,6,0.33,PUBLIC_COMMUNITY
63155,JASIDIH BAIDYANATH PASS,Pass,JSME,JASIDIH JN,BDME,Baidyanathdham Deoghar,6,0.33,PUBLIC_COMMUNITY
63156,BAIDYANATH JASIDIH PASS,Pass,BDME,Baidyanathdham Deoghar,JSME,JASIDIH JN,6,0.33,PUBLIC_COMMUNITY
63157,Jasidih Baidyanathdham Passenger,MEMU,JSME,JASIDIH JN,BDME,Baidyanathdham Deoghar,6,0.32,PUBLIC_COMMUNITY
63160,BAIDYANATH JASIDIH PASS,Pass,BDME,Baidyanathdham Deoghar,JSME,JASIDIH JN,6,0.33,PUBLIC_COMMUNITY
63161,JASIDIH BAIDYANATH PASS,Pass,JSME,JASIDIH JN,BDME,Baidyanathdham Deoghar,6,0.33,PUBLIC_COMMUNITY
63162,BAIDYANATH JASIDIH PASS,Pass,BDME,Baidyanathdham Deoghar,JSME,JASIDIH JN,6,0.33,PUBLIC_COMMUNITY
63163,JASIDIH BAIDYANATH PASS,Pass,JSME,JASIDIH JN,BDME,Baidyanathdham Deoghar,6,0.33,PUBLIC_COMMUNITY
63164,BAIDYANATH JASIDIH PASS,Pass,BDME,Baidyanathdham Deoghar,JSME,JASIDIH JN,6,0.33,PUBLIC_COMMUNITY
63165,JASIDIH BAIDYANATH PASS,Pass,JSME,JASIDIH JN,BDME,Baidyanathdham Deoghar,6,0.33,PUBLIC_COMMUNITY
63167,JASIDIH BAIDYANATH PASS,Pass,JSME,JASIDIH JN,BDME,Baidyanathdham Deoghar,6,0.25,PUBLIC_COMMUNITY
63168,BAIDYANATH JASIDIH PASS,Pass,BDME,Baidyanathdham Deoghar,JSME,JASIDIH JN,6,0.25,PUBLIC_COMMUNITY
63207,Jhajha Patna Passenger MEMU,MEMU,JAJ,JHAJHA,PNBE,PATNA JN,176,6.25,PUBLIC_COMMUNITY
63208,Patna Jhajha Passenger MEMU,MEMU,PNBE,PATNA JN,JAJ,JHAJHA,176,6.17,PUBLIC_COMMUNITY
63209,Jhajha Patna MEMU,MEMU,JAJ,JHAJHA,PNBE,PATNA JN,176,6.58,PUBLIC_COMMUNITY
63210,PATNA - JHAJHA Passenger,MEMU,PNBE,PATNA JN,JAJ,JHAJHA,176,5.75,PUBLIC_COMMUNITY
63211,JASIDIH - PATNA MEMU,MEMU,JSME,JASIDIH JN,PNBE,PATNA JN,176,6.67,PUBLIC_COMMUNITY
63212,Patna-Jhajha Passenger MEMU,MEMU,PNBE,PATNA JN,JAJ,JHAJHA,176,6.08,PUBLIC_COMMUNITY
63217,Mokama Danapur Passenger,MEMU,MKA,MOKAMEH JN,DNR,DANAPUR,99,3.42,PUBLIC_COMMUNITY
63218,Danapur Mokameh passenger,MEMU,DNR,DANAPUR,MKA,MOKAMEH JN,99,3.42,PUBLIC_COMMUNITY
63219,Danapur Ara MEMU,MEMU,DNR,DANAPUR,RPR,RAGHUNATHPUR,76,2.25,PUBLIC_COMMUNITY
63220,Ara Danapur Passenger,MEMU,RPR,RAGHUNATHPUR,PNBE,PATNA JN,85,3.08,PUBLIC_COMMUNITY
63223,Patna Ara Passenger DEMU,MEMU,PNBE,PATNA JN,ARA,ARA,49,1.83,PUBLIC_COMMUNITY
63224,Ara Patna MEMU,MEMU,ARA,ARA,PNBE,PATNA JN,49,1.67,PUBLIC_COMMUNITY
63225,Patna Buxar Passenger MEMU,MEMU,PNBE,PATNA JN,BXR,BUXAR,117,3.25,PUBLIC_COMMUNITY
63226,Buxar Patna Passenger,MEMU,BXR,BUXAR,PNBE,PATNA JN,117,3.83,PUBLIC_COMMUNITY
63227,Patna Buxar Passenger MEMU,MEMU,PNBE,PATNA JN,BXR,BUXAR,117,3.33,PUBLIC_COMMUNITY
63228,Baxur Patna Passenger MEMU,MEMU,BXR,BUXAR,PNBE,PATNA JN,117,4.92,PUBLIC_COMMUNITY
63229,Buxar Mughal Sarai Passenger MEMU,MEMU,BXR,BUXAR,MGS,MUGHAL SARAI JN,94,3.75,PUBLIC_COMMUNITY
63230,Mughal Sarai Buxar Passenger,MEMU,MGS,MUGHAL SARAI JN,BXR,BUXAR,94,2.75,PUBLIC_COMMUNITY
63231,Patna Buxar Passenger DMU,MEMU,PNBE,PATNA JN,BXR,BUXAR,117,4.08,PUBLIC_COMMUNITY
63232,Buxar Patna Passenger,MEMU,BXR,BUXAR,PNBE,PATNA JN,117,4.0,PUBLIC_COMMUNITY
63243,Patna Gaya Passenger MEMU,MEMU,PNBE,PATNA JN,GAYA,GAYA JN,92,3.42,PUBLIC_COMMUNITY
63244,Gaya Patna Passenger MEMU,MEMU,GAYA,GAYA JN,PNBE,PATNA JN,92,3.5,PUBLIC_COMMUNITY
63245,Patna Gaya Passenger MEMU,MEMU,PNBE,PATNA JN,GAYA,GAYA JN,92,3.17,PUBLIC_COMMUNITY
63246,Gaya Patna Passenger MEMU,MEMU,GAYA,GAYA JN,PNBE,PATNA JN,92,3.17,PUBLIC_COMMUNITY
63247,Patna Gaya Passenger MEMU,MEMU,PNBE,PATNA JN,GAYA,GAYA JN,92,2.75,PUBLIC_COMMUNITY
63248,Gaya Patna Passenger MEMU,MEMU,GAYA,GAYA JN,PNBE,PATNA JN,92,3.42,PUBLIC_COMMUNITY
63249,Patna Gaya Passenger MEMU,MEMU,PNBE,PATNA JN,GAYA,GAYA JN,92,3.0,PUBLIC_COMMUNITY
63250,Gaya Patna Passenger MEMU,MEMU,GAYA,GAYA JN,PNBE,PATNA JN,92,2.92,PUBLIC_COMMUNITY
63251,Patna Gaya Passenger MEMU,MEMU,PNBE,PATNA JN,GAYA,GAYA JN,92,3.33,PUBLIC_COMMUNITY
63252,Gaya Patna Passenger MEMU,MEMU,GAYA,GAYA JN,PNBE,PATNA JN,92,3.0,PUBLIC_COMMUNITY
63253,Patna Gaya Passenger MEMU,MEMU,PNBE,PATNA JN,GAYA,GAYA JN,92,2.75,PUBLIC_COMMUNITY
63254,Gaya Patna Passenger MEMU,MEMU,GAYA,GAYA JN,PNBE,PATNA JN,92,3.42,PUBLIC_COMMUNITY
63255,Patna Gaya Passenger MEMU,MEMU,PNBE,PATNA JN,GAYA,GAYA JN,92,3.0,PUBLIC_COMMUNITY
63256,Gaya Patna Passenger MEMU,MEMU,GAYA,GAYA JN,PNBE,PATNA JN,92,2.68,PUBLIC_COMMUNITY
63501,HWH BWN FAST,MEMU,HWH,HOWRAH JN,BWN,BARDDHAMAN JN,107,1.83,PUBLIC_COMMUNITY
63502,BWN Howrah EMU,MEMU,BWN,BARDDHAMAN JN,HWH,HOWRAH JN,105,2.37,PUBLIC_COMMUNITY
63505,Barddhaman Asansol mEMU,MEMU,BWN,BARDDHAMAN JN,ASN,ASANSOL JN,106,1.92,PUBLIC_COMMUNITY
63509,Barddhaman Asansol mEMU,MEMU,BWN,BARDDHAMAN JN,ASN,ASANSOL JN,106,1.83,PUBLIC_COMMUNITY
63511,Barddhaman Asansol mEMU,MEMU,BWN,BARDDHAMAN JN,ASN,ASANSOL JN,106,1.92,PUBLIC_COMMUNITY
63513,Barddhaman Asansol mEMU,MEMU,BWN,BARDDHAMAN JN,ASN,ASANSOL JN,106,1.83,PUBLIC_COMMUNITY
63515,Barddhaman Asansol mEMU,MEMU,BWN,BARDDHAMAN JN,ASN,ASANSOL JN,106,1.83,PUBLIC_COMMUNITY
63519,Barddhaman Asansol mEMU,MEMU,BWN,BARDDHAMAN JN,ASN,ASANSOL JN,106,1.92,PUBLIC_COMMUNITY
63521,Barddhaman Asansol mEMU,MEMU,BWN,BARDDHAMAN JN,ASN,ASANSOL JN,106,1.83,PUBLIC_COMMUNITY
63523,Barddhaman Asansol mEMU,MEMU,BWN,BARDDHAMAN JN,ASN,ASANSOL JN,106,1.92,PUBLIC_COMMUNITY
63597,Ranchi Asansol MEMU,MEMU,RNC,RANCHI,ASN,ASANSOL JN,199,6.25,PUBLIC_COMMUNITY
63598,Asansol Ranchi MEMU,MEMU,ASN,ASANSOL JN,RNC,RANCHI,198,5.75,PUBLIC_COMMUNITY
13155,KOLKATA CHITPUR - SITAMARHI Mithilanchal Exp,Exp,KOAA,KOLKATA CHITPUR,SMI,SITAMARHI JN,552,12.25,PUBLIC_COMMUNITY
53042,JAYNAGAR - HOWRAH Passenger,Pass,JYG,JAYNAGAR,HWH,HOWRAH JN,730,28.33,PUBLIC_COMMUNITY
54159,Jhansi Banda Passenger,Pass,JHS,JHANSI JN,BNDA,BANDA JN,191,4.33,PUBLIC_COMMUNITY
63525,Barddhaman Asansol mEMU,MEMU,BWN,BARDDHAMAN JN,ASN,ASANSOL JN,106,1.92,PUBLIC_COMMUNITY
63541,ASANSOL-GOMOH PASSENGER (MEMU),MEMU,ASN,ASANSOL JN,GMO,GOMOH JN,87,1.88,PUBLIC_COMMUNITY
63542,Gomoh-Asansol MEMU,MEMU,GMO,GOMOH JN,ASN,ASANSOL JN,87,2.0,PUBLIC_COMMUNITY
63543,ASANSOL GOMOH PASS,MEMU,ASN,ASANSOL JN,GMO,GOMOH JN,87,2.08,PUBLIC_COMMUNITY
63544,Gomoh Asansol Passenger MEMU,MEMU,GMO,GOMOH JN,ASN,ASANSOL JN,87,1.83,PUBLIC_COMMUNITY
63546,Dhanbad Asansol Passenger MEMU,MEMU,DHN,DHANBAD JN,ASN,ASANSOL JN,58,1.33,PUBLIC_COMMUNITY
63547,Dhanbad Hazaribagh Passenger MEMU,MEMU,DHN,DHANBAD JN,HZD,HAZARIBAGH ROAD,90,1.42,PUBLIC_COMMUNITY
63549,Hazaribagh Road-Gaya Passenger,MEMU,HZD,HAZARIBAGH ROAD,GAYA,GAYA JN,109,2.88,PUBLIC_COMMUNITY
63550,Koderma Dhanbad Passenger MEMU,MEMU,KQR,KODERMA,DHN,DHANBAD JN,133,2.42,PUBLIC_COMMUNITY
63551,Asansol Dhanbad Passenger MEMU,MEMU,ASN,ASANSOL JN,DHN,DHANBAD JN,58,1.33,PUBLIC_COMMUNITY
63552,Dhanbad Asansol Passenger MEMU,MEMU,DHN,DHANBAD JN,ASN,ASANSOL JN,58,1.33,PUBLIC_COMMUNITY
63556,Asansol Purulia MEMU Passenger,MEMU,ASN,ASANSOL JN,PRR,PURULIA JN,80,2.38,PUBLIC_COMMUNITY
63561,asansol jasidih mEMU,MEMU,ASN,ASANSOL JN,JSME,JASIDIH JN,111,2.17,PUBLIC_COMMUNITY
63562,baidyanath dham asansol passenger,MEMU,BDME,Baidyanathdham Deoghar,ASN,ASANSOL JN,117,2.67,PUBLIC_COMMUNITY
63563,Asansol Jasidh MEMU,MEMU,ASN,ASANSOL JN,JSME,JASIDIH JN,110,2.13,PUBLIC_COMMUNITY
63564,jasidih Asansol mEMU,MEMU,JSME,JASIDIH JN,ASN,ASANSOL JN,111,2.17,PUBLIC_COMMUNITY
63567,Asansol Jhajha Passenger,MEMU,ASN,ASANSOL JN,JAJ,JHAJHA,154,3.33,PUBLIC_COMMUNITY
63568,jhajha asansol memu,MEMU,JAJ,JHAJHA,ASN,ASANSOL JN,155,3.33,PUBLIC_COMMUNITY
63569,Asansol jasidih mEMU,MEMU,ASN,ASANSOL JN,JSME,JASIDIH JN,111,2.25,PUBLIC_COMMUNITY
63570,Baidyanathdham Asansol Passenger,MEMU,BDME,Baidyanathdham Deoghar,ASN,ASANSOL JN,117,2.67,PUBLIC_COMMUNITY
63572,Kiul Jasidih Passenger MEMU,MEMU,KIUL,KIUL JN,JSME,JASIDIH JN,97,2.5,PUBLIC_COMMUNITY
63574,Kiul Jhajha Passenger,MEMU,KIUL,KIUL JN,JSME,JASIDIH JN,97,2.42,PUBLIC_COMMUNITY
63591,Bokaro Steel City-Asansol Memu,MEMU,BKSC,BOKARO STEEL CITY,ASN,ASANSOL JN,140,3.17,PUBLIC_COMMUNITY
63592,Asansol-Bokaro Steel City MEMU,MEMU,ASN,ASANSOL JN,BKSC,BOKARO STEEL CITY,140,3.42,PUBLIC_COMMUNITY
63593,Purulia Asansol MEMU Passenger,MEMU,PRR,PURULIA JN,ASN,ASANSOL JN,80,2.42,PUBLIC_COMMUNITY
63594,Asansol-Purulia MEMU,MEMU,ASN,ASANSOL JN,PRR,PURULIA JN,80,2.38,PUBLIC_COMMUNITY
63595,Bokaro Steel City-Asansol MEMU,MEMU,BKSC,BOKARO STEEL CITY,ASN,ASANSOL JN,194,5.17,PUBLIC_COMMUNITY
63596,Asansol-Bokaro Steel City MEMU,MEMU,ASN,ASANSOL JN,BKSC,BOKARO STEEL CITY,146,4.67,PUBLIC_COMMUNITY
64001,Delhi Panipat EMU,MEMU,DLI,OLD DELHI,PNP,PANIPAT JN,88,2.25,PUBLIC_COMMUNITY
64002,Panipat Delhi EMU,MEMU,PNP,PANIPAT JN,DLI,OLD DELHI,88,2.25,PUBLIC_COMMUNITY
64089,Nizamuddin Parikrama,Del,NZM,DELHI H NIZAMUDDIN,PGMD,PRAGATI MAIDAN,32,1.23,PUBLIC_COMMUNITY
64090,Nizamuddin Parikrama EMU,Del,NZM,DELHI H NIZAMUDDIN,LPNR,LAJPAT NAGAR,32,1.27,PUBLIC_COMMUNITY
64091,Nizamuddin Nizamuddin Parikrama EMU,Del,NZM,DELHI H NIZAMUDDIN,PGMD,PRAGATI MAIDAN,37,1.6,PUBLIC_COMMUNITY
64092,Nizamuddin Parikrama EMU,Del,NZM,DELHI H NIZAMUDDIN,LPNR,LAJPAT NAGAR,32,1.37,PUBLIC_COMMUNITY
64093,Nizamuddin Shakurbasti Parikrama,Del,NZM,DELHI H NIZAMUDDIN,SSB,SHAKURBASTI,22,0.8,PUBLIC_COMMUNITY
64094,Nizamuddin Parikrama,Del,SSB,SHAKURBASTI,NZM,DELHI H NIZAMUDDIN,22,0.72,PUBLIC_COMMUNITY
64095,Shakurbasti New Delhi Parikrama,Del,NDLS,NEW DELHI,SSB,SHAKURBASTI,28,1.13,PUBLIC_COMMUNITY
64096,Nizamuddin Parikrama EMU,Del,SSB,SHAKURBASTI,NZM,DELHI H NIZAMUDDIN,22,0.75,PUBLIC_COMMUNITY
64449,Ghaziabad New Delhi Ladies Special,MEMU,GZB,GHAZIABAD,NDLS,NEW DELHI,25,0.83,PUBLIC_COMMUNITY
64450,New Delhi Ghaziabad Ladies Special,MEMU,NDLS,NEW DELHI,GZB,GHAZIABAD,25,0.75,PUBLIC_COMMUNITY
64491,Palwal NDLS Ladies Special,MEMU,PWL,PALWAL,NDLS,NEW DELHI,56,1.5,PUBLIC_COMMUNITY
12374,RAMPURHAT - SEALDAH Intercity SF Exp,,RPH,RAMPUR HAT,SDAH,KOLKATA SEALDAH,0,0.0,PUBLIC_COMMUNITY
12373,SEALDAH - RAMPURHAT Intercity SF Exp,,SDAH,KOLKATA SEALDAH,RPH,RAMPUR HAT,0,0.0,PUBLIC_COMMUNITY
13258,ANAND VIHAR DELHI - DANAPUR JanSadharan Exp,,ANVT,ANAND VIHAR TRM,DNR,DANAPUR,0,0.0,PUBLIC_COMMUNITY
13257,DANAPUR - DELHI ANAND VIHAR Jan Sadharan Express,,DNR,DANAPUR,ANVT,ANAND VIHAR TRM,0,0.0,PUBLIC_COMMUNITY
57326,GUNTUR - KACHEGUDA PASS,,GNT,GUNTUR JN,KCG,KACHEGUDA,0,0.0,PUBLIC_COMMUNITY
57325,KACHEGUDA - GUNTUR PASS,,KCG,KACHEGUDA,GNT,GUNTUR JN,0,0.0,PUBLIC_COMMUNITY
11064,SALEM - CHENNAI EGMORE Exp,Exp,SA,SALEM JN,MS,CHENNAI EGMORE,353,7.83,PUBLIC_COMMUNITY
11272,BHOPAL - ITARSI Vindhyachal Exp,Exp,BPL,BHOPAL JN,ET,ITARSI JN,738,18.33,PUBLIC_COMMUNITY
12163,DADAR - CHENNAI EGMORE SF Exp,,DR,MUMBAI DADAR CENTRAL,MS,CHENNAI EGMORE,0,0.0,PUBLIC_COMMUNITY
12164,DADAR - CHENNAI EGMORE SF Exp,,MS,CHENNAI EGMORE,DR,MUMBAI DADAR CENTRAL,0,0.0,PUBLIC_COMMUNITY
12319,KOLKATA CHITPUR - AGRA CANTT SF Exp,SF,KOAA,KOLKATA CHITPUR,AGC,AGRA CANTT,1405,22.83,PUBLIC_COMMUNITY
12403,Allahabad Mathura SF Express,SF,ALD,ALLAHABAD JN,MTJ,MATHURA JN,507,8.83,PUBLIC_COMMUNITY
12407,NEW JALPAIGURI - AMRITSAR Karmabhoomi Exp,SF,NJP,NEW JALPAIGURI,ASR,AMRITSAR JN,1823,33.17,PUBLIC_COMMUNITY
12495,BIKANER - KOLKATA CHITPUR Pratap Exp,SF,BKN,BIKANER JN,KOAA,KOLKATA CHITPUR,1873,31.75,PUBLIC_COMMUNITY
12513,SECUNDERABAD - GUWAHATI Exp,SF,SC,SECUNDERABAD JN,GHY,GUWAHATI,2551,46.33,PUBLIC_COMMUNITY
12591,GORAKHPUR - YESVANTPUR SF Exp,SF,GKP,GORAKHPUR JN,YPR,YESVANTPUR JN,2547,46.08,PUBLIC_COMMUNITY
12624,Tiruvananthapuram Chennai SF Mail,SF,TVC,TRIVANDRUM CENTRAL,MAS,CHENNAI CENTRAL,909,16.42,PUBLIC_COMMUNITY
12661,CHENNAI EGMORE - SENGOTTAI Pothigai SF Exp,SF,MS,CHENNAI EGMORE,SCT,SENGOTTAI,670,12.17,PUBLIC_COMMUNITY
12709,Simhapuri SF Express,SF,GDR,GUDUR JN,SC,SECUNDERABAD JN,644,10.75,PUBLIC_COMMUNITY
12735,SECUNDERABAD - YESVANTPUR Garib Rath Exp,,SC,SECUNDERABAD JN,YPR,YESVANTPUR JN,0,0.0,PUBLIC_COMMUNITY
12736,YESVANTPUR - SECUNDERABAD Garib Rath Exp,,YPR,YESVANTPUR JN,SC,SECUNDERABAD JN,0,0.0,PUBLIC_COMMUNITY
12835,HATIA - YESVANTPUR SF Exp,SF,HTE,HATIA,YPR,YESVANTPUR JN,1904,34.67,PUBLIC_COMMUNITY
12836,YESVANTPUR - HATIA SF Exp,SF,YPR,YESVANTPUR JN,HTE,HATIA,1904,34.75,PUBLIC_COMMUNITY
12840,Chennai-Howrah SF Mail,SF,MAS,CHENNAI CENTRAL,HWH,HOWRAH JN,1662,28.5,PUBLIC_COMMUNITY
12889,TATANAGAR - YESVANTPUR SF Exp,,TATA,TATANAGAR JN,YPR,YESVANTPUR JN,0,0.0,PUBLIC_COMMUNITY
12890,YESVANTPUR - TATANAGAR SF Exp,,YPR,YESVANTPUR JN,TATA,TATANAGAR JN,0,0.0,PUBLIC_COMMUNITY
12993,GANDHIDHAM - PURI SF Exp,SF,GIMB,GANDHIDHAM BG,PURI,PURI,2283,41.5,PUBLIC_COMMUNITY
12994,PURI - GANDHIDHAM SF Exp,SF,PURI,PURI,GIMB,GANDHIDHAM BG,2283,41.5,PUBLIC_COMMUNITY
13158,MUZAFFARPUR - KOLKATA CHITPUR Tirhut Exp,Exp,MFP,MUZAFFARPUR JN,KOAA,KOLKATA CHITPUR,566,12.92,PUBLIC_COMMUNITY
13351,DHANBAD - ALAPPUZHA Exp,Exp,DHN,DHANBAD JN,ALLP,ALLEPPEY,2536,57.58,PUBLIC_COMMUNITY
15015,GORAKHPUR - YESVANTPUR Exp,Exp,GKP,GORAKHPUR JN,YPR,YESVANTPUR JN,2532,51.0,PUBLIC_COMMUNITY
15024,YESVANTPUR - GORAKHPUR Exp,Exp,YPR,YESVANTPUR JN,GKP,GORAKHPUR JN,2465,53.42,PUBLIC_COMMUNITY
15234,DARBHANGA - KOLKATA CHITPUR Maithili Exp,Exp,DBG,DARBHANGA JN,KOAA,KOLKATA CHITPUR,539,11.0,PUBLIC_COMMUNITY
18107,ROURKELA - KORAPUT Exp,Exp,ROU,ROURKELA,KRPU,KORAPUT,645,14.75,PUBLIC_COMMUNITY
18311,SAMBALPUR - VARANASI Exp,Exp,SBP,SAMBALPUR,BSB,VARANASI JN,896,19.75,PUBLIC_COMMUNITY
18616,HATIA - HOWRAH Kriya Yoga Express,Exp,HTE,HATIA,HWH,HOWRAH JN,423,9.42,PUBLIC_COMMUNITY
37855,Howrah-Barddhaman Local,MEMU,HWH,HOWRAH JN,BWN,BARDDHAMAN JN,107,2.42,PUBLIC_COMMUNITY
51158,Itarsi Bhusaval Passenger,Pass,ET,ITARSI JN,BSL,BHUSAVAL JN,322,13.25,PUBLIC_COMMUNITY
51671,ITARSI - KATNI Fast Passenger,Pass,ET,ITARSI JN,KTE,KATNI,335,6.08,PUBLIC_COMMUNITY
51827,Itarsi Jhansi Passenger,Pass,ET,ITARSI JN,JHS,JHANSI JN,383,14.67,PUBLIC_COMMUNITY
52238,AISHBAGH - PILIBHIT PASS,Pass,ASSH,AISHBAGH,PBE,PILIBHIT JN,256,8.83,PUBLIC_COMMUNITY
53041,HOWRAH - JAYNAGAR Passenger,Pass,HWH,HOWRAH JN,JYG,JAYNAGAR,727,31.08,PUBLIC_COMMUNITY
53405,Rampurhat- Sahibganj Passenger,Pass,RPH,RAMPUR HAT,SBG,SAHIBGANJ JN,133,3.42,PUBLIC_COMMUNITY
54103,Chunar Allahabad Passenger,Pass,CAR,CHUNAR,ALD,ALLAHABAD JN,120,3.0,PUBLIC_COMMUNITY
54321,Balamau Sitapur Cantt Passenger,Pass,BLM,BALAMU JN,SCC,SITAPUR CANT,68,5.25,PUBLIC_COMMUNITY
56100,ERODE - METUR DAM PASSENGER,,ED,ERODE JN,MTDM,METUR DAM,0,0.0,PUBLIC_COMMUNITY
56101,METUR DAM - ERODE PASSENGER,,MTDM,METUR DAM,ED,ERODE JN,0,0.0,PUBLIC_COMMUNITY
56731,MADURAI  - SENGOTTAI PASSENGER,Pass,MDU,MADURAI JN,SCT,SENGOTTAI,173,3.58,PUBLIC_COMMUNITY
56732,SENGOTTAI - MADURAI  PASSENGER,Pass,SCT,SENGOTTAI,MDU,MADURAI JN,173,3.75,PUBLIC_COMMUNITY
58161,HATIA - JHARSUGUDA Passenger (UnReserved),Pass,HTE,HATIA,JSG,JHARSUGUDA JN,264,7.5,PUBLIC_COMMUNITY
63548,Gaya Koderma Passenger MEMU,MEMU,GAYA,GAYA JN,KQR,KODERMA,76,1.75,PUBLIC_COMMUNITY
06012,Kollam Chennai Central (Weekly) SF Special,SF,QLN,KOLLAM JN,MAS,CHENNAI CENTRAL,858,16.17,PUBLIC_COMMUNITY
11028,Chennai-Mumbai CST Mail,Mail,MAS,CHENNAI CENTRAL,CSTM,MUMBAI CST,1283,28.92,PUBLIC_COMMUNITY
11042,ChennaiCentral-CST Mumbai Express,Exp,MAS,CHENNAI CENTRAL,CSTM,MUMBAI CST,1283,25.83,PUBLIC_COMMUNITY
12007,CHENNAI CENT - MYSORE Shatabdi Express,Shtb,MAS,CHENNAI CENTRAL,MYS,MYSORE JN,500,7.0,PUBLIC_COMMUNITY
12689,CHENNAI CENTRAL - NAGERCOIL SF Exp,SF,MAS,CHENNAI CENTRAL,NCJ,NAGERCOIL JN,927,16.83,PUBLIC_COMMUNITY
14115,Haridwar Express,Exp,ALD,ALLAHABAD JN,HW,HARIDWAR JN,725,14.92,PUBLIC_COMMUNITY
14116,Allahabad Express,Exp,HW,HARIDWAR JN,ALD,ALLAHABAD JN,725,15.42,PUBLIC_COMMUNITY
14125,Saryu Express,Exp,ALD,ALLAHABAD JN,FD,FAIZABAD JN,157,4.92,PUBLIC_COMMUNITY
15619,GAYA - KAMAKHYA Weekly Exp,Exp,GAYA,GAYA JN,KYQ,KAMAKHYA,1091,23.67,PUBLIC_COMMUNITY
16222,Kaveri Express,Exp,MAS,CHENNAI CENTRAL,MYS,MYSORE JN,500,10.5,PUBLIC_COMMUNITY
16627,West Coast Express,Exp,MAS,CHENNAI CENTRAL,MAQ,MANGALORE CNTL,902,17.08,PUBLIC_COMMUNITY
17242,Simhadri Link Express,Exp,NDD,NIDADAVOLU JN,NS,Narasapur,76,2.0,PUBLIC_COMMUNITY
17311,CHENNAI CENT - VASCO DA GAMA Exp,Exp,MAS,CHENNAI CENTRAL,VSG,VASCO DA GAMA,1070,22.83,PUBLIC_COMMUNITY
17604,Prashanti Nilayam Express,Exp,YPR,YESVANTPUR JN,KCG,KACHEGUDA,664,12.75,PUBLIC_COMMUNITY
19025,Surat Bhavnagar Express Slip,Exp,ST,SURAT,MHV,MAHUVA JN,629,11.83,PUBLIC_COMMUNITY
24512,Khurja Allahabad Link Express,Exp,BSC,Bulandshahr,ALD,ALLAHABAD JN,672,15.67,PUBLIC_COMMUNITY
38458,Panskura Howrah EMU,MEMU,PKU,PANSKURA,HWH,HOWRAH JN,71,1.83,PUBLIC_COMMUNITY
42402,Sullurpeta Chennai EMU Local,MEMU,SPE,SULLURUPETA,MAS,CHENNAI CENTRAL,83,2.0,PUBLIC_COMMUNITY
43001,Chennai Central Avadi EMU,MEMU,MAS,CHENNAI CENTRAL,AVD,AVADI,21,0.75,PUBLIC_COMMUNITY
47100,Hyderabad Lingampalli MMTS,Hyd,HYB,HYDERABAD DECCAN,LPI,LINGAMPALLI,25,0.67,PUBLIC_COMMUNITY
47126,Lingampalli Hyderabad MMTS,Hyd,LPI,LINGAMPALLI,HYB,HYDERABAD DECCAN,25,0.67,PUBLIC_COMMUNITY
47131,Lingampalli Hyderabad MMTS,Hyd,LPI,LINGAMPALLI,HYB,HYDERABAD DECCAN,25,0.75,PUBLIC_COMMUNITY
47173,Lingampalli Falaknuma MMTS,Hyd,LPI,LINGAMPALLI,FM,KACHEGUDA FALAKNUMA,37,1.33,PUBLIC_COMMUNITY
47186,Lingampalli Falaknuma MMTS,Hyd,LPI,LINGAMPALLI,FM,KACHEGUDA FALAKNUMA,37,1.25,PUBLIC_COMMUNITY
51285,Bhusaval Nagpur Passenger,Pass,BSL,BHUSAVAL JN,NGP,NAGPUR,392,13.25,PUBLIC_COMMUNITY
52047,Kosamba Umarpada Passenger,Pass,KSB,KOSAMBA JN,UMPD,Umarpada,62,4.25,PUBLIC_COMMUNITY
53069,Barddhaman Rampurhat Passenger,Pass,BWN,BARDDHAMAN JN,RPH,RAMPUR HAT,112,2.5,PUBLIC_COMMUNITY
53349,Barwadih Dehri on Sone Passenger,Pass,BRWD,BARWADIH JN,DOS,DEHRI ON SONE,164,4.17,PUBLIC_COMMUNITY
53363,Gaya Dehri On Sone Passenger,Pass,GAYA,GAYA JN,DOS,DEHRI ON SONE,85,2.08,PUBLIC_COMMUNITY
53601,Gaya Dehri On Sone Passenger,Pass,GAYA,GAYA JN,DOS,DEHRI ON SONE,85,2.33,PUBLIC_COMMUNITY
53613,Gaya Mughal Sarai Fast Passenger,Pass,GAYA,GAYA JN,MGS,MUGHAL SARAI JN,205,4.67,PUBLIC_COMMUNITY
54101,Allahabad Kanpur Passenger,Pass,ALD,ALLAHABAD JN,CNB,KANPUR CENTRAL,214,6.33,PUBLIC_COMMUNITY
54336,Kanpur Balamau Passenger,Pass,CNB,KANPUR CENTRAL,BLM,BALAMU JN,117,4.08,PUBLIC_COMMUNITY
54512,Nangal Dam Ambala Passenger,Pass,NLDM,NANGAL DAM,UMB,AMBALA CANT JN,171,5.08,PUBLIC_COMMUNITY
55617,New Bongaigaon Guwahati Passenger,Pass,NBQ,NEW BONGAIGAON,GHY,GUWAHATI,184,4.42,PUBLIC_COMMUNITY
55801,Manas Rhino Passenger,Pass,NBQ,NEW BONGAIGAON,GHY,GUWAHATI,157,4.42,PUBLIC_COMMUNITY
57223,Gudur Vijayawada Passenger,Pass,GDR,GUDUR JN,BZA,VIJAYAWADA JN,294,7.17,PUBLIC_COMMUNITY
57277,Gudur Vijayawada Passenger,Pass,GDR,GUDUR JN,BZA,VIJAYAWADA JN,294,6.83,PUBLIC_COMMUNITY
57411,Tirupati Gudur Passenger,Pass,TPTY,TIRUPATI MAIN,GDR,GUDUR JN,93,2.25,PUBLIC_COMMUNITY
57452,Guntakal Chikjajur Passenger,Pass,GTL,GUNTAKAL JN,JRU,CHIKJAJUR JN,233,6.92,PUBLIC_COMMUNITY
57631,Solapur-Raichur Passenger,Pass,SUR,SOLAPUR JN,RC,RAICHUR,257,5.83,PUBLIC_COMMUNITY
58413,Dhenkanal Puri Passenger,Pass,TLHR,TALCHER,PURI,PURI,200,6.5,PUBLIC_COMMUNITY
59014,Surat Passenger,Pass,BSL,BHUSAVAL JN,ST,SURAT,336,9.75,PUBLIC_COMMUNITY
59076,Surat Passenger,Pass,BSL,BHUSAVAL JN,ST,SURAT,336,11.17,PUBLIC_COMMUNITY
59380,Maksi Indore Bg Passenger,Pass,MKC,MAKSI,INDB,INDORE JN BG,75,1.67,PUBLIC_COMMUNITY
59393,Dahod Habibganj Fast Pass,Pass,DHD,DAHOD,HBJ,HABIBGANJ,400,10.58,PUBLIC_COMMUNITY
59803,Nagda Kota Passenger,Pass,NAD,NAGDA JN,KOTA,KOTA JN,225,4.92,PUBLIC_COMMUNITY
63518,Asansol Barddhaman Passenger,MEMU,ASN,ASANSOL JN,BWN,BARDDHAMAN JN,105,1.83,PUBLIC_COMMUNITY
11008,Deccan Express,Exp,PUNE,PUNE JN,CSTM,MUMBAI CST,192,4.17,PUBLIC_COMMUNITY
12221,PUNE - HOWRAH AC Duronto Exp,Drnt,PUNE,PUNE JN,HWH,HOWRAH JN,2020,28.42,PUBLIC_COMMUNITY
12488,Seemanchal Express,SF,ANVT,ANAND VIHAR TRM,JBN,JOGBANI,1383,24.42,PUBLIC_COMMUNITY
12786,Bangalore-Kacheguda SF Express,SF,SBC,BANGALORE CITY JN,KCG,KACHEGUDA,625,11.33,PUBLIC_COMMUNITY
12797,Venkatadri SF Express,SF,KCG,KACHEGUDA,CTO,CHITTOOR,707,12.83,PUBLIC_COMMUNITY
12798,Venkatadri SF Express,SF,CTO,CHITTOOR,KCG,KACHEGUDA,707,12.83,PUBLIC_COMMUNITY
15707,Amrapali Express,Exp,KIR,KATIHAR JN,ASR,AMRITSAR JN,1805,36.67,PUBLIC_COMMUNITY
17603-Slip,Prasanthi Nilayam Express,Exp,KCG,KACHEGUDA,UBL,HUBLI JN,617,12.67,PUBLIC_COMMUNITY
17603-Slip2,Kacheguda-Vasco Prashanti Nilayam Slip,Exp,KCG,KACHEGUDA,VSG,VASCO DA GAMA,853,18.0,PUBLIC_COMMUNITY
17639,KACHEGUDA - AKOLA Intercity Exp,Exp,KCG,KACHEGUDA,AK,AKOLA JN,514,11.0,PUBLIC_COMMUNITY
17640,AKOLA - KACHEGUDA Intercity Exp,Exp,AK,AKOLA JN,KCG,KACHEGUDA,514,10.75,PUBLIC_COMMUNITY
17651,Chennai Egmore Kacheguda Express,Exp,MS,CHENNAI EGMORE,KCG,KACHEGUDA,772,14.92,PUBLIC_COMMUNITY
17652,Kacheguda Chennai Egmore Express,Exp,KCG,KACHEGUDA,MS,CHENNAI EGMORE,772,15.25,PUBLIC_COMMUNITY
18474,JODHPUR - PURI Express,Exp,JU,JODHPUR JN,PURI,PURI,2433,46.5,PUBLIC_COMMUNITY
19066,BHAGAT KI KOTHI - MUMBAI BANDRA Exp,Exp,BGKT,BHAGAT KI KOTHI,BDTS,MUMBAI BANDRA TERMINUS,935,17.75,PUBLIC_COMMUNITY
38460,Panskura Howrah EMU,MEMU,PKU,PANSKURA,HWH,HOWRAH JN,71,1.83,PUBLIC_COMMUNITY
47169,Falaknuma Lingampalli MMTS,Hyd,FM,KACHEGUDA FALAKNUMA,LPI,LINGAMPALLI,37,1.33,PUBLIC_COMMUNITY
50106,Sawantwadi-Diva Passenger,Pass,SWV,SAWANTWADI ROAD,DIVA,DIVA,613,11.75,PUBLIC_COMMUNITY
51097,Diva Panvel Passenger,Pass,DIVA,DIVA,PNVL,PANVEL,26,0.83,PUBLIC_COMMUNITY
51098,Panvel Diva Passenger,Pass,PNVL,PANVEL,DIVA,DIVA,26,0.75,PUBLIC_COMMUNITY
51347,Pune - Daund - Baramati Passenger,Pass,PUNE,PUNE JN,BRMT,Baramati,120,3.25,PUBLIC_COMMUNITY
52019,Miyagam Chandod Mix Passenger,Pass,MYGL,MIYAGAM KARJAN JUNCTION NG,CDD,Chandod,49,2.5,PUBLIC_COMMUNITY
52551,Purnia Murliganj Passenger,Pass,PRNA,PURNIA JN,MRIJ,Murliganj,56,2.5,PUBLIC_COMMUNITY
52555,Purnia Murliganj Passenger,Pass,PRNA,PURNIA JN,MRIJ,Murliganj,56,2.42,PUBLIC_COMMUNITY
52936,Ujjain Fatehabad Passenger,Pass,UJN,UJJAIN JN,FTD,Fatehabad Chowk Junction,23,0.67,PUBLIC_COMMUNITY
53610,Mughal Sarai Dehri on Sone Passenger,Pass,MGS,MUGHAL SARAI JN,DOS,DEHRI ON SONE,120,2.8,PUBLIC_COMMUNITY
54261,Mughal Sarai Jaunpur Passenger,Pass,MGS,MUGHAL SARAI JN,JNU,JAUNPUR JN,74,2.75,PUBLIC_COMMUNITY
54268,Varanasi Mughal Sarai Passenger,Pass,BSB,VARANASI JN,MGS,MUGHAL SARAI JN,17,0.83,PUBLIC_COMMUNITY
54393,Moradabad Gajraula Passenger,Pass,MB,MORADABAD,GJL,GAJRAULA JN,54,1.67,PUBLIC_COMMUNITY
54704,Jodhpur Bhatinda Passenger,Pass,JU,JODHPUR JN,BTI,BHATINDA JN,601,16.33,PUBLIC_COMMUNITY
55011,Siwan Gorakhpur Passenger,Pass,SV,SIWAN JN,GKP,GORAKHPUR JN,119,3.75,PUBLIC_COMMUNITY
55021,Samastipur Siwan InterCity Fast Passenger,Pass,SPJ,SAMASTIPUR JN,SV,SIWAN JN,226,7.17,PUBLIC_COMMUNITY
55022,Siwan Samastipur Intercity Passenger,Pass,SV,SIWAN JN,SPJ,SAMASTIPUR JN,226,7.33,PUBLIC_COMMUNITY
55335,Bareilly Lalkua Pass,Pass,BE,BAREILLY,LKU,LAL KUAN,84,2.5,PUBLIC_COMMUNITY
55541,Hajipur-Fulwaria Passenger,Pass,HJP,HAJIPUR JN,SV,SIWAN JN,120,4.0,PUBLIC_COMMUNITY
55742,Jogbani Katihar Passenger,Pass,JBN,JOGBANI,KIR,KATIHAR JN,108,2.58,PUBLIC_COMMUNITY
56524,HINDUPUR - KSR BENGALURU CITY Passenger,Pass,HUP,HINDUPUR,SBC,BANGALORE CITY JN,88,2.92,PUBLIC_COMMUNITY
56611,Palakkad Nilambur Passenger,Pass,PGT,PALAKKAD,NIL,Nilambur Road,112,2.92,PUBLIC_COMMUNITY
56834,Vriddhachalam Cuddalore Passenger,Pass,VRI,VRIDHACHALAM JN,CUPJ,CUDDALORE PORT,57,1.17,PUBLIC_COMMUNITY
57425,Kacheguda Guntakal Passenger,Pass,KCG,KACHEGUDA,GTL,GUNTAKAL JN,358,9.5,PUBLIC_COMMUNITY
57435,Kacheguda Kurnool Town Passenger,Pass,KCG,KACHEGUDA,KRNT,KURNOOL TOWN,236,6.5,PUBLIC_COMMUNITY
57456,Mahbubnagar Secunderabad Passenger,Pass,MBNR,MAHBUBNAGAR,KCG,KACHEGUDA,106,2.42,PUBLIC_COMMUNITY
57562,Manmad - Kacheguda Passenger,Pass,MMR,MANMAD JN,KCG,KACHEGUDA,626,17.17,PUBLIC_COMMUNITY
57594,Nanded Kacheguda Passenger,Pass,NED,HUZUR SAHIB NANDED,KCG,KACHEGUDA,276,8.58,PUBLIC_COMMUNITY
57620,Delta Fast Passenger,Pass,KCG,KACHEGUDA,RAL,Repalle,347,10.08,PUBLIC_COMMUNITY
59353,Nagda Ujjain Passenger,Pass,NAD,NAGDA JN,UJN,UJJAIN JN,56,1.58,PUBLIC_COMMUNITY
12240,Jaipur-Mumbai Central AC Duronto Express,Drnt,JP,JAIPUR,BCT,Mumbai Central,1159,16.83,PUBLIC_COMMUNITY
12335,BHAGALPUR - MUMBAI LTT SF Exp,SF,BGP,BHAGALPUR,LTT,LOKMANYA TILAK TERM,1917,35.0,PUBLIC_COMMUNITY
12349,Bhagalpur-NewDelhi Weekly SF Express,SF,BGP,BHAGALPUR,NDLS,NEW DELHI,1220,19.5,PUBLIC_COMMUNITY
12409,Gondwana Express,SF,RIG,RAIGARH,NZM,DELHI H NIZAMUDDIN,1626,27.92,PUBLIC_COMMUNITY
12980,Jaipur - Mumbai Bandra (T.) (Triweekly) SF Express,SF,JP,JAIPUR,BDTS,MUMBAI BANDRA TERMINUS,1148,17.83,PUBLIC_COMMUNITY
13348-Slip,Palamau Express Slip Slip,Exp,PNBE,PATNA JN,SGRL,SINGRAULI,481,13.42,PUBLIC_COMMUNITY
13352-Slip,Alappuzha Dhanbad Tatanagar Express Slip,Exp,ALLP,ALLEPPEY,TATA,TATANAGAR JN,2359,51.17,PUBLIC_COMMUNITY
13402,InterCity Express,Exp,DNR,DANAPUR,BGP,BHAGALPUR,231,6.42,PUBLIC_COMMUNITY
13409,InterCity Express,Exp,MLDT,MALDA TOWN,BGP,BHAGALPUR,178,4.58,PUBLIC_COMMUNITY
15202,Raxaul Hajipur InterCity,Exp,RXL,RAXAUL JN,HJP,HAJIPUR JN,184,4.75,PUBLIC_COMMUNITY
17016,Visakha Express,Exp,SC,SECUNDERABAD JN,BBS,BHUBANESWAR,1135,22.42,PUBLIC_COMMUNITY
18411,Bhubaneswar-Visakhapatnam Inter City Express,Exp,BBS,BHUBANESWAR,VSKP,VISHAKAPATNAM,443,8.0,PUBLIC_COMMUNITY
19047,SURAT - BHAGALPUR Tapti Ganga Exp,Exp,ST,SURAT,BGP,BHAGALPUR,1824,33.58,PUBLIC_COMMUNITY
50103,Dadar Ratnagiri Passenger,Pass,DR,MUMBAI DADAR CENTRAL,RN,RATNAGIRI,422,8.25,PUBLIC_COMMUNITY
52081,Jaipur Loharu Fast Passenger,Pass,JP,JAIPUR,LHU,Loharu,229,6.83,PUBLIC_COMMUNITY
52279,Kaptanganj Thawe Passenger,Pass,THE,Thawe Junction,CPR,CHHAPRA,105,4.42,PUBLIC_COMMUNITY
52296,Lal Kuan Bareilly Passenger,Pass,CPR,CHHAPRA,THE,Thawe Junction,105,4.58,PUBLIC_COMMUNITY
52517,Sakri Laukaha Bazar Passenger,Pass,SKI,SAKRI JN,JJP,Jhanjharpur,19,1.0,PUBLIC_COMMUNITY
52974,Akola Ratlam Fast Passenger,Pass,AK,AKOLA JN,RTM,RATLAM JN,431,15.5,PUBLIC_COMMUNITY
53021,Azimganj Bhagalpur Passenger,Pass,AZ,AZIMGANJ JN,BGP,BHAGALPUR,226,8.0,PUBLIC_COMMUNITY
53029,Azimganj Bhagalpur Passenger,Pass,AZ,AZIMGANJ JN,BGP,BHAGALPUR,226,9.42,PUBLIC_COMMUNITY
53441,Mandar Parvat Bhagalpur Passenger,Pass,MDLE,Mandar Hill,BGP,BHAGALPUR,0,2.08,PUBLIC_COMMUNITY
53443,Mandar Hill Bhagalpur Passenger,Pass,MDLE,Mandar Hill,BGP,BHAGALPUR,50,2.08,PUBLIC_COMMUNITY
53445,Mandar Hill Bhagalpur Passenger,Pass,MDLE,Mandar Hill,BGP,BHAGALPUR,0,2.08,PUBLIC_COMMUNITY
53447,Banka Bhagalpur Passenger,Pass,BAKA,Banka,BGP,BHAGALPUR,53,2.25,PUBLIC_COMMUNITY
53449,Banka Bhagalpur Passenger,Pass,BAKA,Banka,BGP,BHAGALPUR,53,2.25,PUBLIC_COMMUNITY
53521,ASANSOL VARANASI PASSENGER,Pass,ASN,ASANSOL JN,BSB,VARANASI JN,479,14.92,PUBLIC_COMMUNITY
53660,Sasaram-Patna Passenger,Pass,SSM,SASARAM,PNBE,PATNA JN,147,5.58,PUBLIC_COMMUNITY
54381,Gajraula Najibabad Passenger,Pass,GJL,GAJRAULA JN,NBD,NAJIBABAD JN,107,3.83,PUBLIC_COMMUNITY
54571,Ludhiana Firozpur Passenger,Pass,LDH,LUDHIANA JN,FZR,FIROZPUR CANT,124,3.58,PUBLIC_COMMUNITY
54604,Ludhiana Hisar Passenger,Pass,LDH,LUDHIANA JN,HSR,Hisar,210,6.33,PUBLIC_COMMUNITY
54808,Jaipur Ajmer Passenger,Pass,JP,JAIPUR,AII,AJMER JN,128,3.25,PUBLIC_COMMUNITY
56378,Kayankulam Alappuzha Passenger,Pass,KYJ,KAYANKULAM JN,ALLP,ALLEPPEY,44,1.0,PUBLIC_COMMUNITY
56825,Erode Tirunelveli Passenger,Pass,ED,ERODE JN,TEN,TIRUNELVELI,358,8.83,PUBLIC_COMMUNITY
56844,Erode-Tiruchchirapalli Passenger,Pass,ED,ERODE JN,TPJ,TIRUCHIRAPPALLI,141,3.83,PUBLIC_COMMUNITY
56903,Solapur - Dharwar Passenger,Pass,SUR,SOLAPUR JN,DWR,DHARWAR,378,9.42,PUBLIC_COMMUNITY
57515,Daund Nanded Passenger,Pass,DD,DAUND JN,NED,HUZUR SAHIB NANDED,586,15.17,PUBLIC_COMMUNITY
57624,Guntur Kacheguda Pass,Pass,GNT,GUNTUR JN,KCG,KACHEGUDA,623,17.08,PUBLIC_COMMUNITY
58027,Bhubaneswar-Khurda Road passenger,Pass,BBS,BHUBANESWAR,KUR,KHURDA ROAD JN,19,1.08,PUBLIC_COMMUNITY
58426,Bhubaneswar-Kendujhargarh Fast Passenger,Pass,BBS,BHUBANESWAR,KDJR,Kendujhargarh,215,6.75,PUBLIC_COMMUNITY
58812,Itwari Ramtek Passenger,Pass,ITR,ITWARI,RTK,Ramtek,38,1.33,PUBLIC_COMMUNITY
58845,Itwari Nagbahir Passenger,Pass,ITR,ITWARI,NAB,Nagbhir Junction,106,4.42,PUBLIC_COMMUNITY
59307,Indore Jaipur link Express,Pass,INDB,INDORE JN BG,JP,JAIPUR,685,15.42,PUBLIC_COMMUNITY
59701,Jaipur Hisar Passenger,Pass,JP,JAIPUR,HSR,Hisar,368,9.75,PUBLIC_COMMUNITY
59706,Jaipur Suratgarh Passenger,Pass,JP,JAIPUR,SOG,SURATGARH JN,562,13.92,PUBLIC_COMMUNITY
63242,Gaya Patna Passenger MEMU,MEMU,GAYA,GAYA JN,PNBE,PATNA JN,92,2.75,PUBLIC_COMMUNITY
63554,Asansol-Bokaro Steel City MEMU Passenger,MEMU,ASN,ASANSOL JN,BKSC,BOKARO STEEL CITY,140,3.33,PUBLIC_COMMUNITY
02094,Loharu - Jaipur Passenger Spl (MG),Pass,LHU,Loharu,JP,JAIPUR,230,6.83,PUBLIC_COMMUNITY
22406,AnandVihar Terminal-Bhagalpur Garib Rath,GR,ANVT,ANAND VIHAR TRM,BGP,BHAGALPUR,1207,18.5,PUBLIC_COMMUNITY
06593,Yesvantpur-Hosur Passenger Special,Pass,YPR,YESVANTPUR JN,HSRA,Hosur,67,1.5,PUBLIC_COMMUNITY
06345,,Exp,POY,POLLACHI JN,PGTN,PALGHAT TOWN,638,11.67,PUBLIC_COMMUNITY
06001,Chennai Central-Kollam SF Special,SF,MAS,CHENNAI CENTRAL,QLN,KOLLAM JN,858,14.5,PUBLIC_COMMUNITY
01102,Gwalior Mumbai LTT (Weekly) Special,Exp,GWL,GWALIOR JN,LTT,LOKMANYA TILAK TERM,1216,21.08,PUBLIC_COMMUNITY
04857,Pipar Road -Jodhpur Passenger Special,Pass,PPR,PIPAR ROAD JN,JU,JODHPUR JN,46,1.67,PUBLIC_COMMUNITY
09001,Mumbai Central - Ahmedabad SF Special,SF,BCT,Mumbai Central,ADI,AHMEDABAD JN,491,8.08,PUBLIC_COMMUNITY
04204,Delhi Jn. -Varanasi Special,Exp,DLI,OLD DELHI,BSB,VARANASI JN,770,15.25,PUBLIC_COMMUNITY
02414,Sri Ganganagar Sadulpur Passenger Holiday Special,Pass,SGNR,SHRI GANGANAGAR,SDLP,Sadulpur Junction,246,5.58,PUBLIC_COMMUNITY
11098,ERNAKULAM - PUNE Poorna Exp,Exp,ERS,ERNAKULAM JN,PUNE,PUNE JN,1435,29.58,PUBLIC_COMMUNITY
07143,Hyderabad - C.Shahu Maharaj T. Kolhapur Special,Exp,HYB,HYDERABAD DECCAN,KOP,C SHAHU M RAJ KOLHAPUR TERM,998,23.58,PUBLIC_COMMUNITY
11063,CHENNAI EGMORE - METTUR DAM SLIP EXP,Exp,MS,CHENNAI EGMORE,MTDM,METUR DAM,353,7.83,PUBLIC_COMMUNITY
08060,Howrah - Mumbai LTT SF Special,SF,HWH,HOWRAH JN,LTT,LOKMANYA TILAK TERM,1952,32.67,PUBLIC_COMMUNITY
01493,Hubli Bijapur Special,Exp,UBL,HUBLI JN,BJP,BIJAPUR,249,5.92,PUBLIC_COMMUNITY
05649,Mumbai LTT - Kamakhya (Weekly) Special,Exp,LTT,LOKMANYA TILAK TERM,KYQ,KAMAKHYA,2665,54.08,PUBLIC_COMMUNITY
01101,Mumbai LTT - Gwalior (Weekly) Special,Exp,LTT,LOKMANYA TILAK TERM,GWL,GWALIOR JN,1216,23.75,PUBLIC_COMMUNITY
04727,Bikaner-Mumbai BandraT SF Special,SF,BKN,BIKANER JN,BDTS,MUMBAI BANDRA TERMINUS,1212,21.92,PUBLIC_COMMUNITY
06010,KollamChennai Central SF Special,SF,QLN,KOLLAM JN,MAS,CHENNAI CENTRAL,858,15.5,PUBLIC_COMMUNITY
04012,H. Nizamuddin - Sainagar Shirdi (Weekly) Special,Exp,NZM,DELHI H NIZAMUDDIN,SNSI,SAINAGAR SHIRDI,1360,21.92,PUBLIC_COMMUNITY
06346,PALGHAT TOWN - POLLACHI Passenger SPL,Exp,PGTN,PALGHAT TOWN,POY,POLLACHI JN,638,11.67,PUBLIC_COMMUNITY
11701,JABALPUR - INDORE Intercity Exp,Exp,JBP,JABALPUR,INDB,INDORE JN BG,761,15.67,PUBLIC_COMMUNITY
07106,Hyderabad-Ajmer Weekly Special,Exp,HYB,HYDERABAD DECCAN,AII,AJMER JN,2034,40.92,PUBLIC_COMMUNITY
08056,Tirupati-Kolkata Shalimar Special,SF,TPTY,TIRUPATI MAIN,SHM,KOLKATA SHALIMAR,1616,27.25,PUBLIC_COMMUNITY
11034,DARBHANGA - PUNE Gyan Ganga Exp,Exp,DBG,DARBHANGA JN,PUNE,PUNE JN,1948,39.08,PUBLIC_COMMUNITY
11013,Mumbai LTT-Coimbatore Express,Exp,LTT,LOKMANYA TILAK TERM,CBE,COIMBATORE JN,1518,31.92,PUBLIC_COMMUNITY
07604,Kamareddi Kacheguda Special,Pass,KMC,KAMAREDDI,KCG,KACHEGUDA,114,3.58,PUBLIC_COMMUNITY
09723,Sabarmati - Jaipur SF Holiday Special,SF,SBI,SABARMATI JN,JP,JAIPUR,620,10.75,PUBLIC_COMMUNITY
09722,Delhi Sarai Rohilla -Jaipur SF Special,SF,DEE,DELHI SARAI ROHILLA,JP,JAIPUR,303,4.5,PUBLIC_COMMUNITY
11097,PUNE - ERNAKULAM Poorna Exp,Exp,PUNE,PUNE JN,ERS,ERNAKULAM JN,1435,29.17,PUBLIC_COMMUNITY
11046,DHANBAD - KOLHAPUR CSMT Deekshabhoomi Exp,Exp,DHN,DHANBAD JN,KOP,C SHAHU M RAJ KOLHAPUR TERM,2968,62.25,PUBLIC_COMMUNITY
11061,MUMBAI LTT - DARBHANGA Pawan Exp,Exp,LTT,LOKMANYA TILAK TERM,DBG,DARBHANGA JN,1791,34.5,PUBLIC_COMMUNITY
12001,Bhopal-New Delhi Shatabdi Express,Shtb,BPL,BHOPAL JN,NDLS,NEW DELHI,701,7.83,PUBLIC_COMMUNITY
12019,Howrah-Ranchi Shatabdi Express,Shtb,HWH,HOWRAH JN,RNC,RANCHI,423,7.08,PUBLIC_COMMUNITY
11265,JABALPUR - AMBIKAPUR Exp,Exp,JBP,JABALPUR,ABKP,AMBIKAPUR,433,8.92,PUBLIC_COMMUNITY
12027,CHENNAI CENT - BANGALORE CITY Shatabdi Exp,Shtb,MAS,CHENNAI CENTRAL,SBC,BANGALORE CITY JN,362,5.0,PUBLIC_COMMUNITY
12030,Amritsar-New Delhi Swarna Shatabdi Express,Shtb,ASR,AMRITSAR JN,NDLS,NEW DELHI,448,6.17,PUBLIC_COMMUNITY
12071,Mumbai Aurangabad Jan Shatabdi,JShtb,CSTM,MUMBAI CST,AWB,AURANGABAD,374,6.75,PUBLIC_COMMUNITY
12077,Chennai Vijayawada Jan Shatabdi Express,JShtb,MAS,CHENNAI CENTRAL,BZA,VIJAYAWADA JN,431,6.58,PUBLIC_COMMUNITY
12121,JABALPUR - DELHI H NIZAMUDDIN S Kranti Exp,SKr,JBP,JABALPUR,NZM,DELHI H NIZAMUDDIN,909,13.92,PUBLIC_COMMUNITY
12142,PATLIPUTRA - MUMBAI LTT SF Exp,SF,PPTA,PATLIPUTRA,LTT,LOKMANYA TILAK TERM,1714,28.83,PUBLIC_COMMUNITY
55247,Barauni-Hajipur Passenger,Pass,BJU,BARAUNI JN,HJP,HAJIPUR JN,88,3.42,PUBLIC_COMMUNITY
55539,Katihar Hajipur Passenger,Pass,KIR,KATIHAR JN,HJP,HAJIPUR JN,268,9.33,PUBLIC_COMMUNITY
55542,Phulwaria Hajipur Passenger,Pass,BHBR,Bathua Bazar,HJP,HAJIPUR JN,0,5.33,PUBLIC_COMMUNITY
55549,Barauni-Hajipur Passenger,Pass,BJU,BARAUNI JN,HJP,HAJIPUR JN,88,2.92,PUBLIC_COMMUNITY
59151,Nadiad Modasa Passenger,Pass,ND,NADIAD JN,MDSA,Modasa,105,3.33,PUBLIC_COMMUNITY
12394,Sampoorna Kranti Express,SF,NDLS,NEW DELHI,RJPB,RAJENDRA NAGAR BIHAR,1001,14.08,PUBLIC_COMMUNITY
12555,Gorakhdham Express,SF,GKP,GORAKHPUR JN,HSR,Hisar,962,17.42,PUBLIC_COMMUNITY
12257,Yesvantapur Kochuveli Garib Rath Express,GR,YPR,YESVANTPUR JN,KCVL,KOCHUVELI,808,15.67,PUBLIC_COMMUNITY
12182,AJMER - JABALPUR Dayodaya Express,SF,AII,AJMER JN,JBP,JABALPUR,894,15.67,PUBLIC_COMMUNITY
12346,GUWAHATI - HOWRAH Saraighat SF Exp,SF,GHY,GUWAHATI,HWH,HOWRAH JN,1020,16.42,PUBLIC_COMMUNITY
12283,ERNAKULAM - DELHI H NIZAMUDDIN Duronto Exp,Drnt,ERS,ERNAKULAM JN,NZM,DELHI H NIZAMUDDIN,2943,44.0,PUBLIC_COMMUNITY
12146,PURI - MUMBAI LTT SF Exp,SF,PURI,PURI,LTT,LOKMANYA TILAK TERM,1818,32.42,PUBLIC_COMMUNITY
12471,Mumbai Bandra (T.) - Jammu Tawi SF Swaraj Express,SF,BDTS,MUMBAI BANDRA TERMINUS,JAT,JAMMU TAWI,1950,30.83,PUBLIC_COMMUNITY
12722-Slip,Dakshin Link SF Express,SF,NZM,DELHI H NIZAMUDDIN,VSKP,VISHAKAPATNAM,2097,38.67,PUBLIC_COMMUNITY
12317,KOLKATA SEALDAH - AMRITSAR Akal Takht Exp,SF,SDAH,KOLKATA SEALDAH,ASR,AMRITSAR JN,1898,33.17,PUBLIC_COMMUNITY
12619,MUMBAI LTT - MANGALORE CENT Matsyagandha Exp,SF,LTT,LOKMANYA TILAK TERM,MAQ,MANGALORE CNTL,1185,16.17,PUBLIC_COMMUNITY
12193,Bhopal Partapgarh Express,SF,BPL,BHOPAL JN,PBH,PARTAPGARH JN,756,13.67,PUBLIC_COMMUNITY
12258,Kochuveli-Yesvantpur Garib Rath,GR,KCVL,KOCHUVELI,YPR,YESVANTPUR JN,808,16.5,PUBLIC_COMMUNITY
12165,MUMBAI LTT - VARANASI Ratnagiri Exp,SF,LTT,LOKMANYA TILAK TERM,BSB,VARANASI JN,1483,25.75,PUBLIC_COMMUNITY
12615,Grand Trunk (GT) Express,SF,MAS,CHENNAI CENTRAL,NDLS,NEW DELHI,2184,35.08,PUBLIC_COMMUNITY
12286,Hazrat Nizamuddin-Secunderabad Duronto Express,Drnt,NZM,DELHI H NIZAMUDDIN,SC,SECUNDERABAD JN,1660,22.17,PUBLIC_COMMUNITY
12395,RajendraNagar-Ajmer Ibadat Express,SF,RJPB,RAJENDRA NAGAR BIHAR,AII,AJMER JN,1305,20.58,PUBLIC_COMMUNITY
12463,Rajasthan Sampark Kranti Express,SKr,DEE,DELHI SARAI ROHILLA,JU,JODHPUR JN,616,9.83,PUBLIC_COMMUNITY
12227,Mumbai Central- Indore Duronto Express,Drnt,BCT,Mumbai Central,INDB,INDORE JN BG,829,12.0,PUBLIC_COMMUNITY
12181,JABALPUR - AJMER Dayodaya Exp,SF,JBP,JABALPUR,AII,AJMER JN,896,15.25,PUBLIC_COMMUNITY
12350,NewDelhi-Bhagalpur Weekly SF Express,SF,NDLS,NEW DELHI,BGP,BHAGALPUR,1220,20.25,PUBLIC_COMMUNITY
12263,Pune - Hazrat Nizamuddin AC Duronto Express,Drnt,PUNE,PUNE JN,NZM,DELHI H NIZAMUDDIN,1520,20.08,PUBLIC_COMMUNITY
12546,MUMBAI LTT - RAXAUL Karmabhoomi Exp,SF,LTT,LOKMANYA TILAK TERM,RXL,RAXAUL JN,1882,33.83,PUBLIC_COMMUNITY
12336,MUMBAI LTT - BHAGALPUR SF Exp,SF,LTT,LOKMANYA TILAK TERM,BGP,BHAGALPUR,1917,34.42,PUBLIC_COMMUNITY
12467,Bikaner Jaipur InterCity,SF,BKN,BIKANER JN,JP,JAIPUR,382,6.67,PUBLIC_COMMUNITY
12315,Ananya Express,SF,SDAH,KOLKATA SEALDAH,UDZ,UDAIPUR CITY,2141,37.83,PUBLIC_COMMUNITY
12580,Puri Digha Samudra Kanya Super Fast Express,SF,PURI,PURI,DGHA,Digha Flag Station,549,9.92,PUBLIC_COMMUNITY
12633,CHENNAI EGMORE - KANNIYAKUMARI SF Exp,SF,MS,CHENNAI EGMORE,CAPE,KANYAKUMARI,742,13.33,PUBLIC_COMMUNITY
12542,Mumbai LTT-Gorakhpur SF Express,SF,LTT,LOKMANYA TILAK TERM,GKP,GORAKHPUR JN,1680,30.58,PUBLIC_COMMUNITY
12448-Slip,Nizamuddin KhajurahoLink Express Slip,SKr,NZM,DELHI H NIZAMUDDIN,KURJ,KHAJURAHO,604,10.33,PUBLIC_COMMUNITY
12653,Tiruchirappalli Mangalore Weekly Superfast Express,SF,TPJ,TIRUCHIRAPPALLI,MAQ,MANGALORE CNTL,635,11.42,PUBLIC_COMMUNITY
12463-Slip,Rajasthan Sampark Kranti Express Slip,SKr,DEE,DELHI SARAI ROHILLA,BKN,BIKANER JN,685,12.0,PUBLIC_COMMUNITY
12636,MADURAI - CHENNAI EGMORE Vaigai SF Exp,SF,MDU,MADURAI JN,MS,CHENNAI EGMORE,497,7.83,PUBLIC_COMMUNITY
12561,Swatantrata Sainani Express,SF,DBG,DARBHANGA JN,NDLS,NEW DELHI,1166,21.0,PUBLIC_COMMUNITY
12641,KANYAKUMARI - D H NIZAMUDDIN Thirukkural Exp,SF,CAPE,KANYAKUMARI,NZM,DELHI H NIZAMUDDIN,2922,46.75,PUBLIC_COMMUNITY
12739,Visakhapatnam Secunderabad Garib Rath Express,GR,VSKP,VISHAKAPATNAM,SC,SECUNDERABAD JN,701,11.67,PUBLIC_COMMUNITY
12652,DELHI H NIZAMUDDIN - MADURAI Tamil Nadu S Kranti,SKr,NZM,DELHI H NIZAMUDDIN,MDU,MADURAI JN,2677,44.33,PUBLIC_COMMUNITY
12687-Slip,Chennai Chandigarh Express Slip,SF,MAS,CHENNAI CENTRAL,DDN,DEHRADUN,2488,43.25,PUBLIC_COMMUNITY
12782,Nizamuddin-Mysore Swarna Jayanti Express,SF,NZM,DELHI H NIZAMUDDIN,MYS,MYSORE JN,2617,47.08,PUBLIC_COMMUNITY
12684,BANGALORE - ERNAKULAM SF Exp,SF,SBC,BANGALORE CITY JN,ERS,ERNAKULAM JN,625,11.08,PUBLIC_COMMUNITY
12803,Visakhapatnam-Nizamuddin SwarnaJayanthi Express,SF,VSKP,VISHAKAPATNAM,NZM,DELHI H NIZAMUDDIN,2097,32.58,PUBLIC_COMMUNITY
12810,HOWRAH - MUMBAI CST SF Mail (via NAGPUR),SF,HWH,HOWRAH JN,CSTM,MUMBAI CST,1968,33.17,PUBLIC_COMMUNITY
12826,Jharkhand Sampark Kranti Express,SKr,NDLS,NEW DELHI,RNC,RANCHI,1309,21.75,PUBLIC_COMMUNITY
12846,BENGALURU CANTT - BHUBANESWAR SF Exp,SF,BNC,BANGALORE CANT,BBS,BHUBANESWAR,1524,27.25,PUBLIC_COMMUNITY
12847,Howrah-Digha AC Duronto Express,Drnt,HWH,HOWRAH JN,DGHA,Digha Flag Station,189,3.0,PUBLIC_COMMUNITY
12848,Digha-Howrah AC Duronto Express,Drnt,DGHA,Digha Flag Station,HWH,HOWRAH JN,189,3.0,PUBLIC_COMMUNITY
12849,Bilaspur Pune SF Express,SF,BSP,BILASPUR JN,PUNE,PUNE JN,1301,22.17,PUBLIC_COMMUNITY
12850,Pune Bilaspur Superfast Express,SF,PUNE,PUNE JN,BSP,BILASPUR JN,1301,23.17,PUBLIC_COMMUNITY
12851,Bilaspur-Chennai Express,SF,BSP,BILASPUR JN,MAS,CHENNAI CENTRAL,1413,24.0,PUBLIC_COMMUNITY
12852,Chennai-Bilaspur Express,SF,MAS,CHENNAI CENTRAL,BSP,BILASPUR JN,1413,23.08,PUBLIC_COMMUNITY
12853,DURG - BHOPAL Amarkantak SF Exp,SF,DURG,DURG,BPL,BHOPAL JN,894,16.17,PUBLIC_COMMUNITY
12854,BHOPAL - DURG Amarkantak SF Exp,SF,BPL,BHOPAL JN,DURG,DURG,894,16.17,PUBLIC_COMMUNITY
12855,Bilaspur-Nagpur InterCity,SF,BSP,BILASPUR JN,NGP,NAGPUR,411,6.75,PUBLIC_COMMUNITY
12856,Nagpur-Bilaspur InterCity,SF,NGP,NAGPUR,BSP,BILASPUR JN,411,7.0,PUBLIC_COMMUNITY
12857,Tamralipta Express,SF,HWH,HOWRAH JN,DGHA,Digha Flag Station,189,3.33,PUBLIC_COMMUNITY
12858,Tamralipta Express,SF,DGHA,Digha Flag Station,HWH,HOWRAH JN,189,3.42,PUBLIC_COMMUNITY
12859,MUMBAI CST - HOWRAH Gitanjali Exp,SF,CSTM,MUMBAI CST,HWH,HOWRAH JN,1968,30.5,PUBLIC_COMMUNITY
12860,HOWRAH - MUMBAI CST Gitanjali Exp,SF,HWH,HOWRAH JN,CSTM,MUMBAI CST,1968,31.5,PUBLIC_COMMUNITY
12861,Link Superfast Express,SF,VSKP,VISHAKAPATNAM,NZM,DELHI H NIZAMUDDIN,2097,36.83,PUBLIC_COMMUNITY
12862,LINK SUPERFAST EXPRESS,SF,KZJ,KAZIPET JN,VSKP,VISHAKAPATNAM,567,11.0,PUBLIC_COMMUNITY
12863,HOWRAH - YESVANTPUR SF Exp,SF,HWH,HOWRAH JN,YPR,YESVANTPUR JN,1963,35.33,PUBLIC_COMMUNITY
52332,Saharsa-Raghopur Passenger,Pass,SHC,SAHARSA JN,RGV,Rathopur,63,3.67,PUBLIC_COMMUNITY
12864,YESVANTPUR - HOWRAH SF Exp,SF,YPR,YESVANTPUR JN,HWH,HOWRAH JN,1963,34.58,PUBLIC_COMMUNITY
12865,Lalmati Express,SF,HWH,HOWRAH JN,PRR,PURULIA JN,340,5.75,PUBLIC_COMMUNITY
52401,Ratangarh Sardarshahar Passenger,Pass,RTGH,Ratangarh Junction,SRDR,Sardarshahr,46,1.58,PUBLIC_COMMUNITY
12866,Lalmati Express,SF,PRR,PURULIA JN,HWH,HOWRAH JN,340,5.75,PUBLIC_COMMUNITY
52402,Sardarshahar Ratangarh Passenger,Pass,SRDR,Sardarshahr,RTGH,Ratangarh Junction,46,1.5,PUBLIC_COMMUNITY
12867,Howrah-Puducherry Express,SF,HWH,HOWRAH JN,PDY,Puducherry,1907,33.33,PUBLIC_COMMUNITY
16126,JODHPUR - CHENNAI EGMORE Exp,Exp,JU,JODHPUR JN,MS,CHENNAI EGMORE,2356,43.67,PUBLIC_COMMUNITY
13201,RAJENDRA NAGAR PATNA - MUMBAI LTT Janta Exp,Exp,RJPB,RAJENDRA NAGAR BIHAR,LTT,LOKMANYA TILAK TERM,1715,36.0,PUBLIC_COMMUNITY
12868,Puducherry-Howrah (Aurobindo) Express,SF,PDY,Puducherry,HWH,HOWRAH JN,1907,33.92,PUBLIC_COMMUNITY
14041,DELHI SARAI ROHILLA - DEHRADUN Mussoorie Exp,Exp,DEE,DELHI SARAI ROHILLA,DDN,DEHRADUN,339,10.5,PUBLIC_COMMUNITY
13157,KOLKATA CHITPUR - MUZAFFARPUR Tirhut Exp,Exp,KOAA,KOLKATA CHITPUR,MFP,MUZAFFARPUR JN,566,12.33,PUBLIC_COMMUNITY
12950,K SANTRAGANCHI - PORBANDAR Kavi Guru SF Exp,SF,SRC,SANTRAGACHI JN,PBR,PORBANDAR,2658,47.58,PUBLIC_COMMUNITY
12878,New Delhi-Ranchi Garib Rath,GR,NDLS,NEW DELHI,RNC,RANCHI,1344,18.5,PUBLIC_COMMUNITY
12987,Sealdah Ajmer Express,SF,SDAH,KOLKATA SEALDAH,AII,AJMER JN,1642,27.42,PUBLIC_COMMUNITY
15233,KOLKATA CHITPUR - DARBHANGA Maithili Exp,Exp,KOAA,KOLKATA CHITPUR,DBG,DARBHANGA JN,539,11.58,PUBLIC_COMMUNITY
12869,MUMBAI CST - HOWRAH SF Exp,SF,CSTM,MUMBAI CST,HWH,HOWRAH JN,1968,32.42,PUBLIC_COMMUNITY
15036,Uttarakhand Sampark Kranti Express,SKr,KGM,KATHGODAM,DLI,OLD DELHI,278,6.5,PUBLIC_COMMUNITY
13151,Kolkata Chitpur-JammuTawi Express,Exp,KOAA,KOLKATA CHITPUR,JAT,JAMMU TAWI,1982,44.75,PUBLIC_COMMUNITY
14312,BHUJ - BAREILLY Ala Hazrat Exp,Exp,BHUJ,BHUJ,BE,BAREILLY,1543,31.83,PUBLIC_COMMUNITY
12953,MumbaiCentral-H Nizamuddin August Kranti Rajdhani Express,Raj,BCT,Mumbai Central,NZM,DELHI H NIZAMUDDIN,1377,17.25,PUBLIC_COMMUNITY
12905,PORBANDAR - HOWRAH SF Exp,SF,PBR,PORBANDAR,HWH,HOWRAH JN,2551,45.25,PUBLIC_COMMUNITY
12870,HOWRAH - MUMBAI CST SF Exp,SF,HWH,HOWRAH JN,CSTM,MUMBAI CST,1968,32.92,PUBLIC_COMMUNITY
13420,Jan Sewa Express,Exp,MFP,MUZAFFARPUR JN,BGP,BHAGALPUR,240,6.83,PUBLIC_COMMUNITY
12995-Slip,Bandra-Udaipur SF Express Slip,SF,BDTS,MUMBAI BANDRA TERMINUS,AII,AJMER JN,1017,18.0,PUBLIC_COMMUNITY
13318,Black Diamond Express,Exp,DHN,DHANBAD JN,HWH,HOWRAH JN,271,5.0,PUBLIC_COMMUNITY
13187,Maa Tara Express,Exp,SDAH,KOLKATA SEALDAH,RPH,RAMPUR HAT,226,4.83,PUBLIC_COMMUNITY
14019,Chhindwara Delhi SR (Biweekly) Kanhan valley Express,Exp,CWA,Chhindwara Junction,DEE,DELHI SARAI ROHILLA,1050,20.0,PUBLIC_COMMUNITY
12972,Bhavnagar Bandra Express,SF,BVC,BHAVNAGAR TERMINUS,BDTS,MUMBAI BANDRA TERMINUS,778,14.08,PUBLIC_COMMUNITY
12906,HOWRAH - PORBANDAR SF Exp,SF,HWH,HOWRAH JN,PBR,PORBANDAR,2551,44.08,PUBLIC_COMMUNITY
12871,HOWRAH - TITLAGARH Ispat Exp,SF,HWH,HOWRAH JN,TIG,TITLAGARH,745,13.42,PUBLIC_COMMUNITY
13153,Sealdah-Malda Town Gour Express,Exp,SDAH,KOLKATA SEALDAH,MLDT,MALDA TOWN,347,8.0,PUBLIC_COMMUNITY
15017,MUMBAI LTT - GORAKHPUR Kashi Exp,Exp,LTT,LOKMANYA TILAK TERM,GKP,GORAKHPUR JN,1714,36.58,PUBLIC_COMMUNITY
15268,MUMBAI LTT - RAXAUL Jan Sadharan Exp,Exp,LTT,LOKMANYA TILAK TERM,RXL,RAXAUL JN,1979,39.83,PUBLIC_COMMUNITY
13053,Howrah-Siuri Intercity Express,Exp,HWH,HOWRAH JN,SURI,SIURI,211,5.08,PUBLIC_COMMUNITY
14218,Chandigarh Allahabad Unchahar Express,Exp,CDG,CHANDIGARH,ALD,ALLAHABAD JN,913,18.92,PUBLIC_COMMUNITY
14887,Kalka - Barmer Chandigarh Express,Exp,KLK,Kalka,BME,BARMER,1117,22.25,PUBLIC_COMMUNITY
15271,Howrah-Muzaffarpur JanSadharan Express,Exp,HWH,HOWRAH JN,MFP,MUZAFFARPUR JN,549,11.58,PUBLIC_COMMUNITY
13403,Vananchal Express,Exp,RNC,RANCHI,BGP,BHAGALPUR,558,14.5,PUBLIC_COMMUNITY
13503,Sealdah-Asansol InterCity Express,Exp,SDAH,KOLKATA SEALDAH,ASN,ASANSOL JN,220,4.25,PUBLIC_COMMUNITY
16107,Chennai Egmore-Mangalore Express,Exp,MS,CHENNAI EGMORE,MAQ,MANGALORE CNTL,983,23.75,PUBLIC_COMMUNITY
14659,Delhi-Jaisalmer Express,Exp,DLI,OLD DELHI,JSM,JAISALMER,921,17.5,PUBLIC_COMMUNITY
15651,GUWAHATI - JAMMU TAWI Lohit Exp,Exp,GHY,GUWAHATI,JAT,JAMMU TAWI,2352,47.08,PUBLIC_COMMUNITY
16321,Bangalore Tiruvananthapuram Weekly Express,Exp,SBC,BANGALORE CITY JN,TVC,TRIVANDRUM CENTRAL,843,17.17,PUBLIC_COMMUNITY
17031,Mumbai CST-Hyderabad Express,Exp,CSTM,MUMBAI CST,HYB,HYDERABAD DECCAN,790,17.17,PUBLIC_COMMUNITY
17018,Secunderabad - Rajkot Express,Exp,SC,SECUNDERABAD JN,RJT,RAJKOT JN,1478,29.25,PUBLIC_COMMUNITY
15763,Balurghat-New Jalpaiguri Intercity Express,Exp,BLGT,BALURGHAT,NJP,NEW JALPAIGURI,303,6.0,PUBLIC_COMMUNITY
16507,BHAGAT KI KOTHI - BANGALORE Exp,Exp,BGKT,BHAGAT KI KOTHI,SBC,BANGALORE CITY JN,2116,46.5,PUBLIC_COMMUNITY
16558,Bangalore Mysore Rajya Rani Express,Exp,SBC,BANGALORE CITY JN,MYS,MYSORE JN,137,3.0,PUBLIC_COMMUNITY
16701,Chennai Egmore-Rameshwaram Express,Exp,MS,CHENNAI EGMORE,RMM,RAMESWARAM,665,14.08,PUBLIC_COMMUNITY
17401-Slip,Tirupati-Narsapur Express Slip,Exp,TPTY,TIRUPATI MAIN,NS,Narasapur,525,10.33,PUBLIC_COMMUNITY
17481-Slip,Bilaspur Manmad Express Slip,Exp,BSP,BILASPUR JN,MMR,MANMAD JN,2059,45.42,PUBLIC_COMMUNITY
18001,Kandari Express,Exp,HWH,HOWRAH JN,DGHA,Digha Flag Station,189,3.58,PUBLIC_COMMUNITY
18006,JAGDALPUR - HOWRAH Samaleshwari Exp,Exp,JDB,JAGDALPUR,HWH,HOWRAH JN,1057,23.67,PUBLIC_COMMUNITY
52244,AISHBAGH - PILIBHIT PASSENGER,Pass,ASSH,AISHBAGH,PBE,PILIBHIT JN,316,11.67,PUBLIC_COMMUNITY
19711-Slip,Jaipur-Indore Express Slip,Exp,JP,JAIPUR,INDB,INDORE JN BG,685,16.67,PUBLIC_COMMUNITY
22823,BHUBANESWAR - NEW DELHI RAJDHANI Express,Raj,BBS,BHUBANESWAR,NDLS,NEW DELHI,1800,25.33,PUBLIC_COMMUNITY
47123,Hyderabad Lingampalli MMTS,Hyd,HYB,HYDERABAD DECCAN,LPI,LINGAMPALLI,25,0.67,PUBLIC_COMMUNITY
18618,Ranchi-Howrah Intercity,Exp,RNC,RANCHI,HWH,HOWRAH JN,462,8.33,PUBLIC_COMMUNITY
41503,Chennai Beach Velachery Sunday EMU,MEMU,MSB,CHENNAI BEACH,VLCY,Velachery,18,0.67,PUBLIC_COMMUNITY
18030,KOLKATA SALIMAR - MUMBAI LTT [Kurla] Exp,Exp,SHM,KOLKATA SHALIMAR,LTT,LOKMANYA TILAK TERM,1951,37.83,PUBLIC_COMMUNITY
33593,Sealdah-Basirath Local,MEMU,SDAH,KOLKATA SEALDAH,BT,Barasat,22,0.73,PUBLIC_COMMUNITY
47207,Falaknuma Lingampalli Suburban,Hyd,FM,KACHEGUDA FALAKNUMA,LPI,LINGAMPALLI,37,1.42,PUBLIC_COMMUNITY
21068,Rai Bareli-Mumbai LTT Saket Express,Exp,RBL,RAE BARELI JN,LTT,LOKMANYA TILAK TERM,1502,29.42,PUBLIC_COMMUNITY
19106,Haridwar-Ahmedabad Mail,Mail,HW,HARIDWAR JN,ADI,AHMEDABAD JN,1207,25.5,PUBLIC_COMMUNITY
52228,Tanakpur Aishbagh Express,Pass,TPU,Tanakpur,ASH,AISHBAGH,322,11.92,PUBLIC_COMMUNITY
41021,Chennai Beach Velachery EMU,MEMU,MSB,CHENNAI BEACH,VLCY,Velachery,18,0.67,PUBLIC_COMMUNITY
18235-Slip,Bilaspur Express Passenger Slip,Pass,BPL,BHOPAL JN,CHRM,Chirmiri,653,24.08,PUBLIC_COMMUNITY
22824,NEW DELHI - BHUBANESWAR Rajdhani Exp (Via Bokaro),Raj,NDLS,NEW DELHI,BBS,BHUBANESWAR,1800,24.17,PUBLIC_COMMUNITY
51189,ITARSI - ALLAHABAD Passenger,Pass,ET,ITARSI JN,ALD,ALLAHABAD JN,612,25.58,PUBLIC_COMMUNITY
51606,Chirmiri Katni Passenger,Pass,CHRM,Chirmiri,DMO,DAMOH,360,12.5,PUBLIC_COMMUNITY
38462,Panskura Howrah EMU,MEMU,PKU,PANSKURA,HWH,HOWRAH JN,71,1.92,PUBLIC_COMMUNITY
19115,MUMBAI BANDRA - BHUJ Sayaji Nagari Exp,Exp,BDTS,MUMBAI BANDRA TERMINUS,BHUJ,BHUJ,839,16.83,PUBLIC_COMMUNITY
18412,Visakhapatnam-Bhubaneswar Inter City Express,Exp,VSKP,VISHAKAPATNAM,BBS,BHUBANESWAR,443,8.17,PUBLIC_COMMUNITY
22161,Bhopal Damoh Rajya Rani exp,SF,BPL,BHOPAL JN,DMO,DAMOH,291,5.25,PUBLIC_COMMUNITY
47115,Hyderabad Lingampalli MMTS,Hyd,HYB,HYDERABAD DECCAN,LPI,LINGAMPALLI,25,0.67,PUBLIC_COMMUNITY
47167,Falaknuma Lingampalli MMTS,Hyd,FM,KACHEGUDA FALAKNUMA,LPI,LINGAMPALLI,37,1.33,PUBLIC_COMMUNITY
25201,Sugauli Narkatiaganj InterCity Link Express,Exp,SGL,SAGAULI JN,NKE,NARKATIAGANJ JN,59,1.83,PUBLIC_COMMUNITY
41065,Chennai Beach Velachery EMU,Pass,MSB,CHENNAI BEACH,VLCY,Velachery,18,0.67,PUBLIC_COMMUNITY
51862,Konch Ait Passenger,Pass,KNH,Konch,AIT,AIT,13,0.58,PUBLIC_COMMUNITY
51261,Amravati Wardha Passenger,Pass,AMI,Amravati,WR,WARDHA JN,101,2.83,PUBLIC_COMMUNITY
40514,Chengulpet Chennai Beach Semi Fast EMU (12 Car),MEMU,CGL,CHENGALPATTU,MSB,CHENNAI BEACH,59,1.45,PUBLIC_COMMUNITY
51112,Dhule Chalisgaon Mix Passenger,Pass,DHI,Dhule,CSN,CHALISGAON JN,56,1.25,PUBLIC_COMMUNITY
51820,Allahabad Jhansi Passenger,Pass,ALD,ALLAHABAD JN,JHS,JHANSI JN,390,11.83,PUBLIC_COMMUNITY
51702,REWA - JABALPUR PASSENGER,Pass,REWA,REWA,JBP,JABALPUR,238,6.42,PUBLIC_COMMUNITY
51673,ITARSI - SATNA Passenger,Pass,ET,ITARSI JN,STA,SATNA,434,8.67,PUBLIC_COMMUNITY
51240,Betul Amla Passenger,Pass,BZU,BETUL,AMLA,AMLA JN,23,0.67,PUBLIC_COMMUNITY
51885,BINA DAMOH PASS,Pass,BINA,BINA JN,DMO,DAMOH,152,3.83,PUBLIC_COMMUNITY
51909,Delhi Shamli Saharanpur Passenger,Pass,DLI,OLD DELHI,SRE,SAHARANPUR,164,5.83,PUBLIC_COMMUNITY
51613,KOTA - KATNI Passenger,Pass,KOTA,KOTA JN,KTE,KATNI,455,17.92,PUBLIC_COMMUNITY
52107,Neral Matheran Passenger,Toy,NRL,NERAL,MAE,Matheran,21,2.08,PUBLIC_COMMUNITY
52213,Bareilly Mailani Passenger,Pass,BRY,BAREILLY,MLN,MAILANI,125,4.83,PUBLIC_COMMUNITY
52321,Forbesganj-Saharsa Passenger,Pass,FBG,FORBESGANJ,SHC,SAHARSA JN,112,7.0,PUBLIC_COMMUNITY
52331,Raghopur-Saharsa Passenger,Pass,RGV,Rathopur,SHC,SAHARSA JN,63,3.83,PUBLIC_COMMUNITY
52403,Ratangarh Sardarshahar Passenger,Pass,RTGH,Ratangarh Junction,SRDR,Sardarshahr,46,1.58,PUBLIC_COMMUNITY
52404,Sardarshahar Ratangarh Passenger,Pass,SRDR,Sardarshahr,RTGH,Ratangarh Junction,46,1.58,PUBLIC_COMMUNITY
52405,Hanumangarh Suratgarh Passenger,Pass,SDLP,Sadulpur Junction,SGNR,SHRI GANGANAGAR,246,8.08,PUBLIC_COMMUNITY
52406,Suratgarh Hanumangarh Passenger,Pass,SGNR,SHRI GANGANAGAR,SDLP,Sadulpur Junction,246,8.08,PUBLIC_COMMUNITY
52407,Sadulpur Suratgarh Passenger,Pass,SDLP,Sadulpur Junction,SGNR,SHRI GANGANAGAR,246,6.83,PUBLIC_COMMUNITY
52408,Suratgarh Sadulpur Passenger,Pass,SGNR,SHRI GANGANAGAR,SDLP,Sadulpur Junction,246,6.42,PUBLIC_COMMUNITY
52411,Sadulpur Shri Ganganagar Passenger,Pass,SDLP,Sadulpur Junction,SGNR,SHRI GANGANAGAR,246,6.5,PUBLIC_COMMUNITY
52412,Shri Ganganagar Sadulpur Passenger,Pass,SGNR,SHRI GANGANAGAR,SDLP,Sadulpur Junction,246,6.5,PUBLIC_COMMUNITY
52413,SDLP SOG PASS,Pass,SDLP,Sadulpur Junction,SGNR,SHRI GANGANAGAR,246,7.0,PUBLIC_COMMUNITY
52414,SOG SDLP PASS,Pass,SGNR,SHRI GANGANAGAR,SDLP,Sadulpur Junction,246,6.83,PUBLIC_COMMUNITY
52415,Hanumangarh Suratgarh Passenger,Pass,SDLP,Sadulpur Junction,SOG,SURATGARH JN,378,13.08,PUBLIC_COMMUNITY
52451,Shivalik Deluxe Express,Exp,KLK,Kalka,SML,Shimla,96,4.75,PUBLIC_COMMUNITY
52452,Shivalik Deluxe Express,Exp,SML,Shimla,KLK,Kalka,96,4.75,PUBLIC_COMMUNITY
52453,Kalka Shimla Express,Pass,KLK,Kalka,SML,Shimla,96,5.08,PUBLIC_COMMUNITY
52454,Shimla Kalka Express,Pass,SML,Shimla,KLK,Kalka,96,5.08,PUBLIC_COMMUNITY
52455,Himalayan Queen,Pass,KLK,Kalka,SML,Shimla,96,5.17,PUBLIC_COMMUNITY
52456,Himalayan Queen,Pass,SML,Shimla,KLK,Kalka,96,5.67,PUBLIC_COMMUNITY
52457,Kalka Shimla Passenger,Pass,KLK,Kalka,SML,Shimla,96,5.33,PUBLIC_COMMUNITY
52458,Shimla Kalka Passenger,Pass,SML,Shimla,KLK,Kalka,96,5.75,PUBLIC_COMMUNITY
52461,Pathankot Jawalamukhi Road Passenger,Pass,PTK,PATHANKOT,JMKR,JAWLMUKHI ROAD,124,3.92,PUBLIC_COMMUNITY
52462,Kangra Valley Rail Passenger,Pass,JMKR,JAWLMUKHI ROAD,PTK,PATHANKOT,125,3.83,PUBLIC_COMMUNITY
52463,Kangra Valley Rail Passenger,Pass,PTK,PATHANKOT,BJPL,BAIJNATH PAPROLA,147,6.75,PUBLIC_COMMUNITY
52464,BAIJNATHPAPROLA - PATHANKOT PASS,Pass,BJPL,BAIJNATH PAPROLA,PTK,PATHANKOT,147,6.92,PUBLIC_COMMUNITY
52465,PATHANKOT - PATHANKOT PASSENGER,Pass,PTK,PATHANKOT,BJPL,BAIJNATH PAPROLA,147,7.0,PUBLIC_COMMUNITY
52905,Mahesana Ahmedabad Passenger,Pass,MSH,MAHESANA JN,ADI,AHMEDABAD JN,69,2.67,PUBLIC_COMMUNITY
56889,Tiruvarur Tiruturaipudi Passenger,Pass,TVR,THIRUVARUR JN,TTP,Tiruturaipudi Junction,26,1.0,PUBLIC_COMMUNITY
57123,Bhadrachalam Sirpur Kagaznagar Passenger,Pass,BDCR,Bhadrachalam Road,SRUR,SIRPUR TOWN,330,9.0,PUBLIC_COMMUNITY
54404,Meerut City Khurja Passenger,Pass,MTC,MEERUT CITY,KRJ,KHURJA JN,94,3.17,PUBLIC_COMMUNITY
52466,Kangra Valley Rail Passenger,Pass,BJPL,BAIJNATH PAPROLA,PTK,PATHANKOT,147,7.0,PUBLIC_COMMUNITY
53220,Mughal Sarai Buxar Passenger,Pass,MGS,MUGHAL SARAI JN,BXR,BUXAR,94,3.5,PUBLIC_COMMUNITY
53415,Sahibganj Jamalpur Passenger,Pass,SBG,SAHIBGANJ JN,JMP,JAMALPUR JN,135,4.47,PUBLIC_COMMUNITY
53522,Varanasi-Asansol Passenger,Pass,BSB,VARANASI JN,ASN,ASANSOL JN,489,16.58,PUBLIC_COMMUNITY
52925,Khed Brahma Ahmedabad Passenger,Pass,KDBM,Khed Brahma,ADI,AHMEDABAD JN,188,5.83,PUBLIC_COMMUNITY
55318,Kashipur Lalkuan Passenger,Pass,KPV,KASHIPUR,LKU,LAL KUAN,59,1.42,PUBLIC_COMMUNITY
54467,Tundla Barhan Etah Passenger,Pass,TDL,TUNDLA JN,ETAH,Etah,73,2.0,PUBLIC_COMMUNITY
52533,Banmankhi Bihariganj Passenger,Pass,BNKI,Banmankhi Junction,BHGJ,Bihariganj,27,2.0,PUBLIC_COMMUNITY
54309,Delhi Rewari Passenger,Pass,DLI,OLD DELHI,RE,REWARI,82,2.83,PUBLIC_COMMUNITY
53335,Dhanbad Ranchi Passenger,Pass,DHN,DHANBAD JN,RNC,RANCHI,162,5.25,PUBLIC_COMMUNITY
54606,Ludhiana Hisar Passenger,Pass,LDH,LUDHIANA JN,HSR,Hisar,210,6.0,PUBLIC_COMMUNITY
52944,Botad Ahmedabad Passenger,Pass,BTD,BOTAD JN,GG,GANDHIGRAM,155,3.75,PUBLIC_COMMUNITY
53416,JAMALPUR RAMPURHAT PASS,Pass,JMP,JAMALPUR JN,SBG,SAHIBGANJ JN,127,4.08,PUBLIC_COMMUNITY
52902,Ahmedabad Mahesana Passenger,Pass,ADI,AHMEDABAD JN,MSH,MAHESANA JN,69,2.17,PUBLIC_COMMUNITY
55810,Guwahati New Bongaigaon Passenger,Pass,GHY,GUWAHATI,NBQ,NEW BONGAIGAON,157,5.0,PUBLIC_COMMUNITY
54005,Delhi Bhiwani Passenger,Pass,DLI,OLD DELHI,BNW,Bhiwani,119,3.58,PUBLIC_COMMUNITY
55014,Manduadih Chhapra Passenger,Pass,MUV,MANDUADIH,CPR,CHHAPRA,209,8.17,PUBLIC_COMMUNITY
53063,Barddhaman Barharwa Passenger,Pass,BWN,BARDDHAMAN JN,BHW,BARHARWA JN,212,5.17,PUBLIC_COMMUNITY
53404,Gaya Jamalpur Passenger,Pass,GAYA,GAYA JN,JMP,JAMALPUR JN,183,6.25,PUBLIC_COMMUNITY
55753,ALIPUR DUAR - GUWAHATI SIFUNG Pass,Pass,APDJ,ALIPUR DUAR JN,GHY,GUWAHATI,285,8.5,PUBLIC_COMMUNITY
54415,Delhi Sarai Rohilla Rewari Passenger,Pass,DLI,OLD DELHI,RE,REWARI,82,2.67,PUBLIC_COMMUNITY
54353,ALIGARH - BAREILLY PASSENGER,Pass,ALJN,ALIGARH JN,BE,BAREILLY,160,5.92,PUBLIC_COMMUNITY
55611,Fakiragram Kamakhya Passenger,Pass,FKM,FAKIRAGRAM JN,KYQ,KAMAKHYA,214,5.42,PUBLIC_COMMUNITY
53421,JAMALPUR KIUL PASS,Pass,JMP,JAMALPUR JN,KIUL,KIUL JN,45,1.37,PUBLIC_COMMUNITY
55237,Barauni-Samastipur Passenger,Pass,BJU,BARAUNI JN,SPJ,SAMASTIPUR JN,50,1.33,PUBLIC_COMMUNITY
54602,Amritsar Hisar Passenger,Pass,ASR,AMRITSAR JN,HSR,Hisar,346,10.58,PUBLIC_COMMUNITY
54092,Kotdwara Najibabad Passenger,Pass,KTW,KOTDWARA,NBD,NAJIBABAD JN,24,0.75,PUBLIC_COMMUNITY
55001,Gorakhpur Ayodhya Passenger,Pass,GKP,GORAKHPUR JN,AY,AYODHYA,161,6.17,PUBLIC_COMMUNITY
56138,Coonoor Udagamandalam Passenger,Pass,ONR,Coonoor,UAM,Udagamandalam,19,1.25,PUBLIC_COMMUNITY
55540,Hajipur-Katihar Passenger,Pass,HJP,HAJIPUR JN,KIR,KATIHAR JN,268,9.42,PUBLIC_COMMUNITY
55040,Nautanwa Gorakhpur Passenger,Pass,NTV,Nautanwa,GKP,GORAKHPUR JN,82,2.83,PUBLIC_COMMUNITY
55532,Barauni-Katihar Passenger,Pass,BJU,BARAUNI JN,KIR,KATIHAR JN,180,5.75,PUBLIC_COMMUNITY
56267,Arsikere Mysore Passenger,Pass,ASK,ARSIKERE JN,MYS,MYSORE JN,167,4.17,PUBLIC_COMMUNITY
56600,Kozhikode Shoranur Passenger,Pass,CLT,KOZHIKODE,SRR,SHORANUR JN,86,2.25,PUBLIC_COMMUNITY
56614,Nilambur Road Shoranur Passenger,Pass,NIL,Nilambur Road,SRR,SHORANUR JN,67,1.83,PUBLIC_COMMUNITY
56387,Ernakulam Kayamkulam Passenger,Pass,ERS,ERNAKULAM JN,KYJ,KAYANKULAM JN,115,3.17,PUBLIC_COMMUNITY
56723,Madurai Rameswaram Passenger,Pass,MDU,MADURAI JN,RMM,RAMESWARAM,161,3.83,PUBLIC_COMMUNITY
57429,Tirupati Gudur Passenger,Pass,TPTY,TIRUPATI MAIN,GDR,GUDUR JN,93,2.67,PUBLIC_COMMUNITY
57422,Guntakal Dronachellam Passenger,Pass,GTL,GUNTAKAL JN,DHNE,DHONE,68,1.75,PUBLIC_COMMUNITY
57447,Secunderabad Mahbubnagar Passenger,Pass,SC,SECUNDERABAD JN,MBNR,MAHBUBNAGAR,113,3.0,PUBLIC_COMMUNITY
57593,Kacheguda Nanded Passenger,Pass,KCG,KACHEGUDA,NED,HUZUR SAHIB NANDED,276,7.5,PUBLIC_COMMUNITY
57632,Guntakal Gulbarga Passenger,Pass,GTL,GUNTAKAL JN,GR,GULBARGA,266,6.83,PUBLIC_COMMUNITY
58028,Kurdha Road Bhubaneshwar Passenger,Pass,KUR,KHURDA ROAD JN,BBS,BHUBANESWAR,19,0.58,PUBLIC_COMMUNITY
63166,BAIDYANATH JASIDIH PASS,Pass,BDME,Baidyanathdham Deoghar,JSME,JASIDIH JN,6,0.33,PUBLIC_COMMUNITY
58801,Ballarshar Gondia Passenger(Via Nagbhir ),Pass,BPQ,BALHARSHAH,G,GONDIA JN,252,6.08,PUBLIC_COMMUNITY
58207,Raipur Kesinga Passenger,Pass,R,RAIPUR JN,KSNG,KESINGA,216,4.67,PUBLIC_COMMUNITY
59157,Vadodara Anand Passenger,Pass,BRC,VADODARA JN,ANND,ANAND JN,36,1.17,PUBLIC_COMMUNITY
59442,Ahmedabad Mumbai Central Passenger,Pass,ADI,AHMEDABAD JN,BCT,Mumbai Central,491,16.58,PUBLIC_COMMUNITY
58803,Chanda Fort Gondia Passenger,Pass,CAF,Chanda Fort,G,GONDIA JN,241,5.17,PUBLIC_COMMUNITY
67295,Rajahmundry Visakhapatnam Pass,Pass,RJY,RAJAMUNDRY,VSKP,VISHAKAPATNAM,201,5.33,PUBLIC_COMMUNITY
58219,Bilaspur Chirmiri Passenger,Pass,BSP,BILASPUR JN,CHRM,Chirmiri,238,8.92,PUBLIC_COMMUNITY
63241,Patna Gaya Passenger MEMU,MEMU,PNBE,PATNA JN,GAYA,GAYA JN,92,3.67,PUBLIC_COMMUNITY
59214,Porbandar Bhanvad Passenger,Pass,PBR,PORBANDAR,BNVD,BHANVAD,52,1.5,PUBLIC_COMMUNITY
59024,Valsad Mumbai Passenger,Pass,BL,VALSAD,BCT,Mumbai Central,195,4.42,PUBLIC_COMMUNITY
58425,Kendujhargarh-Bhubaneswar Fast Passenger,Pass,KDJR,Kendujhargarh,BBS,BHUBANESWAR,215,5.92,PUBLIC_COMMUNITY
59832,Kota Vadodara Passenger,Pass,KOTA,KOTA JN,BRC,VADODARA JN,526,17.67,PUBLIC_COMMUNITY
63545,Asansol Dhanbad Passenger,MEMU,ASN,ASANSOL JN,DHN,DHANBAD JN,59,1.33,PUBLIC_COMMUNITY
59050,Viramgam Valsad Passenger,Pass,VG,VIRAMGAM JN,BL,VALSAD,364,13.25,PUBLIC_COMMUNITY
59386-Slip,Panchvalley Passenger Slip1,Pass,CWA,Chhindwara Junction,ASR,AMRITSAR JN,1545,35.08,PUBLIC_COMMUNITY
64492,New Delhi Palwal Ladies Special,MEMU,NDLS,NEW DELHI,PWL,PALWAL,56,1.5,PUBLIC_COMMUNITY
67296,Visakhapatnam Rajahmundry Pass,Pass,VSKP,VISHAKAPATNAM,RJY,RAJAMUNDRY,201,5.25,PUBLIC_COMMUNITY
70101,Madgaon Karwar Passenger,Pass,MAO,MADGAON,KAWR,KARWAR,82,1.33,PUBLIC_COMMUNITY
83112,Danapur Giridih Express,Exp,DNR,DANAPUR,GRD,Giridih,298,9.5,PUBLIC_COMMUNITY
84369,Tribeni Link Express,Exp,BRWD,BARWADIH JN,BE,BAREILLY,862,21.0,PUBLIC_COMMUNITY
